[0.193s] DEBUG:colcon:Command line arguments: ['/usr/bin/colcon', 'build']
[0.193s] DEBUG:colcon:Parsed command line arguments: Namespace(log_base=None, log_level=None, verb_name='build', build_base='build', install_base='install', merge_install=False, symlink_install=False, test_result_base=None, continue_on_error=False, executor='parallel', parallel_workers=12, event_handlers=None, ignore_user_meta=False, metas=['./colcon.meta'], base_paths=['.'], packages_ignore=None, packages_ignore_regex=None, paths=None, packages_up_to=None, packages_up_to_regex=None, packages_above=None, packages_above_and_dependencies=None, packages_above_depth=None, packages_select_by_dep=None, packages_skip_by_dep=None, packages_skip_up_to=None, packages_select_build_failed=False, packages_skip_build_finished=False, packages_select_test_failures=False, packages_skip_test_passed=False, packages_select=None, packages_skip=None, packages_select_regex=None, packages_skip_regex=None, packages_start=None, packages_end=None, allow_overriding=[], cmake_args=None, cmake_target=None, cmake_target_skip_unavailable=False, cmake_clean_cache=False, cmake_clean_first=False, cmake_force_configure=False, ament_cmake_args=None, catkin_cmake_args=None, catkin_skip_building_tests=False, mixin_files=None, mixin=None, verb_parser=<colcon_mixin.mixin.mixin_argument.MixinArgumentDecorator object at 0x75fddba714b0>, verb_extension=<colcon_core.verb.build.BuildVerb object at 0x75fddba70af0>, main=<bound method BuildVerb.main of <colcon_core.verb.build.BuildVerb object at 0x75fddba70af0>>, mixin_verb=('build',))
[0.242s] Level 1:colcon.colcon_core.package_discovery:discover_packages(colcon_meta) check parameters
[0.242s] Level 1:colcon.colcon_core.package_discovery:discover_packages(recursive) check parameters
[0.242s] Level 1:colcon.colcon_core.package_discovery:discover_packages(ignore) check parameters
[0.242s] Level 1:colcon.colcon_core.package_discovery:discover_packages(path) check parameters
[0.242s] Level 1:colcon.colcon_core.package_discovery:discover_packages(colcon_meta) discover
[0.242s] Level 1:colcon.colcon_core.package_discovery:discover_packages(recursive) discover
[0.242s] INFO:colcon.colcon_core.package_discovery:Crawling recursively for packages in '/home/rudra/custom_flightmode'
[0.242s] Level 1:colcon.colcon_core.package_identification:_identify(.) by extensions ['ignore', 'ignore_ament_install']
[0.242s] Level 1:colcon.colcon_core.package_identification:_identify(.) by extension 'ignore'
[0.242s] Level 1:colcon.colcon_core.package_identification:_identify(.) by extension 'ignore_ament_install'
[0.242s] Level 1:colcon.colcon_core.package_identification:_identify(.) by extensions ['colcon_pkg']
[0.242s] Level 1:colcon.colcon_core.package_identification:_identify(.) by extension 'colcon_pkg'
[0.242s] Level 1:colcon.colcon_core.package_identification:_identify(.) by extensions ['colcon_meta']
[0.242s] Level 1:colcon.colcon_core.package_identification:_identify(.) by extension 'colcon_meta'
[0.242s] Level 1:colcon.colcon_core.package_identification:_identify(.) by extensions ['ros']
[0.242s] Level 1:colcon.colcon_core.package_identification:_identify(.) by extension 'ros'
[0.268s] Level 1:colcon.colcon_core.package_identification:_identify(.) by extensions ['cmake', 'python']
[0.268s] Level 1:colcon.colcon_core.package_identification:_identify(.) by extension 'cmake'
[0.268s] Level 1:colcon.colcon_core.package_identification:_identify(.) by extension 'python'
[0.268s] Level 1:colcon.colcon_core.package_identification:_identify(.) by extensions ['python_setup_py']
[0.268s] Level 1:colcon.colcon_core.package_identification:_identify(.) by extension 'python_setup_py'
[0.269s] Level 1:colcon.colcon_core.package_identification:_identify(build) by extensions ['ignore', 'ignore_ament_install']
[0.269s] Level 1:colcon.colcon_core.package_identification:_identify(build) by extension 'ignore'
[0.269s] Level 1:colcon.colcon_core.package_identification:_identify(build) ignored
[0.269s] Level 1:colcon.colcon_core.package_identification:_identify(install) by extensions ['ignore', 'ignore_ament_install']
[0.269s] Level 1:colcon.colcon_core.package_identification:_identify(install) by extension 'ignore'
[0.269s] Level 1:colcon.colcon_core.package_identification:_identify(install) ignored
[0.269s] Level 1:colcon.colcon_core.package_identification:_identify(log) by extensions ['ignore', 'ignore_ament_install']
[0.269s] Level 1:colcon.colcon_core.package_identification:_identify(log) by extension 'ignore'
[0.269s] Level 1:colcon.colcon_core.package_identification:_identify(log) ignored
[0.269s] Level 1:colcon.colcon_core.package_identification:_identify(src) by extensions ['ignore', 'ignore_ament_install']
[0.270s] Level 1:colcon.colcon_core.package_identification:_identify(src) by extension 'ignore'
[0.270s] Level 1:colcon.colcon_core.package_identification:_identify(src) by extension 'ignore_ament_install'
[0.270s] Level 1:colcon.colcon_core.package_identification:_identify(src) by extensions ['colcon_pkg']
[0.270s] Level 1:colcon.colcon_core.package_identification:_identify(src) by extension 'colcon_pkg'
[0.270s] Level 1:colcon.colcon_core.package_identification:_identify(src) by extensions ['colcon_meta']
[0.270s] Level 1:colcon.colcon_core.package_identification:_identify(src) by extension 'colcon_meta'
[0.270s] Level 1:colcon.colcon_core.package_identification:_identify(src) by extensions ['ros']
[0.270s] Level 1:colcon.colcon_core.package_identification:_identify(src) by extension 'ros'
[0.270s] Level 1:colcon.colcon_core.package_identification:_identify(src) by extensions ['cmake', 'python']
[0.270s] Level 1:colcon.colcon_core.package_identification:_identify(src) by extension 'cmake'
[0.270s] Level 1:colcon.colcon_core.package_identification:_identify(src) by extension 'python'
[0.270s] Level 1:colcon.colcon_core.package_identification:_identify(src) by extensions ['python_setup_py']
[0.270s] Level 1:colcon.colcon_core.package_identification:_identify(src) by extension 'python_setup_py'
[0.270s] Level 1:colcon.colcon_core.package_identification:_identify(src/px4-ros2-interface-lib) by extensions ['ignore', 'ignore_ament_install']
[0.270s] Level 1:colcon.colcon_core.package_identification:_identify(src/px4-ros2-interface-lib) by extension 'ignore'
[0.270s] Level 1:colcon.colcon_core.package_identification:_identify(src/px4-ros2-interface-lib) by extension 'ignore_ament_install'
[0.270s] Level 1:colcon.colcon_core.package_identification:_identify(src/px4-ros2-interface-lib) by extensions ['colcon_pkg']
[0.271s] Level 1:colcon.colcon_core.package_identification:_identify(src/px4-ros2-interface-lib) by extension 'colcon_pkg'
[0.271s] Level 1:colcon.colcon_core.package_identification:_identify(src/px4-ros2-interface-lib) by extensions ['colcon_meta']
[0.271s] Level 1:colcon.colcon_core.package_identification:_identify(src/px4-ros2-interface-lib) by extension 'colcon_meta'
[0.271s] Level 1:colcon.colcon_core.package_identification:_identify(src/px4-ros2-interface-lib) by extensions ['ros']
[0.271s] Level 1:colcon.colcon_core.package_identification:_identify(src/px4-ros2-interface-lib) by extension 'ros'
[0.271s] Level 1:colcon.colcon_core.package_identification:_identify(src/px4-ros2-interface-lib) by extensions ['cmake', 'python']
[0.271s] Level 1:colcon.colcon_core.package_identification:_identify(src/px4-ros2-interface-lib) by extension 'cmake'
[0.271s] Level 1:colcon.colcon_core.package_identification:_identify(src/px4-ros2-interface-lib) by extension 'python'
[0.271s] Level 1:colcon.colcon_core.package_identification:_identify(src/px4-ros2-interface-lib) by extensions ['python_setup_py']
[0.271s] Level 1:colcon.colcon_core.package_identification:_identify(src/px4-ros2-interface-lib) by extension 'python_setup_py'
[0.271s] Level 1:colcon.colcon_core.package_identification:_identify(src/px4-ros2-interface-lib/examples) by extensions ['ignore', 'ignore_ament_install']
[0.271s] Level 1:colcon.colcon_core.package_identification:_identify(src/px4-ros2-interface-lib/examples) by extension 'ignore'
[0.271s] Level 1:colcon.colcon_core.package_identification:_identify(src/px4-ros2-interface-lib/examples) by extension 'ignore_ament_install'
[0.271s] Level 1:colcon.colcon_core.package_identification:_identify(src/px4-ros2-interface-lib/examples) by extensions ['colcon_pkg']
[0.271s] Level 1:colcon.colcon_core.package_identification:_identify(src/px4-ros2-interface-lib/examples) by extension 'colcon_pkg'
[0.271s] Level 1:colcon.colcon_core.package_identification:_identify(src/px4-ros2-interface-lib/examples) by extensions ['colcon_meta']
[0.271s] Level 1:colcon.colcon_core.package_identification:_identify(src/px4-ros2-interface-lib/examples) by extension 'colcon_meta'
[0.271s] Level 1:colcon.colcon_core.package_identification:_identify(src/px4-ros2-interface-lib/examples) by extensions ['ros']
[0.271s] Level 1:colcon.colcon_core.package_identification:_identify(src/px4-ros2-interface-lib/examples) by extension 'ros'
[0.271s] Level 1:colcon.colcon_core.package_identification:_identify(src/px4-ros2-interface-lib/examples) by extensions ['cmake', 'python']
[0.271s] Level 1:colcon.colcon_core.package_identification:_identify(src/px4-ros2-interface-lib/examples) by extension 'cmake'
[0.271s] Level 1:colcon.colcon_core.package_identification:_identify(src/px4-ros2-interface-lib/examples) by extension 'python'
[0.271s] Level 1:colcon.colcon_core.package_identification:_identify(src/px4-ros2-interface-lib/examples) by extensions ['python_setup_py']
[0.272s] Level 1:colcon.colcon_core.package_identification:_identify(src/px4-ros2-interface-lib/examples) by extension 'python_setup_py'
[0.272s] Level 1:colcon.colcon_core.package_identification:_identify(src/px4-ros2-interface-lib/examples/cpp) by extensions ['ignore', 'ignore_ament_install']
[0.272s] Level 1:colcon.colcon_core.package_identification:_identify(src/px4-ros2-interface-lib/examples/cpp) by extension 'ignore'
[0.272s] Level 1:colcon.colcon_core.package_identification:_identify(src/px4-ros2-interface-lib/examples/cpp) by extension 'ignore_ament_install'
[0.272s] Level 1:colcon.colcon_core.package_identification:_identify(src/px4-ros2-interface-lib/examples/cpp) by extensions ['colcon_pkg']
[0.272s] Level 1:colcon.colcon_core.package_identification:_identify(src/px4-ros2-interface-lib/examples/cpp) by extension 'colcon_pkg'
[0.272s] Level 1:colcon.colcon_core.package_identification:_identify(src/px4-ros2-interface-lib/examples/cpp) by extensions ['colcon_meta']
[0.272s] Level 1:colcon.colcon_core.package_identification:_identify(src/px4-ros2-interface-lib/examples/cpp) by extension 'colcon_meta'
[0.272s] Level 1:colcon.colcon_core.package_identification:_identify(src/px4-ros2-interface-lib/examples/cpp) by extensions ['ros']
[0.272s] Level 1:colcon.colcon_core.package_identification:_identify(src/px4-ros2-interface-lib/examples/cpp) by extension 'ros'
[0.272s] Level 1:colcon.colcon_core.package_identification:_identify(src/px4-ros2-interface-lib/examples/cpp) by extensions ['cmake', 'python']
[0.272s] Level 1:colcon.colcon_core.package_identification:_identify(src/px4-ros2-interface-lib/examples/cpp) by extension 'cmake'
[0.272s] Level 1:colcon.colcon_core.package_identification:_identify(src/px4-ros2-interface-lib/examples/cpp) by extension 'python'
[0.272s] Level 1:colcon.colcon_core.package_identification:_identify(src/px4-ros2-interface-lib/examples/cpp) by extensions ['python_setup_py']
[0.272s] Level 1:colcon.colcon_core.package_identification:_identify(src/px4-ros2-interface-lib/examples/cpp) by extension 'python_setup_py'
[0.272s] Level 1:colcon.colcon_core.package_identification:_identify(src/px4-ros2-interface-lib/examples/cpp/modes) by extensions ['ignore', 'ignore_ament_install']
[0.272s] Level 1:colcon.colcon_core.package_identification:_identify(src/px4-ros2-interface-lib/examples/cpp/modes) by extension 'ignore'
[0.272s] Level 1:colcon.colcon_core.package_identification:_identify(src/px4-ros2-interface-lib/examples/cpp/modes) by extension 'ignore_ament_install'
[0.272s] Level 1:colcon.colcon_core.package_identification:_identify(src/px4-ros2-interface-lib/examples/cpp/modes) by extensions ['colcon_pkg']
[0.272s] Level 1:colcon.colcon_core.package_identification:_identify(src/px4-ros2-interface-lib/examples/cpp/modes) by extension 'colcon_pkg'
[0.272s] Level 1:colcon.colcon_core.package_identification:_identify(src/px4-ros2-interface-lib/examples/cpp/modes) by extensions ['colcon_meta']
[0.272s] Level 1:colcon.colcon_core.package_identification:_identify(src/px4-ros2-interface-lib/examples/cpp/modes) by extension 'colcon_meta'
[0.272s] Level 1:colcon.colcon_core.package_identification:_identify(src/px4-ros2-interface-lib/examples/cpp/modes) by extensions ['ros']
[0.272s] Level 1:colcon.colcon_core.package_identification:_identify(src/px4-ros2-interface-lib/examples/cpp/modes) by extension 'ros'
[0.273s] Level 1:colcon.colcon_core.package_identification:_identify(src/px4-ros2-interface-lib/examples/cpp/modes) by extensions ['cmake', 'python']
[0.273s] Level 1:colcon.colcon_core.package_identification:_identify(src/px4-ros2-interface-lib/examples/cpp/modes) by extension 'cmake'
[0.273s] Level 1:colcon.colcon_core.package_identification:_identify(src/px4-ros2-interface-lib/examples/cpp/modes) by extension 'python'
[0.273s] Level 1:colcon.colcon_core.package_identification:_identify(src/px4-ros2-interface-lib/examples/cpp/modes) by extensions ['python_setup_py']
[0.273s] Level 1:colcon.colcon_core.package_identification:_identify(src/px4-ros2-interface-lib/examples/cpp/modes) by extension 'python_setup_py'
[0.273s] Level 1:colcon.colcon_core.package_identification:_identify(src/px4-ros2-interface-lib/examples/cpp/modes/executor_with_multiple_modes) by extensions ['ignore', 'ignore_ament_install']
[0.273s] Level 1:colcon.colcon_core.package_identification:_identify(src/px4-ros2-interface-lib/examples/cpp/modes/executor_with_multiple_modes) by extension 'ignore'
[0.273s] Level 1:colcon.colcon_core.package_identification:_identify(src/px4-ros2-interface-lib/examples/cpp/modes/executor_with_multiple_modes) by extension 'ignore_ament_install'
[0.273s] Level 1:colcon.colcon_core.package_identification:_identify(src/px4-ros2-interface-lib/examples/cpp/modes/executor_with_multiple_modes) by extensions ['colcon_pkg']
[0.273s] Level 1:colcon.colcon_core.package_identification:_identify(src/px4-ros2-interface-lib/examples/cpp/modes/executor_with_multiple_modes) by extension 'colcon_pkg'
[0.273s] Level 1:colcon.colcon_core.package_identification:_identify(src/px4-ros2-interface-lib/examples/cpp/modes/executor_with_multiple_modes) by extensions ['colcon_meta']
[0.273s] Level 1:colcon.colcon_core.package_identification:_identify(src/px4-ros2-interface-lib/examples/cpp/modes/executor_with_multiple_modes) by extension 'colcon_meta'
[0.273s] Level 1:colcon.colcon_core.package_identification:_identify(src/px4-ros2-interface-lib/examples/cpp/modes/executor_with_multiple_modes) by extensions ['ros']
[0.273s] Level 1:colcon.colcon_core.package_identification:_identify(src/px4-ros2-interface-lib/examples/cpp/modes/executor_with_multiple_modes) by extension 'ros'
[0.276s] DEBUG:colcon.colcon_core.package_identification:Package 'src/px4-ros2-interface-lib/examples/cpp/modes/executor_with_multiple_modes' with type 'ros.ament_cmake' and name 'example_executor_with_multiple_modes_cpp'
[0.276s] Level 1:colcon.colcon_core.package_identification:_identify(src/px4-ros2-interface-lib/examples/cpp/modes/fw_attitude) by extensions ['ignore', 'ignore_ament_install']
[0.276s] Level 1:colcon.colcon_core.package_identification:_identify(src/px4-ros2-interface-lib/examples/cpp/modes/fw_attitude) by extension 'ignore'
[0.276s] Level 1:colcon.colcon_core.package_identification:_identify(src/px4-ros2-interface-lib/examples/cpp/modes/fw_attitude) by extension 'ignore_ament_install'
[0.276s] Level 1:colcon.colcon_core.package_identification:_identify(src/px4-ros2-interface-lib/examples/cpp/modes/fw_attitude) by extensions ['colcon_pkg']
[0.276s] Level 1:colcon.colcon_core.package_identification:_identify(src/px4-ros2-interface-lib/examples/cpp/modes/fw_attitude) by extension 'colcon_pkg'
[0.276s] Level 1:colcon.colcon_core.package_identification:_identify(src/px4-ros2-interface-lib/examples/cpp/modes/fw_attitude) by extensions ['colcon_meta']
[0.276s] Level 1:colcon.colcon_core.package_identification:_identify(src/px4-ros2-interface-lib/examples/cpp/modes/fw_attitude) by extension 'colcon_meta'
[0.276s] Level 1:colcon.colcon_core.package_identification:_identify(src/px4-ros2-interface-lib/examples/cpp/modes/fw_attitude) by extensions ['ros']
[0.276s] Level 1:colcon.colcon_core.package_identification:_identify(src/px4-ros2-interface-lib/examples/cpp/modes/fw_attitude) by extension 'ros'
[0.277s] DEBUG:colcon.colcon_core.package_identification:Package 'src/px4-ros2-interface-lib/examples/cpp/modes/fw_attitude' with type 'ros.ament_cmake' and name 'example_mode_fw_attitude_cpp'
[0.277s] Level 1:colcon.colcon_core.package_identification:_identify(src/px4-ros2-interface-lib/examples/cpp/modes/goto) by extensions ['ignore', 'ignore_ament_install']
[0.277s] Level 1:colcon.colcon_core.package_identification:_identify(src/px4-ros2-interface-lib/examples/cpp/modes/goto) by extension 'ignore'
[0.277s] Level 1:colcon.colcon_core.package_identification:_identify(src/px4-ros2-interface-lib/examples/cpp/modes/goto) by extension 'ignore_ament_install'
[0.277s] Level 1:colcon.colcon_core.package_identification:_identify(src/px4-ros2-interface-lib/examples/cpp/modes/goto) by extensions ['colcon_pkg']
[0.277s] Level 1:colcon.colcon_core.package_identification:_identify(src/px4-ros2-interface-lib/examples/cpp/modes/goto) by extension 'colcon_pkg'
[0.277s] Level 1:colcon.colcon_core.package_identification:_identify(src/px4-ros2-interface-lib/examples/cpp/modes/goto) by extensions ['colcon_meta']
[0.277s] Level 1:colcon.colcon_core.package_identification:_identify(src/px4-ros2-interface-lib/examples/cpp/modes/goto) by extension 'colcon_meta'
[0.277s] Level 1:colcon.colcon_core.package_identification:_identify(src/px4-ros2-interface-lib/examples/cpp/modes/goto) by extensions ['ros']
[0.277s] Level 1:colcon.colcon_core.package_identification:_identify(src/px4-ros2-interface-lib/examples/cpp/modes/goto) by extension 'ros'
[0.278s] DEBUG:colcon.colcon_core.package_identification:Package 'src/px4-ros2-interface-lib/examples/cpp/modes/goto' with type 'ros.ament_cmake' and name 'example_mode_goto_cpp'
[0.278s] Level 1:colcon.colcon_core.package_identification:_identify(src/px4-ros2-interface-lib/examples/cpp/modes/goto_global) by extensions ['ignore', 'ignore_ament_install']
[0.278s] Level 1:colcon.colcon_core.package_identification:_identify(src/px4-ros2-interface-lib/examples/cpp/modes/goto_global) by extension 'ignore'
[0.278s] Level 1:colcon.colcon_core.package_identification:_identify(src/px4-ros2-interface-lib/examples/cpp/modes/goto_global) by extension 'ignore_ament_install'
[0.278s] Level 1:colcon.colcon_core.package_identification:_identify(src/px4-ros2-interface-lib/examples/cpp/modes/goto_global) by extensions ['colcon_pkg']
[0.278s] Level 1:colcon.colcon_core.package_identification:_identify(src/px4-ros2-interface-lib/examples/cpp/modes/goto_global) by extension 'colcon_pkg'
[0.278s] Level 1:colcon.colcon_core.package_identification:_identify(src/px4-ros2-interface-lib/examples/cpp/modes/goto_global) by extensions ['colcon_meta']
[0.278s] Level 1:colcon.colcon_core.package_identification:_identify(src/px4-ros2-interface-lib/examples/cpp/modes/goto_global) by extension 'colcon_meta'
[0.278s] Level 1:colcon.colcon_core.package_identification:_identify(src/px4-ros2-interface-lib/examples/cpp/modes/goto_global) by extensions ['ros']
[0.278s] Level 1:colcon.colcon_core.package_identification:_identify(src/px4-ros2-interface-lib/examples/cpp/modes/goto_global) by extension 'ros'
[0.278s] DEBUG:colcon.colcon_core.package_identification:Package 'src/px4-ros2-interface-lib/examples/cpp/modes/goto_global' with type 'ros.ament_cmake' and name 'example_mode_goto_global_cpp'
[0.279s] Level 1:colcon.colcon_core.package_identification:_identify(src/px4-ros2-interface-lib/examples/cpp/modes/manual) by extensions ['ignore', 'ignore_ament_install']
[0.279s] Level 1:colcon.colcon_core.package_identification:_identify(src/px4-ros2-interface-lib/examples/cpp/modes/manual) by extension 'ignore'
[0.279s] Level 1:colcon.colcon_core.package_identification:_identify(src/px4-ros2-interface-lib/examples/cpp/modes/manual) by extension 'ignore_ament_install'
[0.279s] Level 1:colcon.colcon_core.package_identification:_identify(src/px4-ros2-interface-lib/examples/cpp/modes/manual) by extensions ['colcon_pkg']
[0.279s] Level 1:colcon.colcon_core.package_identification:_identify(src/px4-ros2-interface-lib/examples/cpp/modes/manual) by extension 'colcon_pkg'
[0.279s] Level 1:colcon.colcon_core.package_identification:_identify(src/px4-ros2-interface-lib/examples/cpp/modes/manual) by extensions ['colcon_meta']
[0.279s] Level 1:colcon.colcon_core.package_identification:_identify(src/px4-ros2-interface-lib/examples/cpp/modes/manual) by extension 'colcon_meta'
[0.279s] Level 1:colcon.colcon_core.package_identification:_identify(src/px4-ros2-interface-lib/examples/cpp/modes/manual) by extensions ['ros']
[0.279s] Level 1:colcon.colcon_core.package_identification:_identify(src/px4-ros2-interface-lib/examples/cpp/modes/manual) by extension 'ros'
[0.280s] DEBUG:colcon.colcon_core.package_identification:Package 'src/px4-ros2-interface-lib/examples/cpp/modes/manual' with type 'ros.ament_cmake' and name 'example_mode_manual_cpp'
[0.280s] Level 1:colcon.colcon_core.package_identification:_identify(src/px4-ros2-interface-lib/examples/cpp/modes/mission) by extensions ['ignore', 'ignore_ament_install']
[0.280s] Level 1:colcon.colcon_core.package_identification:_identify(src/px4-ros2-interface-lib/examples/cpp/modes/mission) by extension 'ignore'
[0.280s] Level 1:colcon.colcon_core.package_identification:_identify(src/px4-ros2-interface-lib/examples/cpp/modes/mission) by extension 'ignore_ament_install'
[0.280s] Level 1:colcon.colcon_core.package_identification:_identify(src/px4-ros2-interface-lib/examples/cpp/modes/mission) by extensions ['colcon_pkg']
[0.280s] Level 1:colcon.colcon_core.package_identification:_identify(src/px4-ros2-interface-lib/examples/cpp/modes/mission) by extension 'colcon_pkg'
[0.280s] Level 1:colcon.colcon_core.package_identification:_identify(src/px4-ros2-interface-lib/examples/cpp/modes/mission) by extensions ['colcon_meta']
[0.280s] Level 1:colcon.colcon_core.package_identification:_identify(src/px4-ros2-interface-lib/examples/cpp/modes/mission) by extension 'colcon_meta'
[0.280s] Level 1:colcon.colcon_core.package_identification:_identify(src/px4-ros2-interface-lib/examples/cpp/modes/mission) by extensions ['ros']
[0.280s] Level 1:colcon.colcon_core.package_identification:_identify(src/px4-ros2-interface-lib/examples/cpp/modes/mission) by extension 'ros'
[0.281s] DEBUG:colcon.colcon_core.package_identification:Package 'src/px4-ros2-interface-lib/examples/cpp/modes/mission' with type 'ros.ament_cmake' and name 'example_mode_mission_cpp'
[0.281s] Level 1:colcon.colcon_core.package_identification:_identify(src/px4-ros2-interface-lib/examples/cpp/modes/mode_with_executor) by extensions ['ignore', 'ignore_ament_install']
[0.281s] Level 1:colcon.colcon_core.package_identification:_identify(src/px4-ros2-interface-lib/examples/cpp/modes/mode_with_executor) by extension 'ignore'
[0.281s] Level 1:colcon.colcon_core.package_identification:_identify(src/px4-ros2-interface-lib/examples/cpp/modes/mode_with_executor) by extension 'ignore_ament_install'
[0.281s] Level 1:colcon.colcon_core.package_identification:_identify(src/px4-ros2-interface-lib/examples/cpp/modes/mode_with_executor) by extensions ['colcon_pkg']
[0.281s] Level 1:colcon.colcon_core.package_identification:_identify(src/px4-ros2-interface-lib/examples/cpp/modes/mode_with_executor) by extension 'colcon_pkg'
[0.281s] Level 1:colcon.colcon_core.package_identification:_identify(src/px4-ros2-interface-lib/examples/cpp/modes/mode_with_executor) by extensions ['colcon_meta']
[0.281s] Level 1:colcon.colcon_core.package_identification:_identify(src/px4-ros2-interface-lib/examples/cpp/modes/mode_with_executor) by extension 'colcon_meta'
[0.281s] Level 1:colcon.colcon_core.package_identification:_identify(src/px4-ros2-interface-lib/examples/cpp/modes/mode_with_executor) by extensions ['ros']
[0.281s] Level 1:colcon.colcon_core.package_identification:_identify(src/px4-ros2-interface-lib/examples/cpp/modes/mode_with_executor) by extension 'ros'
[0.282s] DEBUG:colcon.colcon_core.package_identification:Package 'src/px4-ros2-interface-lib/examples/cpp/modes/mode_with_executor' with type 'ros.ament_cmake' and name 'example_mode_with_executor_cpp'
[0.282s] Level 1:colcon.colcon_core.package_identification:_identify(src/px4-ros2-interface-lib/examples/cpp/modes/rover_velocity) by extensions ['ignore', 'ignore_ament_install']
[0.282s] Level 1:colcon.colcon_core.package_identification:_identify(src/px4-ros2-interface-lib/examples/cpp/modes/rover_velocity) by extension 'ignore'
[0.282s] Level 1:colcon.colcon_core.package_identification:_identify(src/px4-ros2-interface-lib/examples/cpp/modes/rover_velocity) by extension 'ignore_ament_install'
[0.282s] Level 1:colcon.colcon_core.package_identification:_identify(src/px4-ros2-interface-lib/examples/cpp/modes/rover_velocity) by extensions ['colcon_pkg']
[0.282s] Level 1:colcon.colcon_core.package_identification:_identify(src/px4-ros2-interface-lib/examples/cpp/modes/rover_velocity) by extension 'colcon_pkg'
[0.282s] Level 1:colcon.colcon_core.package_identification:_identify(src/px4-ros2-interface-lib/examples/cpp/modes/rover_velocity) by extensions ['colcon_meta']
[0.282s] Level 1:colcon.colcon_core.package_identification:_identify(src/px4-ros2-interface-lib/examples/cpp/modes/rover_velocity) by extension 'colcon_meta'
[0.282s] Level 1:colcon.colcon_core.package_identification:_identify(src/px4-ros2-interface-lib/examples/cpp/modes/rover_velocity) by extensions ['ros']
[0.282s] Level 1:colcon.colcon_core.package_identification:_identify(src/px4-ros2-interface-lib/examples/cpp/modes/rover_velocity) by extension 'ros'
[0.282s] DEBUG:colcon.colcon_core.package_identification:Package 'src/px4-ros2-interface-lib/examples/cpp/modes/rover_velocity' with type 'ros.ament_cmake' and name 'example_rover_velocity_mode_cpp'
[0.283s] Level 1:colcon.colcon_core.package_identification:_identify(src/px4-ros2-interface-lib/examples/cpp/modes/rtl_replacement) by extensions ['ignore', 'ignore_ament_install']
[0.283s] Level 1:colcon.colcon_core.package_identification:_identify(src/px4-ros2-interface-lib/examples/cpp/modes/rtl_replacement) by extension 'ignore'
[0.283s] Level 1:colcon.colcon_core.package_identification:_identify(src/px4-ros2-interface-lib/examples/cpp/modes/rtl_replacement) by extension 'ignore_ament_install'
[0.283s] Level 1:colcon.colcon_core.package_identification:_identify(src/px4-ros2-interface-lib/examples/cpp/modes/rtl_replacement) by extensions ['colcon_pkg']
[0.283s] Level 1:colcon.colcon_core.package_identification:_identify(src/px4-ros2-interface-lib/examples/cpp/modes/rtl_replacement) by extension 'colcon_pkg'
[0.283s] Level 1:colcon.colcon_core.package_identification:_identify(src/px4-ros2-interface-lib/examples/cpp/modes/rtl_replacement) by extensions ['colcon_meta']
[0.283s] Level 1:colcon.colcon_core.package_identification:_identify(src/px4-ros2-interface-lib/examples/cpp/modes/rtl_replacement) by extension 'colcon_meta'
[0.283s] Level 1:colcon.colcon_core.package_identification:_identify(src/px4-ros2-interface-lib/examples/cpp/modes/rtl_replacement) by extensions ['ros']
[0.283s] Level 1:colcon.colcon_core.package_identification:_identify(src/px4-ros2-interface-lib/examples/cpp/modes/rtl_replacement) by extension 'ros'
[0.283s] DEBUG:colcon.colcon_core.package_identification:Package 'src/px4-ros2-interface-lib/examples/cpp/modes/rtl_replacement' with type 'ros.ament_cmake' and name 'example_mode_rtl_replacement_cpp'
[0.283s] Level 1:colcon.colcon_core.package_identification:_identify(src/px4-ros2-interface-lib/examples/cpp/modes/vtol) by extensions ['ignore', 'ignore_ament_install']
[0.284s] Level 1:colcon.colcon_core.package_identification:_identify(src/px4-ros2-interface-lib/examples/cpp/modes/vtol) by extension 'ignore'
[0.284s] Level 1:colcon.colcon_core.package_identification:_identify(src/px4-ros2-interface-lib/examples/cpp/modes/vtol) by extension 'ignore_ament_install'
[0.284s] Level 1:colcon.colcon_core.package_identification:_identify(src/px4-ros2-interface-lib/examples/cpp/modes/vtol) by extensions ['colcon_pkg']
[0.284s] Level 1:colcon.colcon_core.package_identification:_identify(src/px4-ros2-interface-lib/examples/cpp/modes/vtol) by extension 'colcon_pkg'
[0.284s] Level 1:colcon.colcon_core.package_identification:_identify(src/px4-ros2-interface-lib/examples/cpp/modes/vtol) by extensions ['colcon_meta']
[0.284s] Level 1:colcon.colcon_core.package_identification:_identify(src/px4-ros2-interface-lib/examples/cpp/modes/vtol) by extension 'colcon_meta'
[0.284s] Level 1:colcon.colcon_core.package_identification:_identify(src/px4-ros2-interface-lib/examples/cpp/modes/vtol) by extensions ['ros']
[0.284s] Level 1:colcon.colcon_core.package_identification:_identify(src/px4-ros2-interface-lib/examples/cpp/modes/vtol) by extension 'ros'
[0.284s] DEBUG:colcon.colcon_core.package_identification:Package 'src/px4-ros2-interface-lib/examples/cpp/modes/vtol' with type 'ros.ament_cmake' and name 'example_mode_vtol_cpp'
[0.284s] Level 1:colcon.colcon_core.package_identification:_identify(src/px4-ros2-interface-lib/examples/cpp/navigation) by extensions ['ignore', 'ignore_ament_install']
[0.285s] Level 1:colcon.colcon_core.package_identification:_identify(src/px4-ros2-interface-lib/examples/cpp/navigation) by extension 'ignore'
[0.285s] Level 1:colcon.colcon_core.package_identification:_identify(src/px4-ros2-interface-lib/examples/cpp/navigation) by extension 'ignore_ament_install'
[0.285s] Level 1:colcon.colcon_core.package_identification:_identify(src/px4-ros2-interface-lib/examples/cpp/navigation) by extensions ['colcon_pkg']
[0.285s] Level 1:colcon.colcon_core.package_identification:_identify(src/px4-ros2-interface-lib/examples/cpp/navigation) by extension 'colcon_pkg'
[0.285s] Level 1:colcon.colcon_core.package_identification:_identify(src/px4-ros2-interface-lib/examples/cpp/navigation) by extensions ['colcon_meta']
[0.285s] Level 1:colcon.colcon_core.package_identification:_identify(src/px4-ros2-interface-lib/examples/cpp/navigation) by extension 'colcon_meta'
[0.285s] Level 1:colcon.colcon_core.package_identification:_identify(src/px4-ros2-interface-lib/examples/cpp/navigation) by extensions ['ros']
[0.285s] Level 1:colcon.colcon_core.package_identification:_identify(src/px4-ros2-interface-lib/examples/cpp/navigation) by extension 'ros'
[0.285s] Level 1:colcon.colcon_core.package_identification:_identify(src/px4-ros2-interface-lib/examples/cpp/navigation) by extensions ['cmake', 'python']
[0.285s] Level 1:colcon.colcon_core.package_identification:_identify(src/px4-ros2-interface-lib/examples/cpp/navigation) by extension 'cmake'
[0.285s] Level 1:colcon.colcon_core.package_identification:_identify(src/px4-ros2-interface-lib/examples/cpp/navigation) by extension 'python'
[0.285s] Level 1:colcon.colcon_core.package_identification:_identify(src/px4-ros2-interface-lib/examples/cpp/navigation) by extensions ['python_setup_py']
[0.285s] Level 1:colcon.colcon_core.package_identification:_identify(src/px4-ros2-interface-lib/examples/cpp/navigation) by extension 'python_setup_py'
[0.285s] Level 1:colcon.colcon_core.package_identification:_identify(src/px4-ros2-interface-lib/examples/cpp/navigation/global_navigation) by extensions ['ignore', 'ignore_ament_install']
[0.285s] Level 1:colcon.colcon_core.package_identification:_identify(src/px4-ros2-interface-lib/examples/cpp/navigation/global_navigation) by extension 'ignore'
[0.285s] Level 1:colcon.colcon_core.package_identification:_identify(src/px4-ros2-interface-lib/examples/cpp/navigation/global_navigation) by extension 'ignore_ament_install'
[0.285s] Level 1:colcon.colcon_core.package_identification:_identify(src/px4-ros2-interface-lib/examples/cpp/navigation/global_navigation) by extensions ['colcon_pkg']
[0.285s] Level 1:colcon.colcon_core.package_identification:_identify(src/px4-ros2-interface-lib/examples/cpp/navigation/global_navigation) by extension 'colcon_pkg'
[0.285s] Level 1:colcon.colcon_core.package_identification:_identify(src/px4-ros2-interface-lib/examples/cpp/navigation/global_navigation) by extensions ['colcon_meta']
[0.285s] Level 1:colcon.colcon_core.package_identification:_identify(src/px4-ros2-interface-lib/examples/cpp/navigation/global_navigation) by extension 'colcon_meta'
[0.285s] Level 1:colcon.colcon_core.package_identification:_identify(src/px4-ros2-interface-lib/examples/cpp/navigation/global_navigation) by extensions ['ros']
[0.285s] Level 1:colcon.colcon_core.package_identification:_identify(src/px4-ros2-interface-lib/examples/cpp/navigation/global_navigation) by extension 'ros'
[0.286s] DEBUG:colcon.colcon_core.package_identification:Package 'src/px4-ros2-interface-lib/examples/cpp/navigation/global_navigation' with type 'ros.ament_cmake' and name 'example_global_navigation_cpp'
[0.286s] Level 1:colcon.colcon_core.package_identification:_identify(src/px4-ros2-interface-lib/examples/cpp/navigation/local_navigation) by extensions ['ignore', 'ignore_ament_install']
[0.286s] Level 1:colcon.colcon_core.package_identification:_identify(src/px4-ros2-interface-lib/examples/cpp/navigation/local_navigation) by extension 'ignore'
[0.286s] Level 1:colcon.colcon_core.package_identification:_identify(src/px4-ros2-interface-lib/examples/cpp/navigation/local_navigation) by extension 'ignore_ament_install'
[0.286s] Level 1:colcon.colcon_core.package_identification:_identify(src/px4-ros2-interface-lib/examples/cpp/navigation/local_navigation) by extensions ['colcon_pkg']
[0.286s] Level 1:colcon.colcon_core.package_identification:_identify(src/px4-ros2-interface-lib/examples/cpp/navigation/local_navigation) by extension 'colcon_pkg'
[0.286s] Level 1:colcon.colcon_core.package_identification:_identify(src/px4-ros2-interface-lib/examples/cpp/navigation/local_navigation) by extensions ['colcon_meta']
[0.286s] Level 1:colcon.colcon_core.package_identification:_identify(src/px4-ros2-interface-lib/examples/cpp/navigation/local_navigation) by extension 'colcon_meta'
[0.286s] Level 1:colcon.colcon_core.package_identification:_identify(src/px4-ros2-interface-lib/examples/cpp/navigation/local_navigation) by extensions ['ros']
[0.286s] Level 1:colcon.colcon_core.package_identification:_identify(src/px4-ros2-interface-lib/examples/cpp/navigation/local_navigation) by extension 'ros'
[0.287s] DEBUG:colcon.colcon_core.package_identification:Package 'src/px4-ros2-interface-lib/examples/cpp/navigation/local_navigation' with type 'ros.ament_cmake' and name 'example_local_navigation_cpp'
[0.287s] Level 1:colcon.colcon_core.package_identification:_identify(src/px4-ros2-interface-lib/examples/python) by extensions ['ignore', 'ignore_ament_install']
[0.287s] Level 1:colcon.colcon_core.package_identification:_identify(src/px4-ros2-interface-lib/examples/python) by extension 'ignore'
[0.287s] Level 1:colcon.colcon_core.package_identification:_identify(src/px4-ros2-interface-lib/examples/python) by extension 'ignore_ament_install'
[0.287s] Level 1:colcon.colcon_core.package_identification:_identify(src/px4-ros2-interface-lib/examples/python) by extensions ['colcon_pkg']
[0.287s] Level 1:colcon.colcon_core.package_identification:_identify(src/px4-ros2-interface-lib/examples/python) by extension 'colcon_pkg'
[0.287s] Level 1:colcon.colcon_core.package_identification:_identify(src/px4-ros2-interface-lib/examples/python) by extensions ['colcon_meta']
[0.287s] Level 1:colcon.colcon_core.package_identification:_identify(src/px4-ros2-interface-lib/examples/python) by extension 'colcon_meta'
[0.287s] Level 1:colcon.colcon_core.package_identification:_identify(src/px4-ros2-interface-lib/examples/python) by extensions ['ros']
[0.287s] Level 1:colcon.colcon_core.package_identification:_identify(src/px4-ros2-interface-lib/examples/python) by extension 'ros'
[0.287s] Level 1:colcon.colcon_core.package_identification:_identify(src/px4-ros2-interface-lib/examples/python) by extensions ['cmake', 'python']
[0.287s] Level 1:colcon.colcon_core.package_identification:_identify(src/px4-ros2-interface-lib/examples/python) by extension 'cmake'
[0.287s] Level 1:colcon.colcon_core.package_identification:_identify(src/px4-ros2-interface-lib/examples/python) by extension 'python'
[0.288s] Level 1:colcon.colcon_core.package_identification:_identify(src/px4-ros2-interface-lib/examples/python) by extensions ['python_setup_py']
[0.288s] Level 1:colcon.colcon_core.package_identification:_identify(src/px4-ros2-interface-lib/examples/python) by extension 'python_setup_py'
[0.288s] Level 1:colcon.colcon_core.package_identification:_identify(src/px4-ros2-interface-lib/examples/python/modes) by extensions ['ignore', 'ignore_ament_install']
[0.288s] Level 1:colcon.colcon_core.package_identification:_identify(src/px4-ros2-interface-lib/examples/python/modes) by extension 'ignore'
[0.288s] Level 1:colcon.colcon_core.package_identification:_identify(src/px4-ros2-interface-lib/examples/python/modes) by extension 'ignore_ament_install'
[0.288s] Level 1:colcon.colcon_core.package_identification:_identify(src/px4-ros2-interface-lib/examples/python/modes) by extensions ['colcon_pkg']
[0.288s] Level 1:colcon.colcon_core.package_identification:_identify(src/px4-ros2-interface-lib/examples/python/modes) by extension 'colcon_pkg'
[0.288s] Level 1:colcon.colcon_core.package_identification:_identify(src/px4-ros2-interface-lib/examples/python/modes) by extensions ['colcon_meta']
[0.288s] Level 1:colcon.colcon_core.package_identification:_identify(src/px4-ros2-interface-lib/examples/python/modes) by extension 'colcon_meta'
[0.288s] Level 1:colcon.colcon_core.package_identification:_identify(src/px4-ros2-interface-lib/examples/python/modes) by extensions ['ros']
[0.288s] Level 1:colcon.colcon_core.package_identification:_identify(src/px4-ros2-interface-lib/examples/python/modes) by extension 'ros'
[0.288s] Level 1:colcon.colcon_core.package_identification:_identify(src/px4-ros2-interface-lib/examples/python/modes) by extensions ['cmake', 'python']
[0.288s] Level 1:colcon.colcon_core.package_identification:_identify(src/px4-ros2-interface-lib/examples/python/modes) by extension 'cmake'
[0.288s] Level 1:colcon.colcon_core.package_identification:_identify(src/px4-ros2-interface-lib/examples/python/modes) by extension 'python'
[0.288s] Level 1:colcon.colcon_core.package_identification:_identify(src/px4-ros2-interface-lib/examples/python/modes) by extensions ['python_setup_py']
[0.288s] Level 1:colcon.colcon_core.package_identification:_identify(src/px4-ros2-interface-lib/examples/python/modes) by extension 'python_setup_py'
[0.288s] Level 1:colcon.colcon_core.package_identification:_identify(src/px4-ros2-interface-lib/examples/python/modes/goto) by extensions ['ignore', 'ignore_ament_install']
[0.288s] Level 1:colcon.colcon_core.package_identification:_identify(src/px4-ros2-interface-lib/examples/python/modes/goto) by extension 'ignore'
[0.288s] Level 1:colcon.colcon_core.package_identification:_identify(src/px4-ros2-interface-lib/examples/python/modes/goto) by extension 'ignore_ament_install'
[0.288s] Level 1:colcon.colcon_core.package_identification:_identify(src/px4-ros2-interface-lib/examples/python/modes/goto) by extensions ['colcon_pkg']
[0.288s] Level 1:colcon.colcon_core.package_identification:_identify(src/px4-ros2-interface-lib/examples/python/modes/goto) by extension 'colcon_pkg'
[0.288s] Level 1:colcon.colcon_core.package_identification:_identify(src/px4-ros2-interface-lib/examples/python/modes/goto) by extensions ['colcon_meta']
[0.288s] Level 1:colcon.colcon_core.package_identification:_identify(src/px4-ros2-interface-lib/examples/python/modes/goto) by extension 'colcon_meta'
[0.289s] Level 1:colcon.colcon_core.package_identification:_identify(src/px4-ros2-interface-lib/examples/python/modes/goto) by extensions ['ros']
[0.289s] Level 1:colcon.colcon_core.package_identification:_identify(src/px4-ros2-interface-lib/examples/python/modes/goto) by extension 'ros'
[0.289s] DEBUG:colcon.colcon_core.package_identification:Package 'src/px4-ros2-interface-lib/examples/python/modes/goto' with type 'ros.ament_python' and name 'example_mode_goto_py'
[0.289s] Level 1:colcon.colcon_core.package_identification:_identify(src/px4-ros2-interface-lib/examples/python/modes/goto_with_rclpy) by extensions ['ignore', 'ignore_ament_install']
[0.289s] Level 1:colcon.colcon_core.package_identification:_identify(src/px4-ros2-interface-lib/examples/python/modes/goto_with_rclpy) by extension 'ignore'
[0.289s] Level 1:colcon.colcon_core.package_identification:_identify(src/px4-ros2-interface-lib/examples/python/modes/goto_with_rclpy) by extension 'ignore_ament_install'
[0.289s] Level 1:colcon.colcon_core.package_identification:_identify(src/px4-ros2-interface-lib/examples/python/modes/goto_with_rclpy) by extensions ['colcon_pkg']
[0.289s] Level 1:colcon.colcon_core.package_identification:_identify(src/px4-ros2-interface-lib/examples/python/modes/goto_with_rclpy) by extension 'colcon_pkg'
[0.289s] Level 1:colcon.colcon_core.package_identification:_identify(src/px4-ros2-interface-lib/examples/python/modes/goto_with_rclpy) by extensions ['colcon_meta']
[0.289s] Level 1:colcon.colcon_core.package_identification:_identify(src/px4-ros2-interface-lib/examples/python/modes/goto_with_rclpy) by extension 'colcon_meta'
[0.289s] Level 1:colcon.colcon_core.package_identification:_identify(src/px4-ros2-interface-lib/examples/python/modes/goto_with_rclpy) by extensions ['ros']
[0.289s] Level 1:colcon.colcon_core.package_identification:_identify(src/px4-ros2-interface-lib/examples/python/modes/goto_with_rclpy) by extension 'ros'
[0.290s] DEBUG:colcon.colcon_core.package_identification:Package 'src/px4-ros2-interface-lib/examples/python/modes/goto_with_rclpy' with type 'ros.ament_python' and name 'example_mode_with_rclpy_py'
[0.290s] Level 1:colcon.colcon_core.package_identification:_identify(src/px4-ros2-interface-lib/mission) by extensions ['ignore', 'ignore_ament_install']
[0.290s] Level 1:colcon.colcon_core.package_identification:_identify(src/px4-ros2-interface-lib/mission) by extension 'ignore'
[0.290s] Level 1:colcon.colcon_core.package_identification:_identify(src/px4-ros2-interface-lib/mission) by extension 'ignore_ament_install'
[0.290s] Level 1:colcon.colcon_core.package_identification:_identify(src/px4-ros2-interface-lib/mission) by extensions ['colcon_pkg']
[0.290s] Level 1:colcon.colcon_core.package_identification:_identify(src/px4-ros2-interface-lib/mission) by extension 'colcon_pkg'
[0.290s] Level 1:colcon.colcon_core.package_identification:_identify(src/px4-ros2-interface-lib/mission) by extensions ['colcon_meta']
[0.290s] Level 1:colcon.colcon_core.package_identification:_identify(src/px4-ros2-interface-lib/mission) by extension 'colcon_meta'
[0.290s] Level 1:colcon.colcon_core.package_identification:_identify(src/px4-ros2-interface-lib/mission) by extensions ['ros']
[0.290s] Level 1:colcon.colcon_core.package_identification:_identify(src/px4-ros2-interface-lib/mission) by extension 'ros'
[0.290s] Level 1:colcon.colcon_core.package_identification:_identify(src/px4-ros2-interface-lib/mission) by extensions ['cmake', 'python']
[0.290s] Level 1:colcon.colcon_core.package_identification:_identify(src/px4-ros2-interface-lib/mission) by extension 'cmake'
[0.290s] Level 1:colcon.colcon_core.package_identification:_identify(src/px4-ros2-interface-lib/mission) by extension 'python'
[0.290s] Level 1:colcon.colcon_core.package_identification:_identify(src/px4-ros2-interface-lib/mission) by extensions ['python_setup_py']
[0.290s] Level 1:colcon.colcon_core.package_identification:_identify(src/px4-ros2-interface-lib/mission) by extension 'python_setup_py'
[0.290s] Level 1:colcon.colcon_core.package_identification:_identify(src/px4-ros2-interface-lib/mission/examples) by extensions ['ignore', 'ignore_ament_install']
[0.291s] Level 1:colcon.colcon_core.package_identification:_identify(src/px4-ros2-interface-lib/mission/examples) by extension 'ignore'
[0.291s] Level 1:colcon.colcon_core.package_identification:_identify(src/px4-ros2-interface-lib/mission/examples) by extension 'ignore_ament_install'
[0.291s] Level 1:colcon.colcon_core.package_identification:_identify(src/px4-ros2-interface-lib/mission/examples) by extensions ['colcon_pkg']
[0.291s] Level 1:colcon.colcon_core.package_identification:_identify(src/px4-ros2-interface-lib/mission/examples) by extension 'colcon_pkg'
[0.291s] Level 1:colcon.colcon_core.package_identification:_identify(src/px4-ros2-interface-lib/mission/examples) by extensions ['colcon_meta']
[0.291s] Level 1:colcon.colcon_core.package_identification:_identify(src/px4-ros2-interface-lib/mission/examples) by extension 'colcon_meta'
[0.291s] Level 1:colcon.colcon_core.package_identification:_identify(src/px4-ros2-interface-lib/mission/examples) by extensions ['ros']
[0.291s] Level 1:colcon.colcon_core.package_identification:_identify(src/px4-ros2-interface-lib/mission/examples) by extension 'ros'
[0.291s] Level 1:colcon.colcon_core.package_identification:_identify(src/px4-ros2-interface-lib/mission/examples) by extensions ['cmake', 'python']
[0.291s] Level 1:colcon.colcon_core.package_identification:_identify(src/px4-ros2-interface-lib/mission/examples) by extension 'cmake'
[0.291s] Level 1:colcon.colcon_core.package_identification:_identify(src/px4-ros2-interface-lib/mission/examples) by extension 'python'
[0.291s] Level 1:colcon.colcon_core.package_identification:_identify(src/px4-ros2-interface-lib/mission/examples) by extensions ['python_setup_py']
[0.291s] Level 1:colcon.colcon_core.package_identification:_identify(src/px4-ros2-interface-lib/mission/examples) by extension 'python_setup_py'
[0.291s] Level 1:colcon.colcon_core.package_identification:_identify(src/px4-ros2-interface-lib/px4_ros2_cpp) by extensions ['ignore', 'ignore_ament_install']
[0.291s] Level 1:colcon.colcon_core.package_identification:_identify(src/px4-ros2-interface-lib/px4_ros2_cpp) by extension 'ignore'
[0.291s] Level 1:colcon.colcon_core.package_identification:_identify(src/px4-ros2-interface-lib/px4_ros2_cpp) by extension 'ignore_ament_install'
[0.291s] Level 1:colcon.colcon_core.package_identification:_identify(src/px4-ros2-interface-lib/px4_ros2_cpp) by extensions ['colcon_pkg']
[0.291s] Level 1:colcon.colcon_core.package_identification:_identify(src/px4-ros2-interface-lib/px4_ros2_cpp) by extension 'colcon_pkg'
[0.291s] Level 1:colcon.colcon_core.package_identification:_identify(src/px4-ros2-interface-lib/px4_ros2_cpp) by extensions ['colcon_meta']
[0.291s] Level 1:colcon.colcon_core.package_identification:_identify(src/px4-ros2-interface-lib/px4_ros2_cpp) by extension 'colcon_meta'
[0.291s] Level 1:colcon.colcon_core.package_identification:_identify(src/px4-ros2-interface-lib/px4_ros2_cpp) by extensions ['ros']
[0.291s] Level 1:colcon.colcon_core.package_identification:_identify(src/px4-ros2-interface-lib/px4_ros2_cpp) by extension 'ros'
[0.292s] DEBUG:colcon.colcon_core.package_identification:Package 'src/px4-ros2-interface-lib/px4_ros2_cpp' with type 'ros.ament_cmake' and name 'px4_ros2_cpp'
[0.292s] Level 1:colcon.colcon_core.package_identification:_identify(src/px4-ros2-interface-lib/px4_ros2_py) by extensions ['ignore', 'ignore_ament_install']
[0.292s] Level 1:colcon.colcon_core.package_identification:_identify(src/px4-ros2-interface-lib/px4_ros2_py) by extension 'ignore'
[0.292s] Level 1:colcon.colcon_core.package_identification:_identify(src/px4-ros2-interface-lib/px4_ros2_py) by extension 'ignore_ament_install'
[0.292s] Level 1:colcon.colcon_core.package_identification:_identify(src/px4-ros2-interface-lib/px4_ros2_py) by extensions ['colcon_pkg']
[0.292s] Level 1:colcon.colcon_core.package_identification:_identify(src/px4-ros2-interface-lib/px4_ros2_py) by extension 'colcon_pkg'
[0.292s] Level 1:colcon.colcon_core.package_identification:_identify(src/px4-ros2-interface-lib/px4_ros2_py) by extensions ['colcon_meta']
[0.292s] Level 1:colcon.colcon_core.package_identification:_identify(src/px4-ros2-interface-lib/px4_ros2_py) by extension 'colcon_meta'
[0.292s] Level 1:colcon.colcon_core.package_identification:_identify(src/px4-ros2-interface-lib/px4_ros2_py) by extensions ['ros']
[0.292s] Level 1:colcon.colcon_core.package_identification:_identify(src/px4-ros2-interface-lib/px4_ros2_py) by extension 'ros'
[0.293s] DEBUG:colcon.colcon_core.package_identification:Package 'src/px4-ros2-interface-lib/px4_ros2_py' with type 'ros.ament_cmake' and name 'px4_ros2_py'
[0.293s] Level 1:colcon.colcon_core.package_identification:_identify(src/px4-ros2-interface-lib/python_docs) by extensions ['ignore', 'ignore_ament_install']
[0.293s] Level 1:colcon.colcon_core.package_identification:_identify(src/px4-ros2-interface-lib/python_docs) by extension 'ignore'
[0.293s] Level 1:colcon.colcon_core.package_identification:_identify(src/px4-ros2-interface-lib/python_docs) by extension 'ignore_ament_install'
[0.293s] Level 1:colcon.colcon_core.package_identification:_identify(src/px4-ros2-interface-lib/python_docs) by extensions ['colcon_pkg']
[0.293s] Level 1:colcon.colcon_core.package_identification:_identify(src/px4-ros2-interface-lib/python_docs) by extension 'colcon_pkg'
[0.293s] Level 1:colcon.colcon_core.package_identification:_identify(src/px4-ros2-interface-lib/python_docs) by extensions ['colcon_meta']
[0.293s] Level 1:colcon.colcon_core.package_identification:_identify(src/px4-ros2-interface-lib/python_docs) by extension 'colcon_meta'
[0.293s] Level 1:colcon.colcon_core.package_identification:_identify(src/px4-ros2-interface-lib/python_docs) by extensions ['ros']
[0.293s] Level 1:colcon.colcon_core.package_identification:_identify(src/px4-ros2-interface-lib/python_docs) by extension 'ros'
[0.293s] Level 1:colcon.colcon_core.package_identification:_identify(src/px4-ros2-interface-lib/python_docs) by extensions ['cmake', 'python']
[0.293s] Level 1:colcon.colcon_core.package_identification:_identify(src/px4-ros2-interface-lib/python_docs) by extension 'cmake'
[0.294s] Level 1:colcon.colcon_core.package_identification:_identify(src/px4-ros2-interface-lib/python_docs) by extension 'python'
[0.294s] Level 1:colcon.colcon_core.package_identification:_identify(src/px4-ros2-interface-lib/python_docs) by extensions ['python_setup_py']
[0.294s] Level 1:colcon.colcon_core.package_identification:_identify(src/px4-ros2-interface-lib/python_docs) by extension 'python_setup_py'
[0.294s] Level 1:colcon.colcon_core.package_identification:_identify(src/px4-ros2-interface-lib/scripts) by extensions ['ignore', 'ignore_ament_install']
[0.294s] Level 1:colcon.colcon_core.package_identification:_identify(src/px4-ros2-interface-lib/scripts) by extension 'ignore'
[0.294s] Level 1:colcon.colcon_core.package_identification:_identify(src/px4-ros2-interface-lib/scripts) by extension 'ignore_ament_install'
[0.294s] Level 1:colcon.colcon_core.package_identification:_identify(src/px4-ros2-interface-lib/scripts) by extensions ['colcon_pkg']
[0.294s] Level 1:colcon.colcon_core.package_identification:_identify(src/px4-ros2-interface-lib/scripts) by extension 'colcon_pkg'
[0.294s] Level 1:colcon.colcon_core.package_identification:_identify(src/px4-ros2-interface-lib/scripts) by extensions ['colcon_meta']
[0.294s] Level 1:colcon.colcon_core.package_identification:_identify(src/px4-ros2-interface-lib/scripts) by extension 'colcon_meta'
[0.294s] Level 1:colcon.colcon_core.package_identification:_identify(src/px4-ros2-interface-lib/scripts) by extensions ['ros']
[0.294s] Level 1:colcon.colcon_core.package_identification:_identify(src/px4-ros2-interface-lib/scripts) by extension 'ros'
[0.294s] Level 1:colcon.colcon_core.package_identification:_identify(src/px4-ros2-interface-lib/scripts) by extensions ['cmake', 'python']
[0.294s] Level 1:colcon.colcon_core.package_identification:_identify(src/px4-ros2-interface-lib/scripts) by extension 'cmake'
[0.294s] Level 1:colcon.colcon_core.package_identification:_identify(src/px4-ros2-interface-lib/scripts) by extension 'python'
[0.294s] Level 1:colcon.colcon_core.package_identification:_identify(src/px4-ros2-interface-lib/scripts) by extensions ['python_setup_py']
[0.294s] Level 1:colcon.colcon_core.package_identification:_identify(src/px4-ros2-interface-lib/scripts) by extension 'python_setup_py'
[0.294s] Level 1:colcon.colcon_core.package_identification:_identify(src/px4_msgs) by extensions ['ignore', 'ignore_ament_install']
[0.294s] Level 1:colcon.colcon_core.package_identification:_identify(src/px4_msgs) by extension 'ignore'
[0.294s] Level 1:colcon.colcon_core.package_identification:_identify(src/px4_msgs) by extension 'ignore_ament_install'
[0.294s] Level 1:colcon.colcon_core.package_identification:_identify(src/px4_msgs) by extensions ['colcon_pkg']
[0.294s] Level 1:colcon.colcon_core.package_identification:_identify(src/px4_msgs) by extension 'colcon_pkg'
[0.295s] Level 1:colcon.colcon_core.package_identification:_identify(src/px4_msgs) by extensions ['colcon_meta']
[0.295s] Level 1:colcon.colcon_core.package_identification:_identify(src/px4_msgs) by extension 'colcon_meta'
[0.295s] Level 1:colcon.colcon_core.package_identification:_identify(src/px4_msgs) by extensions ['ros']
[0.295s] Level 1:colcon.colcon_core.package_identification:_identify(src/px4_msgs) by extension 'ros'
[0.295s] DEBUG:colcon.colcon_core.package_identification:Package 'src/px4_msgs' with type 'ros.ament_cmake' and name 'px4_msgs'
[0.295s] Level 1:colcon.colcon_core.package_identification:_identify(src/px4_ros2_custom_flight_mode-main) by extensions ['ignore', 'ignore_ament_install']
[0.295s] Level 1:colcon.colcon_core.package_identification:_identify(src/px4_ros2_custom_flight_mode-main) by extension 'ignore'
[0.295s] Level 1:colcon.colcon_core.package_identification:_identify(src/px4_ros2_custom_flight_mode-main) by extension 'ignore_ament_install'
[0.295s] Level 1:colcon.colcon_core.package_identification:_identify(src/px4_ros2_custom_flight_mode-main) by extensions ['colcon_pkg']
[0.295s] Level 1:colcon.colcon_core.package_identification:_identify(src/px4_ros2_custom_flight_mode-main) by extension 'colcon_pkg'
[0.295s] Level 1:colcon.colcon_core.package_identification:_identify(src/px4_ros2_custom_flight_mode-main) by extensions ['colcon_meta']
[0.296s] Level 1:colcon.colcon_core.package_identification:_identify(src/px4_ros2_custom_flight_mode-main) by extension 'colcon_meta'
[0.296s] Level 1:colcon.colcon_core.package_identification:_identify(src/px4_ros2_custom_flight_mode-main) by extensions ['ros']
[0.296s] Level 1:colcon.colcon_core.package_identification:_identify(src/px4_ros2_custom_flight_mode-main) by extension 'ros'
[0.296s] DEBUG:colcon.colcon_core.package_identification:Package 'src/px4_ros2_custom_flight_mode-main' with type 'ros.ament_cmake' and name 'draw_flight_mode'
[0.296s] Level 1:colcon.colcon_core.package_discovery:discover_packages(recursive) using defaults
[0.296s] Level 1:colcon.colcon_core.package_discovery:discover_packages(ignore) discover
[0.296s] Level 1:colcon.colcon_core.package_discovery:discover_packages(ignore) using defaults
[0.296s] Level 1:colcon.colcon_core.package_discovery:discover_packages(path) discover
[0.296s] Level 1:colcon.colcon_core.package_discovery:discover_packages(path) using defaults
[0.320s] Level 1:colcon.colcon_core.package_discovery:discover_packages(prefix_path) check parameters
[0.320s] Level 1:colcon.colcon_core.package_discovery:discover_packages(prefix_path) discover
[0.322s] DEBUG:colcon.colcon_installed_package_information.package_discovery:Found 2 installed packages in /home/rudra/ros2_ws/install
[0.323s] DEBUG:colcon.colcon_installed_package_information.package_discovery:Found 273 installed packages in /opt/ros/humble
[0.324s] Level 1:colcon.colcon_core.package_discovery:discover_packages(prefix_path) using defaults
[0.360s] Level 5:colcon.colcon_core.verb:set package 'px4_msgs' build argument 'cmake_args' from command line to 'None'
[0.361s] Level 5:colcon.colcon_core.verb:set package 'px4_msgs' build argument 'cmake_target' from command line to 'None'
[0.361s] Level 5:colcon.colcon_core.verb:set package 'px4_msgs' build argument 'cmake_target_skip_unavailable' from command line to 'False'
[0.361s] Level 5:colcon.colcon_core.verb:set package 'px4_msgs' build argument 'cmake_clean_cache' from command line to 'False'
[0.361s] Level 5:colcon.colcon_core.verb:set package 'px4_msgs' build argument 'cmake_clean_first' from command line to 'False'
[0.361s] Level 5:colcon.colcon_core.verb:set package 'px4_msgs' build argument 'cmake_force_configure' from command line to 'False'
[0.361s] Level 5:colcon.colcon_core.verb:set package 'px4_msgs' build argument 'ament_cmake_args' from command line to 'None'
[0.361s] Level 5:colcon.colcon_core.verb:set package 'px4_msgs' build argument 'catkin_cmake_args' from command line to 'None'
[0.361s] Level 5:colcon.colcon_core.verb:set package 'px4_msgs' build argument 'catkin_skip_building_tests' from command line to 'False'
[0.361s] DEBUG:colcon.colcon_core.verb:Building package 'px4_msgs' with the following arguments: {'ament_cmake_args': None, 'build_base': '/home/rudra/custom_flightmode/build/px4_msgs', 'catkin_cmake_args': None, 'catkin_skip_building_tests': False, 'cmake_args': None, 'cmake_clean_cache': False, 'cmake_clean_first': False, 'cmake_force_configure': False, 'cmake_target': None, 'cmake_target_skip_unavailable': False, 'install_base': '/home/rudra/custom_flightmode/install/px4_msgs', 'merge_install': False, 'path': '/home/rudra/custom_flightmode/src/px4_msgs', 'symlink_install': False, 'test_result_base': None}
[0.361s] Level 5:colcon.colcon_core.verb:set package 'px4_ros2_cpp' build argument 'cmake_args' from command line to 'None'
[0.361s] Level 5:colcon.colcon_core.verb:set package 'px4_ros2_cpp' build argument 'cmake_target' from command line to 'None'
[0.361s] Level 5:colcon.colcon_core.verb:set package 'px4_ros2_cpp' build argument 'cmake_target_skip_unavailable' from command line to 'False'
[0.361s] Level 5:colcon.colcon_core.verb:set package 'px4_ros2_cpp' build argument 'cmake_clean_cache' from command line to 'False'
[0.361s] Level 5:colcon.colcon_core.verb:set package 'px4_ros2_cpp' build argument 'cmake_clean_first' from command line to 'False'
[0.361s] Level 5:colcon.colcon_core.verb:set package 'px4_ros2_cpp' build argument 'cmake_force_configure' from command line to 'False'
[0.361s] Level 5:colcon.colcon_core.verb:set package 'px4_ros2_cpp' build argument 'ament_cmake_args' from command line to 'None'
[0.361s] Level 5:colcon.colcon_core.verb:set package 'px4_ros2_cpp' build argument 'catkin_cmake_args' from command line to 'None'
[0.361s] Level 5:colcon.colcon_core.verb:set package 'px4_ros2_cpp' build argument 'catkin_skip_building_tests' from command line to 'False'
[0.361s] DEBUG:colcon.colcon_core.verb:Building package 'px4_ros2_cpp' with the following arguments: {'ament_cmake_args': None, 'build_base': '/home/rudra/custom_flightmode/build/px4_ros2_cpp', 'catkin_cmake_args': None, 'catkin_skip_building_tests': False, 'cmake_args': None, 'cmake_clean_cache': False, 'cmake_clean_first': False, 'cmake_force_configure': False, 'cmake_target': None, 'cmake_target_skip_unavailable': False, 'install_base': '/home/rudra/custom_flightmode/install/px4_ros2_cpp', 'merge_install': False, 'path': '/home/rudra/custom_flightmode/src/px4-ros2-interface-lib/px4_ros2_cpp', 'symlink_install': False, 'test_result_base': None}
[0.361s] Level 5:colcon.colcon_core.verb:set package 'draw_flight_mode' build argument 'cmake_args' from command line to 'None'
[0.361s] Level 5:colcon.colcon_core.verb:set package 'draw_flight_mode' build argument 'cmake_target' from command line to 'None'
[0.361s] Level 5:colcon.colcon_core.verb:set package 'draw_flight_mode' build argument 'cmake_target_skip_unavailable' from command line to 'False'
[0.361s] Level 5:colcon.colcon_core.verb:set package 'draw_flight_mode' build argument 'cmake_clean_cache' from command line to 'False'
[0.361s] Level 5:colcon.colcon_core.verb:set package 'draw_flight_mode' build argument 'cmake_clean_first' from command line to 'False'
[0.361s] Level 5:colcon.colcon_core.verb:set package 'draw_flight_mode' build argument 'cmake_force_configure' from command line to 'False'
[0.361s] Level 5:colcon.colcon_core.verb:set package 'draw_flight_mode' build argument 'ament_cmake_args' from command line to 'None'
[0.361s] Level 5:colcon.colcon_core.verb:set package 'draw_flight_mode' build argument 'catkin_cmake_args' from command line to 'None'
[0.361s] Level 5:colcon.colcon_core.verb:set package 'draw_flight_mode' build argument 'catkin_skip_building_tests' from command line to 'False'
[0.362s] DEBUG:colcon.colcon_core.verb:Building package 'draw_flight_mode' with the following arguments: {'ament_cmake_args': None, 'build_base': '/home/rudra/custom_flightmode/build/draw_flight_mode', 'catkin_cmake_args': None, 'catkin_skip_building_tests': False, 'cmake_args': None, 'cmake_clean_cache': False, 'cmake_clean_first': False, 'cmake_force_configure': False, 'cmake_target': None, 'cmake_target_skip_unavailable': False, 'install_base': '/home/rudra/custom_flightmode/install/draw_flight_mode', 'merge_install': False, 'path': '/home/rudra/custom_flightmode/src/px4_ros2_custom_flight_mode-main', 'symlink_install': False, 'test_result_base': None}
[0.362s] Level 5:colcon.colcon_core.verb:set package 'example_executor_with_multiple_modes_cpp' build argument 'cmake_args' from command line to 'None'
[0.362s] Level 5:colcon.colcon_core.verb:set package 'example_executor_with_multiple_modes_cpp' build argument 'cmake_target' from command line to 'None'
[0.362s] Level 5:colcon.colcon_core.verb:set package 'example_executor_with_multiple_modes_cpp' build argument 'cmake_target_skip_unavailable' from command line to 'False'
[0.362s] Level 5:colcon.colcon_core.verb:set package 'example_executor_with_multiple_modes_cpp' build argument 'cmake_clean_cache' from command line to 'False'
[0.362s] Level 5:colcon.colcon_core.verb:set package 'example_executor_with_multiple_modes_cpp' build argument 'cmake_clean_first' from command line to 'False'
[0.362s] Level 5:colcon.colcon_core.verb:set package 'example_executor_with_multiple_modes_cpp' build argument 'cmake_force_configure' from command line to 'False'
[0.362s] Level 5:colcon.colcon_core.verb:set package 'example_executor_with_multiple_modes_cpp' build argument 'ament_cmake_args' from command line to 'None'
[0.362s] Level 5:colcon.colcon_core.verb:set package 'example_executor_with_multiple_modes_cpp' build argument 'catkin_cmake_args' from command line to 'None'
[0.362s] Level 5:colcon.colcon_core.verb:set package 'example_executor_with_multiple_modes_cpp' build argument 'catkin_skip_building_tests' from command line to 'False'
[0.362s] DEBUG:colcon.colcon_core.verb:Building package 'example_executor_with_multiple_modes_cpp' with the following arguments: {'ament_cmake_args': None, 'build_base': '/home/rudra/custom_flightmode/build/example_executor_with_multiple_modes_cpp', 'catkin_cmake_args': None, 'catkin_skip_building_tests': False, 'cmake_args': None, 'cmake_clean_cache': False, 'cmake_clean_first': False, 'cmake_force_configure': False, 'cmake_target': None, 'cmake_target_skip_unavailable': False, 'install_base': '/home/rudra/custom_flightmode/install/example_executor_with_multiple_modes_cpp', 'merge_install': False, 'path': '/home/rudra/custom_flightmode/src/px4-ros2-interface-lib/examples/cpp/modes/executor_with_multiple_modes', 'symlink_install': False, 'test_result_base': None}
[0.362s] Level 5:colcon.colcon_core.verb:set package 'example_global_navigation_cpp' build argument 'cmake_args' from command line to 'None'
[0.362s] Level 5:colcon.colcon_core.verb:set package 'example_global_navigation_cpp' build argument 'cmake_target' from command line to 'None'
[0.362s] Level 5:colcon.colcon_core.verb:set package 'example_global_navigation_cpp' build argument 'cmake_target_skip_unavailable' from command line to 'False'
[0.362s] Level 5:colcon.colcon_core.verb:set package 'example_global_navigation_cpp' build argument 'cmake_clean_cache' from command line to 'False'
[0.362s] Level 5:colcon.colcon_core.verb:set package 'example_global_navigation_cpp' build argument 'cmake_clean_first' from command line to 'False'
[0.362s] Level 5:colcon.colcon_core.verb:set package 'example_global_navigation_cpp' build argument 'cmake_force_configure' from command line to 'False'
[0.362s] Level 5:colcon.colcon_core.verb:set package 'example_global_navigation_cpp' build argument 'ament_cmake_args' from command line to 'None'
[0.362s] Level 5:colcon.colcon_core.verb:set package 'example_global_navigation_cpp' build argument 'catkin_cmake_args' from command line to 'None'
[0.362s] Level 5:colcon.colcon_core.verb:set package 'example_global_navigation_cpp' build argument 'catkin_skip_building_tests' from command line to 'False'
[0.362s] DEBUG:colcon.colcon_core.verb:Building package 'example_global_navigation_cpp' with the following arguments: {'ament_cmake_args': None, 'build_base': '/home/rudra/custom_flightmode/build/example_global_navigation_cpp', 'catkin_cmake_args': None, 'catkin_skip_building_tests': False, 'cmake_args': None, 'cmake_clean_cache': False, 'cmake_clean_first': False, 'cmake_force_configure': False, 'cmake_target': None, 'cmake_target_skip_unavailable': False, 'install_base': '/home/rudra/custom_flightmode/install/example_global_navigation_cpp', 'merge_install': False, 'path': '/home/rudra/custom_flightmode/src/px4-ros2-interface-lib/examples/cpp/navigation/global_navigation', 'symlink_install': False, 'test_result_base': None}
[0.363s] Level 5:colcon.colcon_core.verb:set package 'example_local_navigation_cpp' build argument 'cmake_args' from command line to 'None'
[0.363s] Level 5:colcon.colcon_core.verb:set package 'example_local_navigation_cpp' build argument 'cmake_target' from command line to 'None'
[0.363s] Level 5:colcon.colcon_core.verb:set package 'example_local_navigation_cpp' build argument 'cmake_target_skip_unavailable' from command line to 'False'
[0.363s] Level 5:colcon.colcon_core.verb:set package 'example_local_navigation_cpp' build argument 'cmake_clean_cache' from command line to 'False'
[0.363s] Level 5:colcon.colcon_core.verb:set package 'example_local_navigation_cpp' build argument 'cmake_clean_first' from command line to 'False'
[0.363s] Level 5:colcon.colcon_core.verb:set package 'example_local_navigation_cpp' build argument 'cmake_force_configure' from command line to 'False'
[0.363s] Level 5:colcon.colcon_core.verb:set package 'example_local_navigation_cpp' build argument 'ament_cmake_args' from command line to 'None'
[0.363s] Level 5:colcon.colcon_core.verb:set package 'example_local_navigation_cpp' build argument 'catkin_cmake_args' from command line to 'None'
[0.363s] Level 5:colcon.colcon_core.verb:set package 'example_local_navigation_cpp' build argument 'catkin_skip_building_tests' from command line to 'False'
[0.363s] DEBUG:colcon.colcon_core.verb:Building package 'example_local_navigation_cpp' with the following arguments: {'ament_cmake_args': None, 'build_base': '/home/rudra/custom_flightmode/build/example_local_navigation_cpp', 'catkin_cmake_args': None, 'catkin_skip_building_tests': False, 'cmake_args': None, 'cmake_clean_cache': False, 'cmake_clean_first': False, 'cmake_force_configure': False, 'cmake_target': None, 'cmake_target_skip_unavailable': False, 'install_base': '/home/rudra/custom_flightmode/install/example_local_navigation_cpp', 'merge_install': False, 'path': '/home/rudra/custom_flightmode/src/px4-ros2-interface-lib/examples/cpp/navigation/local_navigation', 'symlink_install': False, 'test_result_base': None}
[0.363s] Level 5:colcon.colcon_core.verb:set package 'example_mode_fw_attitude_cpp' build argument 'cmake_args' from command line to 'None'
[0.363s] Level 5:colcon.colcon_core.verb:set package 'example_mode_fw_attitude_cpp' build argument 'cmake_target' from command line to 'None'
[0.363s] Level 5:colcon.colcon_core.verb:set package 'example_mode_fw_attitude_cpp' build argument 'cmake_target_skip_unavailable' from command line to 'False'
[0.363s] Level 5:colcon.colcon_core.verb:set package 'example_mode_fw_attitude_cpp' build argument 'cmake_clean_cache' from command line to 'False'
[0.363s] Level 5:colcon.colcon_core.verb:set package 'example_mode_fw_attitude_cpp' build argument 'cmake_clean_first' from command line to 'False'
[0.363s] Level 5:colcon.colcon_core.verb:set package 'example_mode_fw_attitude_cpp' build argument 'cmake_force_configure' from command line to 'False'
[0.363s] Level 5:colcon.colcon_core.verb:set package 'example_mode_fw_attitude_cpp' build argument 'ament_cmake_args' from command line to 'None'
[0.363s] Level 5:colcon.colcon_core.verb:set package 'example_mode_fw_attitude_cpp' build argument 'catkin_cmake_args' from command line to 'None'
[0.363s] Level 5:colcon.colcon_core.verb:set package 'example_mode_fw_attitude_cpp' build argument 'catkin_skip_building_tests' from command line to 'False'
[0.363s] DEBUG:colcon.colcon_core.verb:Building package 'example_mode_fw_attitude_cpp' with the following arguments: {'ament_cmake_args': None, 'build_base': '/home/rudra/custom_flightmode/build/example_mode_fw_attitude_cpp', 'catkin_cmake_args': None, 'catkin_skip_building_tests': False, 'cmake_args': None, 'cmake_clean_cache': False, 'cmake_clean_first': False, 'cmake_force_configure': False, 'cmake_target': None, 'cmake_target_skip_unavailable': False, 'install_base': '/home/rudra/custom_flightmode/install/example_mode_fw_attitude_cpp', 'merge_install': False, 'path': '/home/rudra/custom_flightmode/src/px4-ros2-interface-lib/examples/cpp/modes/fw_attitude', 'symlink_install': False, 'test_result_base': None}
[0.363s] Level 5:colcon.colcon_core.verb:set package 'example_mode_goto_cpp' build argument 'cmake_args' from command line to 'None'
[0.363s] Level 5:colcon.colcon_core.verb:set package 'example_mode_goto_cpp' build argument 'cmake_target' from command line to 'None'
[0.363s] Level 5:colcon.colcon_core.verb:set package 'example_mode_goto_cpp' build argument 'cmake_target_skip_unavailable' from command line to 'False'
[0.363s] Level 5:colcon.colcon_core.verb:set package 'example_mode_goto_cpp' build argument 'cmake_clean_cache' from command line to 'False'
[0.363s] Level 5:colcon.colcon_core.verb:set package 'example_mode_goto_cpp' build argument 'cmake_clean_first' from command line to 'False'
[0.364s] Level 5:colcon.colcon_core.verb:set package 'example_mode_goto_cpp' build argument 'cmake_force_configure' from command line to 'False'
[0.364s] Level 5:colcon.colcon_core.verb:set package 'example_mode_goto_cpp' build argument 'ament_cmake_args' from command line to 'None'
[0.364s] Level 5:colcon.colcon_core.verb:set package 'example_mode_goto_cpp' build argument 'catkin_cmake_args' from command line to 'None'
[0.364s] Level 5:colcon.colcon_core.verb:set package 'example_mode_goto_cpp' build argument 'catkin_skip_building_tests' from command line to 'False'
[0.364s] DEBUG:colcon.colcon_core.verb:Building package 'example_mode_goto_cpp' with the following arguments: {'ament_cmake_args': None, 'build_base': '/home/rudra/custom_flightmode/build/example_mode_goto_cpp', 'catkin_cmake_args': None, 'catkin_skip_building_tests': False, 'cmake_args': None, 'cmake_clean_cache': False, 'cmake_clean_first': False, 'cmake_force_configure': False, 'cmake_target': None, 'cmake_target_skip_unavailable': False, 'install_base': '/home/rudra/custom_flightmode/install/example_mode_goto_cpp', 'merge_install': False, 'path': '/home/rudra/custom_flightmode/src/px4-ros2-interface-lib/examples/cpp/modes/goto', 'symlink_install': False, 'test_result_base': None}
[0.364s] Level 5:colcon.colcon_core.verb:set package 'example_mode_goto_global_cpp' build argument 'cmake_args' from command line to 'None'
[0.364s] Level 5:colcon.colcon_core.verb:set package 'example_mode_goto_global_cpp' build argument 'cmake_target' from command line to 'None'
[0.364s] Level 5:colcon.colcon_core.verb:set package 'example_mode_goto_global_cpp' build argument 'cmake_target_skip_unavailable' from command line to 'False'
[0.364s] Level 5:colcon.colcon_core.verb:set package 'example_mode_goto_global_cpp' build argument 'cmake_clean_cache' from command line to 'False'
[0.364s] Level 5:colcon.colcon_core.verb:set package 'example_mode_goto_global_cpp' build argument 'cmake_clean_first' from command line to 'False'
[0.364s] Level 5:colcon.colcon_core.verb:set package 'example_mode_goto_global_cpp' build argument 'cmake_force_configure' from command line to 'False'
[0.364s] Level 5:colcon.colcon_core.verb:set package 'example_mode_goto_global_cpp' build argument 'ament_cmake_args' from command line to 'None'
[0.364s] Level 5:colcon.colcon_core.verb:set package 'example_mode_goto_global_cpp' build argument 'catkin_cmake_args' from command line to 'None'
[0.364s] Level 5:colcon.colcon_core.verb:set package 'example_mode_goto_global_cpp' build argument 'catkin_skip_building_tests' from command line to 'False'
[0.364s] DEBUG:colcon.colcon_core.verb:Building package 'example_mode_goto_global_cpp' with the following arguments: {'ament_cmake_args': None, 'build_base': '/home/rudra/custom_flightmode/build/example_mode_goto_global_cpp', 'catkin_cmake_args': None, 'catkin_skip_building_tests': False, 'cmake_args': None, 'cmake_clean_cache': False, 'cmake_clean_first': False, 'cmake_force_configure': False, 'cmake_target': None, 'cmake_target_skip_unavailable': False, 'install_base': '/home/rudra/custom_flightmode/install/example_mode_goto_global_cpp', 'merge_install': False, 'path': '/home/rudra/custom_flightmode/src/px4-ros2-interface-lib/examples/cpp/modes/goto_global', 'symlink_install': False, 'test_result_base': None}
[0.364s] Level 5:colcon.colcon_core.verb:set package 'example_mode_manual_cpp' build argument 'cmake_args' from command line to 'None'
[0.364s] Level 5:colcon.colcon_core.verb:set package 'example_mode_manual_cpp' build argument 'cmake_target' from command line to 'None'
[0.364s] Level 5:colcon.colcon_core.verb:set package 'example_mode_manual_cpp' build argument 'cmake_target_skip_unavailable' from command line to 'False'
[0.364s] Level 5:colcon.colcon_core.verb:set package 'example_mode_manual_cpp' build argument 'cmake_clean_cache' from command line to 'False'
[0.364s] Level 5:colcon.colcon_core.verb:set package 'example_mode_manual_cpp' build argument 'cmake_clean_first' from command line to 'False'
[0.364s] Level 5:colcon.colcon_core.verb:set package 'example_mode_manual_cpp' build argument 'cmake_force_configure' from command line to 'False'
[0.364s] Level 5:colcon.colcon_core.verb:set package 'example_mode_manual_cpp' build argument 'ament_cmake_args' from command line to 'None'
[0.364s] Level 5:colcon.colcon_core.verb:set package 'example_mode_manual_cpp' build argument 'catkin_cmake_args' from command line to 'None'
[0.364s] Level 5:colcon.colcon_core.verb:set package 'example_mode_manual_cpp' build argument 'catkin_skip_building_tests' from command line to 'False'
[0.364s] DEBUG:colcon.colcon_core.verb:Building package 'example_mode_manual_cpp' with the following arguments: {'ament_cmake_args': None, 'build_base': '/home/rudra/custom_flightmode/build/example_mode_manual_cpp', 'catkin_cmake_args': None, 'catkin_skip_building_tests': False, 'cmake_args': None, 'cmake_clean_cache': False, 'cmake_clean_first': False, 'cmake_force_configure': False, 'cmake_target': None, 'cmake_target_skip_unavailable': False, 'install_base': '/home/rudra/custom_flightmode/install/example_mode_manual_cpp', 'merge_install': False, 'path': '/home/rudra/custom_flightmode/src/px4-ros2-interface-lib/examples/cpp/modes/manual', 'symlink_install': False, 'test_result_base': None}
[0.365s] Level 5:colcon.colcon_core.verb:set package 'example_mode_mission_cpp' build argument 'cmake_args' from command line to 'None'
[0.365s] Level 5:colcon.colcon_core.verb:set package 'example_mode_mission_cpp' build argument 'cmake_target' from command line to 'None'
[0.365s] Level 5:colcon.colcon_core.verb:set package 'example_mode_mission_cpp' build argument 'cmake_target_skip_unavailable' from command line to 'False'
[0.365s] Level 5:colcon.colcon_core.verb:set package 'example_mode_mission_cpp' build argument 'cmake_clean_cache' from command line to 'False'
[0.365s] Level 5:colcon.colcon_core.verb:set package 'example_mode_mission_cpp' build argument 'cmake_clean_first' from command line to 'False'
[0.365s] Level 5:colcon.colcon_core.verb:set package 'example_mode_mission_cpp' build argument 'cmake_force_configure' from command line to 'False'
[0.365s] Level 5:colcon.colcon_core.verb:set package 'example_mode_mission_cpp' build argument 'ament_cmake_args' from command line to 'None'
[0.365s] Level 5:colcon.colcon_core.verb:set package 'example_mode_mission_cpp' build argument 'catkin_cmake_args' from command line to 'None'
[0.365s] Level 5:colcon.colcon_core.verb:set package 'example_mode_mission_cpp' build argument 'catkin_skip_building_tests' from command line to 'False'
[0.365s] DEBUG:colcon.colcon_core.verb:Building package 'example_mode_mission_cpp' with the following arguments: {'ament_cmake_args': None, 'build_base': '/home/rudra/custom_flightmode/build/example_mode_mission_cpp', 'catkin_cmake_args': None, 'catkin_skip_building_tests': False, 'cmake_args': None, 'cmake_clean_cache': False, 'cmake_clean_first': False, 'cmake_force_configure': False, 'cmake_target': None, 'cmake_target_skip_unavailable': False, 'install_base': '/home/rudra/custom_flightmode/install/example_mode_mission_cpp', 'merge_install': False, 'path': '/home/rudra/custom_flightmode/src/px4-ros2-interface-lib/examples/cpp/modes/mission', 'symlink_install': False, 'test_result_base': None}
[0.365s] Level 5:colcon.colcon_core.verb:set package 'example_mode_rtl_replacement_cpp' build argument 'cmake_args' from command line to 'None'
[0.365s] Level 5:colcon.colcon_core.verb:set package 'example_mode_rtl_replacement_cpp' build argument 'cmake_target' from command line to 'None'
[0.365s] Level 5:colcon.colcon_core.verb:set package 'example_mode_rtl_replacement_cpp' build argument 'cmake_target_skip_unavailable' from command line to 'False'
[0.365s] Level 5:colcon.colcon_core.verb:set package 'example_mode_rtl_replacement_cpp' build argument 'cmake_clean_cache' from command line to 'False'
[0.365s] Level 5:colcon.colcon_core.verb:set package 'example_mode_rtl_replacement_cpp' build argument 'cmake_clean_first' from command line to 'False'
[0.365s] Level 5:colcon.colcon_core.verb:set package 'example_mode_rtl_replacement_cpp' build argument 'cmake_force_configure' from command line to 'False'
[0.365s] Level 5:colcon.colcon_core.verb:set package 'example_mode_rtl_replacement_cpp' build argument 'ament_cmake_args' from command line to 'None'
[0.365s] Level 5:colcon.colcon_core.verb:set package 'example_mode_rtl_replacement_cpp' build argument 'catkin_cmake_args' from command line to 'None'
[0.365s] Level 5:colcon.colcon_core.verb:set package 'example_mode_rtl_replacement_cpp' build argument 'catkin_skip_building_tests' from command line to 'False'
[0.365s] DEBUG:colcon.colcon_core.verb:Building package 'example_mode_rtl_replacement_cpp' with the following arguments: {'ament_cmake_args': None, 'build_base': '/home/rudra/custom_flightmode/build/example_mode_rtl_replacement_cpp', 'catkin_cmake_args': None, 'catkin_skip_building_tests': False, 'cmake_args': None, 'cmake_clean_cache': False, 'cmake_clean_first': False, 'cmake_force_configure': False, 'cmake_target': None, 'cmake_target_skip_unavailable': False, 'install_base': '/home/rudra/custom_flightmode/install/example_mode_rtl_replacement_cpp', 'merge_install': False, 'path': '/home/rudra/custom_flightmode/src/px4-ros2-interface-lib/examples/cpp/modes/rtl_replacement', 'symlink_install': False, 'test_result_base': None}
[0.365s] Level 5:colcon.colcon_core.verb:set package 'example_mode_vtol_cpp' build argument 'cmake_args' from command line to 'None'
[0.365s] Level 5:colcon.colcon_core.verb:set package 'example_mode_vtol_cpp' build argument 'cmake_target' from command line to 'None'
[0.365s] Level 5:colcon.colcon_core.verb:set package 'example_mode_vtol_cpp' build argument 'cmake_target_skip_unavailable' from command line to 'False'
[0.365s] Level 5:colcon.colcon_core.verb:set package 'example_mode_vtol_cpp' build argument 'cmake_clean_cache' from command line to 'False'
[0.365s] Level 5:colcon.colcon_core.verb:set package 'example_mode_vtol_cpp' build argument 'cmake_clean_first' from command line to 'False'
[0.365s] Level 5:colcon.colcon_core.verb:set package 'example_mode_vtol_cpp' build argument 'cmake_force_configure' from command line to 'False'
[0.365s] Level 5:colcon.colcon_core.verb:set package 'example_mode_vtol_cpp' build argument 'ament_cmake_args' from command line to 'None'
[0.365s] Level 5:colcon.colcon_core.verb:set package 'example_mode_vtol_cpp' build argument 'catkin_cmake_args' from command line to 'None'
[0.366s] Level 5:colcon.colcon_core.verb:set package 'example_mode_vtol_cpp' build argument 'catkin_skip_building_tests' from command line to 'False'
[0.366s] DEBUG:colcon.colcon_core.verb:Building package 'example_mode_vtol_cpp' with the following arguments: {'ament_cmake_args': None, 'build_base': '/home/rudra/custom_flightmode/build/example_mode_vtol_cpp', 'catkin_cmake_args': None, 'catkin_skip_building_tests': False, 'cmake_args': None, 'cmake_clean_cache': False, 'cmake_clean_first': False, 'cmake_force_configure': False, 'cmake_target': None, 'cmake_target_skip_unavailable': False, 'install_base': '/home/rudra/custom_flightmode/install/example_mode_vtol_cpp', 'merge_install': False, 'path': '/home/rudra/custom_flightmode/src/px4-ros2-interface-lib/examples/cpp/modes/vtol', 'symlink_install': False, 'test_result_base': None}
[0.366s] Level 5:colcon.colcon_core.verb:set package 'example_mode_with_executor_cpp' build argument 'cmake_args' from command line to 'None'
[0.366s] Level 5:colcon.colcon_core.verb:set package 'example_mode_with_executor_cpp' build argument 'cmake_target' from command line to 'None'
[0.366s] Level 5:colcon.colcon_core.verb:set package 'example_mode_with_executor_cpp' build argument 'cmake_target_skip_unavailable' from command line to 'False'
[0.366s] Level 5:colcon.colcon_core.verb:set package 'example_mode_with_executor_cpp' build argument 'cmake_clean_cache' from command line to 'False'
[0.366s] Level 5:colcon.colcon_core.verb:set package 'example_mode_with_executor_cpp' build argument 'cmake_clean_first' from command line to 'False'
[0.366s] Level 5:colcon.colcon_core.verb:set package 'example_mode_with_executor_cpp' build argument 'cmake_force_configure' from command line to 'False'
[0.366s] Level 5:colcon.colcon_core.verb:set package 'example_mode_with_executor_cpp' build argument 'ament_cmake_args' from command line to 'None'
[0.366s] Level 5:colcon.colcon_core.verb:set package 'example_mode_with_executor_cpp' build argument 'catkin_cmake_args' from command line to 'None'
[0.366s] Level 5:colcon.colcon_core.verb:set package 'example_mode_with_executor_cpp' build argument 'catkin_skip_building_tests' from command line to 'False'
[0.366s] DEBUG:colcon.colcon_core.verb:Building package 'example_mode_with_executor_cpp' with the following arguments: {'ament_cmake_args': None, 'build_base': '/home/rudra/custom_flightmode/build/example_mode_with_executor_cpp', 'catkin_cmake_args': None, 'catkin_skip_building_tests': False, 'cmake_args': None, 'cmake_clean_cache': False, 'cmake_clean_first': False, 'cmake_force_configure': False, 'cmake_target': None, 'cmake_target_skip_unavailable': False, 'install_base': '/home/rudra/custom_flightmode/install/example_mode_with_executor_cpp', 'merge_install': False, 'path': '/home/rudra/custom_flightmode/src/px4-ros2-interface-lib/examples/cpp/modes/mode_with_executor', 'symlink_install': False, 'test_result_base': None}
[0.366s] Level 5:colcon.colcon_core.verb:set package 'example_rover_velocity_mode_cpp' build argument 'cmake_args' from command line to 'None'
[0.366s] Level 5:colcon.colcon_core.verb:set package 'example_rover_velocity_mode_cpp' build argument 'cmake_target' from command line to 'None'
[0.366s] Level 5:colcon.colcon_core.verb:set package 'example_rover_velocity_mode_cpp' build argument 'cmake_target_skip_unavailable' from command line to 'False'
[0.366s] Level 5:colcon.colcon_core.verb:set package 'example_rover_velocity_mode_cpp' build argument 'cmake_clean_cache' from command line to 'False'
[0.366s] Level 5:colcon.colcon_core.verb:set package 'example_rover_velocity_mode_cpp' build argument 'cmake_clean_first' from command line to 'False'
[0.366s] Level 5:colcon.colcon_core.verb:set package 'example_rover_velocity_mode_cpp' build argument 'cmake_force_configure' from command line to 'False'
[0.366s] Level 5:colcon.colcon_core.verb:set package 'example_rover_velocity_mode_cpp' build argument 'ament_cmake_args' from command line to 'None'
[0.366s] Level 5:colcon.colcon_core.verb:set package 'example_rover_velocity_mode_cpp' build argument 'catkin_cmake_args' from command line to 'None'
[0.366s] Level 5:colcon.colcon_core.verb:set package 'example_rover_velocity_mode_cpp' build argument 'catkin_skip_building_tests' from command line to 'False'
[0.366s] DEBUG:colcon.colcon_core.verb:Building package 'example_rover_velocity_mode_cpp' with the following arguments: {'ament_cmake_args': None, 'build_base': '/home/rudra/custom_flightmode/build/example_rover_velocity_mode_cpp', 'catkin_cmake_args': None, 'catkin_skip_building_tests': False, 'cmake_args': None, 'cmake_clean_cache': False, 'cmake_clean_first': False, 'cmake_force_configure': False, 'cmake_target': None, 'cmake_target_skip_unavailable': False, 'install_base': '/home/rudra/custom_flightmode/install/example_rover_velocity_mode_cpp', 'merge_install': False, 'path': '/home/rudra/custom_flightmode/src/px4-ros2-interface-lib/examples/cpp/modes/rover_velocity', 'symlink_install': False, 'test_result_base': None}
[0.367s] Level 5:colcon.colcon_core.verb:set package 'px4_ros2_py' build argument 'cmake_args' from command line to 'None'
[0.367s] Level 5:colcon.colcon_core.verb:set package 'px4_ros2_py' build argument 'cmake_target' from command line to 'None'
[0.367s] Level 5:colcon.colcon_core.verb:set package 'px4_ros2_py' build argument 'cmake_target_skip_unavailable' from command line to 'False'
[0.367s] Level 5:colcon.colcon_core.verb:set package 'px4_ros2_py' build argument 'cmake_clean_cache' from command line to 'False'
[0.367s] Level 5:colcon.colcon_core.verb:set package 'px4_ros2_py' build argument 'cmake_clean_first' from command line to 'False'
[0.367s] Level 5:colcon.colcon_core.verb:set package 'px4_ros2_py' build argument 'cmake_force_configure' from command line to 'False'
[0.367s] Level 5:colcon.colcon_core.verb:set package 'px4_ros2_py' build argument 'ament_cmake_args' from command line to 'None'
[0.367s] Level 5:colcon.colcon_core.verb:set package 'px4_ros2_py' build argument 'catkin_cmake_args' from command line to 'None'
[0.367s] Level 5:colcon.colcon_core.verb:set package 'px4_ros2_py' build argument 'catkin_skip_building_tests' from command line to 'False'
[0.367s] DEBUG:colcon.colcon_core.verb:Building package 'px4_ros2_py' with the following arguments: {'ament_cmake_args': None, 'build_base': '/home/rudra/custom_flightmode/build/px4_ros2_py', 'catkin_cmake_args': None, 'catkin_skip_building_tests': False, 'cmake_args': None, 'cmake_clean_cache': False, 'cmake_clean_first': False, 'cmake_force_configure': False, 'cmake_target': None, 'cmake_target_skip_unavailable': False, 'install_base': '/home/rudra/custom_flightmode/install/px4_ros2_py', 'merge_install': False, 'path': '/home/rudra/custom_flightmode/src/px4-ros2-interface-lib/px4_ros2_py', 'symlink_install': False, 'test_result_base': None}
[0.367s] Level 5:colcon.colcon_core.verb:set package 'example_mode_goto_py' build argument 'cmake_args' from command line to 'None'
[0.367s] Level 5:colcon.colcon_core.verb:set package 'example_mode_goto_py' build argument 'cmake_target' from command line to 'None'
[0.367s] Level 5:colcon.colcon_core.verb:set package 'example_mode_goto_py' build argument 'cmake_target_skip_unavailable' from command line to 'False'
[0.367s] Level 5:colcon.colcon_core.verb:set package 'example_mode_goto_py' build argument 'cmake_clean_cache' from command line to 'False'
[0.367s] Level 5:colcon.colcon_core.verb:set package 'example_mode_goto_py' build argument 'cmake_clean_first' from command line to 'False'
[0.367s] Level 5:colcon.colcon_core.verb:set package 'example_mode_goto_py' build argument 'cmake_force_configure' from command line to 'False'
[0.367s] Level 5:colcon.colcon_core.verb:set package 'example_mode_goto_py' build argument 'ament_cmake_args' from command line to 'None'
[0.367s] Level 5:colcon.colcon_core.verb:set package 'example_mode_goto_py' build argument 'catkin_cmake_args' from command line to 'None'
[0.367s] Level 5:colcon.colcon_core.verb:set package 'example_mode_goto_py' build argument 'catkin_skip_building_tests' from command line to 'False'
[0.367s] DEBUG:colcon.colcon_core.verb:Building package 'example_mode_goto_py' with the following arguments: {'ament_cmake_args': None, 'build_base': '/home/rudra/custom_flightmode/build/example_mode_goto_py', 'catkin_cmake_args': None, 'catkin_skip_building_tests': False, 'cmake_args': None, 'cmake_clean_cache': False, 'cmake_clean_first': False, 'cmake_force_configure': False, 'cmake_target': None, 'cmake_target_skip_unavailable': False, 'install_base': '/home/rudra/custom_flightmode/install/example_mode_goto_py', 'merge_install': False, 'path': '/home/rudra/custom_flightmode/src/px4-ros2-interface-lib/examples/python/modes/goto', 'symlink_install': False, 'test_result_base': None}
[0.367s] Level 5:colcon.colcon_core.verb:set package 'example_mode_with_rclpy_py' build argument 'cmake_args' from command line to 'None'
[0.367s] Level 5:colcon.colcon_core.verb:set package 'example_mode_with_rclpy_py' build argument 'cmake_target' from command line to 'None'
[0.367s] Level 5:colcon.colcon_core.verb:set package 'example_mode_with_rclpy_py' build argument 'cmake_target_skip_unavailable' from command line to 'False'
[0.367s] Level 5:colcon.colcon_core.verb:set package 'example_mode_with_rclpy_py' build argument 'cmake_clean_cache' from command line to 'False'
[0.367s] Level 5:colcon.colcon_core.verb:set package 'example_mode_with_rclpy_py' build argument 'cmake_clean_first' from command line to 'False'
[0.367s] Level 5:colcon.colcon_core.verb:set package 'example_mode_with_rclpy_py' build argument 'cmake_force_configure' from command line to 'False'
[0.367s] Level 5:colcon.colcon_core.verb:set package 'example_mode_with_rclpy_py' build argument 'ament_cmake_args' from command line to 'None'
[0.367s] Level 5:colcon.colcon_core.verb:set package 'example_mode_with_rclpy_py' build argument 'catkin_cmake_args' from command line to 'None'
[0.367s] Level 5:colcon.colcon_core.verb:set package 'example_mode_with_rclpy_py' build argument 'catkin_skip_building_tests' from command line to 'False'
[0.367s] DEBUG:colcon.colcon_core.verb:Building package 'example_mode_with_rclpy_py' with the following arguments: {'ament_cmake_args': None, 'build_base': '/home/rudra/custom_flightmode/build/example_mode_with_rclpy_py', 'catkin_cmake_args': None, 'catkin_skip_building_tests': False, 'cmake_args': None, 'cmake_clean_cache': False, 'cmake_clean_first': False, 'cmake_force_configure': False, 'cmake_target': None, 'cmake_target_skip_unavailable': False, 'install_base': '/home/rudra/custom_flightmode/install/example_mode_with_rclpy_py', 'merge_install': False, 'path': '/home/rudra/custom_flightmode/src/px4-ros2-interface-lib/examples/python/modes/goto_with_rclpy', 'symlink_install': False, 'test_result_base': None}
[0.368s] INFO:colcon.colcon_core.executor:Executing jobs using 'parallel' executor
[0.368s] DEBUG:colcon.colcon_parallel_executor.executor.parallel:run_until_complete
[0.368s] INFO:colcon.colcon_ros.task.ament_cmake.build:Building ROS package in '/home/rudra/custom_flightmode/src/px4_msgs' with build type 'ament_cmake'
[0.369s] INFO:colcon.colcon_cmake.task.cmake.build:Building CMake package in '/home/rudra/custom_flightmode/src/px4_msgs'
[0.372s] INFO:colcon.colcon_core.plugin_system:Skipping extension 'colcon_core.shell.bat': Not used on non-Windows systems
[0.372s] INFO:colcon.colcon_core.shell:Skip shell extension 'powershell' for command environment: Not usable outside of PowerShell
[0.372s] DEBUG:colcon.colcon_core.shell:Skip shell extension 'dsv' for command environment
[0.379s] DEBUG:colcon.colcon_core.event_handler.log_command:Invoking command in '/home/rudra/custom_flightmode/build/px4_msgs': CMAKE_PREFIX_PATH=/home/rudra/ros2_ws/install/talker_listener:/home/rudra/ros2_ws/install/first_pkg:/opt/ros/humble /usr/bin/cmake --build /home/rudra/custom_flightmode/build/px4_msgs -- -j12 -l12
[1.570s] DEBUG:colcon.colcon_core.event_handler.log_command:Invoked command in '/home/rudra/custom_flightmode/build/px4_msgs' returned '0': CMAKE_PREFIX_PATH=/home/rudra/ros2_ws/install/talker_listener:/home/rudra/ros2_ws/install/first_pkg:/opt/ros/humble /usr/bin/cmake --build /home/rudra/custom_flightmode/build/px4_msgs -- -j12 -l12
[1.579s] DEBUG:colcon.colcon_core.event_handler.log_command:Invoking command in '/home/rudra/custom_flightmode/build/px4_msgs': CMAKE_PREFIX_PATH=/home/rudra/ros2_ws/install/talker_listener:/home/rudra/ros2_ws/install/first_pkg:/opt/ros/humble /usr/bin/cmake --install /home/rudra/custom_flightmode/build/px4_msgs
[2.099s] Level 1:colcon.colcon_core.environment:create_environment_scripts_only(px4_msgs)
[2.100s] DEBUG:colcon.colcon_core.event_handler.log_command:Invoked command in '/home/rudra/custom_flightmode/build/px4_msgs' returned '0': CMAKE_PREFIX_PATH=/home/rudra/ros2_ws/install/talker_listener:/home/rudra/ros2_ws/install/first_pkg:/opt/ros/humble /usr/bin/cmake --install /home/rudra/custom_flightmode/build/px4_msgs
[2.104s] Level 1:colcon.colcon_core.environment:checking '/home/rudra/custom_flightmode/install/px4_msgs' for CMake module files
[2.104s] Level 1:colcon.colcon_core.environment:checking '/home/rudra/custom_flightmode/install/px4_msgs' for CMake config files
[2.106s] Level 1:colcon.colcon_core.shell:create_environment_hook('px4_msgs', 'cmake_prefix_path')
[2.106s] INFO:colcon.colcon_core.shell:Creating environment hook '/home/rudra/custom_flightmode/install/px4_msgs/share/px4_msgs/hook/cmake_prefix_path.ps1'
[2.106s] INFO:colcon.colcon_core.shell:Creating environment descriptor '/home/rudra/custom_flightmode/install/px4_msgs/share/px4_msgs/hook/cmake_prefix_path.dsv'
[2.107s] INFO:colcon.colcon_core.shell:Creating environment hook '/home/rudra/custom_flightmode/install/px4_msgs/share/px4_msgs/hook/cmake_prefix_path.sh'
[2.108s] Level 1:colcon.colcon_core.environment:checking '/home/rudra/custom_flightmode/install/px4_msgs/lib'
[2.108s] Level 1:colcon.colcon_core.shell:create_environment_hook('px4_msgs', 'ld_library_path_lib')
[2.108s] INFO:colcon.colcon_core.shell:Creating environment hook '/home/rudra/custom_flightmode/install/px4_msgs/share/px4_msgs/hook/ld_library_path_lib.ps1'
[2.108s] INFO:colcon.colcon_core.shell:Creating environment descriptor '/home/rudra/custom_flightmode/install/px4_msgs/share/px4_msgs/hook/ld_library_path_lib.dsv'
[2.109s] INFO:colcon.colcon_core.shell:Creating environment hook '/home/rudra/custom_flightmode/install/px4_msgs/share/px4_msgs/hook/ld_library_path_lib.sh'
[2.109s] Level 1:colcon.colcon_core.environment:checking '/home/rudra/custom_flightmode/install/px4_msgs/bin'
[2.109s] Level 1:colcon.colcon_core.environment:checking '/home/rudra/custom_flightmode/install/px4_msgs/lib/pkgconfig/px4_msgs.pc'
[2.109s] Level 1:colcon.colcon_core.environment:checking '/home/rudra/custom_flightmode/install/px4_msgs/lib/python3.10/site-packages'
[2.109s] Level 1:colcon.colcon_core.environment:checking '/home/rudra/custom_flightmode/install/px4_msgs/bin'
[2.110s] INFO:colcon.colcon_core.shell:Creating package script '/home/rudra/custom_flightmode/install/px4_msgs/share/px4_msgs/package.ps1'
[2.110s] INFO:colcon.colcon_core.shell:Creating package descriptor '/home/rudra/custom_flightmode/install/px4_msgs/share/px4_msgs/package.dsv'
[2.111s] INFO:colcon.colcon_core.shell:Creating package script '/home/rudra/custom_flightmode/install/px4_msgs/share/px4_msgs/package.sh'
[2.112s] INFO:colcon.colcon_core.shell:Creating package script '/home/rudra/custom_flightmode/install/px4_msgs/share/px4_msgs/package.bash'
[2.113s] INFO:colcon.colcon_core.shell:Creating package script '/home/rudra/custom_flightmode/install/px4_msgs/share/px4_msgs/package.zsh'
[2.113s] Level 1:colcon.colcon_core.environment:create_file_with_runtime_dependencies(/home/rudra/custom_flightmode/install/px4_msgs/share/colcon-core/packages/px4_msgs)
[2.114s] Level 1:colcon.colcon_core.environment:create_environment_scripts_only(px4_msgs)
[2.114s] Level 1:colcon.colcon_core.environment:checking '/home/rudra/custom_flightmode/install/px4_msgs' for CMake module files
[2.114s] Level 1:colcon.colcon_core.environment:checking '/home/rudra/custom_flightmode/install/px4_msgs' for CMake config files
[2.115s] Level 1:colcon.colcon_core.shell:create_environment_hook('px4_msgs', 'cmake_prefix_path')
[2.115s] INFO:colcon.colcon_core.shell:Creating environment hook '/home/rudra/custom_flightmode/install/px4_msgs/share/px4_msgs/hook/cmake_prefix_path.ps1'
[2.116s] INFO:colcon.colcon_core.shell:Creating environment descriptor '/home/rudra/custom_flightmode/install/px4_msgs/share/px4_msgs/hook/cmake_prefix_path.dsv'
[2.116s] INFO:colcon.colcon_core.shell:Creating environment hook '/home/rudra/custom_flightmode/install/px4_msgs/share/px4_msgs/hook/cmake_prefix_path.sh'
[2.116s] Level 1:colcon.colcon_core.environment:checking '/home/rudra/custom_flightmode/install/px4_msgs/lib'
[2.116s] Level 1:colcon.colcon_core.shell:create_environment_hook('px4_msgs', 'ld_library_path_lib')
[2.117s] INFO:colcon.colcon_core.shell:Creating environment hook '/home/rudra/custom_flightmode/install/px4_msgs/share/px4_msgs/hook/ld_library_path_lib.ps1'
[2.117s] INFO:colcon.colcon_core.shell:Creating environment descriptor '/home/rudra/custom_flightmode/install/px4_msgs/share/px4_msgs/hook/ld_library_path_lib.dsv'
[2.117s] INFO:colcon.colcon_core.shell:Creating environment hook '/home/rudra/custom_flightmode/install/px4_msgs/share/px4_msgs/hook/ld_library_path_lib.sh'
[2.117s] Level 1:colcon.colcon_core.environment:checking '/home/rudra/custom_flightmode/install/px4_msgs/bin'
[2.118s] Level 1:colcon.colcon_core.environment:checking '/home/rudra/custom_flightmode/install/px4_msgs/lib/pkgconfig/px4_msgs.pc'
[2.118s] Level 1:colcon.colcon_core.environment:checking '/home/rudra/custom_flightmode/install/px4_msgs/lib/python3.10/site-packages'
[2.118s] Level 1:colcon.colcon_core.environment:checking '/home/rudra/custom_flightmode/install/px4_msgs/bin'
[2.118s] INFO:colcon.colcon_core.shell:Creating package script '/home/rudra/custom_flightmode/install/px4_msgs/share/px4_msgs/package.ps1'
[2.119s] INFO:colcon.colcon_core.shell:Creating package descriptor '/home/rudra/custom_flightmode/install/px4_msgs/share/px4_msgs/package.dsv'
[2.119s] INFO:colcon.colcon_core.shell:Creating package script '/home/rudra/custom_flightmode/install/px4_msgs/share/px4_msgs/package.sh'
[2.119s] INFO:colcon.colcon_core.shell:Creating package script '/home/rudra/custom_flightmode/install/px4_msgs/share/px4_msgs/package.bash'
[2.120s] INFO:colcon.colcon_core.shell:Creating package script '/home/rudra/custom_flightmode/install/px4_msgs/share/px4_msgs/package.zsh'
[2.120s] Level 1:colcon.colcon_core.environment:create_file_with_runtime_dependencies(/home/rudra/custom_flightmode/install/px4_msgs/share/colcon-core/packages/px4_msgs)
[2.120s] INFO:colcon.colcon_ros.task.ament_cmake.build:Building ROS package in '/home/rudra/custom_flightmode/src/px4-ros2-interface-lib/px4_ros2_cpp' with build type 'ament_cmake'
[2.120s] INFO:colcon.colcon_cmake.task.cmake.build:Building CMake package in '/home/rudra/custom_flightmode/src/px4-ros2-interface-lib/px4_ros2_cpp'
[2.120s] INFO:colcon.colcon_core.shell:Skip shell extension 'powershell' for command environment: Not usable outside of PowerShell
[2.121s] DEBUG:colcon.colcon_core.shell:Skip shell extension 'dsv' for command environment
[2.130s] DEBUG:colcon.colcon_core.event_handler.log_command:Invoking command in '/home/rudra/custom_flightmode/build/px4_ros2_cpp': AMENT_PREFIX_PATH=/home/rudra/custom_flightmode/install/px4_msgs:${AMENT_PREFIX_PATH} CMAKE_PREFIX_PATH=/home/rudra/custom_flightmode/install/px4_msgs:/home/rudra/ros2_ws/install/talker_listener:/home/rudra/ros2_ws/install/first_pkg:/opt/ros/humble LD_LIBRARY_PATH=/home/rudra/custom_flightmode/install/px4_msgs/lib:${LD_LIBRARY_PATH} PYTHONPATH=/home/rudra/custom_flightmode/install/px4_msgs/local/lib/python3.10/dist-packages:${PYTHONPATH} /usr/bin/cmake --build /home/rudra/custom_flightmode/build/px4_ros2_cpp -- -j12 -l12
[2.319s] DEBUG:colcon.colcon_core.event_handler.log_command:Invoked command in '/home/rudra/custom_flightmode/build/px4_ros2_cpp' returned '0': AMENT_PREFIX_PATH=/home/rudra/custom_flightmode/install/px4_msgs:${AMENT_PREFIX_PATH} CMAKE_PREFIX_PATH=/home/rudra/custom_flightmode/install/px4_msgs:/home/rudra/ros2_ws/install/talker_listener:/home/rudra/ros2_ws/install/first_pkg:/opt/ros/humble LD_LIBRARY_PATH=/home/rudra/custom_flightmode/install/px4_msgs/lib:${LD_LIBRARY_PATH} PYTHONPATH=/home/rudra/custom_flightmode/install/px4_msgs/local/lib/python3.10/dist-packages:${PYTHONPATH} /usr/bin/cmake --build /home/rudra/custom_flightmode/build/px4_ros2_cpp -- -j12 -l12
[2.321s] DEBUG:colcon.colcon_core.event_handler.log_command:Invoking command in '/home/rudra/custom_flightmode/build/px4_ros2_cpp': AMENT_PREFIX_PATH=/home/rudra/custom_flightmode/install/px4_msgs:${AMENT_PREFIX_PATH} CMAKE_PREFIX_PATH=/home/rudra/custom_flightmode/install/px4_msgs:/home/rudra/ros2_ws/install/talker_listener:/home/rudra/ros2_ws/install/first_pkg:/opt/ros/humble LD_LIBRARY_PATH=/home/rudra/custom_flightmode/install/px4_msgs/lib:${LD_LIBRARY_PATH} PYTHONPATH=/home/rudra/custom_flightmode/install/px4_msgs/local/lib/python3.10/dist-packages:${PYTHONPATH} /usr/bin/cmake --install /home/rudra/custom_flightmode/build/px4_ros2_cpp
[2.336s] Level 1:colcon.colcon_core.environment:create_environment_scripts_only(px4_ros2_cpp)
[2.336s] Level 1:colcon.colcon_core.environment:checking '/home/rudra/custom_flightmode/install/px4_ros2_cpp' for CMake module files
[2.337s] DEBUG:colcon.colcon_core.event_handler.log_command:Invoked command in '/home/rudra/custom_flightmode/build/px4_ros2_cpp' returned '0': AMENT_PREFIX_PATH=/home/rudra/custom_flightmode/install/px4_msgs:${AMENT_PREFIX_PATH} CMAKE_PREFIX_PATH=/home/rudra/custom_flightmode/install/px4_msgs:/home/rudra/ros2_ws/install/talker_listener:/home/rudra/ros2_ws/install/first_pkg:/opt/ros/humble LD_LIBRARY_PATH=/home/rudra/custom_flightmode/install/px4_msgs/lib:${LD_LIBRARY_PATH} PYTHONPATH=/home/rudra/custom_flightmode/install/px4_msgs/local/lib/python3.10/dist-packages:${PYTHONPATH} /usr/bin/cmake --install /home/rudra/custom_flightmode/build/px4_ros2_cpp
[2.337s] Level 1:colcon.colcon_core.environment:checking '/home/rudra/custom_flightmode/install/px4_ros2_cpp' for CMake config files
[2.337s] Level 1:colcon.colcon_core.shell:create_environment_hook('px4_ros2_cpp', 'cmake_prefix_path')
[2.337s] INFO:colcon.colcon_core.shell:Creating environment hook '/home/rudra/custom_flightmode/install/px4_ros2_cpp/share/px4_ros2_cpp/hook/cmake_prefix_path.ps1'
[2.338s] INFO:colcon.colcon_core.shell:Creating environment descriptor '/home/rudra/custom_flightmode/install/px4_ros2_cpp/share/px4_ros2_cpp/hook/cmake_prefix_path.dsv'
[2.338s] INFO:colcon.colcon_core.shell:Creating environment hook '/home/rudra/custom_flightmode/install/px4_ros2_cpp/share/px4_ros2_cpp/hook/cmake_prefix_path.sh'
[2.339s] Level 1:colcon.colcon_core.environment:checking '/home/rudra/custom_flightmode/install/px4_ros2_cpp/lib'
[2.339s] Level 1:colcon.colcon_core.shell:create_environment_hook('px4_ros2_cpp', 'ld_library_path_lib')
[2.339s] INFO:colcon.colcon_core.shell:Creating environment hook '/home/rudra/custom_flightmode/install/px4_ros2_cpp/share/px4_ros2_cpp/hook/ld_library_path_lib.ps1'
[2.339s] INFO:colcon.colcon_core.shell:Creating environment descriptor '/home/rudra/custom_flightmode/install/px4_ros2_cpp/share/px4_ros2_cpp/hook/ld_library_path_lib.dsv'
[2.339s] INFO:colcon.colcon_core.shell:Creating environment hook '/home/rudra/custom_flightmode/install/px4_ros2_cpp/share/px4_ros2_cpp/hook/ld_library_path_lib.sh'
[2.340s] Level 1:colcon.colcon_core.environment:checking '/home/rudra/custom_flightmode/install/px4_ros2_cpp/bin'
[2.340s] Level 1:colcon.colcon_core.environment:checking '/home/rudra/custom_flightmode/install/px4_ros2_cpp/lib/pkgconfig/px4_ros2_cpp.pc'
[2.340s] Level 1:colcon.colcon_core.environment:checking '/home/rudra/custom_flightmode/install/px4_ros2_cpp/lib/python3.10/site-packages'
[2.340s] Level 1:colcon.colcon_core.environment:checking '/home/rudra/custom_flightmode/install/px4_ros2_cpp/bin'
[2.340s] INFO:colcon.colcon_core.shell:Creating package script '/home/rudra/custom_flightmode/install/px4_ros2_cpp/share/px4_ros2_cpp/package.ps1'
[2.341s] INFO:colcon.colcon_core.shell:Creating package descriptor '/home/rudra/custom_flightmode/install/px4_ros2_cpp/share/px4_ros2_cpp/package.dsv'
[2.341s] INFO:colcon.colcon_core.shell:Creating package script '/home/rudra/custom_flightmode/install/px4_ros2_cpp/share/px4_ros2_cpp/package.sh'
[2.342s] INFO:colcon.colcon_core.shell:Creating package script '/home/rudra/custom_flightmode/install/px4_ros2_cpp/share/px4_ros2_cpp/package.bash'
[2.342s] INFO:colcon.colcon_core.shell:Creating package script '/home/rudra/custom_flightmode/install/px4_ros2_cpp/share/px4_ros2_cpp/package.zsh'
[2.342s] Level 1:colcon.colcon_core.environment:create_file_with_runtime_dependencies(/home/rudra/custom_flightmode/install/px4_ros2_cpp/share/colcon-core/packages/px4_ros2_cpp)
[2.343s] Level 1:colcon.colcon_core.environment:create_environment_scripts_only(px4_ros2_cpp)
[2.343s] Level 1:colcon.colcon_core.environment:checking '/home/rudra/custom_flightmode/install/px4_ros2_cpp' for CMake module files
[2.343s] Level 1:colcon.colcon_core.environment:checking '/home/rudra/custom_flightmode/install/px4_ros2_cpp' for CMake config files
[2.343s] Level 1:colcon.colcon_core.shell:create_environment_hook('px4_ros2_cpp', 'cmake_prefix_path')
[2.343s] INFO:colcon.colcon_core.shell:Creating environment hook '/home/rudra/custom_flightmode/install/px4_ros2_cpp/share/px4_ros2_cpp/hook/cmake_prefix_path.ps1'
[2.344s] INFO:colcon.colcon_core.shell:Creating environment descriptor '/home/rudra/custom_flightmode/install/px4_ros2_cpp/share/px4_ros2_cpp/hook/cmake_prefix_path.dsv'
[2.344s] INFO:colcon.colcon_core.shell:Creating environment hook '/home/rudra/custom_flightmode/install/px4_ros2_cpp/share/px4_ros2_cpp/hook/cmake_prefix_path.sh'
[2.345s] Level 1:colcon.colcon_core.environment:checking '/home/rudra/custom_flightmode/install/px4_ros2_cpp/lib'
[2.345s] Level 1:colcon.colcon_core.shell:create_environment_hook('px4_ros2_cpp', 'ld_library_path_lib')
[2.345s] INFO:colcon.colcon_core.shell:Creating environment hook '/home/rudra/custom_flightmode/install/px4_ros2_cpp/share/px4_ros2_cpp/hook/ld_library_path_lib.ps1'
[2.345s] INFO:colcon.colcon_core.shell:Creating environment descriptor '/home/rudra/custom_flightmode/install/px4_ros2_cpp/share/px4_ros2_cpp/hook/ld_library_path_lib.dsv'
[2.345s] INFO:colcon.colcon_core.shell:Creating environment hook '/home/rudra/custom_flightmode/install/px4_ros2_cpp/share/px4_ros2_cpp/hook/ld_library_path_lib.sh'
[2.346s] Level 1:colcon.colcon_core.environment:checking '/home/rudra/custom_flightmode/install/px4_ros2_cpp/bin'
[2.346s] Level 1:colcon.colcon_core.environment:checking '/home/rudra/custom_flightmode/install/px4_ros2_cpp/lib/pkgconfig/px4_ros2_cpp.pc'
[2.346s] Level 1:colcon.colcon_core.environment:checking '/home/rudra/custom_flightmode/install/px4_ros2_cpp/lib/python3.10/site-packages'
[2.346s] Level 1:colcon.colcon_core.environment:checking '/home/rudra/custom_flightmode/install/px4_ros2_cpp/bin'
[2.346s] INFO:colcon.colcon_core.shell:Creating package script '/home/rudra/custom_flightmode/install/px4_ros2_cpp/share/px4_ros2_cpp/package.ps1'
[2.347s] INFO:colcon.colcon_core.shell:Creating package descriptor '/home/rudra/custom_flightmode/install/px4_ros2_cpp/share/px4_ros2_cpp/package.dsv'
[2.347s] INFO:colcon.colcon_core.shell:Creating package script '/home/rudra/custom_flightmode/install/px4_ros2_cpp/share/px4_ros2_cpp/package.sh'
[2.348s] INFO:colcon.colcon_core.shell:Creating package script '/home/rudra/custom_flightmode/install/px4_ros2_cpp/share/px4_ros2_cpp/package.bash'
[2.348s] INFO:colcon.colcon_core.shell:Creating package script '/home/rudra/custom_flightmode/install/px4_ros2_cpp/share/px4_ros2_cpp/package.zsh'
[2.348s] Level 1:colcon.colcon_core.environment:create_file_with_runtime_dependencies(/home/rudra/custom_flightmode/install/px4_ros2_cpp/share/colcon-core/packages/px4_ros2_cpp)
[2.349s] INFO:colcon.colcon_ros.task.ament_cmake.build:Building ROS package in '/home/rudra/custom_flightmode/src/px4-ros2-interface-lib/px4_ros2_py' with build type 'ament_cmake'
[2.349s] INFO:colcon.colcon_cmake.task.cmake.build:Building CMake package in '/home/rudra/custom_flightmode/src/px4-ros2-interface-lib/px4_ros2_py'
[2.349s] INFO:colcon.colcon_core.shell:Skip shell extension 'powershell' for command environment: Not usable outside of PowerShell
[2.349s] DEBUG:colcon.colcon_core.shell:Skip shell extension 'dsv' for command environment
[2.352s] INFO:colcon.colcon_ros.task.ament_cmake.build:Building ROS package in '/home/rudra/custom_flightmode/src/px4_ros2_custom_flight_mode-main' with build type 'ament_cmake'
[2.352s] INFO:colcon.colcon_cmake.task.cmake.build:Building CMake package in '/home/rudra/custom_flightmode/src/px4_ros2_custom_flight_mode-main'
[2.352s] INFO:colcon.colcon_core.shell:Skip shell extension 'powershell' for command environment: Not usable outside of PowerShell
[2.352s] DEBUG:colcon.colcon_core.shell:Skip shell extension 'dsv' for command environment
[2.355s] INFO:colcon.colcon_ros.task.ament_cmake.build:Building ROS package in '/home/rudra/custom_flightmode/src/px4-ros2-interface-lib/examples/cpp/modes/executor_with_multiple_modes' with build type 'ament_cmake'
[2.355s] INFO:colcon.colcon_cmake.task.cmake.build:Building CMake package in '/home/rudra/custom_flightmode/src/px4-ros2-interface-lib/examples/cpp/modes/executor_with_multiple_modes'
[2.355s] INFO:colcon.colcon_core.shell:Skip shell extension 'powershell' for command environment: Not usable outside of PowerShell
[2.355s] DEBUG:colcon.colcon_core.shell:Skip shell extension 'dsv' for command environment
[2.359s] INFO:colcon.colcon_ros.task.ament_cmake.build:Building ROS package in '/home/rudra/custom_flightmode/src/px4-ros2-interface-lib/examples/cpp/navigation/global_navigation' with build type 'ament_cmake'
[2.359s] INFO:colcon.colcon_cmake.task.cmake.build:Building CMake package in '/home/rudra/custom_flightmode/src/px4-ros2-interface-lib/examples/cpp/navigation/global_navigation'
[2.359s] INFO:colcon.colcon_core.shell:Skip shell extension 'powershell' for command environment: Not usable outside of PowerShell
[2.359s] DEBUG:colcon.colcon_core.shell:Skip shell extension 'dsv' for command environment
[2.362s] INFO:colcon.colcon_ros.task.ament_cmake.build:Building ROS package in '/home/rudra/custom_flightmode/src/px4-ros2-interface-lib/examples/cpp/navigation/local_navigation' with build type 'ament_cmake'
[2.362s] INFO:colcon.colcon_cmake.task.cmake.build:Building CMake package in '/home/rudra/custom_flightmode/src/px4-ros2-interface-lib/examples/cpp/navigation/local_navigation'
[2.362s] INFO:colcon.colcon_core.shell:Skip shell extension 'powershell' for command environment: Not usable outside of PowerShell
[2.362s] DEBUG:colcon.colcon_core.shell:Skip shell extension 'dsv' for command environment
[2.365s] INFO:colcon.colcon_ros.task.ament_cmake.build:Building ROS package in '/home/rudra/custom_flightmode/src/px4-ros2-interface-lib/examples/cpp/modes/fw_attitude' with build type 'ament_cmake'
[2.366s] INFO:colcon.colcon_cmake.task.cmake.build:Building CMake package in '/home/rudra/custom_flightmode/src/px4-ros2-interface-lib/examples/cpp/modes/fw_attitude'
[2.366s] INFO:colcon.colcon_core.shell:Skip shell extension 'powershell' for command environment: Not usable outside of PowerShell
[2.366s] DEBUG:colcon.colcon_core.shell:Skip shell extension 'dsv' for command environment
[2.369s] INFO:colcon.colcon_ros.task.ament_cmake.build:Building ROS package in '/home/rudra/custom_flightmode/src/px4-ros2-interface-lib/examples/cpp/modes/goto' with build type 'ament_cmake'
[2.369s] INFO:colcon.colcon_cmake.task.cmake.build:Building CMake package in '/home/rudra/custom_flightmode/src/px4-ros2-interface-lib/examples/cpp/modes/goto'
[2.369s] INFO:colcon.colcon_core.shell:Skip shell extension 'powershell' for command environment: Not usable outside of PowerShell
[2.369s] DEBUG:colcon.colcon_core.shell:Skip shell extension 'dsv' for command environment
[2.372s] INFO:colcon.colcon_ros.task.ament_cmake.build:Building ROS package in '/home/rudra/custom_flightmode/src/px4-ros2-interface-lib/examples/cpp/modes/goto_global' with build type 'ament_cmake'
[2.372s] INFO:colcon.colcon_cmake.task.cmake.build:Building CMake package in '/home/rudra/custom_flightmode/src/px4-ros2-interface-lib/examples/cpp/modes/goto_global'
[2.372s] INFO:colcon.colcon_core.shell:Skip shell extension 'powershell' for command environment: Not usable outside of PowerShell
[2.373s] DEBUG:colcon.colcon_core.shell:Skip shell extension 'dsv' for command environment
[2.375s] INFO:colcon.colcon_ros.task.ament_cmake.build:Building ROS package in '/home/rudra/custom_flightmode/src/px4-ros2-interface-lib/examples/cpp/modes/manual' with build type 'ament_cmake'
[2.375s] INFO:colcon.colcon_cmake.task.cmake.build:Building CMake package in '/home/rudra/custom_flightmode/src/px4-ros2-interface-lib/examples/cpp/modes/manual'
[2.375s] INFO:colcon.colcon_core.shell:Skip shell extension 'powershell' for command environment: Not usable outside of PowerShell
[2.375s] DEBUG:colcon.colcon_core.shell:Skip shell extension 'dsv' for command environment
[2.378s] INFO:colcon.colcon_ros.task.ament_cmake.build:Building ROS package in '/home/rudra/custom_flightmode/src/px4-ros2-interface-lib/examples/cpp/modes/mission' with build type 'ament_cmake'
[2.378s] INFO:colcon.colcon_cmake.task.cmake.build:Building CMake package in '/home/rudra/custom_flightmode/src/px4-ros2-interface-lib/examples/cpp/modes/mission'
[2.379s] INFO:colcon.colcon_core.shell:Skip shell extension 'powershell' for command environment: Not usable outside of PowerShell
[2.379s] DEBUG:colcon.colcon_core.shell:Skip shell extension 'dsv' for command environment
[2.382s] INFO:colcon.colcon_ros.task.ament_cmake.build:Building ROS package in '/home/rudra/custom_flightmode/src/px4-ros2-interface-lib/examples/cpp/modes/rtl_replacement' with build type 'ament_cmake'
[2.382s] INFO:colcon.colcon_cmake.task.cmake.build:Building CMake package in '/home/rudra/custom_flightmode/src/px4-ros2-interface-lib/examples/cpp/modes/rtl_replacement'
[2.382s] INFO:colcon.colcon_core.shell:Skip shell extension 'powershell' for command environment: Not usable outside of PowerShell
[2.382s] DEBUG:colcon.colcon_core.shell:Skip shell extension 'dsv' for command environment
[2.385s] INFO:colcon.colcon_ros.task.ament_cmake.build:Building ROS package in '/home/rudra/custom_flightmode/src/px4-ros2-interface-lib/examples/cpp/modes/vtol' with build type 'ament_cmake'
[2.385s] INFO:colcon.colcon_cmake.task.cmake.build:Building CMake package in '/home/rudra/custom_flightmode/src/px4-ros2-interface-lib/examples/cpp/modes/vtol'
[2.385s] INFO:colcon.colcon_core.shell:Skip shell extension 'powershell' for command environment: Not usable outside of PowerShell
[2.385s] DEBUG:colcon.colcon_core.shell:Skip shell extension 'dsv' for command environment
[2.392s] DEBUG:colcon.colcon_core.event_handler.log_command:Invoking command in '/home/rudra/custom_flightmode/build/px4_ros2_py': AMENT_PREFIX_PATH=/home/rudra/custom_flightmode/install/px4_ros2_cpp:/home/rudra/custom_flightmode/install/px4_msgs:${AMENT_PREFIX_PATH} CMAKE_PREFIX_PATH=/home/rudra/custom_flightmode/install/px4_ros2_cpp:/home/rudra/custom_flightmode/install/px4_msgs:/home/rudra/ros2_ws/install/talker_listener:/home/rudra/ros2_ws/install/first_pkg:/opt/ros/humble LD_LIBRARY_PATH=/home/rudra/custom_flightmode/install/px4_ros2_cpp/lib:/home/rudra/custom_flightmode/install/px4_msgs/lib:${LD_LIBRARY_PATH} PYTHONPATH=/home/rudra/custom_flightmode/install/px4_msgs/local/lib/python3.10/dist-packages:${PYTHONPATH} /usr/bin/cmake --build /home/rudra/custom_flightmode/build/px4_ros2_py -- -j12 -l12
[2.394s] DEBUG:colcon.colcon_core.event_handler.log_command:Invoking command in '/home/rudra/custom_flightmode/build/draw_flight_mode': AMENT_PREFIX_PATH=/home/rudra/custom_flightmode/install/px4_ros2_cpp:/home/rudra/custom_flightmode/install/px4_msgs:${AMENT_PREFIX_PATH} CMAKE_PREFIX_PATH=/home/rudra/custom_flightmode/install/px4_ros2_cpp:/home/rudra/custom_flightmode/install/px4_msgs:/home/rudra/ros2_ws/install/talker_listener:/home/rudra/ros2_ws/install/first_pkg:/opt/ros/humble LD_LIBRARY_PATH=/home/rudra/custom_flightmode/install/px4_ros2_cpp/lib:/home/rudra/custom_flightmode/install/px4_msgs/lib:${LD_LIBRARY_PATH} PYTHONPATH=/home/rudra/custom_flightmode/install/px4_msgs/local/lib/python3.10/dist-packages:${PYTHONPATH} /usr/bin/cmake --build /home/rudra/custom_flightmode/build/draw_flight_mode -- -j12 -l12
[2.396s] DEBUG:colcon.colcon_core.event_handler.log_command:Invoking command in '/home/rudra/custom_flightmode/build/example_executor_with_multiple_modes_cpp': AMENT_PREFIX_PATH=/home/rudra/custom_flightmode/install/px4_ros2_cpp:/home/rudra/custom_flightmode/install/px4_msgs:${AMENT_PREFIX_PATH} CMAKE_PREFIX_PATH=/home/rudra/custom_flightmode/install/px4_ros2_cpp:/home/rudra/custom_flightmode/install/px4_msgs:/home/rudra/ros2_ws/install/talker_listener:/home/rudra/ros2_ws/install/first_pkg:/opt/ros/humble LD_LIBRARY_PATH=/home/rudra/custom_flightmode/install/px4_ros2_cpp/lib:/home/rudra/custom_flightmode/install/px4_msgs/lib:${LD_LIBRARY_PATH} PYTHONPATH=/home/rudra/custom_flightmode/install/px4_msgs/local/lib/python3.10/dist-packages:${PYTHONPATH} /usr/bin/cmake --build /home/rudra/custom_flightmode/build/example_executor_with_multiple_modes_cpp -- -j12 -l12
[2.398s] DEBUG:colcon.colcon_core.event_handler.log_command:Invoking command in '/home/rudra/custom_flightmode/build/example_global_navigation_cpp': AMENT_PREFIX_PATH=/home/rudra/custom_flightmode/install/px4_ros2_cpp:/home/rudra/custom_flightmode/install/px4_msgs:${AMENT_PREFIX_PATH} CMAKE_PREFIX_PATH=/home/rudra/custom_flightmode/install/px4_ros2_cpp:/home/rudra/custom_flightmode/install/px4_msgs:/home/rudra/ros2_ws/install/talker_listener:/home/rudra/ros2_ws/install/first_pkg:/opt/ros/humble LD_LIBRARY_PATH=/home/rudra/custom_flightmode/install/px4_ros2_cpp/lib:/home/rudra/custom_flightmode/install/px4_msgs/lib:${LD_LIBRARY_PATH} PYTHONPATH=/home/rudra/custom_flightmode/install/px4_msgs/local/lib/python3.10/dist-packages:${PYTHONPATH} /usr/bin/cmake --build /home/rudra/custom_flightmode/build/example_global_navigation_cpp -- -j12 -l12
[2.400s] DEBUG:colcon.colcon_core.event_handler.log_command:Invoking command in '/home/rudra/custom_flightmode/build/example_local_navigation_cpp': AMENT_PREFIX_PATH=/home/rudra/custom_flightmode/install/px4_ros2_cpp:/home/rudra/custom_flightmode/install/px4_msgs:${AMENT_PREFIX_PATH} CMAKE_PREFIX_PATH=/home/rudra/custom_flightmode/install/px4_ros2_cpp:/home/rudra/custom_flightmode/install/px4_msgs:/home/rudra/ros2_ws/install/talker_listener:/home/rudra/ros2_ws/install/first_pkg:/opt/ros/humble LD_LIBRARY_PATH=/home/rudra/custom_flightmode/install/px4_ros2_cpp/lib:/home/rudra/custom_flightmode/install/px4_msgs/lib:${LD_LIBRARY_PATH} PYTHONPATH=/home/rudra/custom_flightmode/install/px4_msgs/local/lib/python3.10/dist-packages:${PYTHONPATH} /usr/bin/cmake --build /home/rudra/custom_flightmode/build/example_local_navigation_cpp -- -j12 -l12
[2.403s] DEBUG:colcon.colcon_core.event_handler.log_command:Invoking command in '/home/rudra/custom_flightmode/build/example_mode_fw_attitude_cpp': AMENT_PREFIX_PATH=/home/rudra/custom_flightmode/install/px4_ros2_cpp:/home/rudra/custom_flightmode/install/px4_msgs:${AMENT_PREFIX_PATH} CMAKE_PREFIX_PATH=/home/rudra/custom_flightmode/install/px4_ros2_cpp:/home/rudra/custom_flightmode/install/px4_msgs:/home/rudra/ros2_ws/install/talker_listener:/home/rudra/ros2_ws/install/first_pkg:/opt/ros/humble LD_LIBRARY_PATH=/home/rudra/custom_flightmode/install/px4_ros2_cpp/lib:/home/rudra/custom_flightmode/install/px4_msgs/lib:${LD_LIBRARY_PATH} PYTHONPATH=/home/rudra/custom_flightmode/install/px4_msgs/local/lib/python3.10/dist-packages:${PYTHONPATH} /usr/bin/cmake --build /home/rudra/custom_flightmode/build/example_mode_fw_attitude_cpp -- -j12 -l12
[2.406s] DEBUG:colcon.colcon_core.event_handler.log_command:Invoking command in '/home/rudra/custom_flightmode/build/example_mode_goto_cpp': AMENT_PREFIX_PATH=/home/rudra/custom_flightmode/install/px4_ros2_cpp:/home/rudra/custom_flightmode/install/px4_msgs:${AMENT_PREFIX_PATH} CMAKE_PREFIX_PATH=/home/rudra/custom_flightmode/install/px4_ros2_cpp:/home/rudra/custom_flightmode/install/px4_msgs:/home/rudra/ros2_ws/install/talker_listener:/home/rudra/ros2_ws/install/first_pkg:/opt/ros/humble LD_LIBRARY_PATH=/home/rudra/custom_flightmode/install/px4_ros2_cpp/lib:/home/rudra/custom_flightmode/install/px4_msgs/lib:${LD_LIBRARY_PATH} PYTHONPATH=/home/rudra/custom_flightmode/install/px4_msgs/local/lib/python3.10/dist-packages:${PYTHONPATH} /usr/bin/cmake --build /home/rudra/custom_flightmode/build/example_mode_goto_cpp -- -j12 -l12
[2.408s] DEBUG:colcon.colcon_core.event_handler.log_command:Invoking command in '/home/rudra/custom_flightmode/build/example_mode_goto_global_cpp': AMENT_PREFIX_PATH=/home/rudra/custom_flightmode/install/px4_ros2_cpp:/home/rudra/custom_flightmode/install/px4_msgs:${AMENT_PREFIX_PATH} CMAKE_PREFIX_PATH=/home/rudra/custom_flightmode/install/px4_ros2_cpp:/home/rudra/custom_flightmode/install/px4_msgs:/home/rudra/ros2_ws/install/talker_listener:/home/rudra/ros2_ws/install/first_pkg:/opt/ros/humble LD_LIBRARY_PATH=/home/rudra/custom_flightmode/install/px4_ros2_cpp/lib:/home/rudra/custom_flightmode/install/px4_msgs/lib:${LD_LIBRARY_PATH} PYTHONPATH=/home/rudra/custom_flightmode/install/px4_msgs/local/lib/python3.10/dist-packages:${PYTHONPATH} /usr/bin/cmake --build /home/rudra/custom_flightmode/build/example_mode_goto_global_cpp -- -j12 -l12
[2.411s] DEBUG:colcon.colcon_core.event_handler.log_command:Invoking command in '/home/rudra/custom_flightmode/build/example_mode_manual_cpp': AMENT_PREFIX_PATH=/home/rudra/custom_flightmode/install/px4_ros2_cpp:/home/rudra/custom_flightmode/install/px4_msgs:${AMENT_PREFIX_PATH} CMAKE_PREFIX_PATH=/home/rudra/custom_flightmode/install/px4_ros2_cpp:/home/rudra/custom_flightmode/install/px4_msgs:/home/rudra/ros2_ws/install/talker_listener:/home/rudra/ros2_ws/install/first_pkg:/opt/ros/humble LD_LIBRARY_PATH=/home/rudra/custom_flightmode/install/px4_ros2_cpp/lib:/home/rudra/custom_flightmode/install/px4_msgs/lib:${LD_LIBRARY_PATH} PYTHONPATH=/home/rudra/custom_flightmode/install/px4_msgs/local/lib/python3.10/dist-packages:${PYTHONPATH} /usr/bin/cmake --build /home/rudra/custom_flightmode/build/example_mode_manual_cpp -- -j12 -l12
[2.419s] DEBUG:colcon.colcon_core.event_handler.log_command:Invoking command in '/home/rudra/custom_flightmode/build/example_mode_mission_cpp': AMENT_PREFIX_PATH=/home/rudra/custom_flightmode/install/px4_ros2_cpp:/home/rudra/custom_flightmode/install/px4_msgs:${AMENT_PREFIX_PATH} CMAKE_PREFIX_PATH=/home/rudra/custom_flightmode/install/px4_ros2_cpp:/home/rudra/custom_flightmode/install/px4_msgs:/home/rudra/ros2_ws/install/talker_listener:/home/rudra/ros2_ws/install/first_pkg:/opt/ros/humble LD_LIBRARY_PATH=/home/rudra/custom_flightmode/install/px4_ros2_cpp/lib:/home/rudra/custom_flightmode/install/px4_msgs/lib:${LD_LIBRARY_PATH} PYTHONPATH=/home/rudra/custom_flightmode/install/px4_msgs/local/lib/python3.10/dist-packages:${PYTHONPATH} /usr/bin/cmake --build /home/rudra/custom_flightmode/build/example_mode_mission_cpp -- -j12 -l12
[2.437s] DEBUG:colcon.colcon_core.event_handler.log_command:Invoking command in '/home/rudra/custom_flightmode/build/example_mode_rtl_replacement_cpp': AMENT_PREFIX_PATH=/home/rudra/custom_flightmode/install/px4_ros2_cpp:/home/rudra/custom_flightmode/install/px4_msgs:${AMENT_PREFIX_PATH} CMAKE_PREFIX_PATH=/home/rudra/custom_flightmode/install/px4_ros2_cpp:/home/rudra/custom_flightmode/install/px4_msgs:/home/rudra/ros2_ws/install/talker_listener:/home/rudra/ros2_ws/install/first_pkg:/opt/ros/humble LD_LIBRARY_PATH=/home/rudra/custom_flightmode/install/px4_ros2_cpp/lib:/home/rudra/custom_flightmode/install/px4_msgs/lib:${LD_LIBRARY_PATH} PYTHONPATH=/home/rudra/custom_flightmode/install/px4_msgs/local/lib/python3.10/dist-packages:${PYTHONPATH} /usr/bin/cmake --build /home/rudra/custom_flightmode/build/example_mode_rtl_replacement_cpp -- -j12 -l12
[2.447s] DEBUG:colcon.colcon_core.event_handler.log_command:Invoking command in '/home/rudra/custom_flightmode/build/example_mode_vtol_cpp': AMENT_PREFIX_PATH=/home/rudra/custom_flightmode/install/px4_ros2_cpp:/home/rudra/custom_flightmode/install/px4_msgs:${AMENT_PREFIX_PATH} CMAKE_PREFIX_PATH=/home/rudra/custom_flightmode/install/px4_ros2_cpp:/home/rudra/custom_flightmode/install/px4_msgs:/home/rudra/ros2_ws/install/talker_listener:/home/rudra/ros2_ws/install/first_pkg:/opt/ros/humble LD_LIBRARY_PATH=/home/rudra/custom_flightmode/install/px4_ros2_cpp/lib:/home/rudra/custom_flightmode/install/px4_msgs/lib:${LD_LIBRARY_PATH} PYTHONPATH=/home/rudra/custom_flightmode/install/px4_msgs/local/lib/python3.10/dist-packages:${PYTHONPATH} /usr/bin/cmake --build /home/rudra/custom_flightmode/build/example_mode_vtol_cpp -- -j12 -l12
[2.491s] DEBUG:colcon.colcon_core.event_handler.log_command:Invoked command in '/home/rudra/custom_flightmode/build/example_executor_with_multiple_modes_cpp' returned '0': AMENT_PREFIX_PATH=/home/rudra/custom_flightmode/install/px4_ros2_cpp:/home/rudra/custom_flightmode/install/px4_msgs:${AMENT_PREFIX_PATH} CMAKE_PREFIX_PATH=/home/rudra/custom_flightmode/install/px4_ros2_cpp:/home/rudra/custom_flightmode/install/px4_msgs:/home/rudra/ros2_ws/install/talker_listener:/home/rudra/ros2_ws/install/first_pkg:/opt/ros/humble LD_LIBRARY_PATH=/home/rudra/custom_flightmode/install/px4_ros2_cpp/lib:/home/rudra/custom_flightmode/install/px4_msgs/lib:${LD_LIBRARY_PATH} PYTHONPATH=/home/rudra/custom_flightmode/install/px4_msgs/local/lib/python3.10/dist-packages:${PYTHONPATH} /usr/bin/cmake --build /home/rudra/custom_flightmode/build/example_executor_with_multiple_modes_cpp -- -j12 -l12
[2.493s] DEBUG:colcon.colcon_core.event_handler.log_command:Invoking command in '/home/rudra/custom_flightmode/build/example_executor_with_multiple_modes_cpp': AMENT_PREFIX_PATH=/home/rudra/custom_flightmode/install/px4_ros2_cpp:/home/rudra/custom_flightmode/install/px4_msgs:${AMENT_PREFIX_PATH} CMAKE_PREFIX_PATH=/home/rudra/custom_flightmode/install/px4_ros2_cpp:/home/rudra/custom_flightmode/install/px4_msgs:/home/rudra/ros2_ws/install/talker_listener:/home/rudra/ros2_ws/install/first_pkg:/opt/ros/humble LD_LIBRARY_PATH=/home/rudra/custom_flightmode/install/px4_ros2_cpp/lib:/home/rudra/custom_flightmode/install/px4_msgs/lib:${LD_LIBRARY_PATH} PYTHONPATH=/home/rudra/custom_flightmode/install/px4_msgs/local/lib/python3.10/dist-packages:${PYTHONPATH} /usr/bin/cmake --install /home/rudra/custom_flightmode/build/example_executor_with_multiple_modes_cpp
[2.499s] DEBUG:colcon.colcon_core.event_handler.log_command:Invoked command in '/home/rudra/custom_flightmode/build/example_global_navigation_cpp' returned '0': AMENT_PREFIX_PATH=/home/rudra/custom_flightmode/install/px4_ros2_cpp:/home/rudra/custom_flightmode/install/px4_msgs:${AMENT_PREFIX_PATH} CMAKE_PREFIX_PATH=/home/rudra/custom_flightmode/install/px4_ros2_cpp:/home/rudra/custom_flightmode/install/px4_msgs:/home/rudra/ros2_ws/install/talker_listener:/home/rudra/ros2_ws/install/first_pkg:/opt/ros/humble LD_LIBRARY_PATH=/home/rudra/custom_flightmode/install/px4_ros2_cpp/lib:/home/rudra/custom_flightmode/install/px4_msgs/lib:${LD_LIBRARY_PATH} PYTHONPATH=/home/rudra/custom_flightmode/install/px4_msgs/local/lib/python3.10/dist-packages:${PYTHONPATH} /usr/bin/cmake --build /home/rudra/custom_flightmode/build/example_global_navigation_cpp -- -j12 -l12
[2.502s] DEBUG:colcon.colcon_core.event_handler.log_command:Invoking command in '/home/rudra/custom_flightmode/build/example_global_navigation_cpp': AMENT_PREFIX_PATH=/home/rudra/custom_flightmode/install/px4_ros2_cpp:/home/rudra/custom_flightmode/install/px4_msgs:${AMENT_PREFIX_PATH} CMAKE_PREFIX_PATH=/home/rudra/custom_flightmode/install/px4_ros2_cpp:/home/rudra/custom_flightmode/install/px4_msgs:/home/rudra/ros2_ws/install/talker_listener:/home/rudra/ros2_ws/install/first_pkg:/opt/ros/humble LD_LIBRARY_PATH=/home/rudra/custom_flightmode/install/px4_ros2_cpp/lib:/home/rudra/custom_flightmode/install/px4_msgs/lib:${LD_LIBRARY_PATH} PYTHONPATH=/home/rudra/custom_flightmode/install/px4_msgs/local/lib/python3.10/dist-packages:${PYTHONPATH} /usr/bin/cmake --install /home/rudra/custom_flightmode/build/example_global_navigation_cpp
[2.502s] DEBUG:colcon.colcon_core.event_handler.log_command:Invoked command in '/home/rudra/custom_flightmode/build/example_mode_goto_cpp' returned '0': AMENT_PREFIX_PATH=/home/rudra/custom_flightmode/install/px4_ros2_cpp:/home/rudra/custom_flightmode/install/px4_msgs:${AMENT_PREFIX_PATH} CMAKE_PREFIX_PATH=/home/rudra/custom_flightmode/install/px4_ros2_cpp:/home/rudra/custom_flightmode/install/px4_msgs:/home/rudra/ros2_ws/install/talker_listener:/home/rudra/ros2_ws/install/first_pkg:/opt/ros/humble LD_LIBRARY_PATH=/home/rudra/custom_flightmode/install/px4_ros2_cpp/lib:/home/rudra/custom_flightmode/install/px4_msgs/lib:${LD_LIBRARY_PATH} PYTHONPATH=/home/rudra/custom_flightmode/install/px4_msgs/local/lib/python3.10/dist-packages:${PYTHONPATH} /usr/bin/cmake --build /home/rudra/custom_flightmode/build/example_mode_goto_cpp -- -j12 -l12
[2.504s] DEBUG:colcon.colcon_core.event_handler.log_command:Invoking command in '/home/rudra/custom_flightmode/build/example_mode_goto_cpp': AMENT_PREFIX_PATH=/home/rudra/custom_flightmode/install/px4_ros2_cpp:/home/rudra/custom_flightmode/install/px4_msgs:${AMENT_PREFIX_PATH} CMAKE_PREFIX_PATH=/home/rudra/custom_flightmode/install/px4_ros2_cpp:/home/rudra/custom_flightmode/install/px4_msgs:/home/rudra/ros2_ws/install/talker_listener:/home/rudra/ros2_ws/install/first_pkg:/opt/ros/humble LD_LIBRARY_PATH=/home/rudra/custom_flightmode/install/px4_ros2_cpp/lib:/home/rudra/custom_flightmode/install/px4_msgs/lib:${LD_LIBRARY_PATH} PYTHONPATH=/home/rudra/custom_flightmode/install/px4_msgs/local/lib/python3.10/dist-packages:${PYTHONPATH} /usr/bin/cmake --install /home/rudra/custom_flightmode/build/example_mode_goto_cpp
[2.509s] DEBUG:colcon.colcon_core.event_handler.log_command:Invoked command in '/home/rudra/custom_flightmode/build/example_mode_fw_attitude_cpp' returned '0': AMENT_PREFIX_PATH=/home/rudra/custom_flightmode/install/px4_ros2_cpp:/home/rudra/custom_flightmode/install/px4_msgs:${AMENT_PREFIX_PATH} CMAKE_PREFIX_PATH=/home/rudra/custom_flightmode/install/px4_ros2_cpp:/home/rudra/custom_flightmode/install/px4_msgs:/home/rudra/ros2_ws/install/talker_listener:/home/rudra/ros2_ws/install/first_pkg:/opt/ros/humble LD_LIBRARY_PATH=/home/rudra/custom_flightmode/install/px4_ros2_cpp/lib:/home/rudra/custom_flightmode/install/px4_msgs/lib:${LD_LIBRARY_PATH} PYTHONPATH=/home/rudra/custom_flightmode/install/px4_msgs/local/lib/python3.10/dist-packages:${PYTHONPATH} /usr/bin/cmake --build /home/rudra/custom_flightmode/build/example_mode_fw_attitude_cpp -- -j12 -l12
[2.513s] DEBUG:colcon.colcon_core.event_handler.log_command:Invoking command in '/home/rudra/custom_flightmode/build/example_mode_fw_attitude_cpp': AMENT_PREFIX_PATH=/home/rudra/custom_flightmode/install/px4_ros2_cpp:/home/rudra/custom_flightmode/install/px4_msgs:${AMENT_PREFIX_PATH} CMAKE_PREFIX_PATH=/home/rudra/custom_flightmode/install/px4_ros2_cpp:/home/rudra/custom_flightmode/install/px4_msgs:/home/rudra/ros2_ws/install/talker_listener:/home/rudra/ros2_ws/install/first_pkg:/opt/ros/humble LD_LIBRARY_PATH=/home/rudra/custom_flightmode/install/px4_ros2_cpp/lib:/home/rudra/custom_flightmode/install/px4_msgs/lib:${LD_LIBRARY_PATH} PYTHONPATH=/home/rudra/custom_flightmode/install/px4_msgs/local/lib/python3.10/dist-packages:${PYTHONPATH} /usr/bin/cmake --install /home/rudra/custom_flightmode/build/example_mode_fw_attitude_cpp
[2.515s] DEBUG:colcon.colcon_core.event_handler.log_command:Invoked command in '/home/rudra/custom_flightmode/build/draw_flight_mode' returned '0': AMENT_PREFIX_PATH=/home/rudra/custom_flightmode/install/px4_ros2_cpp:/home/rudra/custom_flightmode/install/px4_msgs:${AMENT_PREFIX_PATH} CMAKE_PREFIX_PATH=/home/rudra/custom_flightmode/install/px4_ros2_cpp:/home/rudra/custom_flightmode/install/px4_msgs:/home/rudra/ros2_ws/install/talker_listener:/home/rudra/ros2_ws/install/first_pkg:/opt/ros/humble LD_LIBRARY_PATH=/home/rudra/custom_flightmode/install/px4_ros2_cpp/lib:/home/rudra/custom_flightmode/install/px4_msgs/lib:${LD_LIBRARY_PATH} PYTHONPATH=/home/rudra/custom_flightmode/install/px4_msgs/local/lib/python3.10/dist-packages:${PYTHONPATH} /usr/bin/cmake --build /home/rudra/custom_flightmode/build/draw_flight_mode -- -j12 -l12
[2.518s] DEBUG:colcon.colcon_core.event_handler.log_command:Invoking command in '/home/rudra/custom_flightmode/build/draw_flight_mode': AMENT_PREFIX_PATH=/home/rudra/custom_flightmode/install/px4_ros2_cpp:/home/rudra/custom_flightmode/install/px4_msgs:${AMENT_PREFIX_PATH} CMAKE_PREFIX_PATH=/home/rudra/custom_flightmode/install/px4_ros2_cpp:/home/rudra/custom_flightmode/install/px4_msgs:/home/rudra/ros2_ws/install/talker_listener:/home/rudra/ros2_ws/install/first_pkg:/opt/ros/humble LD_LIBRARY_PATH=/home/rudra/custom_flightmode/install/px4_ros2_cpp/lib:/home/rudra/custom_flightmode/install/px4_msgs/lib:${LD_LIBRARY_PATH} PYTHONPATH=/home/rudra/custom_flightmode/install/px4_msgs/local/lib/python3.10/dist-packages:${PYTHONPATH} /usr/bin/cmake --install /home/rudra/custom_flightmode/build/draw_flight_mode
[2.519s] DEBUG:colcon.colcon_core.event_handler.log_command:Invoked command in '/home/rudra/custom_flightmode/build/example_mode_goto_global_cpp' returned '0': AMENT_PREFIX_PATH=/home/rudra/custom_flightmode/install/px4_ros2_cpp:/home/rudra/custom_flightmode/install/px4_msgs:${AMENT_PREFIX_PATH} CMAKE_PREFIX_PATH=/home/rudra/custom_flightmode/install/px4_ros2_cpp:/home/rudra/custom_flightmode/install/px4_msgs:/home/rudra/ros2_ws/install/talker_listener:/home/rudra/ros2_ws/install/first_pkg:/opt/ros/humble LD_LIBRARY_PATH=/home/rudra/custom_flightmode/install/px4_ros2_cpp/lib:/home/rudra/custom_flightmode/install/px4_msgs/lib:${LD_LIBRARY_PATH} PYTHONPATH=/home/rudra/custom_flightmode/install/px4_msgs/local/lib/python3.10/dist-packages:${PYTHONPATH} /usr/bin/cmake --build /home/rudra/custom_flightmode/build/example_mode_goto_global_cpp -- -j12 -l12
[2.520s] DEBUG:colcon.colcon_core.event_handler.log_command:Invoking command in '/home/rudra/custom_flightmode/build/example_mode_goto_global_cpp': AMENT_PREFIX_PATH=/home/rudra/custom_flightmode/install/px4_ros2_cpp:/home/rudra/custom_flightmode/install/px4_msgs:${AMENT_PREFIX_PATH} CMAKE_PREFIX_PATH=/home/rudra/custom_flightmode/install/px4_ros2_cpp:/home/rudra/custom_flightmode/install/px4_msgs:/home/rudra/ros2_ws/install/talker_listener:/home/rudra/ros2_ws/install/first_pkg:/opt/ros/humble LD_LIBRARY_PATH=/home/rudra/custom_flightmode/install/px4_ros2_cpp/lib:/home/rudra/custom_flightmode/install/px4_msgs/lib:${LD_LIBRARY_PATH} PYTHONPATH=/home/rudra/custom_flightmode/install/px4_msgs/local/lib/python3.10/dist-packages:${PYTHONPATH} /usr/bin/cmake --install /home/rudra/custom_flightmode/build/example_mode_goto_global_cpp
[2.521s] DEBUG:colcon.colcon_core.event_handler.log_command:Invoked command in '/home/rudra/custom_flightmode/build/example_local_navigation_cpp' returned '0': AMENT_PREFIX_PATH=/home/rudra/custom_flightmode/install/px4_ros2_cpp:/home/rudra/custom_flightmode/install/px4_msgs:${AMENT_PREFIX_PATH} CMAKE_PREFIX_PATH=/home/rudra/custom_flightmode/install/px4_ros2_cpp:/home/rudra/custom_flightmode/install/px4_msgs:/home/rudra/ros2_ws/install/talker_listener:/home/rudra/ros2_ws/install/first_pkg:/opt/ros/humble LD_LIBRARY_PATH=/home/rudra/custom_flightmode/install/px4_ros2_cpp/lib:/home/rudra/custom_flightmode/install/px4_msgs/lib:${LD_LIBRARY_PATH} PYTHONPATH=/home/rudra/custom_flightmode/install/px4_msgs/local/lib/python3.10/dist-packages:${PYTHONPATH} /usr/bin/cmake --build /home/rudra/custom_flightmode/build/example_local_navigation_cpp -- -j12 -l12
[2.523s] DEBUG:colcon.colcon_core.event_handler.log_command:Invoking command in '/home/rudra/custom_flightmode/build/example_local_navigation_cpp': AMENT_PREFIX_PATH=/home/rudra/custom_flightmode/install/px4_ros2_cpp:/home/rudra/custom_flightmode/install/px4_msgs:${AMENT_PREFIX_PATH} CMAKE_PREFIX_PATH=/home/rudra/custom_flightmode/install/px4_ros2_cpp:/home/rudra/custom_flightmode/install/px4_msgs:/home/rudra/ros2_ws/install/talker_listener:/home/rudra/ros2_ws/install/first_pkg:/opt/ros/humble LD_LIBRARY_PATH=/home/rudra/custom_flightmode/install/px4_ros2_cpp/lib:/home/rudra/custom_flightmode/install/px4_msgs/lib:${LD_LIBRARY_PATH} PYTHONPATH=/home/rudra/custom_flightmode/install/px4_msgs/local/lib/python3.10/dist-packages:${PYTHONPATH} /usr/bin/cmake --install /home/rudra/custom_flightmode/build/example_local_navigation_cpp
[2.524s] DEBUG:colcon.colcon_core.event_handler.log_command:Invoked command in '/home/rudra/custom_flightmode/build/example_mode_manual_cpp' returned '0': AMENT_PREFIX_PATH=/home/rudra/custom_flightmode/install/px4_ros2_cpp:/home/rudra/custom_flightmode/install/px4_msgs:${AMENT_PREFIX_PATH} CMAKE_PREFIX_PATH=/home/rudra/custom_flightmode/install/px4_ros2_cpp:/home/rudra/custom_flightmode/install/px4_msgs:/home/rudra/ros2_ws/install/talker_listener:/home/rudra/ros2_ws/install/first_pkg:/opt/ros/humble LD_LIBRARY_PATH=/home/rudra/custom_flightmode/install/px4_ros2_cpp/lib:/home/rudra/custom_flightmode/install/px4_msgs/lib:${LD_LIBRARY_PATH} PYTHONPATH=/home/rudra/custom_flightmode/install/px4_msgs/local/lib/python3.10/dist-packages:${PYTHONPATH} /usr/bin/cmake --build /home/rudra/custom_flightmode/build/example_mode_manual_cpp -- -j12 -l12
[2.525s] DEBUG:colcon.colcon_core.event_handler.log_command:Invoking command in '/home/rudra/custom_flightmode/build/example_mode_manual_cpp': AMENT_PREFIX_PATH=/home/rudra/custom_flightmode/install/px4_ros2_cpp:/home/rudra/custom_flightmode/install/px4_msgs:${AMENT_PREFIX_PATH} CMAKE_PREFIX_PATH=/home/rudra/custom_flightmode/install/px4_ros2_cpp:/home/rudra/custom_flightmode/install/px4_msgs:/home/rudra/ros2_ws/install/talker_listener:/home/rudra/ros2_ws/install/first_pkg:/opt/ros/humble LD_LIBRARY_PATH=/home/rudra/custom_flightmode/install/px4_ros2_cpp/lib:/home/rudra/custom_flightmode/install/px4_msgs/lib:${LD_LIBRARY_PATH} PYTHONPATH=/home/rudra/custom_flightmode/install/px4_msgs/local/lib/python3.10/dist-packages:${PYTHONPATH} /usr/bin/cmake --install /home/rudra/custom_flightmode/build/example_mode_manual_cpp
[2.528s] Level 1:colcon.colcon_core.environment:create_environment_scripts_only(example_executor_with_multiple_modes_cpp)
[2.529s] Level 1:colcon.colcon_core.environment:checking '/home/rudra/custom_flightmode/install/example_executor_with_multiple_modes_cpp' for CMake module files
[2.531s] Level 1:colcon.colcon_core.environment:checking '/home/rudra/custom_flightmode/install/example_executor_with_multiple_modes_cpp' for CMake config files
[2.533s] DEBUG:colcon.colcon_core.event_handler.log_command:Invoked command in '/home/rudra/custom_flightmode/build/example_executor_with_multiple_modes_cpp' returned '0': AMENT_PREFIX_PATH=/home/rudra/custom_flightmode/install/px4_ros2_cpp:/home/rudra/custom_flightmode/install/px4_msgs:${AMENT_PREFIX_PATH} CMAKE_PREFIX_PATH=/home/rudra/custom_flightmode/install/px4_ros2_cpp:/home/rudra/custom_flightmode/install/px4_msgs:/home/rudra/ros2_ws/install/talker_listener:/home/rudra/ros2_ws/install/first_pkg:/opt/ros/humble LD_LIBRARY_PATH=/home/rudra/custom_flightmode/install/px4_ros2_cpp/lib:/home/rudra/custom_flightmode/install/px4_msgs/lib:${LD_LIBRARY_PATH} PYTHONPATH=/home/rudra/custom_flightmode/install/px4_msgs/local/lib/python3.10/dist-packages:${PYTHONPATH} /usr/bin/cmake --install /home/rudra/custom_flightmode/build/example_executor_with_multiple_modes_cpp
[2.534s] Level 1:colcon.colcon_core.shell:create_environment_hook('example_executor_with_multiple_modes_cpp', 'cmake_prefix_path')
[2.535s] INFO:colcon.colcon_core.shell:Creating environment hook '/home/rudra/custom_flightmode/install/example_executor_with_multiple_modes_cpp/share/example_executor_with_multiple_modes_cpp/hook/cmake_prefix_path.ps1'
[2.535s] INFO:colcon.colcon_core.shell:Creating environment descriptor '/home/rudra/custom_flightmode/install/example_executor_with_multiple_modes_cpp/share/example_executor_with_multiple_modes_cpp/hook/cmake_prefix_path.dsv'
[2.536s] INFO:colcon.colcon_core.shell:Creating environment hook '/home/rudra/custom_flightmode/install/example_executor_with_multiple_modes_cpp/share/example_executor_with_multiple_modes_cpp/hook/cmake_prefix_path.sh'
[2.538s] Level 1:colcon.colcon_core.environment:checking '/home/rudra/custom_flightmode/install/example_executor_with_multiple_modes_cpp/lib'
[2.538s] Level 1:colcon.colcon_core.environment:checking '/home/rudra/custom_flightmode/install/example_executor_with_multiple_modes_cpp/bin'
[2.538s] Level 1:colcon.colcon_core.environment:checking '/home/rudra/custom_flightmode/install/example_executor_with_multiple_modes_cpp/lib/pkgconfig/example_executor_with_multiple_modes_cpp.pc'
[2.539s] Level 1:colcon.colcon_core.environment:checking '/home/rudra/custom_flightmode/install/example_executor_with_multiple_modes_cpp/lib/python3.10/site-packages'
[2.539s] Level 1:colcon.colcon_core.environment:checking '/home/rudra/custom_flightmode/install/example_executor_with_multiple_modes_cpp/bin'
[2.539s] INFO:colcon.colcon_core.shell:Creating package script '/home/rudra/custom_flightmode/install/example_executor_with_multiple_modes_cpp/share/example_executor_with_multiple_modes_cpp/package.ps1'
[2.540s] INFO:colcon.colcon_core.shell:Creating package descriptor '/home/rudra/custom_flightmode/install/example_executor_with_multiple_modes_cpp/share/example_executor_with_multiple_modes_cpp/package.dsv'
[2.540s] INFO:colcon.colcon_core.shell:Creating package script '/home/rudra/custom_flightmode/install/example_executor_with_multiple_modes_cpp/share/example_executor_with_multiple_modes_cpp/package.sh'
[2.541s] INFO:colcon.colcon_core.shell:Creating package script '/home/rudra/custom_flightmode/install/example_executor_with_multiple_modes_cpp/share/example_executor_with_multiple_modes_cpp/package.bash'
[2.541s] INFO:colcon.colcon_core.shell:Creating package script '/home/rudra/custom_flightmode/install/example_executor_with_multiple_modes_cpp/share/example_executor_with_multiple_modes_cpp/package.zsh'
[2.541s] Level 1:colcon.colcon_core.environment:create_file_with_runtime_dependencies(/home/rudra/custom_flightmode/install/example_executor_with_multiple_modes_cpp/share/colcon-core/packages/example_executor_with_multiple_modes_cpp)
[2.542s] Level 1:colcon.colcon_core.environment:create_environment_scripts_only(example_executor_with_multiple_modes_cpp)
[2.542s] Level 1:colcon.colcon_core.environment:checking '/home/rudra/custom_flightmode/install/example_executor_with_multiple_modes_cpp' for CMake module files
[2.542s] Level 1:colcon.colcon_core.environment:checking '/home/rudra/custom_flightmode/install/example_executor_with_multiple_modes_cpp' for CMake config files
[2.542s] Level 1:colcon.colcon_core.shell:create_environment_hook('example_executor_with_multiple_modes_cpp', 'cmake_prefix_path')
[2.543s] INFO:colcon.colcon_core.shell:Creating environment hook '/home/rudra/custom_flightmode/install/example_executor_with_multiple_modes_cpp/share/example_executor_with_multiple_modes_cpp/hook/cmake_prefix_path.ps1'
[2.543s] INFO:colcon.colcon_core.shell:Creating environment descriptor '/home/rudra/custom_flightmode/install/example_executor_with_multiple_modes_cpp/share/example_executor_with_multiple_modes_cpp/hook/cmake_prefix_path.dsv'
[2.543s] INFO:colcon.colcon_core.shell:Creating environment hook '/home/rudra/custom_flightmode/install/example_executor_with_multiple_modes_cpp/share/example_executor_with_multiple_modes_cpp/hook/cmake_prefix_path.sh'
[2.544s] Level 1:colcon.colcon_core.environment:checking '/home/rudra/custom_flightmode/install/example_executor_with_multiple_modes_cpp/lib'
[2.544s] Level 1:colcon.colcon_core.environment:checking '/home/rudra/custom_flightmode/install/example_executor_with_multiple_modes_cpp/bin'
[2.544s] Level 1:colcon.colcon_core.environment:checking '/home/rudra/custom_flightmode/install/example_executor_with_multiple_modes_cpp/lib/pkgconfig/example_executor_with_multiple_modes_cpp.pc'
[2.544s] Level 1:colcon.colcon_core.environment:checking '/home/rudra/custom_flightmode/install/example_executor_with_multiple_modes_cpp/lib/python3.10/site-packages'
[2.544s] Level 1:colcon.colcon_core.environment:checking '/home/rudra/custom_flightmode/install/example_executor_with_multiple_modes_cpp/bin'
[2.544s] INFO:colcon.colcon_core.shell:Creating package script '/home/rudra/custom_flightmode/install/example_executor_with_multiple_modes_cpp/share/example_executor_with_multiple_modes_cpp/package.ps1'
[2.545s] INFO:colcon.colcon_core.shell:Creating package descriptor '/home/rudra/custom_flightmode/install/example_executor_with_multiple_modes_cpp/share/example_executor_with_multiple_modes_cpp/package.dsv'
[2.545s] INFO:colcon.colcon_core.shell:Creating package script '/home/rudra/custom_flightmode/install/example_executor_with_multiple_modes_cpp/share/example_executor_with_multiple_modes_cpp/package.sh'
[2.546s] INFO:colcon.colcon_core.shell:Creating package script '/home/rudra/custom_flightmode/install/example_executor_with_multiple_modes_cpp/share/example_executor_with_multiple_modes_cpp/package.bash'
[2.546s] INFO:colcon.colcon_core.shell:Creating package script '/home/rudra/custom_flightmode/install/example_executor_with_multiple_modes_cpp/share/example_executor_with_multiple_modes_cpp/package.zsh'
[2.546s] Level 1:colcon.colcon_core.environment:create_file_with_runtime_dependencies(/home/rudra/custom_flightmode/install/example_executor_with_multiple_modes_cpp/share/colcon-core/packages/example_executor_with_multiple_modes_cpp)
[2.548s] DEBUG:colcon.colcon_core.event_handler.log_command:Invoked command in '/home/rudra/custom_flightmode/build/example_mode_mission_cpp' returned '0': AMENT_PREFIX_PATH=/home/rudra/custom_flightmode/install/px4_ros2_cpp:/home/rudra/custom_flightmode/install/px4_msgs:${AMENT_PREFIX_PATH} CMAKE_PREFIX_PATH=/home/rudra/custom_flightmode/install/px4_ros2_cpp:/home/rudra/custom_flightmode/install/px4_msgs:/home/rudra/ros2_ws/install/talker_listener:/home/rudra/ros2_ws/install/first_pkg:/opt/ros/humble LD_LIBRARY_PATH=/home/rudra/custom_flightmode/install/px4_ros2_cpp/lib:/home/rudra/custom_flightmode/install/px4_msgs/lib:${LD_LIBRARY_PATH} PYTHONPATH=/home/rudra/custom_flightmode/install/px4_msgs/local/lib/python3.10/dist-packages:${PYTHONPATH} /usr/bin/cmake --build /home/rudra/custom_flightmode/build/example_mode_mission_cpp -- -j12 -l12
[2.549s] DEBUG:colcon.colcon_core.event_handler.log_command:Invoking command in '/home/rudra/custom_flightmode/build/example_mode_mission_cpp': AMENT_PREFIX_PATH=/home/rudra/custom_flightmode/install/px4_ros2_cpp:/home/rudra/custom_flightmode/install/px4_msgs:${AMENT_PREFIX_PATH} CMAKE_PREFIX_PATH=/home/rudra/custom_flightmode/install/px4_ros2_cpp:/home/rudra/custom_flightmode/install/px4_msgs:/home/rudra/ros2_ws/install/talker_listener:/home/rudra/ros2_ws/install/first_pkg:/opt/ros/humble LD_LIBRARY_PATH=/home/rudra/custom_flightmode/install/px4_ros2_cpp/lib:/home/rudra/custom_flightmode/install/px4_msgs/lib:${LD_LIBRARY_PATH} PYTHONPATH=/home/rudra/custom_flightmode/install/px4_msgs/local/lib/python3.10/dist-packages:${PYTHONPATH} /usr/bin/cmake --install /home/rudra/custom_flightmode/build/example_mode_mission_cpp
[2.549s] Level 1:colcon.colcon_core.environment:create_environment_scripts_only(example_global_navigation_cpp)
[2.549s] Level 1:colcon.colcon_core.environment:checking '/home/rudra/custom_flightmode/install/example_global_navigation_cpp' for CMake module files
[2.549s] DEBUG:colcon.colcon_core.event_handler.log_command:Invoked command in '/home/rudra/custom_flightmode/build/example_global_navigation_cpp' returned '0': AMENT_PREFIX_PATH=/home/rudra/custom_flightmode/install/px4_ros2_cpp:/home/rudra/custom_flightmode/install/px4_msgs:${AMENT_PREFIX_PATH} CMAKE_PREFIX_PATH=/home/rudra/custom_flightmode/install/px4_ros2_cpp:/home/rudra/custom_flightmode/install/px4_msgs:/home/rudra/ros2_ws/install/talker_listener:/home/rudra/ros2_ws/install/first_pkg:/opt/ros/humble LD_LIBRARY_PATH=/home/rudra/custom_flightmode/install/px4_ros2_cpp/lib:/home/rudra/custom_flightmode/install/px4_msgs/lib:${LD_LIBRARY_PATH} PYTHONPATH=/home/rudra/custom_flightmode/install/px4_msgs/local/lib/python3.10/dist-packages:${PYTHONPATH} /usr/bin/cmake --install /home/rudra/custom_flightmode/build/example_global_navigation_cpp
[2.550s] Level 1:colcon.colcon_core.environment:checking '/home/rudra/custom_flightmode/install/example_global_navigation_cpp' for CMake config files
[2.550s] Level 1:colcon.colcon_core.shell:create_environment_hook('example_global_navigation_cpp', 'cmake_prefix_path')
[2.550s] INFO:colcon.colcon_core.shell:Creating environment hook '/home/rudra/custom_flightmode/install/example_global_navigation_cpp/share/example_global_navigation_cpp/hook/cmake_prefix_path.ps1'
[2.550s] INFO:colcon.colcon_core.shell:Creating environment descriptor '/home/rudra/custom_flightmode/install/example_global_navigation_cpp/share/example_global_navigation_cpp/hook/cmake_prefix_path.dsv'
[2.551s] INFO:colcon.colcon_core.shell:Creating environment hook '/home/rudra/custom_flightmode/install/example_global_navigation_cpp/share/example_global_navigation_cpp/hook/cmake_prefix_path.sh'
[2.551s] Level 1:colcon.colcon_core.environment:checking '/home/rudra/custom_flightmode/install/example_global_navigation_cpp/lib'
[2.551s] Level 1:colcon.colcon_core.environment:checking '/home/rudra/custom_flightmode/install/example_global_navigation_cpp/bin'
[2.551s] Level 1:colcon.colcon_core.environment:checking '/home/rudra/custom_flightmode/install/example_global_navigation_cpp/lib/pkgconfig/example_global_navigation_cpp.pc'
[2.551s] Level 1:colcon.colcon_core.environment:checking '/home/rudra/custom_flightmode/install/example_global_navigation_cpp/lib/python3.10/site-packages'
[2.552s] Level 1:colcon.colcon_core.environment:checking '/home/rudra/custom_flightmode/install/example_global_navigation_cpp/bin'
[2.552s] INFO:colcon.colcon_core.shell:Creating package script '/home/rudra/custom_flightmode/install/example_global_navigation_cpp/share/example_global_navigation_cpp/package.ps1'
[2.552s] INFO:colcon.colcon_core.shell:Creating package descriptor '/home/rudra/custom_flightmode/install/example_global_navigation_cpp/share/example_global_navigation_cpp/package.dsv'
[2.553s] INFO:colcon.colcon_core.shell:Creating package script '/home/rudra/custom_flightmode/install/example_global_navigation_cpp/share/example_global_navigation_cpp/package.sh'
[2.553s] INFO:colcon.colcon_core.shell:Creating package script '/home/rudra/custom_flightmode/install/example_global_navigation_cpp/share/example_global_navigation_cpp/package.bash'
[2.553s] INFO:colcon.colcon_core.shell:Creating package script '/home/rudra/custom_flightmode/install/example_global_navigation_cpp/share/example_global_navigation_cpp/package.zsh'
[2.554s] Level 1:colcon.colcon_core.environment:create_file_with_runtime_dependencies(/home/rudra/custom_flightmode/install/example_global_navigation_cpp/share/colcon-core/packages/example_global_navigation_cpp)
[2.554s] Level 1:colcon.colcon_core.environment:create_environment_scripts_only(example_global_navigation_cpp)
[2.554s] Level 1:colcon.colcon_core.environment:checking '/home/rudra/custom_flightmode/install/example_global_navigation_cpp' for CMake module files
[2.554s] Level 1:colcon.colcon_core.environment:checking '/home/rudra/custom_flightmode/install/example_global_navigation_cpp' for CMake config files
[2.555s] Level 1:colcon.colcon_core.shell:create_environment_hook('example_global_navigation_cpp', 'cmake_prefix_path')
[2.555s] INFO:colcon.colcon_core.shell:Creating environment hook '/home/rudra/custom_flightmode/install/example_global_navigation_cpp/share/example_global_navigation_cpp/hook/cmake_prefix_path.ps1'
[2.555s] INFO:colcon.colcon_core.shell:Creating environment descriptor '/home/rudra/custom_flightmode/install/example_global_navigation_cpp/share/example_global_navigation_cpp/hook/cmake_prefix_path.dsv'
[2.555s] INFO:colcon.colcon_core.shell:Creating environment hook '/home/rudra/custom_flightmode/install/example_global_navigation_cpp/share/example_global_navigation_cpp/hook/cmake_prefix_path.sh'
[2.556s] Level 1:colcon.colcon_core.environment:checking '/home/rudra/custom_flightmode/install/example_global_navigation_cpp/lib'
[2.556s] Level 1:colcon.colcon_core.environment:checking '/home/rudra/custom_flightmode/install/example_global_navigation_cpp/bin'
[2.556s] Level 1:colcon.colcon_core.environment:checking '/home/rudra/custom_flightmode/install/example_global_navigation_cpp/lib/pkgconfig/example_global_navigation_cpp.pc'
[2.556s] Level 1:colcon.colcon_core.environment:checking '/home/rudra/custom_flightmode/install/example_global_navigation_cpp/lib/python3.10/site-packages'
[2.556s] Level 1:colcon.colcon_core.environment:checking '/home/rudra/custom_flightmode/install/example_global_navigation_cpp/bin'
[2.556s] INFO:colcon.colcon_core.shell:Creating package script '/home/rudra/custom_flightmode/install/example_global_navigation_cpp/share/example_global_navigation_cpp/package.ps1'
[2.557s] INFO:colcon.colcon_core.shell:Creating package descriptor '/home/rudra/custom_flightmode/install/example_global_navigation_cpp/share/example_global_navigation_cpp/package.dsv'
[2.557s] INFO:colcon.colcon_core.shell:Creating package script '/home/rudra/custom_flightmode/install/example_global_navigation_cpp/share/example_global_navigation_cpp/package.sh'
[2.558s] INFO:colcon.colcon_core.shell:Creating package script '/home/rudra/custom_flightmode/install/example_global_navigation_cpp/share/example_global_navigation_cpp/package.bash'
[2.558s] INFO:colcon.colcon_core.shell:Creating package script '/home/rudra/custom_flightmode/install/example_global_navigation_cpp/share/example_global_navigation_cpp/package.zsh'
[2.559s] Level 1:colcon.colcon_core.environment:create_file_with_runtime_dependencies(/home/rudra/custom_flightmode/install/example_global_navigation_cpp/share/colcon-core/packages/example_global_navigation_cpp)
[2.559s] INFO:colcon.colcon_ros.task.ament_cmake.build:Building ROS package in '/home/rudra/custom_flightmode/src/px4-ros2-interface-lib/examples/cpp/modes/mode_with_executor' with build type 'ament_cmake'
[2.559s] INFO:colcon.colcon_cmake.task.cmake.build:Building CMake package in '/home/rudra/custom_flightmode/src/px4-ros2-interface-lib/examples/cpp/modes/mode_with_executor'
[2.559s] INFO:colcon.colcon_core.shell:Skip shell extension 'powershell' for command environment: Not usable outside of PowerShell
[2.559s] DEBUG:colcon.colcon_core.shell:Skip shell extension 'dsv' for command environment
[2.562s] Level 1:colcon.colcon_core.environment:create_environment_scripts_only(example_mode_fw_attitude_cpp)
[2.562s] Level 1:colcon.colcon_core.environment:checking '/home/rudra/custom_flightmode/install/example_mode_fw_attitude_cpp' for CMake module files
[2.563s] DEBUG:colcon.colcon_core.event_handler.log_command:Invoked command in '/home/rudra/custom_flightmode/build/example_mode_fw_attitude_cpp' returned '0': AMENT_PREFIX_PATH=/home/rudra/custom_flightmode/install/px4_ros2_cpp:/home/rudra/custom_flightmode/install/px4_msgs:${AMENT_PREFIX_PATH} CMAKE_PREFIX_PATH=/home/rudra/custom_flightmode/install/px4_ros2_cpp:/home/rudra/custom_flightmode/install/px4_msgs:/home/rudra/ros2_ws/install/talker_listener:/home/rudra/ros2_ws/install/first_pkg:/opt/ros/humble LD_LIBRARY_PATH=/home/rudra/custom_flightmode/install/px4_ros2_cpp/lib:/home/rudra/custom_flightmode/install/px4_msgs/lib:${LD_LIBRARY_PATH} PYTHONPATH=/home/rudra/custom_flightmode/install/px4_msgs/local/lib/python3.10/dist-packages:${PYTHONPATH} /usr/bin/cmake --install /home/rudra/custom_flightmode/build/example_mode_fw_attitude_cpp
[2.563s] Level 1:colcon.colcon_core.environment:checking '/home/rudra/custom_flightmode/install/example_mode_fw_attitude_cpp' for CMake config files
[2.563s] Level 1:colcon.colcon_core.shell:create_environment_hook('example_mode_fw_attitude_cpp', 'cmake_prefix_path')
[2.563s] INFO:colcon.colcon_core.shell:Creating environment hook '/home/rudra/custom_flightmode/install/example_mode_fw_attitude_cpp/share/example_mode_fw_attitude_cpp/hook/cmake_prefix_path.ps1'
[2.564s] INFO:colcon.colcon_core.shell:Creating environment descriptor '/home/rudra/custom_flightmode/install/example_mode_fw_attitude_cpp/share/example_mode_fw_attitude_cpp/hook/cmake_prefix_path.dsv'
[2.564s] INFO:colcon.colcon_core.shell:Creating environment hook '/home/rudra/custom_flightmode/install/example_mode_fw_attitude_cpp/share/example_mode_fw_attitude_cpp/hook/cmake_prefix_path.sh'
[2.564s] Level 1:colcon.colcon_core.environment:checking '/home/rudra/custom_flightmode/install/example_mode_fw_attitude_cpp/lib'
[2.565s] Level 1:colcon.colcon_core.environment:checking '/home/rudra/custom_flightmode/install/example_mode_fw_attitude_cpp/bin'
[2.565s] Level 1:colcon.colcon_core.environment:checking '/home/rudra/custom_flightmode/install/example_mode_fw_attitude_cpp/lib/pkgconfig/example_mode_fw_attitude_cpp.pc'
[2.565s] Level 1:colcon.colcon_core.environment:checking '/home/rudra/custom_flightmode/install/example_mode_fw_attitude_cpp/lib/python3.10/site-packages'
[2.565s] Level 1:colcon.colcon_core.environment:checking '/home/rudra/custom_flightmode/install/example_mode_fw_attitude_cpp/bin'
[2.565s] INFO:colcon.colcon_core.shell:Creating package script '/home/rudra/custom_flightmode/install/example_mode_fw_attitude_cpp/share/example_mode_fw_attitude_cpp/package.ps1'
[2.566s] INFO:colcon.colcon_core.shell:Creating package descriptor '/home/rudra/custom_flightmode/install/example_mode_fw_attitude_cpp/share/example_mode_fw_attitude_cpp/package.dsv'
[2.566s] INFO:colcon.colcon_core.shell:Creating package script '/home/rudra/custom_flightmode/install/example_mode_fw_attitude_cpp/share/example_mode_fw_attitude_cpp/package.sh'
[2.566s] INFO:colcon.colcon_core.shell:Creating package script '/home/rudra/custom_flightmode/install/example_mode_fw_attitude_cpp/share/example_mode_fw_attitude_cpp/package.bash'
[2.567s] INFO:colcon.colcon_core.shell:Creating package script '/home/rudra/custom_flightmode/install/example_mode_fw_attitude_cpp/share/example_mode_fw_attitude_cpp/package.zsh'
[2.567s] Level 1:colcon.colcon_core.environment:create_file_with_runtime_dependencies(/home/rudra/custom_flightmode/install/example_mode_fw_attitude_cpp/share/colcon-core/packages/example_mode_fw_attitude_cpp)
[2.567s] Level 1:colcon.colcon_core.environment:create_environment_scripts_only(example_mode_fw_attitude_cpp)
[2.567s] Level 1:colcon.colcon_core.environment:checking '/home/rudra/custom_flightmode/install/example_mode_fw_attitude_cpp' for CMake module files
[2.568s] Level 1:colcon.colcon_core.environment:checking '/home/rudra/custom_flightmode/install/example_mode_fw_attitude_cpp' for CMake config files
[2.568s] Level 1:colcon.colcon_core.shell:create_environment_hook('example_mode_fw_attitude_cpp', 'cmake_prefix_path')
[2.568s] INFO:colcon.colcon_core.shell:Creating environment hook '/home/rudra/custom_flightmode/install/example_mode_fw_attitude_cpp/share/example_mode_fw_attitude_cpp/hook/cmake_prefix_path.ps1'
[2.568s] INFO:colcon.colcon_core.shell:Creating environment descriptor '/home/rudra/custom_flightmode/install/example_mode_fw_attitude_cpp/share/example_mode_fw_attitude_cpp/hook/cmake_prefix_path.dsv'
[2.569s] INFO:colcon.colcon_core.shell:Creating environment hook '/home/rudra/custom_flightmode/install/example_mode_fw_attitude_cpp/share/example_mode_fw_attitude_cpp/hook/cmake_prefix_path.sh'
[2.569s] Level 1:colcon.colcon_core.environment:checking '/home/rudra/custom_flightmode/install/example_mode_fw_attitude_cpp/lib'
[2.569s] Level 1:colcon.colcon_core.environment:checking '/home/rudra/custom_flightmode/install/example_mode_fw_attitude_cpp/bin'
[2.569s] Level 1:colcon.colcon_core.environment:checking '/home/rudra/custom_flightmode/install/example_mode_fw_attitude_cpp/lib/pkgconfig/example_mode_fw_attitude_cpp.pc'
[2.569s] Level 1:colcon.colcon_core.environment:checking '/home/rudra/custom_flightmode/install/example_mode_fw_attitude_cpp/lib/python3.10/site-packages'
[2.570s] Level 1:colcon.colcon_core.environment:checking '/home/rudra/custom_flightmode/install/example_mode_fw_attitude_cpp/bin'
[2.570s] INFO:colcon.colcon_core.shell:Creating package script '/home/rudra/custom_flightmode/install/example_mode_fw_attitude_cpp/share/example_mode_fw_attitude_cpp/package.ps1'
[2.570s] INFO:colcon.colcon_core.shell:Creating package descriptor '/home/rudra/custom_flightmode/install/example_mode_fw_attitude_cpp/share/example_mode_fw_attitude_cpp/package.dsv'
[2.571s] INFO:colcon.colcon_core.shell:Creating package script '/home/rudra/custom_flightmode/install/example_mode_fw_attitude_cpp/share/example_mode_fw_attitude_cpp/package.sh'
[2.571s] INFO:colcon.colcon_core.shell:Creating package script '/home/rudra/custom_flightmode/install/example_mode_fw_attitude_cpp/share/example_mode_fw_attitude_cpp/package.bash'
[2.571s] INFO:colcon.colcon_core.shell:Creating package script '/home/rudra/custom_flightmode/install/example_mode_fw_attitude_cpp/share/example_mode_fw_attitude_cpp/package.zsh'
[2.572s] Level 1:colcon.colcon_core.environment:create_file_with_runtime_dependencies(/home/rudra/custom_flightmode/install/example_mode_fw_attitude_cpp/share/colcon-core/packages/example_mode_fw_attitude_cpp)
[2.572s] Level 1:colcon.colcon_core.environment:create_environment_scripts_only(example_mode_goto_cpp)
[2.572s] Level 1:colcon.colcon_core.environment:checking '/home/rudra/custom_flightmode/install/example_mode_goto_cpp' for CMake module files
[2.573s] DEBUG:colcon.colcon_core.event_handler.log_command:Invoked command in '/home/rudra/custom_flightmode/build/example_mode_goto_cpp' returned '0': AMENT_PREFIX_PATH=/home/rudra/custom_flightmode/install/px4_ros2_cpp:/home/rudra/custom_flightmode/install/px4_msgs:${AMENT_PREFIX_PATH} CMAKE_PREFIX_PATH=/home/rudra/custom_flightmode/install/px4_ros2_cpp:/home/rudra/custom_flightmode/install/px4_msgs:/home/rudra/ros2_ws/install/talker_listener:/home/rudra/ros2_ws/install/first_pkg:/opt/ros/humble LD_LIBRARY_PATH=/home/rudra/custom_flightmode/install/px4_ros2_cpp/lib:/home/rudra/custom_flightmode/install/px4_msgs/lib:${LD_LIBRARY_PATH} PYTHONPATH=/home/rudra/custom_flightmode/install/px4_msgs/local/lib/python3.10/dist-packages:${PYTHONPATH} /usr/bin/cmake --install /home/rudra/custom_flightmode/build/example_mode_goto_cpp
[2.573s] Level 1:colcon.colcon_core.environment:checking '/home/rudra/custom_flightmode/install/example_mode_goto_cpp' for CMake config files
[2.573s] Level 1:colcon.colcon_core.shell:create_environment_hook('example_mode_goto_cpp', 'cmake_prefix_path')
[2.574s] INFO:colcon.colcon_core.shell:Creating environment hook '/home/rudra/custom_flightmode/install/example_mode_goto_cpp/share/example_mode_goto_cpp/hook/cmake_prefix_path.ps1'
[2.574s] INFO:colcon.colcon_core.shell:Creating environment descriptor '/home/rudra/custom_flightmode/install/example_mode_goto_cpp/share/example_mode_goto_cpp/hook/cmake_prefix_path.dsv'
[2.574s] INFO:colcon.colcon_core.shell:Creating environment hook '/home/rudra/custom_flightmode/install/example_mode_goto_cpp/share/example_mode_goto_cpp/hook/cmake_prefix_path.sh'
[2.575s] Level 1:colcon.colcon_core.environment:checking '/home/rudra/custom_flightmode/install/example_mode_goto_cpp/lib'
[2.575s] Level 1:colcon.colcon_core.environment:checking '/home/rudra/custom_flightmode/install/example_mode_goto_cpp/bin'
[2.575s] Level 1:colcon.colcon_core.environment:checking '/home/rudra/custom_flightmode/install/example_mode_goto_cpp/lib/pkgconfig/example_mode_goto_cpp.pc'
[2.575s] Level 1:colcon.colcon_core.environment:checking '/home/rudra/custom_flightmode/install/example_mode_goto_cpp/lib/python3.10/site-packages'
[2.575s] Level 1:colcon.colcon_core.environment:checking '/home/rudra/custom_flightmode/install/example_mode_goto_cpp/bin'
[2.576s] INFO:colcon.colcon_core.shell:Creating package script '/home/rudra/custom_flightmode/install/example_mode_goto_cpp/share/example_mode_goto_cpp/package.ps1'
[2.576s] INFO:colcon.colcon_core.shell:Creating package descriptor '/home/rudra/custom_flightmode/install/example_mode_goto_cpp/share/example_mode_goto_cpp/package.dsv'
[2.576s] INFO:colcon.colcon_core.shell:Creating package script '/home/rudra/custom_flightmode/install/example_mode_goto_cpp/share/example_mode_goto_cpp/package.sh'
[2.577s] INFO:colcon.colcon_core.shell:Creating package script '/home/rudra/custom_flightmode/install/example_mode_goto_cpp/share/example_mode_goto_cpp/package.bash'
[2.577s] INFO:colcon.colcon_core.shell:Creating package script '/home/rudra/custom_flightmode/install/example_mode_goto_cpp/share/example_mode_goto_cpp/package.zsh'
[2.577s] Level 1:colcon.colcon_core.environment:create_file_with_runtime_dependencies(/home/rudra/custom_flightmode/install/example_mode_goto_cpp/share/colcon-core/packages/example_mode_goto_cpp)
[2.578s] Level 1:colcon.colcon_core.environment:create_environment_scripts_only(example_mode_goto_cpp)
[2.578s] Level 1:colcon.colcon_core.environment:checking '/home/rudra/custom_flightmode/install/example_mode_goto_cpp' for CMake module files
[2.578s] Level 1:colcon.colcon_core.environment:checking '/home/rudra/custom_flightmode/install/example_mode_goto_cpp' for CMake config files
[2.578s] Level 1:colcon.colcon_core.shell:create_environment_hook('example_mode_goto_cpp', 'cmake_prefix_path')
[2.578s] INFO:colcon.colcon_core.shell:Creating environment hook '/home/rudra/custom_flightmode/install/example_mode_goto_cpp/share/example_mode_goto_cpp/hook/cmake_prefix_path.ps1'
[2.579s] INFO:colcon.colcon_core.shell:Creating environment descriptor '/home/rudra/custom_flightmode/install/example_mode_goto_cpp/share/example_mode_goto_cpp/hook/cmake_prefix_path.dsv'
[2.579s] INFO:colcon.colcon_core.shell:Creating environment hook '/home/rudra/custom_flightmode/install/example_mode_goto_cpp/share/example_mode_goto_cpp/hook/cmake_prefix_path.sh'
[2.580s] Level 1:colcon.colcon_core.environment:checking '/home/rudra/custom_flightmode/install/example_mode_goto_cpp/lib'
[2.580s] Level 1:colcon.colcon_core.environment:checking '/home/rudra/custom_flightmode/install/example_mode_goto_cpp/bin'
[2.580s] Level 1:colcon.colcon_core.environment:checking '/home/rudra/custom_flightmode/install/example_mode_goto_cpp/lib/pkgconfig/example_mode_goto_cpp.pc'
[2.580s] Level 1:colcon.colcon_core.environment:checking '/home/rudra/custom_flightmode/install/example_mode_goto_cpp/lib/python3.10/site-packages'
[2.580s] Level 1:colcon.colcon_core.environment:checking '/home/rudra/custom_flightmode/install/example_mode_goto_cpp/bin'
[2.581s] INFO:colcon.colcon_core.shell:Creating package script '/home/rudra/custom_flightmode/install/example_mode_goto_cpp/share/example_mode_goto_cpp/package.ps1'
[2.581s] INFO:colcon.colcon_core.shell:Creating package descriptor '/home/rudra/custom_flightmode/install/example_mode_goto_cpp/share/example_mode_goto_cpp/package.dsv'
[2.581s] INFO:colcon.colcon_core.shell:Creating package script '/home/rudra/custom_flightmode/install/example_mode_goto_cpp/share/example_mode_goto_cpp/package.sh'
[2.582s] INFO:colcon.colcon_core.shell:Creating package script '/home/rudra/custom_flightmode/install/example_mode_goto_cpp/share/example_mode_goto_cpp/package.bash'
[2.582s] INFO:colcon.colcon_core.shell:Creating package script '/home/rudra/custom_flightmode/install/example_mode_goto_cpp/share/example_mode_goto_cpp/package.zsh'
[2.582s] Level 1:colcon.colcon_core.environment:create_file_with_runtime_dependencies(/home/rudra/custom_flightmode/install/example_mode_goto_cpp/share/colcon-core/packages/example_mode_goto_cpp)
[2.584s] INFO:colcon.colcon_ros.task.ament_cmake.build:Building ROS package in '/home/rudra/custom_flightmode/src/px4-ros2-interface-lib/examples/cpp/modes/rover_velocity' with build type 'ament_cmake'
[2.584s] INFO:colcon.colcon_cmake.task.cmake.build:Building CMake package in '/home/rudra/custom_flightmode/src/px4-ros2-interface-lib/examples/cpp/modes/rover_velocity'
[2.584s] INFO:colcon.colcon_core.shell:Skip shell extension 'powershell' for command environment: Not usable outside of PowerShell
[2.584s] DEBUG:colcon.colcon_core.shell:Skip shell extension 'dsv' for command environment
[2.589s] DEBUG:colcon.colcon_core.event_handler.log_command:Invoked command in '/home/rudra/custom_flightmode/build/example_mode_rtl_replacement_cpp' returned '0': AMENT_PREFIX_PATH=/home/rudra/custom_flightmode/install/px4_ros2_cpp:/home/rudra/custom_flightmode/install/px4_msgs:${AMENT_PREFIX_PATH} CMAKE_PREFIX_PATH=/home/rudra/custom_flightmode/install/px4_ros2_cpp:/home/rudra/custom_flightmode/install/px4_msgs:/home/rudra/ros2_ws/install/talker_listener:/home/rudra/ros2_ws/install/first_pkg:/opt/ros/humble LD_LIBRARY_PATH=/home/rudra/custom_flightmode/install/px4_ros2_cpp/lib:/home/rudra/custom_flightmode/install/px4_msgs/lib:${LD_LIBRARY_PATH} PYTHONPATH=/home/rudra/custom_flightmode/install/px4_msgs/local/lib/python3.10/dist-packages:${PYTHONPATH} /usr/bin/cmake --build /home/rudra/custom_flightmode/build/example_mode_rtl_replacement_cpp -- -j12 -l12
[2.591s] Level 1:colcon.colcon_core.environment:create_environment_scripts_only(draw_flight_mode)
[2.591s] Level 1:colcon.colcon_core.environment:checking '/home/rudra/custom_flightmode/install/draw_flight_mode' for CMake module files
[2.591s] DEBUG:colcon.colcon_core.event_handler.log_command:Invoking command in '/home/rudra/custom_flightmode/build/example_mode_rtl_replacement_cpp': AMENT_PREFIX_PATH=/home/rudra/custom_flightmode/install/px4_ros2_cpp:/home/rudra/custom_flightmode/install/px4_msgs:${AMENT_PREFIX_PATH} CMAKE_PREFIX_PATH=/home/rudra/custom_flightmode/install/px4_ros2_cpp:/home/rudra/custom_flightmode/install/px4_msgs:/home/rudra/ros2_ws/install/talker_listener:/home/rudra/ros2_ws/install/first_pkg:/opt/ros/humble LD_LIBRARY_PATH=/home/rudra/custom_flightmode/install/px4_ros2_cpp/lib:/home/rudra/custom_flightmode/install/px4_msgs/lib:${LD_LIBRARY_PATH} PYTHONPATH=/home/rudra/custom_flightmode/install/px4_msgs/local/lib/python3.10/dist-packages:${PYTHONPATH} /usr/bin/cmake --install /home/rudra/custom_flightmode/build/example_mode_rtl_replacement_cpp
[2.592s] DEBUG:colcon.colcon_core.event_handler.log_command:Invoked command in '/home/rudra/custom_flightmode/build/draw_flight_mode' returned '0': AMENT_PREFIX_PATH=/home/rudra/custom_flightmode/install/px4_ros2_cpp:/home/rudra/custom_flightmode/install/px4_msgs:${AMENT_PREFIX_PATH} CMAKE_PREFIX_PATH=/home/rudra/custom_flightmode/install/px4_ros2_cpp:/home/rudra/custom_flightmode/install/px4_msgs:/home/rudra/ros2_ws/install/talker_listener:/home/rudra/ros2_ws/install/first_pkg:/opt/ros/humble LD_LIBRARY_PATH=/home/rudra/custom_flightmode/install/px4_ros2_cpp/lib:/home/rudra/custom_flightmode/install/px4_msgs/lib:${LD_LIBRARY_PATH} PYTHONPATH=/home/rudra/custom_flightmode/install/px4_msgs/local/lib/python3.10/dist-packages:${PYTHONPATH} /usr/bin/cmake --install /home/rudra/custom_flightmode/build/draw_flight_mode
[2.592s] Level 1:colcon.colcon_core.environment:checking '/home/rudra/custom_flightmode/install/draw_flight_mode' for CMake config files
[2.592s] Level 1:colcon.colcon_core.shell:create_environment_hook('draw_flight_mode', 'cmake_prefix_path')
[2.593s] INFO:colcon.colcon_core.shell:Creating environment hook '/home/rudra/custom_flightmode/install/draw_flight_mode/share/draw_flight_mode/hook/cmake_prefix_path.ps1'
[2.593s] INFO:colcon.colcon_core.shell:Creating environment descriptor '/home/rudra/custom_flightmode/install/draw_flight_mode/share/draw_flight_mode/hook/cmake_prefix_path.dsv'
[2.593s] INFO:colcon.colcon_core.shell:Creating environment hook '/home/rudra/custom_flightmode/install/draw_flight_mode/share/draw_flight_mode/hook/cmake_prefix_path.sh'
[2.594s] Level 1:colcon.colcon_core.environment:checking '/home/rudra/custom_flightmode/install/draw_flight_mode/lib'
[2.594s] Level 1:colcon.colcon_core.environment:checking '/home/rudra/custom_flightmode/install/draw_flight_mode/bin'
[2.594s] Level 1:colcon.colcon_core.environment:checking '/home/rudra/custom_flightmode/install/draw_flight_mode/lib/pkgconfig/draw_flight_mode.pc'
[2.594s] Level 1:colcon.colcon_core.environment:checking '/home/rudra/custom_flightmode/install/draw_flight_mode/lib/python3.10/site-packages'
[2.595s] Level 1:colcon.colcon_core.environment:checking '/home/rudra/custom_flightmode/install/draw_flight_mode/bin'
[2.595s] INFO:colcon.colcon_core.shell:Creating package script '/home/rudra/custom_flightmode/install/draw_flight_mode/share/draw_flight_mode/package.ps1'
[2.595s] INFO:colcon.colcon_core.shell:Creating package descriptor '/home/rudra/custom_flightmode/install/draw_flight_mode/share/draw_flight_mode/package.dsv'
[2.596s] INFO:colcon.colcon_core.shell:Creating package script '/home/rudra/custom_flightmode/install/draw_flight_mode/share/draw_flight_mode/package.sh'
[2.596s] INFO:colcon.colcon_core.shell:Creating package script '/home/rudra/custom_flightmode/install/draw_flight_mode/share/draw_flight_mode/package.bash'
[2.596s] INFO:colcon.colcon_core.shell:Creating package script '/home/rudra/custom_flightmode/install/draw_flight_mode/share/draw_flight_mode/package.zsh'
[2.597s] Level 1:colcon.colcon_core.environment:create_file_with_runtime_dependencies(/home/rudra/custom_flightmode/install/draw_flight_mode/share/colcon-core/packages/draw_flight_mode)
[2.597s] Level 1:colcon.colcon_core.environment:create_environment_scripts_only(draw_flight_mode)
[2.597s] Level 1:colcon.colcon_core.environment:checking '/home/rudra/custom_flightmode/install/draw_flight_mode' for CMake module files
[2.597s] Level 1:colcon.colcon_core.environment:checking '/home/rudra/custom_flightmode/install/draw_flight_mode' for CMake config files
[2.598s] Level 1:colcon.colcon_core.shell:create_environment_hook('draw_flight_mode', 'cmake_prefix_path')
[2.598s] INFO:colcon.colcon_core.shell:Creating environment hook '/home/rudra/custom_flightmode/install/draw_flight_mode/share/draw_flight_mode/hook/cmake_prefix_path.ps1'
[2.598s] INFO:colcon.colcon_core.shell:Creating environment descriptor '/home/rudra/custom_flightmode/install/draw_flight_mode/share/draw_flight_mode/hook/cmake_prefix_path.dsv'
[2.598s] INFO:colcon.colcon_core.shell:Creating environment hook '/home/rudra/custom_flightmode/install/draw_flight_mode/share/draw_flight_mode/hook/cmake_prefix_path.sh'
[2.599s] Level 1:colcon.colcon_core.environment:checking '/home/rudra/custom_flightmode/install/draw_flight_mode/lib'
[2.599s] Level 1:colcon.colcon_core.environment:checking '/home/rudra/custom_flightmode/install/draw_flight_mode/bin'
[2.599s] Level 1:colcon.colcon_core.environment:checking '/home/rudra/custom_flightmode/install/draw_flight_mode/lib/pkgconfig/draw_flight_mode.pc'
[2.599s] Level 1:colcon.colcon_core.environment:checking '/home/rudra/custom_flightmode/install/draw_flight_mode/lib/python3.10/site-packages'
[2.599s] Level 1:colcon.colcon_core.environment:checking '/home/rudra/custom_flightmode/install/draw_flight_mode/bin'
[2.599s] INFO:colcon.colcon_core.shell:Creating package script '/home/rudra/custom_flightmode/install/draw_flight_mode/share/draw_flight_mode/package.ps1'
[2.600s] INFO:colcon.colcon_core.shell:Creating package descriptor '/home/rudra/custom_flightmode/install/draw_flight_mode/share/draw_flight_mode/package.dsv'
[2.600s] INFO:colcon.colcon_core.shell:Creating package script '/home/rudra/custom_flightmode/install/draw_flight_mode/share/draw_flight_mode/package.sh'
[2.601s] INFO:colcon.colcon_core.shell:Creating package script '/home/rudra/custom_flightmode/install/draw_flight_mode/share/draw_flight_mode/package.bash'
[2.601s] INFO:colcon.colcon_core.shell:Creating package script '/home/rudra/custom_flightmode/install/draw_flight_mode/share/draw_flight_mode/package.zsh'
[2.601s] Level 1:colcon.colcon_core.environment:create_file_with_runtime_dependencies(/home/rudra/custom_flightmode/install/draw_flight_mode/share/colcon-core/packages/draw_flight_mode)
[2.602s] DEBUG:colcon.colcon_core.event_handler.log_command:Invoked command in '/home/rudra/custom_flightmode/build/example_mode_vtol_cpp' returned '0': AMENT_PREFIX_PATH=/home/rudra/custom_flightmode/install/px4_ros2_cpp:/home/rudra/custom_flightmode/install/px4_msgs:${AMENT_PREFIX_PATH} CMAKE_PREFIX_PATH=/home/rudra/custom_flightmode/install/px4_ros2_cpp:/home/rudra/custom_flightmode/install/px4_msgs:/home/rudra/ros2_ws/install/talker_listener:/home/rudra/ros2_ws/install/first_pkg:/opt/ros/humble LD_LIBRARY_PATH=/home/rudra/custom_flightmode/install/px4_ros2_cpp/lib:/home/rudra/custom_flightmode/install/px4_msgs/lib:${LD_LIBRARY_PATH} PYTHONPATH=/home/rudra/custom_flightmode/install/px4_msgs/local/lib/python3.10/dist-packages:${PYTHONPATH} /usr/bin/cmake --build /home/rudra/custom_flightmode/build/example_mode_vtol_cpp -- -j12 -l12
[2.604s] Level 1:colcon.colcon_core.environment:create_environment_scripts_only(example_local_navigation_cpp)
[2.604s] DEBUG:colcon.colcon_core.event_handler.log_command:Invoking command in '/home/rudra/custom_flightmode/build/example_mode_vtol_cpp': AMENT_PREFIX_PATH=/home/rudra/custom_flightmode/install/px4_ros2_cpp:/home/rudra/custom_flightmode/install/px4_msgs:${AMENT_PREFIX_PATH} CMAKE_PREFIX_PATH=/home/rudra/custom_flightmode/install/px4_ros2_cpp:/home/rudra/custom_flightmode/install/px4_msgs:/home/rudra/ros2_ws/install/talker_listener:/home/rudra/ros2_ws/install/first_pkg:/opt/ros/humble LD_LIBRARY_PATH=/home/rudra/custom_flightmode/install/px4_ros2_cpp/lib:/home/rudra/custom_flightmode/install/px4_msgs/lib:${LD_LIBRARY_PATH} PYTHONPATH=/home/rudra/custom_flightmode/install/px4_msgs/local/lib/python3.10/dist-packages:${PYTHONPATH} /usr/bin/cmake --install /home/rudra/custom_flightmode/build/example_mode_vtol_cpp
[2.604s] Level 1:colcon.colcon_core.environment:checking '/home/rudra/custom_flightmode/install/example_local_navigation_cpp' for CMake module files
[2.604s] DEBUG:colcon.colcon_core.event_handler.log_command:Invoked command in '/home/rudra/custom_flightmode/build/example_local_navigation_cpp' returned '0': AMENT_PREFIX_PATH=/home/rudra/custom_flightmode/install/px4_ros2_cpp:/home/rudra/custom_flightmode/install/px4_msgs:${AMENT_PREFIX_PATH} CMAKE_PREFIX_PATH=/home/rudra/custom_flightmode/install/px4_ros2_cpp:/home/rudra/custom_flightmode/install/px4_msgs:/home/rudra/ros2_ws/install/talker_listener:/home/rudra/ros2_ws/install/first_pkg:/opt/ros/humble LD_LIBRARY_PATH=/home/rudra/custom_flightmode/install/px4_ros2_cpp/lib:/home/rudra/custom_flightmode/install/px4_msgs/lib:${LD_LIBRARY_PATH} PYTHONPATH=/home/rudra/custom_flightmode/install/px4_msgs/local/lib/python3.10/dist-packages:${PYTHONPATH} /usr/bin/cmake --install /home/rudra/custom_flightmode/build/example_local_navigation_cpp
[2.605s] Level 1:colcon.colcon_core.environment:checking '/home/rudra/custom_flightmode/install/example_local_navigation_cpp' for CMake config files
[2.605s] Level 1:colcon.colcon_core.shell:create_environment_hook('example_local_navigation_cpp', 'cmake_prefix_path')
[2.605s] INFO:colcon.colcon_core.shell:Creating environment hook '/home/rudra/custom_flightmode/install/example_local_navigation_cpp/share/example_local_navigation_cpp/hook/cmake_prefix_path.ps1'
[2.606s] INFO:colcon.colcon_core.shell:Creating environment descriptor '/home/rudra/custom_flightmode/install/example_local_navigation_cpp/share/example_local_navigation_cpp/hook/cmake_prefix_path.dsv'
[2.606s] INFO:colcon.colcon_core.shell:Creating environment hook '/home/rudra/custom_flightmode/install/example_local_navigation_cpp/share/example_local_navigation_cpp/hook/cmake_prefix_path.sh'
[2.606s] Level 1:colcon.colcon_core.environment:checking '/home/rudra/custom_flightmode/install/example_local_navigation_cpp/lib'
[2.606s] Level 1:colcon.colcon_core.environment:checking '/home/rudra/custom_flightmode/install/example_local_navigation_cpp/bin'
[2.607s] Level 1:colcon.colcon_core.environment:checking '/home/rudra/custom_flightmode/install/example_local_navigation_cpp/lib/pkgconfig/example_local_navigation_cpp.pc'
[2.607s] Level 1:colcon.colcon_core.environment:checking '/home/rudra/custom_flightmode/install/example_local_navigation_cpp/lib/python3.10/site-packages'
[2.607s] Level 1:colcon.colcon_core.environment:checking '/home/rudra/custom_flightmode/install/example_local_navigation_cpp/bin'
[2.607s] INFO:colcon.colcon_core.shell:Creating package script '/home/rudra/custom_flightmode/install/example_local_navigation_cpp/share/example_local_navigation_cpp/package.ps1'
[2.608s] INFO:colcon.colcon_core.shell:Creating package descriptor '/home/rudra/custom_flightmode/install/example_local_navigation_cpp/share/example_local_navigation_cpp/package.dsv'
[2.608s] INFO:colcon.colcon_core.shell:Creating package script '/home/rudra/custom_flightmode/install/example_local_navigation_cpp/share/example_local_navigation_cpp/package.sh'
[2.608s] INFO:colcon.colcon_core.shell:Creating package script '/home/rudra/custom_flightmode/install/example_local_navigation_cpp/share/example_local_navigation_cpp/package.bash'
[2.609s] INFO:colcon.colcon_core.shell:Creating package script '/home/rudra/custom_flightmode/install/example_local_navigation_cpp/share/example_local_navigation_cpp/package.zsh'
[2.609s] Level 1:colcon.colcon_core.environment:create_file_with_runtime_dependencies(/home/rudra/custom_flightmode/install/example_local_navigation_cpp/share/colcon-core/packages/example_local_navigation_cpp)
[2.609s] Level 1:colcon.colcon_core.environment:create_environment_scripts_only(example_local_navigation_cpp)
[2.609s] Level 1:colcon.colcon_core.environment:checking '/home/rudra/custom_flightmode/install/example_local_navigation_cpp' for CMake module files
[2.610s] Level 1:colcon.colcon_core.environment:checking '/home/rudra/custom_flightmode/install/example_local_navigation_cpp' for CMake config files
[2.610s] Level 1:colcon.colcon_core.shell:create_environment_hook('example_local_navigation_cpp', 'cmake_prefix_path')
[2.610s] INFO:colcon.colcon_core.shell:Creating environment hook '/home/rudra/custom_flightmode/install/example_local_navigation_cpp/share/example_local_navigation_cpp/hook/cmake_prefix_path.ps1'
[2.610s] INFO:colcon.colcon_core.shell:Creating environment descriptor '/home/rudra/custom_flightmode/install/example_local_navigation_cpp/share/example_local_navigation_cpp/hook/cmake_prefix_path.dsv'
[2.611s] INFO:colcon.colcon_core.shell:Creating environment hook '/home/rudra/custom_flightmode/install/example_local_navigation_cpp/share/example_local_navigation_cpp/hook/cmake_prefix_path.sh'
[2.611s] Level 1:colcon.colcon_core.environment:checking '/home/rudra/custom_flightmode/install/example_local_navigation_cpp/lib'
[2.611s] Level 1:colcon.colcon_core.environment:checking '/home/rudra/custom_flightmode/install/example_local_navigation_cpp/bin'
[2.611s] Level 1:colcon.colcon_core.environment:checking '/home/rudra/custom_flightmode/install/example_local_navigation_cpp/lib/pkgconfig/example_local_navigation_cpp.pc'
[2.611s] Level 1:colcon.colcon_core.environment:checking '/home/rudra/custom_flightmode/install/example_local_navigation_cpp/lib/python3.10/site-packages'
[2.612s] Level 1:colcon.colcon_core.environment:checking '/home/rudra/custom_flightmode/install/example_local_navigation_cpp/bin'
[2.612s] INFO:colcon.colcon_core.shell:Creating package script '/home/rudra/custom_flightmode/install/example_local_navigation_cpp/share/example_local_navigation_cpp/package.ps1'
[2.612s] INFO:colcon.colcon_core.shell:Creating package descriptor '/home/rudra/custom_flightmode/install/example_local_navigation_cpp/share/example_local_navigation_cpp/package.dsv'
[2.613s] INFO:colcon.colcon_core.shell:Creating package script '/home/rudra/custom_flightmode/install/example_local_navigation_cpp/share/example_local_navigation_cpp/package.sh'
[2.613s] INFO:colcon.colcon_core.shell:Creating package script '/home/rudra/custom_flightmode/install/example_local_navigation_cpp/share/example_local_navigation_cpp/package.bash'
[2.613s] INFO:colcon.colcon_core.shell:Creating package script '/home/rudra/custom_flightmode/install/example_local_navigation_cpp/share/example_local_navigation_cpp/package.zsh'
[2.614s] Level 1:colcon.colcon_core.environment:create_file_with_runtime_dependencies(/home/rudra/custom_flightmode/install/example_local_navigation_cpp/share/colcon-core/packages/example_local_navigation_cpp)
[2.614s] Level 1:colcon.colcon_core.environment:create_environment_scripts_only(example_mode_manual_cpp)
[2.614s] Level 1:colcon.colcon_core.environment:checking '/home/rudra/custom_flightmode/install/example_mode_manual_cpp' for CMake module files
[2.615s] DEBUG:colcon.colcon_core.event_handler.log_command:Invoked command in '/home/rudra/custom_flightmode/build/example_mode_manual_cpp' returned '0': AMENT_PREFIX_PATH=/home/rudra/custom_flightmode/install/px4_ros2_cpp:/home/rudra/custom_flightmode/install/px4_msgs:${AMENT_PREFIX_PATH} CMAKE_PREFIX_PATH=/home/rudra/custom_flightmode/install/px4_ros2_cpp:/home/rudra/custom_flightmode/install/px4_msgs:/home/rudra/ros2_ws/install/talker_listener:/home/rudra/ros2_ws/install/first_pkg:/opt/ros/humble LD_LIBRARY_PATH=/home/rudra/custom_flightmode/install/px4_ros2_cpp/lib:/home/rudra/custom_flightmode/install/px4_msgs/lib:${LD_LIBRARY_PATH} PYTHONPATH=/home/rudra/custom_flightmode/install/px4_msgs/local/lib/python3.10/dist-packages:${PYTHONPATH} /usr/bin/cmake --install /home/rudra/custom_flightmode/build/example_mode_manual_cpp
[2.615s] Level 1:colcon.colcon_core.environment:checking '/home/rudra/custom_flightmode/install/example_mode_manual_cpp' for CMake config files
[2.615s] Level 1:colcon.colcon_core.shell:create_environment_hook('example_mode_manual_cpp', 'cmake_prefix_path')
[2.616s] INFO:colcon.colcon_core.shell:Creating environment hook '/home/rudra/custom_flightmode/install/example_mode_manual_cpp/share/example_mode_manual_cpp/hook/cmake_prefix_path.ps1'
[2.616s] INFO:colcon.colcon_core.shell:Creating environment descriptor '/home/rudra/custom_flightmode/install/example_mode_manual_cpp/share/example_mode_manual_cpp/hook/cmake_prefix_path.dsv'
[2.616s] INFO:colcon.colcon_core.shell:Creating environment hook '/home/rudra/custom_flightmode/install/example_mode_manual_cpp/share/example_mode_manual_cpp/hook/cmake_prefix_path.sh'
[2.616s] Level 1:colcon.colcon_core.environment:checking '/home/rudra/custom_flightmode/install/example_mode_manual_cpp/lib'
[2.617s] Level 1:colcon.colcon_core.environment:checking '/home/rudra/custom_flightmode/install/example_mode_manual_cpp/bin'
[2.617s] Level 1:colcon.colcon_core.environment:checking '/home/rudra/custom_flightmode/install/example_mode_manual_cpp/lib/pkgconfig/example_mode_manual_cpp.pc'
[2.617s] Level 1:colcon.colcon_core.environment:checking '/home/rudra/custom_flightmode/install/example_mode_manual_cpp/lib/python3.10/site-packages'
[2.617s] Level 1:colcon.colcon_core.environment:checking '/home/rudra/custom_flightmode/install/example_mode_manual_cpp/bin'
[2.617s] INFO:colcon.colcon_core.shell:Creating package script '/home/rudra/custom_flightmode/install/example_mode_manual_cpp/share/example_mode_manual_cpp/package.ps1'
[2.618s] INFO:colcon.colcon_core.shell:Creating package descriptor '/home/rudra/custom_flightmode/install/example_mode_manual_cpp/share/example_mode_manual_cpp/package.dsv'
[2.618s] INFO:colcon.colcon_core.shell:Creating package script '/home/rudra/custom_flightmode/install/example_mode_manual_cpp/share/example_mode_manual_cpp/package.sh'
[2.618s] INFO:colcon.colcon_core.shell:Creating package script '/home/rudra/custom_flightmode/install/example_mode_manual_cpp/share/example_mode_manual_cpp/package.bash'
[2.618s] INFO:colcon.colcon_core.shell:Creating package script '/home/rudra/custom_flightmode/install/example_mode_manual_cpp/share/example_mode_manual_cpp/package.zsh'
[2.619s] Level 1:colcon.colcon_core.environment:create_file_with_runtime_dependencies(/home/rudra/custom_flightmode/install/example_mode_manual_cpp/share/colcon-core/packages/example_mode_manual_cpp)
[2.619s] Level 1:colcon.colcon_core.environment:create_environment_scripts_only(example_mode_manual_cpp)
[2.619s] Level 1:colcon.colcon_core.environment:checking '/home/rudra/custom_flightmode/install/example_mode_manual_cpp' for CMake module files
[2.620s] Level 1:colcon.colcon_core.environment:checking '/home/rudra/custom_flightmode/install/example_mode_manual_cpp' for CMake config files
[2.620s] Level 1:colcon.colcon_core.shell:create_environment_hook('example_mode_manual_cpp', 'cmake_prefix_path')
[2.620s] INFO:colcon.colcon_core.shell:Creating environment hook '/home/rudra/custom_flightmode/install/example_mode_manual_cpp/share/example_mode_manual_cpp/hook/cmake_prefix_path.ps1'
[2.620s] INFO:colcon.colcon_core.shell:Creating environment descriptor '/home/rudra/custom_flightmode/install/example_mode_manual_cpp/share/example_mode_manual_cpp/hook/cmake_prefix_path.dsv'
[2.620s] INFO:colcon.colcon_core.shell:Creating environment hook '/home/rudra/custom_flightmode/install/example_mode_manual_cpp/share/example_mode_manual_cpp/hook/cmake_prefix_path.sh'
[2.621s] Level 1:colcon.colcon_core.environment:checking '/home/rudra/custom_flightmode/install/example_mode_manual_cpp/lib'
[2.621s] Level 1:colcon.colcon_core.environment:checking '/home/rudra/custom_flightmode/install/example_mode_manual_cpp/bin'
[2.621s] Level 1:colcon.colcon_core.environment:checking '/home/rudra/custom_flightmode/install/example_mode_manual_cpp/lib/pkgconfig/example_mode_manual_cpp.pc'
[2.621s] Level 1:colcon.colcon_core.environment:checking '/home/rudra/custom_flightmode/install/example_mode_manual_cpp/lib/python3.10/site-packages'
[2.621s] Level 1:colcon.colcon_core.environment:checking '/home/rudra/custom_flightmode/install/example_mode_manual_cpp/bin'
[2.622s] INFO:colcon.colcon_core.shell:Creating package script '/home/rudra/custom_flightmode/install/example_mode_manual_cpp/share/example_mode_manual_cpp/package.ps1'
[2.622s] INFO:colcon.colcon_core.shell:Creating package descriptor '/home/rudra/custom_flightmode/install/example_mode_manual_cpp/share/example_mode_manual_cpp/package.dsv'
[2.622s] INFO:colcon.colcon_core.shell:Creating package script '/home/rudra/custom_flightmode/install/example_mode_manual_cpp/share/example_mode_manual_cpp/package.sh'
[2.623s] INFO:colcon.colcon_core.shell:Creating package script '/home/rudra/custom_flightmode/install/example_mode_manual_cpp/share/example_mode_manual_cpp/package.bash'
[2.623s] INFO:colcon.colcon_core.shell:Creating package script '/home/rudra/custom_flightmode/install/example_mode_manual_cpp/share/example_mode_manual_cpp/package.zsh'
[2.623s] Level 1:colcon.colcon_core.environment:create_file_with_runtime_dependencies(/home/rudra/custom_flightmode/install/example_mode_manual_cpp/share/colcon-core/packages/example_mode_manual_cpp)
[2.624s] Level 1:colcon.colcon_core.environment:create_environment_scripts_only(example_mode_goto_global_cpp)
[2.624s] Level 1:colcon.colcon_core.environment:checking '/home/rudra/custom_flightmode/install/example_mode_goto_global_cpp' for CMake module files
[2.625s] DEBUG:colcon.colcon_core.event_handler.log_command:Invoked command in '/home/rudra/custom_flightmode/build/example_mode_goto_global_cpp' returned '0': AMENT_PREFIX_PATH=/home/rudra/custom_flightmode/install/px4_ros2_cpp:/home/rudra/custom_flightmode/install/px4_msgs:${AMENT_PREFIX_PATH} CMAKE_PREFIX_PATH=/home/rudra/custom_flightmode/install/px4_ros2_cpp:/home/rudra/custom_flightmode/install/px4_msgs:/home/rudra/ros2_ws/install/talker_listener:/home/rudra/ros2_ws/install/first_pkg:/opt/ros/humble LD_LIBRARY_PATH=/home/rudra/custom_flightmode/install/px4_ros2_cpp/lib:/home/rudra/custom_flightmode/install/px4_msgs/lib:${LD_LIBRARY_PATH} PYTHONPATH=/home/rudra/custom_flightmode/install/px4_msgs/local/lib/python3.10/dist-packages:${PYTHONPATH} /usr/bin/cmake --install /home/rudra/custom_flightmode/build/example_mode_goto_global_cpp
[2.625s] Level 1:colcon.colcon_core.environment:checking '/home/rudra/custom_flightmode/install/example_mode_goto_global_cpp' for CMake config files
[2.626s] Level 1:colcon.colcon_core.shell:create_environment_hook('example_mode_goto_global_cpp', 'cmake_prefix_path')
[2.626s] INFO:colcon.colcon_core.shell:Creating environment hook '/home/rudra/custom_flightmode/install/example_mode_goto_global_cpp/share/example_mode_goto_global_cpp/hook/cmake_prefix_path.ps1'
[2.626s] INFO:colcon.colcon_core.shell:Creating environment descriptor '/home/rudra/custom_flightmode/install/example_mode_goto_global_cpp/share/example_mode_goto_global_cpp/hook/cmake_prefix_path.dsv'
[2.627s] INFO:colcon.colcon_core.shell:Creating environment hook '/home/rudra/custom_flightmode/install/example_mode_goto_global_cpp/share/example_mode_goto_global_cpp/hook/cmake_prefix_path.sh'
[2.627s] Level 1:colcon.colcon_core.environment:checking '/home/rudra/custom_flightmode/install/example_mode_goto_global_cpp/lib'
[2.627s] Level 1:colcon.colcon_core.environment:checking '/home/rudra/custom_flightmode/install/example_mode_goto_global_cpp/bin'
[2.627s] Level 1:colcon.colcon_core.environment:checking '/home/rudra/custom_flightmode/install/example_mode_goto_global_cpp/lib/pkgconfig/example_mode_goto_global_cpp.pc'
[2.627s] Level 1:colcon.colcon_core.environment:checking '/home/rudra/custom_flightmode/install/example_mode_goto_global_cpp/lib/python3.10/site-packages'
[2.627s] Level 1:colcon.colcon_core.environment:checking '/home/rudra/custom_flightmode/install/example_mode_goto_global_cpp/bin'
[2.628s] INFO:colcon.colcon_core.shell:Creating package script '/home/rudra/custom_flightmode/install/example_mode_goto_global_cpp/share/example_mode_goto_global_cpp/package.ps1'
[2.628s] INFO:colcon.colcon_core.shell:Creating package descriptor '/home/rudra/custom_flightmode/install/example_mode_goto_global_cpp/share/example_mode_goto_global_cpp/package.dsv'
[2.628s] INFO:colcon.colcon_core.shell:Creating package script '/home/rudra/custom_flightmode/install/example_mode_goto_global_cpp/share/example_mode_goto_global_cpp/package.sh'
[2.629s] INFO:colcon.colcon_core.shell:Creating package script '/home/rudra/custom_flightmode/install/example_mode_goto_global_cpp/share/example_mode_goto_global_cpp/package.bash'
[2.629s] INFO:colcon.colcon_core.shell:Creating package script '/home/rudra/custom_flightmode/install/example_mode_goto_global_cpp/share/example_mode_goto_global_cpp/package.zsh'
[2.629s] Level 1:colcon.colcon_core.environment:create_file_with_runtime_dependencies(/home/rudra/custom_flightmode/install/example_mode_goto_global_cpp/share/colcon-core/packages/example_mode_goto_global_cpp)
[2.630s] Level 1:colcon.colcon_core.environment:create_environment_scripts_only(example_mode_goto_global_cpp)
[2.630s] Level 1:colcon.colcon_core.environment:checking '/home/rudra/custom_flightmode/install/example_mode_goto_global_cpp' for CMake module files
[2.630s] Level 1:colcon.colcon_core.environment:checking '/home/rudra/custom_flightmode/install/example_mode_goto_global_cpp' for CMake config files
[2.630s] Level 1:colcon.colcon_core.shell:create_environment_hook('example_mode_goto_global_cpp', 'cmake_prefix_path')
[2.630s] INFO:colcon.colcon_core.shell:Creating environment hook '/home/rudra/custom_flightmode/install/example_mode_goto_global_cpp/share/example_mode_goto_global_cpp/hook/cmake_prefix_path.ps1'
[2.631s] INFO:colcon.colcon_core.shell:Creating environment descriptor '/home/rudra/custom_flightmode/install/example_mode_goto_global_cpp/share/example_mode_goto_global_cpp/hook/cmake_prefix_path.dsv'
[2.631s] INFO:colcon.colcon_core.shell:Creating environment hook '/home/rudra/custom_flightmode/install/example_mode_goto_global_cpp/share/example_mode_goto_global_cpp/hook/cmake_prefix_path.sh'
[2.631s] Level 1:colcon.colcon_core.environment:checking '/home/rudra/custom_flightmode/install/example_mode_goto_global_cpp/lib'
[2.632s] Level 1:colcon.colcon_core.environment:checking '/home/rudra/custom_flightmode/install/example_mode_goto_global_cpp/bin'
[2.632s] Level 1:colcon.colcon_core.environment:checking '/home/rudra/custom_flightmode/install/example_mode_goto_global_cpp/lib/pkgconfig/example_mode_goto_global_cpp.pc'
[2.632s] Level 1:colcon.colcon_core.environment:checking '/home/rudra/custom_flightmode/install/example_mode_goto_global_cpp/lib/python3.10/site-packages'
[2.632s] Level 1:colcon.colcon_core.environment:checking '/home/rudra/custom_flightmode/install/example_mode_goto_global_cpp/bin'
[2.632s] INFO:colcon.colcon_core.shell:Creating package script '/home/rudra/custom_flightmode/install/example_mode_goto_global_cpp/share/example_mode_goto_global_cpp/package.ps1'
[2.633s] INFO:colcon.colcon_core.shell:Creating package descriptor '/home/rudra/custom_flightmode/install/example_mode_goto_global_cpp/share/example_mode_goto_global_cpp/package.dsv'
[2.633s] INFO:colcon.colcon_core.shell:Creating package script '/home/rudra/custom_flightmode/install/example_mode_goto_global_cpp/share/example_mode_goto_global_cpp/package.sh'
[2.633s] INFO:colcon.colcon_core.shell:Creating package script '/home/rudra/custom_flightmode/install/example_mode_goto_global_cpp/share/example_mode_goto_global_cpp/package.bash'
[2.634s] INFO:colcon.colcon_core.shell:Creating package script '/home/rudra/custom_flightmode/install/example_mode_goto_global_cpp/share/example_mode_goto_global_cpp/package.zsh'
[2.634s] Level 1:colcon.colcon_core.environment:create_file_with_runtime_dependencies(/home/rudra/custom_flightmode/install/example_mode_goto_global_cpp/share/colcon-core/packages/example_mode_goto_global_cpp)
[2.635s] Level 1:colcon.colcon_core.environment:create_environment_scripts_only(example_mode_mission_cpp)
[2.635s] Level 1:colcon.colcon_core.environment:checking '/home/rudra/custom_flightmode/install/example_mode_mission_cpp' for CMake module files
[2.635s] DEBUG:colcon.colcon_core.event_handler.log_command:Invoked command in '/home/rudra/custom_flightmode/build/example_mode_mission_cpp' returned '0': AMENT_PREFIX_PATH=/home/rudra/custom_flightmode/install/px4_ros2_cpp:/home/rudra/custom_flightmode/install/px4_msgs:${AMENT_PREFIX_PATH} CMAKE_PREFIX_PATH=/home/rudra/custom_flightmode/install/px4_ros2_cpp:/home/rudra/custom_flightmode/install/px4_msgs:/home/rudra/ros2_ws/install/talker_listener:/home/rudra/ros2_ws/install/first_pkg:/opt/ros/humble LD_LIBRARY_PATH=/home/rudra/custom_flightmode/install/px4_ros2_cpp/lib:/home/rudra/custom_flightmode/install/px4_msgs/lib:${LD_LIBRARY_PATH} PYTHONPATH=/home/rudra/custom_flightmode/install/px4_msgs/local/lib/python3.10/dist-packages:${PYTHONPATH} /usr/bin/cmake --install /home/rudra/custom_flightmode/build/example_mode_mission_cpp
[2.636s] Level 1:colcon.colcon_core.environment:checking '/home/rudra/custom_flightmode/install/example_mode_mission_cpp' for CMake config files
[2.637s] Level 1:colcon.colcon_core.shell:create_environment_hook('example_mode_mission_cpp', 'cmake_prefix_path')
[2.637s] INFO:colcon.colcon_core.shell:Creating environment hook '/home/rudra/custom_flightmode/install/example_mode_mission_cpp/share/example_mode_mission_cpp/hook/cmake_prefix_path.ps1'
[2.637s] INFO:colcon.colcon_core.shell:Creating environment descriptor '/home/rudra/custom_flightmode/install/example_mode_mission_cpp/share/example_mode_mission_cpp/hook/cmake_prefix_path.dsv'
[2.638s] INFO:colcon.colcon_core.shell:Creating environment hook '/home/rudra/custom_flightmode/install/example_mode_mission_cpp/share/example_mode_mission_cpp/hook/cmake_prefix_path.sh'
[2.638s] Level 1:colcon.colcon_core.environment:checking '/home/rudra/custom_flightmode/install/example_mode_mission_cpp/lib'
[2.638s] Level 1:colcon.colcon_core.environment:checking '/home/rudra/custom_flightmode/install/example_mode_mission_cpp/bin'
[2.638s] Level 1:colcon.colcon_core.environment:checking '/home/rudra/custom_flightmode/install/example_mode_mission_cpp/lib/pkgconfig/example_mode_mission_cpp.pc'
[2.638s] Level 1:colcon.colcon_core.environment:checking '/home/rudra/custom_flightmode/install/example_mode_mission_cpp/lib/python3.10/site-packages'
[2.639s] Level 1:colcon.colcon_core.environment:checking '/home/rudra/custom_flightmode/install/example_mode_mission_cpp/bin'
[2.639s] INFO:colcon.colcon_core.shell:Creating package script '/home/rudra/custom_flightmode/install/example_mode_mission_cpp/share/example_mode_mission_cpp/package.ps1'
[2.639s] INFO:colcon.colcon_core.shell:Creating package descriptor '/home/rudra/custom_flightmode/install/example_mode_mission_cpp/share/example_mode_mission_cpp/package.dsv'
[2.639s] INFO:colcon.colcon_core.shell:Creating package script '/home/rudra/custom_flightmode/install/example_mode_mission_cpp/share/example_mode_mission_cpp/package.sh'
[2.640s] INFO:colcon.colcon_core.shell:Creating package script '/home/rudra/custom_flightmode/install/example_mode_mission_cpp/share/example_mode_mission_cpp/package.bash'
[2.640s] INFO:colcon.colcon_core.shell:Creating package script '/home/rudra/custom_flightmode/install/example_mode_mission_cpp/share/example_mode_mission_cpp/package.zsh'
[2.640s] Level 1:colcon.colcon_core.environment:create_file_with_runtime_dependencies(/home/rudra/custom_flightmode/install/example_mode_mission_cpp/share/colcon-core/packages/example_mode_mission_cpp)
[2.641s] Level 1:colcon.colcon_core.environment:create_environment_scripts_only(example_mode_mission_cpp)
[2.641s] Level 1:colcon.colcon_core.environment:checking '/home/rudra/custom_flightmode/install/example_mode_mission_cpp' for CMake module files
[2.641s] Level 1:colcon.colcon_core.environment:checking '/home/rudra/custom_flightmode/install/example_mode_mission_cpp' for CMake config files
[2.641s] Level 1:colcon.colcon_core.shell:create_environment_hook('example_mode_mission_cpp', 'cmake_prefix_path')
[2.641s] INFO:colcon.colcon_core.shell:Creating environment hook '/home/rudra/custom_flightmode/install/example_mode_mission_cpp/share/example_mode_mission_cpp/hook/cmake_prefix_path.ps1'
[2.642s] INFO:colcon.colcon_core.shell:Creating environment descriptor '/home/rudra/custom_flightmode/install/example_mode_mission_cpp/share/example_mode_mission_cpp/hook/cmake_prefix_path.dsv'
[2.642s] INFO:colcon.colcon_core.shell:Creating environment hook '/home/rudra/custom_flightmode/install/example_mode_mission_cpp/share/example_mode_mission_cpp/hook/cmake_prefix_path.sh'
[2.642s] Level 1:colcon.colcon_core.environment:checking '/home/rudra/custom_flightmode/install/example_mode_mission_cpp/lib'
[2.643s] Level 1:colcon.colcon_core.environment:checking '/home/rudra/custom_flightmode/install/example_mode_mission_cpp/bin'
[2.643s] Level 1:colcon.colcon_core.environment:checking '/home/rudra/custom_flightmode/install/example_mode_mission_cpp/lib/pkgconfig/example_mode_mission_cpp.pc'
[2.643s] Level 1:colcon.colcon_core.environment:checking '/home/rudra/custom_flightmode/install/example_mode_mission_cpp/lib/python3.10/site-packages'
[2.643s] Level 1:colcon.colcon_core.environment:checking '/home/rudra/custom_flightmode/install/example_mode_mission_cpp/bin'
[2.643s] INFO:colcon.colcon_core.shell:Creating package script '/home/rudra/custom_flightmode/install/example_mode_mission_cpp/share/example_mode_mission_cpp/package.ps1'
[2.644s] INFO:colcon.colcon_core.shell:Creating package descriptor '/home/rudra/custom_flightmode/install/example_mode_mission_cpp/share/example_mode_mission_cpp/package.dsv'
[2.644s] INFO:colcon.colcon_core.shell:Creating package script '/home/rudra/custom_flightmode/install/example_mode_mission_cpp/share/example_mode_mission_cpp/package.sh'
[2.644s] INFO:colcon.colcon_core.shell:Creating package script '/home/rudra/custom_flightmode/install/example_mode_mission_cpp/share/example_mode_mission_cpp/package.bash'
[2.645s] INFO:colcon.colcon_core.shell:Creating package script '/home/rudra/custom_flightmode/install/example_mode_mission_cpp/share/example_mode_mission_cpp/package.zsh'
[2.645s] Level 1:colcon.colcon_core.environment:create_file_with_runtime_dependencies(/home/rudra/custom_flightmode/install/example_mode_mission_cpp/share/colcon-core/packages/example_mode_mission_cpp)
[2.647s] Level 1:colcon.colcon_core.environment:create_environment_scripts_only(example_mode_rtl_replacement_cpp)
[2.648s] Level 1:colcon.colcon_core.environment:checking '/home/rudra/custom_flightmode/install/example_mode_rtl_replacement_cpp' for CMake module files
[2.648s] DEBUG:colcon.colcon_core.event_handler.log_command:Invoking command in '/home/rudra/custom_flightmode/build/example_mode_with_executor_cpp': AMENT_PREFIX_PATH=/home/rudra/custom_flightmode/install/px4_ros2_cpp:/home/rudra/custom_flightmode/install/px4_msgs:${AMENT_PREFIX_PATH} CMAKE_PREFIX_PATH=/home/rudra/custom_flightmode/install/px4_ros2_cpp:/home/rudra/custom_flightmode/install/px4_msgs:/home/rudra/ros2_ws/install/talker_listener:/home/rudra/ros2_ws/install/first_pkg:/opt/ros/humble LD_LIBRARY_PATH=/home/rudra/custom_flightmode/install/px4_ros2_cpp/lib:/home/rudra/custom_flightmode/install/px4_msgs/lib:${LD_LIBRARY_PATH} PYTHONPATH=/home/rudra/custom_flightmode/install/px4_msgs/local/lib/python3.10/dist-packages:${PYTHONPATH} /usr/bin/cmake --build /home/rudra/custom_flightmode/build/example_mode_with_executor_cpp -- -j12 -l12
[2.648s] DEBUG:colcon.colcon_core.event_handler.log_command:Invoked command in '/home/rudra/custom_flightmode/build/example_mode_rtl_replacement_cpp' returned '0': AMENT_PREFIX_PATH=/home/rudra/custom_flightmode/install/px4_ros2_cpp:/home/rudra/custom_flightmode/install/px4_msgs:${AMENT_PREFIX_PATH} CMAKE_PREFIX_PATH=/home/rudra/custom_flightmode/install/px4_ros2_cpp:/home/rudra/custom_flightmode/install/px4_msgs:/home/rudra/ros2_ws/install/talker_listener:/home/rudra/ros2_ws/install/first_pkg:/opt/ros/humble LD_LIBRARY_PATH=/home/rudra/custom_flightmode/install/px4_ros2_cpp/lib:/home/rudra/custom_flightmode/install/px4_msgs/lib:${LD_LIBRARY_PATH} PYTHONPATH=/home/rudra/custom_flightmode/install/px4_msgs/local/lib/python3.10/dist-packages:${PYTHONPATH} /usr/bin/cmake --install /home/rudra/custom_flightmode/build/example_mode_rtl_replacement_cpp
[2.649s] Level 1:colcon.colcon_core.environment:checking '/home/rudra/custom_flightmode/install/example_mode_rtl_replacement_cpp' for CMake config files
[2.649s] Level 1:colcon.colcon_core.shell:create_environment_hook('example_mode_rtl_replacement_cpp', 'cmake_prefix_path')
[2.649s] INFO:colcon.colcon_core.shell:Creating environment hook '/home/rudra/custom_flightmode/install/example_mode_rtl_replacement_cpp/share/example_mode_rtl_replacement_cpp/hook/cmake_prefix_path.ps1'
[2.649s] INFO:colcon.colcon_core.shell:Creating environment descriptor '/home/rudra/custom_flightmode/install/example_mode_rtl_replacement_cpp/share/example_mode_rtl_replacement_cpp/hook/cmake_prefix_path.dsv'
[2.649s] INFO:colcon.colcon_core.shell:Creating environment hook '/home/rudra/custom_flightmode/install/example_mode_rtl_replacement_cpp/share/example_mode_rtl_replacement_cpp/hook/cmake_prefix_path.sh'
[2.650s] Level 1:colcon.colcon_core.environment:checking '/home/rudra/custom_flightmode/install/example_mode_rtl_replacement_cpp/lib'
[2.650s] Level 1:colcon.colcon_core.environment:checking '/home/rudra/custom_flightmode/install/example_mode_rtl_replacement_cpp/bin'
[2.650s] Level 1:colcon.colcon_core.environment:checking '/home/rudra/custom_flightmode/install/example_mode_rtl_replacement_cpp/lib/pkgconfig/example_mode_rtl_replacement_cpp.pc'
[2.650s] Level 1:colcon.colcon_core.environment:checking '/home/rudra/custom_flightmode/install/example_mode_rtl_replacement_cpp/lib/python3.10/site-packages'
[2.650s] Level 1:colcon.colcon_core.environment:checking '/home/rudra/custom_flightmode/install/example_mode_rtl_replacement_cpp/bin'
[2.651s] INFO:colcon.colcon_core.shell:Creating package script '/home/rudra/custom_flightmode/install/example_mode_rtl_replacement_cpp/share/example_mode_rtl_replacement_cpp/package.ps1'
[2.651s] INFO:colcon.colcon_core.shell:Creating package descriptor '/home/rudra/custom_flightmode/install/example_mode_rtl_replacement_cpp/share/example_mode_rtl_replacement_cpp/package.dsv'
[2.651s] INFO:colcon.colcon_core.shell:Creating package script '/home/rudra/custom_flightmode/install/example_mode_rtl_replacement_cpp/share/example_mode_rtl_replacement_cpp/package.sh'
[2.652s] INFO:colcon.colcon_core.shell:Creating package script '/home/rudra/custom_flightmode/install/example_mode_rtl_replacement_cpp/share/example_mode_rtl_replacement_cpp/package.bash'
[2.652s] INFO:colcon.colcon_core.shell:Creating package script '/home/rudra/custom_flightmode/install/example_mode_rtl_replacement_cpp/share/example_mode_rtl_replacement_cpp/package.zsh'
[2.652s] Level 1:colcon.colcon_core.environment:create_file_with_runtime_dependencies(/home/rudra/custom_flightmode/install/example_mode_rtl_replacement_cpp/share/colcon-core/packages/example_mode_rtl_replacement_cpp)
[2.652s] Level 1:colcon.colcon_core.environment:create_environment_scripts_only(example_mode_rtl_replacement_cpp)
[2.653s] Level 1:colcon.colcon_core.environment:checking '/home/rudra/custom_flightmode/install/example_mode_rtl_replacement_cpp' for CMake module files
[2.653s] Level 1:colcon.colcon_core.environment:checking '/home/rudra/custom_flightmode/install/example_mode_rtl_replacement_cpp' for CMake config files
[2.653s] Level 1:colcon.colcon_core.shell:create_environment_hook('example_mode_rtl_replacement_cpp', 'cmake_prefix_path')
[2.653s] INFO:colcon.colcon_core.shell:Creating environment hook '/home/rudra/custom_flightmode/install/example_mode_rtl_replacement_cpp/share/example_mode_rtl_replacement_cpp/hook/cmake_prefix_path.ps1'
[2.654s] INFO:colcon.colcon_core.shell:Creating environment descriptor '/home/rudra/custom_flightmode/install/example_mode_rtl_replacement_cpp/share/example_mode_rtl_replacement_cpp/hook/cmake_prefix_path.dsv'
[2.654s] INFO:colcon.colcon_core.shell:Creating environment hook '/home/rudra/custom_flightmode/install/example_mode_rtl_replacement_cpp/share/example_mode_rtl_replacement_cpp/hook/cmake_prefix_path.sh'
[2.654s] Level 1:colcon.colcon_core.environment:checking '/home/rudra/custom_flightmode/install/example_mode_rtl_replacement_cpp/lib'
[2.654s] Level 1:colcon.colcon_core.environment:checking '/home/rudra/custom_flightmode/install/example_mode_rtl_replacement_cpp/bin'
[2.654s] Level 1:colcon.colcon_core.environment:checking '/home/rudra/custom_flightmode/install/example_mode_rtl_replacement_cpp/lib/pkgconfig/example_mode_rtl_replacement_cpp.pc'
[2.654s] Level 1:colcon.colcon_core.environment:checking '/home/rudra/custom_flightmode/install/example_mode_rtl_replacement_cpp/lib/python3.10/site-packages'
[2.655s] Level 1:colcon.colcon_core.environment:checking '/home/rudra/custom_flightmode/install/example_mode_rtl_replacement_cpp/bin'
[2.655s] INFO:colcon.colcon_core.shell:Creating package script '/home/rudra/custom_flightmode/install/example_mode_rtl_replacement_cpp/share/example_mode_rtl_replacement_cpp/package.ps1'
[2.655s] INFO:colcon.colcon_core.shell:Creating package descriptor '/home/rudra/custom_flightmode/install/example_mode_rtl_replacement_cpp/share/example_mode_rtl_replacement_cpp/package.dsv'
[2.656s] INFO:colcon.colcon_core.shell:Creating package script '/home/rudra/custom_flightmode/install/example_mode_rtl_replacement_cpp/share/example_mode_rtl_replacement_cpp/package.sh'
[2.656s] INFO:colcon.colcon_core.shell:Creating package script '/home/rudra/custom_flightmode/install/example_mode_rtl_replacement_cpp/share/example_mode_rtl_replacement_cpp/package.bash'
[2.656s] INFO:colcon.colcon_core.shell:Creating package script '/home/rudra/custom_flightmode/install/example_mode_rtl_replacement_cpp/share/example_mode_rtl_replacement_cpp/package.zsh'
[2.657s] Level 1:colcon.colcon_core.environment:create_file_with_runtime_dependencies(/home/rudra/custom_flightmode/install/example_mode_rtl_replacement_cpp/share/colcon-core/packages/example_mode_rtl_replacement_cpp)
[2.657s] Level 1:colcon.colcon_core.environment:create_environment_scripts_only(example_mode_vtol_cpp)
[2.657s] Level 1:colcon.colcon_core.environment:checking '/home/rudra/custom_flightmode/install/example_mode_vtol_cpp' for CMake module files
[2.658s] DEBUG:colcon.colcon_core.event_handler.log_command:Invoked command in '/home/rudra/custom_flightmode/build/example_mode_vtol_cpp' returned '0': AMENT_PREFIX_PATH=/home/rudra/custom_flightmode/install/px4_ros2_cpp:/home/rudra/custom_flightmode/install/px4_msgs:${AMENT_PREFIX_PATH} CMAKE_PREFIX_PATH=/home/rudra/custom_flightmode/install/px4_ros2_cpp:/home/rudra/custom_flightmode/install/px4_msgs:/home/rudra/ros2_ws/install/talker_listener:/home/rudra/ros2_ws/install/first_pkg:/opt/ros/humble LD_LIBRARY_PATH=/home/rudra/custom_flightmode/install/px4_ros2_cpp/lib:/home/rudra/custom_flightmode/install/px4_msgs/lib:${LD_LIBRARY_PATH} PYTHONPATH=/home/rudra/custom_flightmode/install/px4_msgs/local/lib/python3.10/dist-packages:${PYTHONPATH} /usr/bin/cmake --install /home/rudra/custom_flightmode/build/example_mode_vtol_cpp
[2.658s] Level 1:colcon.colcon_core.environment:checking '/home/rudra/custom_flightmode/install/example_mode_vtol_cpp' for CMake config files
[2.658s] Level 1:colcon.colcon_core.shell:create_environment_hook('example_mode_vtol_cpp', 'cmake_prefix_path')
[2.658s] INFO:colcon.colcon_core.shell:Creating environment hook '/home/rudra/custom_flightmode/install/example_mode_vtol_cpp/share/example_mode_vtol_cpp/hook/cmake_prefix_path.ps1'
[2.658s] INFO:colcon.colcon_core.shell:Creating environment descriptor '/home/rudra/custom_flightmode/install/example_mode_vtol_cpp/share/example_mode_vtol_cpp/hook/cmake_prefix_path.dsv'
[2.659s] INFO:colcon.colcon_core.shell:Creating environment hook '/home/rudra/custom_flightmode/install/example_mode_vtol_cpp/share/example_mode_vtol_cpp/hook/cmake_prefix_path.sh'
[2.659s] Level 1:colcon.colcon_core.environment:checking '/home/rudra/custom_flightmode/install/example_mode_vtol_cpp/lib'
[2.659s] Level 1:colcon.colcon_core.environment:checking '/home/rudra/custom_flightmode/install/example_mode_vtol_cpp/bin'
[2.659s] Level 1:colcon.colcon_core.environment:checking '/home/rudra/custom_flightmode/install/example_mode_vtol_cpp/lib/pkgconfig/example_mode_vtol_cpp.pc'
[2.659s] Level 1:colcon.colcon_core.environment:checking '/home/rudra/custom_flightmode/install/example_mode_vtol_cpp/lib/python3.10/site-packages'
[2.660s] Level 1:colcon.colcon_core.environment:checking '/home/rudra/custom_flightmode/install/example_mode_vtol_cpp/bin'
[2.660s] INFO:colcon.colcon_core.shell:Creating package script '/home/rudra/custom_flightmode/install/example_mode_vtol_cpp/share/example_mode_vtol_cpp/package.ps1'
[2.660s] INFO:colcon.colcon_core.shell:Creating package descriptor '/home/rudra/custom_flightmode/install/example_mode_vtol_cpp/share/example_mode_vtol_cpp/package.dsv'
[2.660s] INFO:colcon.colcon_core.shell:Creating package script '/home/rudra/custom_flightmode/install/example_mode_vtol_cpp/share/example_mode_vtol_cpp/package.sh'
[2.661s] INFO:colcon.colcon_core.shell:Creating package script '/home/rudra/custom_flightmode/install/example_mode_vtol_cpp/share/example_mode_vtol_cpp/package.bash'
[2.661s] INFO:colcon.colcon_core.shell:Creating package script '/home/rudra/custom_flightmode/install/example_mode_vtol_cpp/share/example_mode_vtol_cpp/package.zsh'
[2.661s] Level 1:colcon.colcon_core.environment:create_file_with_runtime_dependencies(/home/rudra/custom_flightmode/install/example_mode_vtol_cpp/share/colcon-core/packages/example_mode_vtol_cpp)
[2.662s] Level 1:colcon.colcon_core.environment:create_environment_scripts_only(example_mode_vtol_cpp)
[2.662s] Level 1:colcon.colcon_core.environment:checking '/home/rudra/custom_flightmode/install/example_mode_vtol_cpp' for CMake module files
[2.662s] Level 1:colcon.colcon_core.environment:checking '/home/rudra/custom_flightmode/install/example_mode_vtol_cpp' for CMake config files
[2.662s] Level 1:colcon.colcon_core.shell:create_environment_hook('example_mode_vtol_cpp', 'cmake_prefix_path')
[2.662s] INFO:colcon.colcon_core.shell:Creating environment hook '/home/rudra/custom_flightmode/install/example_mode_vtol_cpp/share/example_mode_vtol_cpp/hook/cmake_prefix_path.ps1'
[2.663s] INFO:colcon.colcon_core.shell:Creating environment descriptor '/home/rudra/custom_flightmode/install/example_mode_vtol_cpp/share/example_mode_vtol_cpp/hook/cmake_prefix_path.dsv'
[2.663s] INFO:colcon.colcon_core.shell:Creating environment hook '/home/rudra/custom_flightmode/install/example_mode_vtol_cpp/share/example_mode_vtol_cpp/hook/cmake_prefix_path.sh'
[2.663s] Level 1:colcon.colcon_core.environment:checking '/home/rudra/custom_flightmode/install/example_mode_vtol_cpp/lib'
[2.663s] Level 1:colcon.colcon_core.environment:checking '/home/rudra/custom_flightmode/install/example_mode_vtol_cpp/bin'
[2.664s] Level 1:colcon.colcon_core.environment:checking '/home/rudra/custom_flightmode/install/example_mode_vtol_cpp/lib/pkgconfig/example_mode_vtol_cpp.pc'
[2.664s] Level 1:colcon.colcon_core.environment:checking '/home/rudra/custom_flightmode/install/example_mode_vtol_cpp/lib/python3.10/site-packages'
[2.664s] Level 1:colcon.colcon_core.environment:checking '/home/rudra/custom_flightmode/install/example_mode_vtol_cpp/bin'
[2.664s] INFO:colcon.colcon_core.shell:Creating package script '/home/rudra/custom_flightmode/install/example_mode_vtol_cpp/share/example_mode_vtol_cpp/package.ps1'
[2.665s] INFO:colcon.colcon_core.shell:Creating package descriptor '/home/rudra/custom_flightmode/install/example_mode_vtol_cpp/share/example_mode_vtol_cpp/package.dsv'
[2.665s] INFO:colcon.colcon_core.shell:Creating package script '/home/rudra/custom_flightmode/install/example_mode_vtol_cpp/share/example_mode_vtol_cpp/package.sh'
[2.665s] INFO:colcon.colcon_core.shell:Creating package script '/home/rudra/custom_flightmode/install/example_mode_vtol_cpp/share/example_mode_vtol_cpp/package.bash'
[2.665s] INFO:colcon.colcon_core.shell:Creating package script '/home/rudra/custom_flightmode/install/example_mode_vtol_cpp/share/example_mode_vtol_cpp/package.zsh'
[2.666s] Level 1:colcon.colcon_core.environment:create_file_with_runtime_dependencies(/home/rudra/custom_flightmode/install/example_mode_vtol_cpp/share/colcon-core/packages/example_mode_vtol_cpp)
[2.670s] DEBUG:colcon.colcon_core.event_handler.log_command:Invoking command in '/home/rudra/custom_flightmode/build/example_rover_velocity_mode_cpp': AMENT_PREFIX_PATH=/home/rudra/custom_flightmode/install/px4_ros2_cpp:/home/rudra/custom_flightmode/install/px4_msgs:${AMENT_PREFIX_PATH} CMAKE_PREFIX_PATH=/home/rudra/custom_flightmode/install/px4_ros2_cpp:/home/rudra/custom_flightmode/install/px4_msgs:/home/rudra/ros2_ws/install/talker_listener:/home/rudra/ros2_ws/install/first_pkg:/opt/ros/humble LD_LIBRARY_PATH=/home/rudra/custom_flightmode/install/px4_ros2_cpp/lib:/home/rudra/custom_flightmode/install/px4_msgs/lib:${LD_LIBRARY_PATH} PYTHONPATH=/home/rudra/custom_flightmode/install/px4_msgs/local/lib/python3.10/dist-packages:${PYTHONPATH} /usr/bin/cmake --build /home/rudra/custom_flightmode/build/example_rover_velocity_mode_cpp -- -j12 -l12
[2.711s] DEBUG:colcon.colcon_core.event_handler.log_command:Invoked command in '/home/rudra/custom_flightmode/build/example_mode_with_executor_cpp' returned '0': AMENT_PREFIX_PATH=/home/rudra/custom_flightmode/install/px4_ros2_cpp:/home/rudra/custom_flightmode/install/px4_msgs:${AMENT_PREFIX_PATH} CMAKE_PREFIX_PATH=/home/rudra/custom_flightmode/install/px4_ros2_cpp:/home/rudra/custom_flightmode/install/px4_msgs:/home/rudra/ros2_ws/install/talker_listener:/home/rudra/ros2_ws/install/first_pkg:/opt/ros/humble LD_LIBRARY_PATH=/home/rudra/custom_flightmode/install/px4_ros2_cpp/lib:/home/rudra/custom_flightmode/install/px4_msgs/lib:${LD_LIBRARY_PATH} PYTHONPATH=/home/rudra/custom_flightmode/install/px4_msgs/local/lib/python3.10/dist-packages:${PYTHONPATH} /usr/bin/cmake --build /home/rudra/custom_flightmode/build/example_mode_with_executor_cpp -- -j12 -l12
[2.713s] DEBUG:colcon.colcon_core.event_handler.log_command:Invoking command in '/home/rudra/custom_flightmode/build/example_mode_with_executor_cpp': AMENT_PREFIX_PATH=/home/rudra/custom_flightmode/install/px4_ros2_cpp:/home/rudra/custom_flightmode/install/px4_msgs:${AMENT_PREFIX_PATH} CMAKE_PREFIX_PATH=/home/rudra/custom_flightmode/install/px4_ros2_cpp:/home/rudra/custom_flightmode/install/px4_msgs:/home/rudra/ros2_ws/install/talker_listener:/home/rudra/ros2_ws/install/first_pkg:/opt/ros/humble LD_LIBRARY_PATH=/home/rudra/custom_flightmode/install/px4_ros2_cpp/lib:/home/rudra/custom_flightmode/install/px4_msgs/lib:${LD_LIBRARY_PATH} PYTHONPATH=/home/rudra/custom_flightmode/install/px4_msgs/local/lib/python3.10/dist-packages:${PYTHONPATH} /usr/bin/cmake --install /home/rudra/custom_flightmode/build/example_mode_with_executor_cpp
[2.722s] Level 1:colcon.colcon_core.environment:create_environment_scripts_only(example_mode_with_executor_cpp)
[2.722s] Level 1:colcon.colcon_core.environment:checking '/home/rudra/custom_flightmode/install/example_mode_with_executor_cpp' for CMake module files
[2.722s] DEBUG:colcon.colcon_core.event_handler.log_command:Invoked command in '/home/rudra/custom_flightmode/build/example_mode_with_executor_cpp' returned '0': AMENT_PREFIX_PATH=/home/rudra/custom_flightmode/install/px4_ros2_cpp:/home/rudra/custom_flightmode/install/px4_msgs:${AMENT_PREFIX_PATH} CMAKE_PREFIX_PATH=/home/rudra/custom_flightmode/install/px4_ros2_cpp:/home/rudra/custom_flightmode/install/px4_msgs:/home/rudra/ros2_ws/install/talker_listener:/home/rudra/ros2_ws/install/first_pkg:/opt/ros/humble LD_LIBRARY_PATH=/home/rudra/custom_flightmode/install/px4_ros2_cpp/lib:/home/rudra/custom_flightmode/install/px4_msgs/lib:${LD_LIBRARY_PATH} PYTHONPATH=/home/rudra/custom_flightmode/install/px4_msgs/local/lib/python3.10/dist-packages:${PYTHONPATH} /usr/bin/cmake --install /home/rudra/custom_flightmode/build/example_mode_with_executor_cpp
[2.723s] Level 1:colcon.colcon_core.environment:checking '/home/rudra/custom_flightmode/install/example_mode_with_executor_cpp' for CMake config files
[2.723s] Level 1:colcon.colcon_core.shell:create_environment_hook('example_mode_with_executor_cpp', 'cmake_prefix_path')
[2.723s] INFO:colcon.colcon_core.shell:Creating environment hook '/home/rudra/custom_flightmode/install/example_mode_with_executor_cpp/share/example_mode_with_executor_cpp/hook/cmake_prefix_path.ps1'
[2.724s] INFO:colcon.colcon_core.shell:Creating environment descriptor '/home/rudra/custom_flightmode/install/example_mode_with_executor_cpp/share/example_mode_with_executor_cpp/hook/cmake_prefix_path.dsv'
[2.724s] INFO:colcon.colcon_core.shell:Creating environment hook '/home/rudra/custom_flightmode/install/example_mode_with_executor_cpp/share/example_mode_with_executor_cpp/hook/cmake_prefix_path.sh'
[2.725s] Level 1:colcon.colcon_core.environment:checking '/home/rudra/custom_flightmode/install/example_mode_with_executor_cpp/lib'
[2.725s] Level 1:colcon.colcon_core.environment:checking '/home/rudra/custom_flightmode/install/example_mode_with_executor_cpp/bin'
[2.725s] Level 1:colcon.colcon_core.environment:checking '/home/rudra/custom_flightmode/install/example_mode_with_executor_cpp/lib/pkgconfig/example_mode_with_executor_cpp.pc'
[2.725s] Level 1:colcon.colcon_core.environment:checking '/home/rudra/custom_flightmode/install/example_mode_with_executor_cpp/lib/python3.10/site-packages'
[2.725s] Level 1:colcon.colcon_core.environment:checking '/home/rudra/custom_flightmode/install/example_mode_with_executor_cpp/bin'
[2.725s] INFO:colcon.colcon_core.shell:Creating package script '/home/rudra/custom_flightmode/install/example_mode_with_executor_cpp/share/example_mode_with_executor_cpp/package.ps1'
[2.726s] INFO:colcon.colcon_core.shell:Creating package descriptor '/home/rudra/custom_flightmode/install/example_mode_with_executor_cpp/share/example_mode_with_executor_cpp/package.dsv'
[2.726s] INFO:colcon.colcon_core.shell:Creating package script '/home/rudra/custom_flightmode/install/example_mode_with_executor_cpp/share/example_mode_with_executor_cpp/package.sh'
[2.726s] INFO:colcon.colcon_core.shell:Creating package script '/home/rudra/custom_flightmode/install/example_mode_with_executor_cpp/share/example_mode_with_executor_cpp/package.bash'
[2.727s] INFO:colcon.colcon_core.shell:Creating package script '/home/rudra/custom_flightmode/install/example_mode_with_executor_cpp/share/example_mode_with_executor_cpp/package.zsh'
[2.727s] Level 1:colcon.colcon_core.environment:create_file_with_runtime_dependencies(/home/rudra/custom_flightmode/install/example_mode_with_executor_cpp/share/colcon-core/packages/example_mode_with_executor_cpp)
[2.727s] Level 1:colcon.colcon_core.environment:create_environment_scripts_only(example_mode_with_executor_cpp)
[2.728s] Level 1:colcon.colcon_core.environment:checking '/home/rudra/custom_flightmode/install/example_mode_with_executor_cpp' for CMake module files
[2.728s] Level 1:colcon.colcon_core.environment:checking '/home/rudra/custom_flightmode/install/example_mode_with_executor_cpp' for CMake config files
[2.728s] Level 1:colcon.colcon_core.shell:create_environment_hook('example_mode_with_executor_cpp', 'cmake_prefix_path')
[2.728s] INFO:colcon.colcon_core.shell:Creating environment hook '/home/rudra/custom_flightmode/install/example_mode_with_executor_cpp/share/example_mode_with_executor_cpp/hook/cmake_prefix_path.ps1'
[2.728s] INFO:colcon.colcon_core.shell:Creating environment descriptor '/home/rudra/custom_flightmode/install/example_mode_with_executor_cpp/share/example_mode_with_executor_cpp/hook/cmake_prefix_path.dsv'
[2.729s] INFO:colcon.colcon_core.shell:Creating environment hook '/home/rudra/custom_flightmode/install/example_mode_with_executor_cpp/share/example_mode_with_executor_cpp/hook/cmake_prefix_path.sh'
[2.729s] Level 1:colcon.colcon_core.environment:checking '/home/rudra/custom_flightmode/install/example_mode_with_executor_cpp/lib'
[2.729s] Level 1:colcon.colcon_core.environment:checking '/home/rudra/custom_flightmode/install/example_mode_with_executor_cpp/bin'
[2.729s] Level 1:colcon.colcon_core.environment:checking '/home/rudra/custom_flightmode/install/example_mode_with_executor_cpp/lib/pkgconfig/example_mode_with_executor_cpp.pc'
[2.729s] Level 1:colcon.colcon_core.environment:checking '/home/rudra/custom_flightmode/install/example_mode_with_executor_cpp/lib/python3.10/site-packages'
[2.730s] Level 1:colcon.colcon_core.environment:checking '/home/rudra/custom_flightmode/install/example_mode_with_executor_cpp/bin'
[2.730s] INFO:colcon.colcon_core.shell:Creating package script '/home/rudra/custom_flightmode/install/example_mode_with_executor_cpp/share/example_mode_with_executor_cpp/package.ps1'
[2.730s] INFO:colcon.colcon_core.shell:Creating package descriptor '/home/rudra/custom_flightmode/install/example_mode_with_executor_cpp/share/example_mode_with_executor_cpp/package.dsv'
[2.731s] INFO:colcon.colcon_core.shell:Creating package script '/home/rudra/custom_flightmode/install/example_mode_with_executor_cpp/share/example_mode_with_executor_cpp/package.sh'
[2.731s] INFO:colcon.colcon_core.shell:Creating package script '/home/rudra/custom_flightmode/install/example_mode_with_executor_cpp/share/example_mode_with_executor_cpp/package.bash'
[2.731s] INFO:colcon.colcon_core.shell:Creating package script '/home/rudra/custom_flightmode/install/example_mode_with_executor_cpp/share/example_mode_with_executor_cpp/package.zsh'
[2.732s] Level 1:colcon.colcon_core.environment:create_file_with_runtime_dependencies(/home/rudra/custom_flightmode/install/example_mode_with_executor_cpp/share/colcon-core/packages/example_mode_with_executor_cpp)
[2.733s] DEBUG:colcon.colcon_core.event_handler.log_command:Invoked command in '/home/rudra/custom_flightmode/build/example_rover_velocity_mode_cpp' returned '0': AMENT_PREFIX_PATH=/home/rudra/custom_flightmode/install/px4_ros2_cpp:/home/rudra/custom_flightmode/install/px4_msgs:${AMENT_PREFIX_PATH} CMAKE_PREFIX_PATH=/home/rudra/custom_flightmode/install/px4_ros2_cpp:/home/rudra/custom_flightmode/install/px4_msgs:/home/rudra/ros2_ws/install/talker_listener:/home/rudra/ros2_ws/install/first_pkg:/opt/ros/humble LD_LIBRARY_PATH=/home/rudra/custom_flightmode/install/px4_ros2_cpp/lib:/home/rudra/custom_flightmode/install/px4_msgs/lib:${LD_LIBRARY_PATH} PYTHONPATH=/home/rudra/custom_flightmode/install/px4_msgs/local/lib/python3.10/dist-packages:${PYTHONPATH} /usr/bin/cmake --build /home/rudra/custom_flightmode/build/example_rover_velocity_mode_cpp -- -j12 -l12
[2.734s] DEBUG:colcon.colcon_core.event_handler.log_command:Invoking command in '/home/rudra/custom_flightmode/build/example_rover_velocity_mode_cpp': AMENT_PREFIX_PATH=/home/rudra/custom_flightmode/install/px4_ros2_cpp:/home/rudra/custom_flightmode/install/px4_msgs:${AMENT_PREFIX_PATH} CMAKE_PREFIX_PATH=/home/rudra/custom_flightmode/install/px4_ros2_cpp:/home/rudra/custom_flightmode/install/px4_msgs:/home/rudra/ros2_ws/install/talker_listener:/home/rudra/ros2_ws/install/first_pkg:/opt/ros/humble LD_LIBRARY_PATH=/home/rudra/custom_flightmode/install/px4_ros2_cpp/lib:/home/rudra/custom_flightmode/install/px4_msgs/lib:${LD_LIBRARY_PATH} PYTHONPATH=/home/rudra/custom_flightmode/install/px4_msgs/local/lib/python3.10/dist-packages:${PYTHONPATH} /usr/bin/cmake --install /home/rudra/custom_flightmode/build/example_rover_velocity_mode_cpp
[2.743s] Level 1:colcon.colcon_core.environment:create_environment_scripts_only(example_rover_velocity_mode_cpp)
[2.743s] Level 1:colcon.colcon_core.environment:checking '/home/rudra/custom_flightmode/install/example_rover_velocity_mode_cpp' for CMake module files
[2.744s] DEBUG:colcon.colcon_core.event_handler.log_command:Invoked command in '/home/rudra/custom_flightmode/build/example_rover_velocity_mode_cpp' returned '0': AMENT_PREFIX_PATH=/home/rudra/custom_flightmode/install/px4_ros2_cpp:/home/rudra/custom_flightmode/install/px4_msgs:${AMENT_PREFIX_PATH} CMAKE_PREFIX_PATH=/home/rudra/custom_flightmode/install/px4_ros2_cpp:/home/rudra/custom_flightmode/install/px4_msgs:/home/rudra/ros2_ws/install/talker_listener:/home/rudra/ros2_ws/install/first_pkg:/opt/ros/humble LD_LIBRARY_PATH=/home/rudra/custom_flightmode/install/px4_ros2_cpp/lib:/home/rudra/custom_flightmode/install/px4_msgs/lib:${LD_LIBRARY_PATH} PYTHONPATH=/home/rudra/custom_flightmode/install/px4_msgs/local/lib/python3.10/dist-packages:${PYTHONPATH} /usr/bin/cmake --install /home/rudra/custom_flightmode/build/example_rover_velocity_mode_cpp
[2.744s] Level 1:colcon.colcon_core.environment:checking '/home/rudra/custom_flightmode/install/example_rover_velocity_mode_cpp' for CMake config files
[2.744s] Level 1:colcon.colcon_core.shell:create_environment_hook('example_rover_velocity_mode_cpp', 'cmake_prefix_path')
[2.745s] INFO:colcon.colcon_core.shell:Creating environment hook '/home/rudra/custom_flightmode/install/example_rover_velocity_mode_cpp/share/example_rover_velocity_mode_cpp/hook/cmake_prefix_path.ps1'
[2.745s] INFO:colcon.colcon_core.shell:Creating environment descriptor '/home/rudra/custom_flightmode/install/example_rover_velocity_mode_cpp/share/example_rover_velocity_mode_cpp/hook/cmake_prefix_path.dsv'
[2.745s] INFO:colcon.colcon_core.shell:Creating environment hook '/home/rudra/custom_flightmode/install/example_rover_velocity_mode_cpp/share/example_rover_velocity_mode_cpp/hook/cmake_prefix_path.sh'
[2.746s] Level 1:colcon.colcon_core.environment:checking '/home/rudra/custom_flightmode/install/example_rover_velocity_mode_cpp/lib'
[2.746s] Level 1:colcon.colcon_core.environment:checking '/home/rudra/custom_flightmode/install/example_rover_velocity_mode_cpp/bin'
[2.746s] Level 1:colcon.colcon_core.environment:checking '/home/rudra/custom_flightmode/install/example_rover_velocity_mode_cpp/lib/pkgconfig/example_rover_velocity_mode_cpp.pc'
[2.746s] Level 1:colcon.colcon_core.environment:checking '/home/rudra/custom_flightmode/install/example_rover_velocity_mode_cpp/lib/python3.10/site-packages'
[2.746s] Level 1:colcon.colcon_core.environment:checking '/home/rudra/custom_flightmode/install/example_rover_velocity_mode_cpp/bin'
[2.746s] INFO:colcon.colcon_core.shell:Creating package script '/home/rudra/custom_flightmode/install/example_rover_velocity_mode_cpp/share/example_rover_velocity_mode_cpp/package.ps1'
[2.747s] INFO:colcon.colcon_core.shell:Creating package descriptor '/home/rudra/custom_flightmode/install/example_rover_velocity_mode_cpp/share/example_rover_velocity_mode_cpp/package.dsv'
[2.747s] INFO:colcon.colcon_core.shell:Creating package script '/home/rudra/custom_flightmode/install/example_rover_velocity_mode_cpp/share/example_rover_velocity_mode_cpp/package.sh'
[2.748s] INFO:colcon.colcon_core.shell:Creating package script '/home/rudra/custom_flightmode/install/example_rover_velocity_mode_cpp/share/example_rover_velocity_mode_cpp/package.bash'
[2.748s] INFO:colcon.colcon_core.shell:Creating package script '/home/rudra/custom_flightmode/install/example_rover_velocity_mode_cpp/share/example_rover_velocity_mode_cpp/package.zsh'
[2.748s] Level 1:colcon.colcon_core.environment:create_file_with_runtime_dependencies(/home/rudra/custom_flightmode/install/example_rover_velocity_mode_cpp/share/colcon-core/packages/example_rover_velocity_mode_cpp)
[2.748s] Level 1:colcon.colcon_core.environment:create_environment_scripts_only(example_rover_velocity_mode_cpp)
[2.749s] Level 1:colcon.colcon_core.environment:checking '/home/rudra/custom_flightmode/install/example_rover_velocity_mode_cpp' for CMake module files
[2.749s] Level 1:colcon.colcon_core.environment:checking '/home/rudra/custom_flightmode/install/example_rover_velocity_mode_cpp' for CMake config files
[2.749s] Level 1:colcon.colcon_core.shell:create_environment_hook('example_rover_velocity_mode_cpp', 'cmake_prefix_path')
[2.749s] INFO:colcon.colcon_core.shell:Creating environment hook '/home/rudra/custom_flightmode/install/example_rover_velocity_mode_cpp/share/example_rover_velocity_mode_cpp/hook/cmake_prefix_path.ps1'
[2.750s] INFO:colcon.colcon_core.shell:Creating environment descriptor '/home/rudra/custom_flightmode/install/example_rover_velocity_mode_cpp/share/example_rover_velocity_mode_cpp/hook/cmake_prefix_path.dsv'
[2.750s] INFO:colcon.colcon_core.shell:Creating environment hook '/home/rudra/custom_flightmode/install/example_rover_velocity_mode_cpp/share/example_rover_velocity_mode_cpp/hook/cmake_prefix_path.sh'
[2.750s] Level 1:colcon.colcon_core.environment:checking '/home/rudra/custom_flightmode/install/example_rover_velocity_mode_cpp/lib'
[2.750s] Level 1:colcon.colcon_core.environment:checking '/home/rudra/custom_flightmode/install/example_rover_velocity_mode_cpp/bin'
[2.750s] Level 1:colcon.colcon_core.environment:checking '/home/rudra/custom_flightmode/install/example_rover_velocity_mode_cpp/lib/pkgconfig/example_rover_velocity_mode_cpp.pc'
[2.750s] Level 1:colcon.colcon_core.environment:checking '/home/rudra/custom_flightmode/install/example_rover_velocity_mode_cpp/lib/python3.10/site-packages'
[2.751s] Level 1:colcon.colcon_core.environment:checking '/home/rudra/custom_flightmode/install/example_rover_velocity_mode_cpp/bin'
[2.751s] INFO:colcon.colcon_core.shell:Creating package script '/home/rudra/custom_flightmode/install/example_rover_velocity_mode_cpp/share/example_rover_velocity_mode_cpp/package.ps1'
[2.751s] INFO:colcon.colcon_core.shell:Creating package descriptor '/home/rudra/custom_flightmode/install/example_rover_velocity_mode_cpp/share/example_rover_velocity_mode_cpp/package.dsv'
[2.752s] INFO:colcon.colcon_core.shell:Creating package script '/home/rudra/custom_flightmode/install/example_rover_velocity_mode_cpp/share/example_rover_velocity_mode_cpp/package.sh'
[2.752s] INFO:colcon.colcon_core.shell:Creating package script '/home/rudra/custom_flightmode/install/example_rover_velocity_mode_cpp/share/example_rover_velocity_mode_cpp/package.bash'
[2.752s] INFO:colcon.colcon_core.shell:Creating package script '/home/rudra/custom_flightmode/install/example_rover_velocity_mode_cpp/share/example_rover_velocity_mode_cpp/package.zsh'
[2.753s] Level 1:colcon.colcon_core.environment:create_file_with_runtime_dependencies(/home/rudra/custom_flightmode/install/example_rover_velocity_mode_cpp/share/colcon-core/packages/example_rover_velocity_mode_cpp)
[2.787s] DEBUG:colcon.colcon_core.event_handler.log_command:Invoked command in '/home/rudra/custom_flightmode/build/px4_ros2_py' returned '0': AMENT_PREFIX_PATH=/home/rudra/custom_flightmode/install/px4_ros2_cpp:/home/rudra/custom_flightmode/install/px4_msgs:${AMENT_PREFIX_PATH} CMAKE_PREFIX_PATH=/home/rudra/custom_flightmode/install/px4_ros2_cpp:/home/rudra/custom_flightmode/install/px4_msgs:/home/rudra/ros2_ws/install/talker_listener:/home/rudra/ros2_ws/install/first_pkg:/opt/ros/humble LD_LIBRARY_PATH=/home/rudra/custom_flightmode/install/px4_ros2_cpp/lib:/home/rudra/custom_flightmode/install/px4_msgs/lib:${LD_LIBRARY_PATH} PYTHONPATH=/home/rudra/custom_flightmode/install/px4_msgs/local/lib/python3.10/dist-packages:${PYTHONPATH} /usr/bin/cmake --build /home/rudra/custom_flightmode/build/px4_ros2_py -- -j12 -l12
[2.789s] DEBUG:colcon.colcon_core.event_handler.log_command:Invoking command in '/home/rudra/custom_flightmode/build/px4_ros2_py': AMENT_PREFIX_PATH=/home/rudra/custom_flightmode/install/px4_ros2_cpp:/home/rudra/custom_flightmode/install/px4_msgs:${AMENT_PREFIX_PATH} CMAKE_PREFIX_PATH=/home/rudra/custom_flightmode/install/px4_ros2_cpp:/home/rudra/custom_flightmode/install/px4_msgs:/home/rudra/ros2_ws/install/talker_listener:/home/rudra/ros2_ws/install/first_pkg:/opt/ros/humble LD_LIBRARY_PATH=/home/rudra/custom_flightmode/install/px4_ros2_cpp/lib:/home/rudra/custom_flightmode/install/px4_msgs/lib:${LD_LIBRARY_PATH} PYTHONPATH=/home/rudra/custom_flightmode/install/px4_msgs/local/lib/python3.10/dist-packages:${PYTHONPATH} /usr/bin/cmake --install /home/rudra/custom_flightmode/build/px4_ros2_py
[2.828s] Level 1:colcon.colcon_core.environment:create_environment_scripts_only(px4_ros2_py)
[2.828s] Level 1:colcon.colcon_core.environment:checking '/home/rudra/custom_flightmode/install/px4_ros2_py' for CMake module files
[2.829s] DEBUG:colcon.colcon_core.event_handler.log_command:Invoked command in '/home/rudra/custom_flightmode/build/px4_ros2_py' returned '0': AMENT_PREFIX_PATH=/home/rudra/custom_flightmode/install/px4_ros2_cpp:/home/rudra/custom_flightmode/install/px4_msgs:${AMENT_PREFIX_PATH} CMAKE_PREFIX_PATH=/home/rudra/custom_flightmode/install/px4_ros2_cpp:/home/rudra/custom_flightmode/install/px4_msgs:/home/rudra/ros2_ws/install/talker_listener:/home/rudra/ros2_ws/install/first_pkg:/opt/ros/humble LD_LIBRARY_PATH=/home/rudra/custom_flightmode/install/px4_ros2_cpp/lib:/home/rudra/custom_flightmode/install/px4_msgs/lib:${LD_LIBRARY_PATH} PYTHONPATH=/home/rudra/custom_flightmode/install/px4_msgs/local/lib/python3.10/dist-packages:${PYTHONPATH} /usr/bin/cmake --install /home/rudra/custom_flightmode/build/px4_ros2_py
[2.829s] Level 1:colcon.colcon_core.environment:checking '/home/rudra/custom_flightmode/install/px4_ros2_py' for CMake config files
[2.829s] Level 1:colcon.colcon_core.shell:create_environment_hook('px4_ros2_py', 'cmake_prefix_path')
[2.829s] INFO:colcon.colcon_core.shell:Creating environment hook '/home/rudra/custom_flightmode/install/px4_ros2_py/share/px4_ros2_py/hook/cmake_prefix_path.ps1'
[2.830s] INFO:colcon.colcon_core.shell:Creating environment descriptor '/home/rudra/custom_flightmode/install/px4_ros2_py/share/px4_ros2_py/hook/cmake_prefix_path.dsv'
[2.830s] INFO:colcon.colcon_core.shell:Creating environment hook '/home/rudra/custom_flightmode/install/px4_ros2_py/share/px4_ros2_py/hook/cmake_prefix_path.sh'
[2.830s] Level 1:colcon.colcon_core.environment:checking '/home/rudra/custom_flightmode/install/px4_ros2_py/bin'
[2.830s] Level 1:colcon.colcon_core.environment:checking '/home/rudra/custom_flightmode/install/px4_ros2_py/lib/pkgconfig/px4_ros2_py.pc'
[2.831s] Level 1:colcon.colcon_core.environment:checking '/home/rudra/custom_flightmode/install/px4_ros2_py/lib/python3.10/site-packages'
[2.831s] Level 1:colcon.colcon_core.environment:checking '/home/rudra/custom_flightmode/install/px4_ros2_py/bin'
[2.831s] INFO:colcon.colcon_core.shell:Creating package script '/home/rudra/custom_flightmode/install/px4_ros2_py/share/px4_ros2_py/package.ps1'
[2.831s] INFO:colcon.colcon_core.shell:Creating package descriptor '/home/rudra/custom_flightmode/install/px4_ros2_py/share/px4_ros2_py/package.dsv'
[2.832s] INFO:colcon.colcon_core.shell:Creating package script '/home/rudra/custom_flightmode/install/px4_ros2_py/share/px4_ros2_py/package.sh'
[2.832s] INFO:colcon.colcon_core.shell:Creating package script '/home/rudra/custom_flightmode/install/px4_ros2_py/share/px4_ros2_py/package.bash'
[2.832s] INFO:colcon.colcon_core.shell:Creating package script '/home/rudra/custom_flightmode/install/px4_ros2_py/share/px4_ros2_py/package.zsh'
[2.833s] Level 1:colcon.colcon_core.environment:create_file_with_runtime_dependencies(/home/rudra/custom_flightmode/install/px4_ros2_py/share/colcon-core/packages/px4_ros2_py)
[2.833s] Level 1:colcon.colcon_core.environment:create_environment_scripts_only(px4_ros2_py)
[2.833s] Level 1:colcon.colcon_core.environment:checking '/home/rudra/custom_flightmode/install/px4_ros2_py' for CMake module files
[2.833s] Level 1:colcon.colcon_core.environment:checking '/home/rudra/custom_flightmode/install/px4_ros2_py' for CMake config files
[2.834s] Level 1:colcon.colcon_core.shell:create_environment_hook('px4_ros2_py', 'cmake_prefix_path')
[2.834s] INFO:colcon.colcon_core.shell:Creating environment hook '/home/rudra/custom_flightmode/install/px4_ros2_py/share/px4_ros2_py/hook/cmake_prefix_path.ps1'
[2.834s] INFO:colcon.colcon_core.shell:Creating environment descriptor '/home/rudra/custom_flightmode/install/px4_ros2_py/share/px4_ros2_py/hook/cmake_prefix_path.dsv'
[2.834s] INFO:colcon.colcon_core.shell:Creating environment hook '/home/rudra/custom_flightmode/install/px4_ros2_py/share/px4_ros2_py/hook/cmake_prefix_path.sh'
[2.835s] Level 1:colcon.colcon_core.environment:checking '/home/rudra/custom_flightmode/install/px4_ros2_py/bin'
[2.835s] Level 1:colcon.colcon_core.environment:checking '/home/rudra/custom_flightmode/install/px4_ros2_py/lib/pkgconfig/px4_ros2_py.pc'
[2.835s] Level 1:colcon.colcon_core.environment:checking '/home/rudra/custom_flightmode/install/px4_ros2_py/lib/python3.10/site-packages'
[2.835s] Level 1:colcon.colcon_core.environment:checking '/home/rudra/custom_flightmode/install/px4_ros2_py/bin'
[2.835s] INFO:colcon.colcon_core.shell:Creating package script '/home/rudra/custom_flightmode/install/px4_ros2_py/share/px4_ros2_py/package.ps1'
[2.836s] INFO:colcon.colcon_core.shell:Creating package descriptor '/home/rudra/custom_flightmode/install/px4_ros2_py/share/px4_ros2_py/package.dsv'
[2.836s] INFO:colcon.colcon_core.shell:Creating package script '/home/rudra/custom_flightmode/install/px4_ros2_py/share/px4_ros2_py/package.sh'
[2.836s] INFO:colcon.colcon_core.shell:Creating package script '/home/rudra/custom_flightmode/install/px4_ros2_py/share/px4_ros2_py/package.bash'
[2.837s] INFO:colcon.colcon_core.shell:Creating package script '/home/rudra/custom_flightmode/install/px4_ros2_py/share/px4_ros2_py/package.zsh'
[2.837s] Level 1:colcon.colcon_core.environment:create_file_with_runtime_dependencies(/home/rudra/custom_flightmode/install/px4_ros2_py/share/colcon-core/packages/px4_ros2_py)
[2.837s] INFO:colcon.colcon_ros.task.ament_python.build:Building ROS package in '/home/rudra/custom_flightmode/src/px4-ros2-interface-lib/examples/python/modes/goto' with build type 'ament_python'
[2.837s] Level 1:colcon.colcon_core.shell:create_environment_hook('example_mode_goto_py', 'ament_prefix_path')
[2.838s] INFO:colcon.colcon_core.shell:Creating environment hook '/home/rudra/custom_flightmode/install/example_mode_goto_py/share/example_mode_goto_py/hook/ament_prefix_path.ps1'
[2.838s] INFO:colcon.colcon_core.shell:Creating environment descriptor '/home/rudra/custom_flightmode/install/example_mode_goto_py/share/example_mode_goto_py/hook/ament_prefix_path.dsv'
[2.838s] INFO:colcon.colcon_core.shell:Creating environment hook '/home/rudra/custom_flightmode/install/example_mode_goto_py/share/example_mode_goto_py/hook/ament_prefix_path.sh'
[2.839s] INFO:colcon.colcon_core.shell:Skip shell extension 'powershell' for command environment: Not usable outside of PowerShell
[2.839s] DEBUG:colcon.colcon_core.shell:Skip shell extension 'dsv' for command environment
[2.841s] INFO:colcon.colcon_ros.task.ament_python.build:Building ROS package in '/home/rudra/custom_flightmode/src/px4-ros2-interface-lib/examples/python/modes/goto_with_rclpy' with build type 'ament_python'
[2.841s] Level 1:colcon.colcon_core.shell:create_environment_hook('example_mode_with_rclpy_py', 'ament_prefix_path')
[2.841s] INFO:colcon.colcon_core.shell:Creating environment hook '/home/rudra/custom_flightmode/install/example_mode_with_rclpy_py/share/example_mode_with_rclpy_py/hook/ament_prefix_path.ps1'
[2.842s] INFO:colcon.colcon_core.shell:Creating environment descriptor '/home/rudra/custom_flightmode/install/example_mode_with_rclpy_py/share/example_mode_with_rclpy_py/hook/ament_prefix_path.dsv'
[2.842s] INFO:colcon.colcon_core.shell:Creating environment hook '/home/rudra/custom_flightmode/install/example_mode_with_rclpy_py/share/example_mode_with_rclpy_py/hook/ament_prefix_path.sh'
[2.843s] INFO:colcon.colcon_core.shell:Skip shell extension 'powershell' for command environment: Not usable outside of PowerShell
[2.843s] DEBUG:colcon.colcon_core.shell:Skip shell extension 'dsv' for command environment
[3.016s] INFO:colcon.colcon_core.task.python.build:Building Python package in '/home/rudra/custom_flightmode/src/px4-ros2-interface-lib/examples/python/modes/goto'
[3.016s] INFO:colcon.colcon_core.shell:Skip shell extension 'powershell' for command environment: Not usable outside of PowerShell
[3.016s] DEBUG:colcon.colcon_core.shell:Skip shell extension 'dsv' for command environment
[3.188s] INFO:colcon.colcon_core.task.python.build:Building Python package in '/home/rudra/custom_flightmode/src/px4-ros2-interface-lib/examples/python/modes/goto_with_rclpy'
[3.189s] INFO:colcon.colcon_core.shell:Skip shell extension 'powershell' for command environment: Not usable outside of PowerShell
[3.189s] DEBUG:colcon.colcon_core.shell:Skip shell extension 'dsv' for command environment
[3.562s] DEBUG:colcon.colcon_core.task.python.build:Available setuptools commands: symlink_data, setopt, build_scripts, sdist, build_clib, build_ext, install_egg_info, extract_messages, develop, alias, egg_info, clean, rotate, update_catalog, build_py, install_data, check, bdist_wheel, install, install_headers, install_scripts, install_lib, bdist_dumb, dist_info, easy_install, build, compile_catalog, bdist_rpm, saveopts, bdist_egg, bdist, editable_wheel, init_catalog
[3.564s] DEBUG:colcon.colcon_core.event_handler.log_command:Invoking command in '/home/rudra/custom_flightmode/src/px4-ros2-interface-lib/examples/python/modes/goto': AMENT_PREFIX_PATH=/home/rudra/custom_flightmode/install/px4_ros2_py:/home/rudra/custom_flightmode/install/px4_ros2_cpp:/home/rudra/custom_flightmode/install/px4_msgs:${AMENT_PREFIX_PATH} CMAKE_PREFIX_PATH=/home/rudra/custom_flightmode/install/px4_ros2_py:/home/rudra/custom_flightmode/install/px4_ros2_cpp:/home/rudra/custom_flightmode/install/px4_msgs LD_LIBRARY_PATH=/home/rudra/custom_flightmode/install/px4_ros2_cpp/lib:/home/rudra/custom_flightmode/install/px4_msgs/lib:${LD_LIBRARY_PATH} PYTHONPATH=/home/rudra/custom_flightmode/build/example_mode_goto_py/prefix_override:/usr/lib/python3/dist-packages/colcon_core/task/python/colcon_distutils_commands:/home/rudra/custom_flightmode/install/example_mode_goto_py/lib/python3.10/site-packages:/home/rudra/custom_flightmode/install/px4_ros2_py/local/lib/python3.10/dist-packages:/home/rudra/custom_flightmode/install/px4_msgs/local/lib/python3.10/dist-packages:${PYTHONPATH} /usr/bin/python3 -W ignore:setup.py install is deprecated -W ignore:easy_install command is deprecated setup.py egg_info --egg-base ../../../../../../build/example_mode_goto_py build --build-base /home/rudra/custom_flightmode/build/example_mode_goto_py/build install --record /home/rudra/custom_flightmode/build/example_mode_goto_py/install.log --install-scripts $base/lib/example_mode_goto_py --single-version-externally-managed install_data
[3.566s] DEBUG:colcon.colcon_core.task.python.build:Available setuptools commands: symlink_data, setopt, build_scripts, sdist, build_clib, build_ext, install_egg_info, extract_messages, develop, alias, egg_info, clean, rotate, update_catalog, build_py, install_data, check, bdist_wheel, install, install_headers, install_scripts, install_lib, bdist_dumb, dist_info, easy_install, build, compile_catalog, bdist_rpm, saveopts, bdist_egg, bdist, editable_wheel, init_catalog
[3.568s] DEBUG:colcon.colcon_core.event_handler.log_command:Invoking command in '/home/rudra/custom_flightmode/src/px4-ros2-interface-lib/examples/python/modes/goto_with_rclpy': AMENT_PREFIX_PATH=/home/rudra/custom_flightmode/install/px4_ros2_py:/home/rudra/custom_flightmode/install/px4_ros2_cpp:/home/rudra/custom_flightmode/install/px4_msgs:${AMENT_PREFIX_PATH} CMAKE_PREFIX_PATH=/home/rudra/custom_flightmode/install/px4_ros2_py:/home/rudra/custom_flightmode/install/px4_ros2_cpp:/home/rudra/custom_flightmode/install/px4_msgs LD_LIBRARY_PATH=/home/rudra/custom_flightmode/install/px4_ros2_cpp/lib:/home/rudra/custom_flightmode/install/px4_msgs/lib:${LD_LIBRARY_PATH} PYTHONPATH=/home/rudra/custom_flightmode/build/example_mode_with_rclpy_py/prefix_override:/usr/lib/python3/dist-packages/colcon_core/task/python/colcon_distutils_commands:/home/rudra/custom_flightmode/install/example_mode_with_rclpy_py/lib/python3.10/site-packages:/home/rudra/custom_flightmode/install/px4_ros2_py/local/lib/python3.10/dist-packages:/home/rudra/custom_flightmode/install/px4_msgs/local/lib/python3.10/dist-packages:${PYTHONPATH} /usr/bin/python3 -W ignore:setup.py install is deprecated -W ignore:easy_install command is deprecated setup.py egg_info --egg-base ../../../../../../build/example_mode_with_rclpy_py build --build-base /home/rudra/custom_flightmode/build/example_mode_with_rclpy_py/build install --record /home/rudra/custom_flightmode/build/example_mode_with_rclpy_py/install.log --install-scripts $base/lib/example_mode_with_rclpy_py --single-version-externally-managed install_data
[3.912s] Level 1:colcon.colcon_core.environment:checking '/home/rudra/custom_flightmode/install/example_mode_goto_py' for CMake module files
[3.913s] DEBUG:colcon.colcon_core.event_handler.log_command:Invoked command in '/home/rudra/custom_flightmode/src/px4-ros2-interface-lib/examples/python/modes/goto' returned '0': AMENT_PREFIX_PATH=/home/rudra/custom_flightmode/install/px4_ros2_py:/home/rudra/custom_flightmode/install/px4_ros2_cpp:/home/rudra/custom_flightmode/install/px4_msgs:${AMENT_PREFIX_PATH} CMAKE_PREFIX_PATH=/home/rudra/custom_flightmode/install/px4_ros2_py:/home/rudra/custom_flightmode/install/px4_ros2_cpp:/home/rudra/custom_flightmode/install/px4_msgs LD_LIBRARY_PATH=/home/rudra/custom_flightmode/install/px4_ros2_cpp/lib:/home/rudra/custom_flightmode/install/px4_msgs/lib:${LD_LIBRARY_PATH} PYTHONPATH=/home/rudra/custom_flightmode/build/example_mode_goto_py/prefix_override:/usr/lib/python3/dist-packages/colcon_core/task/python/colcon_distutils_commands:/home/rudra/custom_flightmode/install/example_mode_goto_py/lib/python3.10/site-packages:/home/rudra/custom_flightmode/install/px4_ros2_py/local/lib/python3.10/dist-packages:/home/rudra/custom_flightmode/install/px4_msgs/local/lib/python3.10/dist-packages:${PYTHONPATH} /usr/bin/python3 -W ignore:setup.py install is deprecated -W ignore:easy_install command is deprecated setup.py egg_info --egg-base ../../../../../../build/example_mode_goto_py build --build-base /home/rudra/custom_flightmode/build/example_mode_goto_py/build install --record /home/rudra/custom_flightmode/build/example_mode_goto_py/install.log --install-scripts $base/lib/example_mode_goto_py --single-version-externally-managed install_data
[3.913s] Level 1:colcon.colcon_core.environment:checking '/home/rudra/custom_flightmode/install/example_mode_goto_py' for CMake config files
[3.913s] Level 1:colcon.colcon_core.environment:checking '/home/rudra/custom_flightmode/install/example_mode_goto_py/lib'
[3.914s] Level 1:colcon.colcon_core.environment:checking '/home/rudra/custom_flightmode/install/example_mode_goto_py/bin'
[3.914s] Level 1:colcon.colcon_core.environment:checking '/home/rudra/custom_flightmode/install/example_mode_goto_py/lib/pkgconfig/example_mode_goto_py.pc'
[3.914s] Level 1:colcon.colcon_core.environment:checking '/home/rudra/custom_flightmode/install/example_mode_goto_py/lib/python3.10/site-packages'
[3.914s] Level 1:colcon.colcon_core.shell:create_environment_hook('example_mode_goto_py', 'pythonpath')
[3.914s] INFO:colcon.colcon_core.shell:Creating environment hook '/home/rudra/custom_flightmode/install/example_mode_goto_py/share/example_mode_goto_py/hook/pythonpath.ps1'
[3.914s] INFO:colcon.colcon_core.shell:Creating environment descriptor '/home/rudra/custom_flightmode/install/example_mode_goto_py/share/example_mode_goto_py/hook/pythonpath.dsv'
[3.915s] INFO:colcon.colcon_core.shell:Creating environment hook '/home/rudra/custom_flightmode/install/example_mode_goto_py/share/example_mode_goto_py/hook/pythonpath.sh'
[3.915s] Level 1:colcon.colcon_core.environment:checking '/home/rudra/custom_flightmode/install/example_mode_goto_py/bin'
[3.915s] Level 1:colcon.colcon_core.environment:create_environment_scripts_only(example_mode_goto_py)
[3.915s] INFO:colcon.colcon_core.shell:Creating package script '/home/rudra/custom_flightmode/install/example_mode_goto_py/share/example_mode_goto_py/package.ps1'
[3.916s] INFO:colcon.colcon_core.shell:Creating package descriptor '/home/rudra/custom_flightmode/install/example_mode_goto_py/share/example_mode_goto_py/package.dsv'
[3.916s] INFO:colcon.colcon_core.shell:Creating package script '/home/rudra/custom_flightmode/install/example_mode_goto_py/share/example_mode_goto_py/package.sh'
[3.916s] INFO:colcon.colcon_core.shell:Creating package script '/home/rudra/custom_flightmode/install/example_mode_goto_py/share/example_mode_goto_py/package.bash'
[3.917s] INFO:colcon.colcon_core.shell:Creating package script '/home/rudra/custom_flightmode/install/example_mode_goto_py/share/example_mode_goto_py/package.zsh'
[3.917s] Level 1:colcon.colcon_core.environment:create_file_with_runtime_dependencies(/home/rudra/custom_flightmode/install/example_mode_goto_py/share/colcon-core/packages/example_mode_goto_py)
[3.928s] Level 1:colcon.colcon_core.environment:checking '/home/rudra/custom_flightmode/install/example_mode_with_rclpy_py' for CMake module files
[3.929s] DEBUG:colcon.colcon_core.event_handler.log_command:Invoked command in '/home/rudra/custom_flightmode/src/px4-ros2-interface-lib/examples/python/modes/goto_with_rclpy' returned '0': AMENT_PREFIX_PATH=/home/rudra/custom_flightmode/install/px4_ros2_py:/home/rudra/custom_flightmode/install/px4_ros2_cpp:/home/rudra/custom_flightmode/install/px4_msgs:${AMENT_PREFIX_PATH} CMAKE_PREFIX_PATH=/home/rudra/custom_flightmode/install/px4_ros2_py:/home/rudra/custom_flightmode/install/px4_ros2_cpp:/home/rudra/custom_flightmode/install/px4_msgs LD_LIBRARY_PATH=/home/rudra/custom_flightmode/install/px4_ros2_cpp/lib:/home/rudra/custom_flightmode/install/px4_msgs/lib:${LD_LIBRARY_PATH} PYTHONPATH=/home/rudra/custom_flightmode/build/example_mode_with_rclpy_py/prefix_override:/usr/lib/python3/dist-packages/colcon_core/task/python/colcon_distutils_commands:/home/rudra/custom_flightmode/install/example_mode_with_rclpy_py/lib/python3.10/site-packages:/home/rudra/custom_flightmode/install/px4_ros2_py/local/lib/python3.10/dist-packages:/home/rudra/custom_flightmode/install/px4_msgs/local/lib/python3.10/dist-packages:${PYTHONPATH} /usr/bin/python3 -W ignore:setup.py install is deprecated -W ignore:easy_install command is deprecated setup.py egg_info --egg-base ../../../../../../build/example_mode_with_rclpy_py build --build-base /home/rudra/custom_flightmode/build/example_mode_with_rclpy_py/build install --record /home/rudra/custom_flightmode/build/example_mode_with_rclpy_py/install.log --install-scripts $base/lib/example_mode_with_rclpy_py --single-version-externally-managed install_data
[3.929s] Level 1:colcon.colcon_core.environment:checking '/home/rudra/custom_flightmode/install/example_mode_with_rclpy_py' for CMake config files
[3.929s] Level 1:colcon.colcon_core.environment:checking '/home/rudra/custom_flightmode/install/example_mode_with_rclpy_py/lib'
[3.929s] Level 1:colcon.colcon_core.environment:checking '/home/rudra/custom_flightmode/install/example_mode_with_rclpy_py/bin'
[3.930s] Level 1:colcon.colcon_core.environment:checking '/home/rudra/custom_flightmode/install/example_mode_with_rclpy_py/lib/pkgconfig/example_mode_with_rclpy_py.pc'
[3.930s] Level 1:colcon.colcon_core.environment:checking '/home/rudra/custom_flightmode/install/example_mode_with_rclpy_py/lib/python3.10/site-packages'
[3.930s] Level 1:colcon.colcon_core.shell:create_environment_hook('example_mode_with_rclpy_py', 'pythonpath')
[3.930s] INFO:colcon.colcon_core.shell:Creating environment hook '/home/rudra/custom_flightmode/install/example_mode_with_rclpy_py/share/example_mode_with_rclpy_py/hook/pythonpath.ps1'
[3.930s] INFO:colcon.colcon_core.shell:Creating environment descriptor '/home/rudra/custom_flightmode/install/example_mode_with_rclpy_py/share/example_mode_with_rclpy_py/hook/pythonpath.dsv'
[3.931s] INFO:colcon.colcon_core.shell:Creating environment hook '/home/rudra/custom_flightmode/install/example_mode_with_rclpy_py/share/example_mode_with_rclpy_py/hook/pythonpath.sh'
[3.931s] Level 1:colcon.colcon_core.environment:checking '/home/rudra/custom_flightmode/install/example_mode_with_rclpy_py/bin'
[3.931s] Level 1:colcon.colcon_core.environment:create_environment_scripts_only(example_mode_with_rclpy_py)
[3.931s] INFO:colcon.colcon_core.shell:Creating package script '/home/rudra/custom_flightmode/install/example_mode_with_rclpy_py/share/example_mode_with_rclpy_py/package.ps1'
[3.932s] INFO:colcon.colcon_core.shell:Creating package descriptor '/home/rudra/custom_flightmode/install/example_mode_with_rclpy_py/share/example_mode_with_rclpy_py/package.dsv'
[3.932s] INFO:colcon.colcon_core.shell:Creating package script '/home/rudra/custom_flightmode/install/example_mode_with_rclpy_py/share/example_mode_with_rclpy_py/package.sh'
[3.933s] INFO:colcon.colcon_core.shell:Creating package script '/home/rudra/custom_flightmode/install/example_mode_with_rclpy_py/share/example_mode_with_rclpy_py/package.bash'
[3.933s] INFO:colcon.colcon_core.shell:Creating package script '/home/rudra/custom_flightmode/install/example_mode_with_rclpy_py/share/example_mode_with_rclpy_py/package.zsh'
[3.933s] Level 1:colcon.colcon_core.environment:create_file_with_runtime_dependencies(/home/rudra/custom_flightmode/install/example_mode_with_rclpy_py/share/colcon-core/packages/example_mode_with_rclpy_py)
[3.934s] DEBUG:colcon.colcon_parallel_executor.executor.parallel:closing loop
[3.934s] DEBUG:colcon.colcon_parallel_executor.executor.parallel:loop closed
[3.934s] DEBUG:colcon.colcon_parallel_executor.executor.parallel:run_until_complete finished with '0'
[3.934s] DEBUG:colcon.colcon_core.event_reactor:joining thread
[3.939s] INFO:colcon.colcon_core.plugin_system:Skipping extension 'colcon_notification.desktop_notification.terminal_notifier': Not used on non-Darwin systems
[3.939s] INFO:colcon.colcon_core.plugin_system:Skipping extension 'colcon_notification.desktop_notification.win32': Not used on non-Windows systems
[3.939s] INFO:colcon.colcon_notification.desktop_notification:Sending desktop notification using 'notify2'
[3.954s] DEBUG:colcon.colcon_core.event_reactor:joined thread
[3.954s] INFO:colcon.colcon_core.shell:Creating prefix script '/home/rudra/custom_flightmode/install/local_setup.ps1'
[3.955s] INFO:colcon.colcon_core.shell:Creating prefix util module '/home/rudra/custom_flightmode/install/_local_setup_util_ps1.py'
[3.956s] INFO:colcon.colcon_core.shell:Creating prefix chain script '/home/rudra/custom_flightmode/install/setup.ps1'
[3.957s] INFO:colcon.colcon_core.shell:Creating prefix script '/home/rudra/custom_flightmode/install/local_setup.sh'
[3.958s] INFO:colcon.colcon_core.shell:Creating prefix util module '/home/rudra/custom_flightmode/install/_local_setup_util_sh.py'
[3.958s] INFO:colcon.colcon_core.shell:Creating prefix chain script '/home/rudra/custom_flightmode/install/setup.sh'
[3.959s] INFO:colcon.colcon_core.shell:Creating prefix script '/home/rudra/custom_flightmode/install/local_setup.bash'
[3.960s] INFO:colcon.colcon_core.shell:Creating prefix chain script '/home/rudra/custom_flightmode/install/setup.bash'
[3.960s] INFO:colcon.colcon_core.shell:Creating prefix script '/home/rudra/custom_flightmode/install/local_setup.zsh'
[3.961s] INFO:colcon.colcon_core.shell:Creating prefix chain script '/home/rudra/custom_flightmode/install/setup.zsh'
