[0.084s] DEBUG:colcon:Command line arguments: ['/usr/bin/colcon', 'build']
[0.084s] DEBUG:colcon:Parsed command line arguments: Namespace(log_base=None, log_level=None, verb_name='build', build_base='build', install_base='install', merge_install=False, symlink_install=False, test_result_base=None, continue_on_error=False, executor='parallel', parallel_workers=12, event_handlers=None, ignore_user_meta=False, metas=['./colcon.meta'], base_paths=['.'], packages_ignore=None, packages_ignore_regex=None, paths=None, packages_up_to=None, packages_up_to_regex=None, packages_above=None, packages_above_and_dependencies=None, packages_above_depth=None, packages_select_by_dep=None, packages_skip_by_dep=None, packages_skip_up_to=None, packages_select_build_failed=False, packages_skip_build_finished=False, packages_select_test_failures=False, packages_skip_test_passed=False, packages_select=None, packages_skip=None, packages_select_regex=None, packages_skip_regex=None, packages_start=None, packages_end=None, allow_overriding=[], cmake_args=None, cmake_target=None, cmake_target_skip_unavailable=False, cmake_clean_cache=False, cmake_clean_first=False, cmake_force_configure=False, ament_cmake_args=None, catkin_cmake_args=None, catkin_skip_building_tests=False, mixin_files=None, mixin=None, verb_parser=<colcon_mixin.mixin.mixin_argument.MixinArgumentDecorator object at 0x728aeb1914b0>, verb_extension=<colcon_core.verb.build.BuildVerb object at 0x728aeb190af0>, main=<bound method BuildVerb.main of <colcon_core.verb.build.BuildVerb object at 0x728aeb190af0>>, mixin_verb=('build',))
[0.114s] Level 1:colcon.colcon_core.package_discovery:discover_packages(colcon_meta) check parameters
[0.114s] Level 1:colcon.colcon_core.package_discovery:discover_packages(recursive) check parameters
[0.115s] Level 1:colcon.colcon_core.package_discovery:discover_packages(ignore) check parameters
[0.115s] Level 1:colcon.colcon_core.package_discovery:discover_packages(path) check parameters
[0.115s] Level 1:colcon.colcon_core.package_discovery:discover_packages(colcon_meta) discover
[0.115s] Level 1:colcon.colcon_core.package_discovery:discover_packages(recursive) discover
[0.115s] INFO:colcon.colcon_core.package_discovery:Crawling recursively for packages in '/home/rudra/custom_flightmode'
[0.115s] Level 1:colcon.colcon_core.package_identification:_identify(.) by extensions ['ignore', 'ignore_ament_install']
[0.115s] Level 1:colcon.colcon_core.package_identification:_identify(.) by extension 'ignore'
[0.115s] Level 1:colcon.colcon_core.package_identification:_identify(.) by extension 'ignore_ament_install'
[0.115s] Level 1:colcon.colcon_core.package_identification:_identify(.) by extensions ['colcon_pkg']
[0.115s] Level 1:colcon.colcon_core.package_identification:_identify(.) by extension 'colcon_pkg'
[0.115s] Level 1:colcon.colcon_core.package_identification:_identify(.) by extensions ['colcon_meta']
[0.115s] Level 1:colcon.colcon_core.package_identification:_identify(.) by extension 'colcon_meta'
[0.115s] Level 1:colcon.colcon_core.package_identification:_identify(.) by extensions ['ros']
[0.115s] Level 1:colcon.colcon_core.package_identification:_identify(.) by extension 'ros'
[0.137s] Level 1:colcon.colcon_core.package_identification:_identify(.) by extensions ['cmake', 'python']
[0.137s] Level 1:colcon.colcon_core.package_identification:_identify(.) by extension 'cmake'
[0.137s] Level 1:colcon.colcon_core.package_identification:_identify(.) by extension 'python'
[0.137s] Level 1:colcon.colcon_core.package_identification:_identify(.) by extensions ['python_setup_py']
[0.137s] Level 1:colcon.colcon_core.package_identification:_identify(.) by extension 'python_setup_py'
[0.137s] Level 1:colcon.colcon_core.package_identification:_identify(build) by extensions ['ignore', 'ignore_ament_install']
[0.137s] Level 1:colcon.colcon_core.package_identification:_identify(build) by extension 'ignore'
[0.137s] Level 1:colcon.colcon_core.package_identification:_identify(build) ignored
[0.137s] Level 1:colcon.colcon_core.package_identification:_identify(install) by extensions ['ignore', 'ignore_ament_install']
[0.137s] Level 1:colcon.colcon_core.package_identification:_identify(install) by extension 'ignore'
[0.137s] Level 1:colcon.colcon_core.package_identification:_identify(install) ignored
[0.137s] Level 1:colcon.colcon_core.package_identification:_identify(log) by extensions ['ignore', 'ignore_ament_install']
[0.137s] Level 1:colcon.colcon_core.package_identification:_identify(log) by extension 'ignore'
[0.137s] Level 1:colcon.colcon_core.package_identification:_identify(log) ignored
[0.138s] Level 1:colcon.colcon_core.package_identification:_identify(src) by extensions ['ignore', 'ignore_ament_install']
[0.138s] Level 1:colcon.colcon_core.package_identification:_identify(src) by extension 'ignore'
[0.138s] Level 1:colcon.colcon_core.package_identification:_identify(src) by extension 'ignore_ament_install'
[0.138s] Level 1:colcon.colcon_core.package_identification:_identify(src) by extensions ['colcon_pkg']
[0.138s] Level 1:colcon.colcon_core.package_identification:_identify(src) by extension 'colcon_pkg'
[0.138s] Level 1:colcon.colcon_core.package_identification:_identify(src) by extensions ['colcon_meta']
[0.138s] Level 1:colcon.colcon_core.package_identification:_identify(src) by extension 'colcon_meta'
[0.138s] Level 1:colcon.colcon_core.package_identification:_identify(src) by extensions ['ros']
[0.138s] Level 1:colcon.colcon_core.package_identification:_identify(src) by extension 'ros'
[0.138s] Level 1:colcon.colcon_core.package_identification:_identify(src) by extensions ['cmake', 'python']
[0.138s] Level 1:colcon.colcon_core.package_identification:_identify(src) by extension 'cmake'
[0.138s] Level 1:colcon.colcon_core.package_identification:_identify(src) by extension 'python'
[0.138s] Level 1:colcon.colcon_core.package_identification:_identify(src) by extensions ['python_setup_py']
[0.138s] Level 1:colcon.colcon_core.package_identification:_identify(src) by extension 'python_setup_py'
[0.138s] Level 1:colcon.colcon_core.package_identification:_identify(src/px4-ros2-interface-lib) by extensions ['ignore', 'ignore_ament_install']
[0.138s] Level 1:colcon.colcon_core.package_identification:_identify(src/px4-ros2-interface-lib) by extension 'ignore'
[0.138s] Level 1:colcon.colcon_core.package_identification:_identify(src/px4-ros2-interface-lib) by extension 'ignore_ament_install'
[0.138s] Level 1:colcon.colcon_core.package_identification:_identify(src/px4-ros2-interface-lib) by extensions ['colcon_pkg']
[0.138s] Level 1:colcon.colcon_core.package_identification:_identify(src/px4-ros2-interface-lib) by extension 'colcon_pkg'
[0.138s] Level 1:colcon.colcon_core.package_identification:_identify(src/px4-ros2-interface-lib) by extensions ['colcon_meta']
[0.138s] Level 1:colcon.colcon_core.package_identification:_identify(src/px4-ros2-interface-lib) by extension 'colcon_meta'
[0.138s] Level 1:colcon.colcon_core.package_identification:_identify(src/px4-ros2-interface-lib) by extensions ['ros']
[0.138s] Level 1:colcon.colcon_core.package_identification:_identify(src/px4-ros2-interface-lib) by extension 'ros'
[0.138s] Level 1:colcon.colcon_core.package_identification:_identify(src/px4-ros2-interface-lib) by extensions ['cmake', 'python']
[0.138s] Level 1:colcon.colcon_core.package_identification:_identify(src/px4-ros2-interface-lib) by extension 'cmake'
[0.138s] Level 1:colcon.colcon_core.package_identification:_identify(src/px4-ros2-interface-lib) by extension 'python'
[0.138s] Level 1:colcon.colcon_core.package_identification:_identify(src/px4-ros2-interface-lib) by extensions ['python_setup_py']
[0.138s] Level 1:colcon.colcon_core.package_identification:_identify(src/px4-ros2-interface-lib) by extension 'python_setup_py'
[0.139s] Level 1:colcon.colcon_core.package_identification:_identify(src/px4-ros2-interface-lib/examples) by extensions ['ignore', 'ignore_ament_install']
[0.139s] Level 1:colcon.colcon_core.package_identification:_identify(src/px4-ros2-interface-lib/examples) by extension 'ignore'
[0.139s] Level 1:colcon.colcon_core.package_identification:_identify(src/px4-ros2-interface-lib/examples) by extension 'ignore_ament_install'
[0.139s] Level 1:colcon.colcon_core.package_identification:_identify(src/px4-ros2-interface-lib/examples) by extensions ['colcon_pkg']
[0.139s] Level 1:colcon.colcon_core.package_identification:_identify(src/px4-ros2-interface-lib/examples) by extension 'colcon_pkg'
[0.139s] Level 1:colcon.colcon_core.package_identification:_identify(src/px4-ros2-interface-lib/examples) by extensions ['colcon_meta']
[0.139s] Level 1:colcon.colcon_core.package_identification:_identify(src/px4-ros2-interface-lib/examples) by extension 'colcon_meta'
[0.139s] Level 1:colcon.colcon_core.package_identification:_identify(src/px4-ros2-interface-lib/examples) by extensions ['ros']
[0.139s] Level 1:colcon.colcon_core.package_identification:_identify(src/px4-ros2-interface-lib/examples) by extension 'ros'
[0.139s] Level 1:colcon.colcon_core.package_identification:_identify(src/px4-ros2-interface-lib/examples) by extensions ['cmake', 'python']
[0.139s] Level 1:colcon.colcon_core.package_identification:_identify(src/px4-ros2-interface-lib/examples) by extension 'cmake'
[0.139s] Level 1:colcon.colcon_core.package_identification:_identify(src/px4-ros2-interface-lib/examples) by extension 'python'
[0.139s] Level 1:colcon.colcon_core.package_identification:_identify(src/px4-ros2-interface-lib/examples) by extensions ['python_setup_py']
[0.139s] Level 1:colcon.colcon_core.package_identification:_identify(src/px4-ros2-interface-lib/examples) by extension 'python_setup_py'
[0.139s] Level 1:colcon.colcon_core.package_identification:_identify(src/px4-ros2-interface-lib/examples/cpp) by extensions ['ignore', 'ignore_ament_install']
[0.139s] Level 1:colcon.colcon_core.package_identification:_identify(src/px4-ros2-interface-lib/examples/cpp) by extension 'ignore'
[0.139s] Level 1:colcon.colcon_core.package_identification:_identify(src/px4-ros2-interface-lib/examples/cpp) by extension 'ignore_ament_install'
[0.139s] Level 1:colcon.colcon_core.package_identification:_identify(src/px4-ros2-interface-lib/examples/cpp) by extensions ['colcon_pkg']
[0.139s] Level 1:colcon.colcon_core.package_identification:_identify(src/px4-ros2-interface-lib/examples/cpp) by extension 'colcon_pkg'
[0.139s] Level 1:colcon.colcon_core.package_identification:_identify(src/px4-ros2-interface-lib/examples/cpp) by extensions ['colcon_meta']
[0.139s] Level 1:colcon.colcon_core.package_identification:_identify(src/px4-ros2-interface-lib/examples/cpp) by extension 'colcon_meta'
[0.139s] Level 1:colcon.colcon_core.package_identification:_identify(src/px4-ros2-interface-lib/examples/cpp) by extensions ['ros']
[0.139s] Level 1:colcon.colcon_core.package_identification:_identify(src/px4-ros2-interface-lib/examples/cpp) by extension 'ros'
[0.139s] Level 1:colcon.colcon_core.package_identification:_identify(src/px4-ros2-interface-lib/examples/cpp) by extensions ['cmake', 'python']
[0.139s] Level 1:colcon.colcon_core.package_identification:_identify(src/px4-ros2-interface-lib/examples/cpp) by extension 'cmake'
[0.139s] Level 1:colcon.colcon_core.package_identification:_identify(src/px4-ros2-interface-lib/examples/cpp) by extension 'python'
[0.139s] Level 1:colcon.colcon_core.package_identification:_identify(src/px4-ros2-interface-lib/examples/cpp) by extensions ['python_setup_py']
[0.140s] Level 1:colcon.colcon_core.package_identification:_identify(src/px4-ros2-interface-lib/examples/cpp) by extension 'python_setup_py'
[0.140s] Level 1:colcon.colcon_core.package_identification:_identify(src/px4-ros2-interface-lib/examples/cpp/modes) by extensions ['ignore', 'ignore_ament_install']
[0.140s] Level 1:colcon.colcon_core.package_identification:_identify(src/px4-ros2-interface-lib/examples/cpp/modes) by extension 'ignore'
[0.140s] Level 1:colcon.colcon_core.package_identification:_identify(src/px4-ros2-interface-lib/examples/cpp/modes) by extension 'ignore_ament_install'
[0.140s] Level 1:colcon.colcon_core.package_identification:_identify(src/px4-ros2-interface-lib/examples/cpp/modes) by extensions ['colcon_pkg']
[0.140s] Level 1:colcon.colcon_core.package_identification:_identify(src/px4-ros2-interface-lib/examples/cpp/modes) by extension 'colcon_pkg'
[0.140s] Level 1:colcon.colcon_core.package_identification:_identify(src/px4-ros2-interface-lib/examples/cpp/modes) by extensions ['colcon_meta']
[0.140s] Level 1:colcon.colcon_core.package_identification:_identify(src/px4-ros2-interface-lib/examples/cpp/modes) by extension 'colcon_meta'
[0.140s] Level 1:colcon.colcon_core.package_identification:_identify(src/px4-ros2-interface-lib/examples/cpp/modes) by extensions ['ros']
[0.140s] Level 1:colcon.colcon_core.package_identification:_identify(src/px4-ros2-interface-lib/examples/cpp/modes) by extension 'ros'
[0.140s] Level 1:colcon.colcon_core.package_identification:_identify(src/px4-ros2-interface-lib/examples/cpp/modes) by extensions ['cmake', 'python']
[0.140s] Level 1:colcon.colcon_core.package_identification:_identify(src/px4-ros2-interface-lib/examples/cpp/modes) by extension 'cmake'
[0.140s] Level 1:colcon.colcon_core.package_identification:_identify(src/px4-ros2-interface-lib/examples/cpp/modes) by extension 'python'
[0.140s] Level 1:colcon.colcon_core.package_identification:_identify(src/px4-ros2-interface-lib/examples/cpp/modes) by extensions ['python_setup_py']
[0.140s] Level 1:colcon.colcon_core.package_identification:_identify(src/px4-ros2-interface-lib/examples/cpp/modes) by extension 'python_setup_py'
[0.140s] Level 1:colcon.colcon_core.package_identification:_identify(src/px4-ros2-interface-lib/examples/cpp/modes/executor_with_multiple_modes) by extensions ['ignore', 'ignore_ament_install']
[0.140s] Level 1:colcon.colcon_core.package_identification:_identify(src/px4-ros2-interface-lib/examples/cpp/modes/executor_with_multiple_modes) by extension 'ignore'
[0.140s] Level 1:colcon.colcon_core.package_identification:_identify(src/px4-ros2-interface-lib/examples/cpp/modes/executor_with_multiple_modes) by extension 'ignore_ament_install'
[0.140s] Level 1:colcon.colcon_core.package_identification:_identify(src/px4-ros2-interface-lib/examples/cpp/modes/executor_with_multiple_modes) by extensions ['colcon_pkg']
[0.140s] Level 1:colcon.colcon_core.package_identification:_identify(src/px4-ros2-interface-lib/examples/cpp/modes/executor_with_multiple_modes) by extension 'colcon_pkg'
[0.140s] Level 1:colcon.colcon_core.package_identification:_identify(src/px4-ros2-interface-lib/examples/cpp/modes/executor_with_multiple_modes) by extensions ['colcon_meta']
[0.140s] Level 1:colcon.colcon_core.package_identification:_identify(src/px4-ros2-interface-lib/examples/cpp/modes/executor_with_multiple_modes) by extension 'colcon_meta'
[0.140s] Level 1:colcon.colcon_core.package_identification:_identify(src/px4-ros2-interface-lib/examples/cpp/modes/executor_with_multiple_modes) by extensions ['ros']
[0.140s] Level 1:colcon.colcon_core.package_identification:_identify(src/px4-ros2-interface-lib/examples/cpp/modes/executor_with_multiple_modes) by extension 'ros'
[0.142s] DEBUG:colcon.colcon_core.package_identification:Package 'src/px4-ros2-interface-lib/examples/cpp/modes/executor_with_multiple_modes' with type 'ros.ament_cmake' and name 'example_executor_with_multiple_modes_cpp'
[0.142s] Level 1:colcon.colcon_core.package_identification:_identify(src/px4-ros2-interface-lib/examples/cpp/modes/fw_attitude) by extensions ['ignore', 'ignore_ament_install']
[0.142s] Level 1:colcon.colcon_core.package_identification:_identify(src/px4-ros2-interface-lib/examples/cpp/modes/fw_attitude) by extension 'ignore'
[0.143s] Level 1:colcon.colcon_core.package_identification:_identify(src/px4-ros2-interface-lib/examples/cpp/modes/fw_attitude) by extension 'ignore_ament_install'
[0.143s] Level 1:colcon.colcon_core.package_identification:_identify(src/px4-ros2-interface-lib/examples/cpp/modes/fw_attitude) by extensions ['colcon_pkg']
[0.143s] Level 1:colcon.colcon_core.package_identification:_identify(src/px4-ros2-interface-lib/examples/cpp/modes/fw_attitude) by extension 'colcon_pkg'
[0.143s] Level 1:colcon.colcon_core.package_identification:_identify(src/px4-ros2-interface-lib/examples/cpp/modes/fw_attitude) by extensions ['colcon_meta']
[0.143s] Level 1:colcon.colcon_core.package_identification:_identify(src/px4-ros2-interface-lib/examples/cpp/modes/fw_attitude) by extension 'colcon_meta'
[0.143s] Level 1:colcon.colcon_core.package_identification:_identify(src/px4-ros2-interface-lib/examples/cpp/modes/fw_attitude) by extensions ['ros']
[0.143s] Level 1:colcon.colcon_core.package_identification:_identify(src/px4-ros2-interface-lib/examples/cpp/modes/fw_attitude) by extension 'ros'
[0.143s] DEBUG:colcon.colcon_core.package_identification:Package 'src/px4-ros2-interface-lib/examples/cpp/modes/fw_attitude' with type 'ros.ament_cmake' and name 'example_mode_fw_attitude_cpp'
[0.143s] Level 1:colcon.colcon_core.package_identification:_identify(src/px4-ros2-interface-lib/examples/cpp/modes/goto) by extensions ['ignore', 'ignore_ament_install']
[0.143s] Level 1:colcon.colcon_core.package_identification:_identify(src/px4-ros2-interface-lib/examples/cpp/modes/goto) by extension 'ignore'
[0.143s] Level 1:colcon.colcon_core.package_identification:_identify(src/px4-ros2-interface-lib/examples/cpp/modes/goto) by extension 'ignore_ament_install'
[0.143s] Level 1:colcon.colcon_core.package_identification:_identify(src/px4-ros2-interface-lib/examples/cpp/modes/goto) by extensions ['colcon_pkg']
[0.143s] Level 1:colcon.colcon_core.package_identification:_identify(src/px4-ros2-interface-lib/examples/cpp/modes/goto) by extension 'colcon_pkg'
[0.143s] Level 1:colcon.colcon_core.package_identification:_identify(src/px4-ros2-interface-lib/examples/cpp/modes/goto) by extensions ['colcon_meta']
[0.144s] Level 1:colcon.colcon_core.package_identification:_identify(src/px4-ros2-interface-lib/examples/cpp/modes/goto) by extension 'colcon_meta'
[0.144s] Level 1:colcon.colcon_core.package_identification:_identify(src/px4-ros2-interface-lib/examples/cpp/modes/goto) by extensions ['ros']
[0.144s] Level 1:colcon.colcon_core.package_identification:_identify(src/px4-ros2-interface-lib/examples/cpp/modes/goto) by extension 'ros'
[0.144s] DEBUG:colcon.colcon_core.package_identification:Package 'src/px4-ros2-interface-lib/examples/cpp/modes/goto' with type 'ros.ament_cmake' and name 'example_mode_goto_cpp'
[0.144s] Level 1:colcon.colcon_core.package_identification:_identify(src/px4-ros2-interface-lib/examples/cpp/modes/goto_global) by extensions ['ignore', 'ignore_ament_install']
[0.144s] Level 1:colcon.colcon_core.package_identification:_identify(src/px4-ros2-interface-lib/examples/cpp/modes/goto_global) by extension 'ignore'
[0.144s] Level 1:colcon.colcon_core.package_identification:_identify(src/px4-ros2-interface-lib/examples/cpp/modes/goto_global) by extension 'ignore_ament_install'
[0.144s] Level 1:colcon.colcon_core.package_identification:_identify(src/px4-ros2-interface-lib/examples/cpp/modes/goto_global) by extensions ['colcon_pkg']
[0.144s] Level 1:colcon.colcon_core.package_identification:_identify(src/px4-ros2-interface-lib/examples/cpp/modes/goto_global) by extension 'colcon_pkg'
[0.144s] Level 1:colcon.colcon_core.package_identification:_identify(src/px4-ros2-interface-lib/examples/cpp/modes/goto_global) by extensions ['colcon_meta']
[0.144s] Level 1:colcon.colcon_core.package_identification:_identify(src/px4-ros2-interface-lib/examples/cpp/modes/goto_global) by extension 'colcon_meta'
[0.144s] Level 1:colcon.colcon_core.package_identification:_identify(src/px4-ros2-interface-lib/examples/cpp/modes/goto_global) by extensions ['ros']
[0.144s] Level 1:colcon.colcon_core.package_identification:_identify(src/px4-ros2-interface-lib/examples/cpp/modes/goto_global) by extension 'ros'
[0.145s] DEBUG:colcon.colcon_core.package_identification:Package 'src/px4-ros2-interface-lib/examples/cpp/modes/goto_global' with type 'ros.ament_cmake' and name 'example_mode_goto_global_cpp'
[0.145s] Level 1:colcon.colcon_core.package_identification:_identify(src/px4-ros2-interface-lib/examples/cpp/modes/manual) by extensions ['ignore', 'ignore_ament_install']
[0.145s] Level 1:colcon.colcon_core.package_identification:_identify(src/px4-ros2-interface-lib/examples/cpp/modes/manual) by extension 'ignore'
[0.145s] Level 1:colcon.colcon_core.package_identification:_identify(src/px4-ros2-interface-lib/examples/cpp/modes/manual) by extension 'ignore_ament_install'
[0.145s] Level 1:colcon.colcon_core.package_identification:_identify(src/px4-ros2-interface-lib/examples/cpp/modes/manual) by extensions ['colcon_pkg']
[0.145s] Level 1:colcon.colcon_core.package_identification:_identify(src/px4-ros2-interface-lib/examples/cpp/modes/manual) by extension 'colcon_pkg'
[0.145s] Level 1:colcon.colcon_core.package_identification:_identify(src/px4-ros2-interface-lib/examples/cpp/modes/manual) by extensions ['colcon_meta']
[0.145s] Level 1:colcon.colcon_core.package_identification:_identify(src/px4-ros2-interface-lib/examples/cpp/modes/manual) by extension 'colcon_meta'
[0.145s] Level 1:colcon.colcon_core.package_identification:_identify(src/px4-ros2-interface-lib/examples/cpp/modes/manual) by extensions ['ros']
[0.145s] Level 1:colcon.colcon_core.package_identification:_identify(src/px4-ros2-interface-lib/examples/cpp/modes/manual) by extension 'ros'
[0.146s] DEBUG:colcon.colcon_core.package_identification:Package 'src/px4-ros2-interface-lib/examples/cpp/modes/manual' with type 'ros.ament_cmake' and name 'example_mode_manual_cpp'
[0.146s] Level 1:colcon.colcon_core.package_identification:_identify(src/px4-ros2-interface-lib/examples/cpp/modes/mission) by extensions ['ignore', 'ignore_ament_install']
[0.146s] Level 1:colcon.colcon_core.package_identification:_identify(src/px4-ros2-interface-lib/examples/cpp/modes/mission) by extension 'ignore'
[0.146s] Level 1:colcon.colcon_core.package_identification:_identify(src/px4-ros2-interface-lib/examples/cpp/modes/mission) by extension 'ignore_ament_install'
[0.146s] Level 1:colcon.colcon_core.package_identification:_identify(src/px4-ros2-interface-lib/examples/cpp/modes/mission) by extensions ['colcon_pkg']
[0.146s] Level 1:colcon.colcon_core.package_identification:_identify(src/px4-ros2-interface-lib/examples/cpp/modes/mission) by extension 'colcon_pkg'
[0.146s] Level 1:colcon.colcon_core.package_identification:_identify(src/px4-ros2-interface-lib/examples/cpp/modes/mission) by extensions ['colcon_meta']
[0.146s] Level 1:colcon.colcon_core.package_identification:_identify(src/px4-ros2-interface-lib/examples/cpp/modes/mission) by extension 'colcon_meta'
[0.146s] Level 1:colcon.colcon_core.package_identification:_identify(src/px4-ros2-interface-lib/examples/cpp/modes/mission) by extensions ['ros']
[0.146s] Level 1:colcon.colcon_core.package_identification:_identify(src/px4-ros2-interface-lib/examples/cpp/modes/mission) by extension 'ros'
[0.146s] DEBUG:colcon.colcon_core.package_identification:Package 'src/px4-ros2-interface-lib/examples/cpp/modes/mission' with type 'ros.ament_cmake' and name 'example_mode_mission_cpp'
[0.147s] Level 1:colcon.colcon_core.package_identification:_identify(src/px4-ros2-interface-lib/examples/cpp/modes/mode_with_executor) by extensions ['ignore', 'ignore_ament_install']
[0.147s] Level 1:colcon.colcon_core.package_identification:_identify(src/px4-ros2-interface-lib/examples/cpp/modes/mode_with_executor) by extension 'ignore'
[0.147s] Level 1:colcon.colcon_core.package_identification:_identify(src/px4-ros2-interface-lib/examples/cpp/modes/mode_with_executor) by extension 'ignore_ament_install'
[0.147s] Level 1:colcon.colcon_core.package_identification:_identify(src/px4-ros2-interface-lib/examples/cpp/modes/mode_with_executor) by extensions ['colcon_pkg']
[0.147s] Level 1:colcon.colcon_core.package_identification:_identify(src/px4-ros2-interface-lib/examples/cpp/modes/mode_with_executor) by extension 'colcon_pkg'
[0.147s] Level 1:colcon.colcon_core.package_identification:_identify(src/px4-ros2-interface-lib/examples/cpp/modes/mode_with_executor) by extensions ['colcon_meta']
[0.147s] Level 1:colcon.colcon_core.package_identification:_identify(src/px4-ros2-interface-lib/examples/cpp/modes/mode_with_executor) by extension 'colcon_meta'
[0.147s] Level 1:colcon.colcon_core.package_identification:_identify(src/px4-ros2-interface-lib/examples/cpp/modes/mode_with_executor) by extensions ['ros']
[0.147s] Level 1:colcon.colcon_core.package_identification:_identify(src/px4-ros2-interface-lib/examples/cpp/modes/mode_with_executor) by extension 'ros'
[0.147s] DEBUG:colcon.colcon_core.package_identification:Package 'src/px4-ros2-interface-lib/examples/cpp/modes/mode_with_executor' with type 'ros.ament_cmake' and name 'example_mode_with_executor_cpp'
[0.147s] Level 1:colcon.colcon_core.package_identification:_identify(src/px4-ros2-interface-lib/examples/cpp/modes/rover_velocity) by extensions ['ignore', 'ignore_ament_install']
[0.147s] Level 1:colcon.colcon_core.package_identification:_identify(src/px4-ros2-interface-lib/examples/cpp/modes/rover_velocity) by extension 'ignore'
[0.147s] Level 1:colcon.colcon_core.package_identification:_identify(src/px4-ros2-interface-lib/examples/cpp/modes/rover_velocity) by extension 'ignore_ament_install'
[0.148s] Level 1:colcon.colcon_core.package_identification:_identify(src/px4-ros2-interface-lib/examples/cpp/modes/rover_velocity) by extensions ['colcon_pkg']
[0.148s] Level 1:colcon.colcon_core.package_identification:_identify(src/px4-ros2-interface-lib/examples/cpp/modes/rover_velocity) by extension 'colcon_pkg'
[0.148s] Level 1:colcon.colcon_core.package_identification:_identify(src/px4-ros2-interface-lib/examples/cpp/modes/rover_velocity) by extensions ['colcon_meta']
[0.148s] Level 1:colcon.colcon_core.package_identification:_identify(src/px4-ros2-interface-lib/examples/cpp/modes/rover_velocity) by extension 'colcon_meta'
[0.148s] Level 1:colcon.colcon_core.package_identification:_identify(src/px4-ros2-interface-lib/examples/cpp/modes/rover_velocity) by extensions ['ros']
[0.148s] Level 1:colcon.colcon_core.package_identification:_identify(src/px4-ros2-interface-lib/examples/cpp/modes/rover_velocity) by extension 'ros'
[0.148s] DEBUG:colcon.colcon_core.package_identification:Package 'src/px4-ros2-interface-lib/examples/cpp/modes/rover_velocity' with type 'ros.ament_cmake' and name 'example_rover_velocity_mode_cpp'
[0.148s] Level 1:colcon.colcon_core.package_identification:_identify(src/px4-ros2-interface-lib/examples/cpp/modes/rtl_replacement) by extensions ['ignore', 'ignore_ament_install']
[0.148s] Level 1:colcon.colcon_core.package_identification:_identify(src/px4-ros2-interface-lib/examples/cpp/modes/rtl_replacement) by extension 'ignore'
[0.148s] Level 1:colcon.colcon_core.package_identification:_identify(src/px4-ros2-interface-lib/examples/cpp/modes/rtl_replacement) by extension 'ignore_ament_install'
[0.148s] Level 1:colcon.colcon_core.package_identification:_identify(src/px4-ros2-interface-lib/examples/cpp/modes/rtl_replacement) by extensions ['colcon_pkg']
[0.148s] Level 1:colcon.colcon_core.package_identification:_identify(src/px4-ros2-interface-lib/examples/cpp/modes/rtl_replacement) by extension 'colcon_pkg'
[0.148s] Level 1:colcon.colcon_core.package_identification:_identify(src/px4-ros2-interface-lib/examples/cpp/modes/rtl_replacement) by extensions ['colcon_meta']
[0.148s] Level 1:colcon.colcon_core.package_identification:_identify(src/px4-ros2-interface-lib/examples/cpp/modes/rtl_replacement) by extension 'colcon_meta'
[0.148s] Level 1:colcon.colcon_core.package_identification:_identify(src/px4-ros2-interface-lib/examples/cpp/modes/rtl_replacement) by extensions ['ros']
[0.148s] Level 1:colcon.colcon_core.package_identification:_identify(src/px4-ros2-interface-lib/examples/cpp/modes/rtl_replacement) by extension 'ros'
[0.149s] DEBUG:colcon.colcon_core.package_identification:Package 'src/px4-ros2-interface-lib/examples/cpp/modes/rtl_replacement' with type 'ros.ament_cmake' and name 'example_mode_rtl_replacement_cpp'
[0.149s] Level 1:colcon.colcon_core.package_identification:_identify(src/px4-ros2-interface-lib/examples/cpp/modes/vtol) by extensions ['ignore', 'ignore_ament_install']
[0.149s] Level 1:colcon.colcon_core.package_identification:_identify(src/px4-ros2-interface-lib/examples/cpp/modes/vtol) by extension 'ignore'
[0.149s] Level 1:colcon.colcon_core.package_identification:_identify(src/px4-ros2-interface-lib/examples/cpp/modes/vtol) by extension 'ignore_ament_install'
[0.149s] Level 1:colcon.colcon_core.package_identification:_identify(src/px4-ros2-interface-lib/examples/cpp/modes/vtol) by extensions ['colcon_pkg']
[0.149s] Level 1:colcon.colcon_core.package_identification:_identify(src/px4-ros2-interface-lib/examples/cpp/modes/vtol) by extension 'colcon_pkg'
[0.149s] Level 1:colcon.colcon_core.package_identification:_identify(src/px4-ros2-interface-lib/examples/cpp/modes/vtol) by extensions ['colcon_meta']
[0.149s] Level 1:colcon.colcon_core.package_identification:_identify(src/px4-ros2-interface-lib/examples/cpp/modes/vtol) by extension 'colcon_meta'
[0.149s] Level 1:colcon.colcon_core.package_identification:_identify(src/px4-ros2-interface-lib/examples/cpp/modes/vtol) by extensions ['ros']
[0.149s] Level 1:colcon.colcon_core.package_identification:_identify(src/px4-ros2-interface-lib/examples/cpp/modes/vtol) by extension 'ros'
[0.150s] DEBUG:colcon.colcon_core.package_identification:Package 'src/px4-ros2-interface-lib/examples/cpp/modes/vtol' with type 'ros.ament_cmake' and name 'example_mode_vtol_cpp'
[0.150s] Level 1:colcon.colcon_core.package_identification:_identify(src/px4-ros2-interface-lib/examples/cpp/navigation) by extensions ['ignore', 'ignore_ament_install']
[0.150s] Level 1:colcon.colcon_core.package_identification:_identify(src/px4-ros2-interface-lib/examples/cpp/navigation) by extension 'ignore'
[0.150s] Level 1:colcon.colcon_core.package_identification:_identify(src/px4-ros2-interface-lib/examples/cpp/navigation) by extension 'ignore_ament_install'
[0.150s] Level 1:colcon.colcon_core.package_identification:_identify(src/px4-ros2-interface-lib/examples/cpp/navigation) by extensions ['colcon_pkg']
[0.150s] Level 1:colcon.colcon_core.package_identification:_identify(src/px4-ros2-interface-lib/examples/cpp/navigation) by extension 'colcon_pkg'
[0.150s] Level 1:colcon.colcon_core.package_identification:_identify(src/px4-ros2-interface-lib/examples/cpp/navigation) by extensions ['colcon_meta']
[0.150s] Level 1:colcon.colcon_core.package_identification:_identify(src/px4-ros2-interface-lib/examples/cpp/navigation) by extension 'colcon_meta'
[0.150s] Level 1:colcon.colcon_core.package_identification:_identify(src/px4-ros2-interface-lib/examples/cpp/navigation) by extensions ['ros']
[0.150s] Level 1:colcon.colcon_core.package_identification:_identify(src/px4-ros2-interface-lib/examples/cpp/navigation) by extension 'ros'
[0.150s] Level 1:colcon.colcon_core.package_identification:_identify(src/px4-ros2-interface-lib/examples/cpp/navigation) by extensions ['cmake', 'python']
[0.150s] Level 1:colcon.colcon_core.package_identification:_identify(src/px4-ros2-interface-lib/examples/cpp/navigation) by extension 'cmake'
[0.150s] Level 1:colcon.colcon_core.package_identification:_identify(src/px4-ros2-interface-lib/examples/cpp/navigation) by extension 'python'
[0.150s] Level 1:colcon.colcon_core.package_identification:_identify(src/px4-ros2-interface-lib/examples/cpp/navigation) by extensions ['python_setup_py']
[0.150s] Level 1:colcon.colcon_core.package_identification:_identify(src/px4-ros2-interface-lib/examples/cpp/navigation) by extension 'python_setup_py'
[0.150s] Level 1:colcon.colcon_core.package_identification:_identify(src/px4-ros2-interface-lib/examples/cpp/navigation/global_navigation) by extensions ['ignore', 'ignore_ament_install']
[0.151s] Level 1:colcon.colcon_core.package_identification:_identify(src/px4-ros2-interface-lib/examples/cpp/navigation/global_navigation) by extension 'ignore'
[0.151s] Level 1:colcon.colcon_core.package_identification:_identify(src/px4-ros2-interface-lib/examples/cpp/navigation/global_navigation) by extension 'ignore_ament_install'
[0.151s] Level 1:colcon.colcon_core.package_identification:_identify(src/px4-ros2-interface-lib/examples/cpp/navigation/global_navigation) by extensions ['colcon_pkg']
[0.151s] Level 1:colcon.colcon_core.package_identification:_identify(src/px4-ros2-interface-lib/examples/cpp/navigation/global_navigation) by extension 'colcon_pkg'
[0.151s] Level 1:colcon.colcon_core.package_identification:_identify(src/px4-ros2-interface-lib/examples/cpp/navigation/global_navigation) by extensions ['colcon_meta']
[0.151s] Level 1:colcon.colcon_core.package_identification:_identify(src/px4-ros2-interface-lib/examples/cpp/navigation/global_navigation) by extension 'colcon_meta'
[0.151s] Level 1:colcon.colcon_core.package_identification:_identify(src/px4-ros2-interface-lib/examples/cpp/navigation/global_navigation) by extensions ['ros']
[0.151s] Level 1:colcon.colcon_core.package_identification:_identify(src/px4-ros2-interface-lib/examples/cpp/navigation/global_navigation) by extension 'ros'
[0.151s] DEBUG:colcon.colcon_core.package_identification:Package 'src/px4-ros2-interface-lib/examples/cpp/navigation/global_navigation' with type 'ros.ament_cmake' and name 'example_global_navigation_cpp'
[0.151s] Level 1:colcon.colcon_core.package_identification:_identify(src/px4-ros2-interface-lib/examples/cpp/navigation/local_navigation) by extensions ['ignore', 'ignore_ament_install']
[0.151s] Level 1:colcon.colcon_core.package_identification:_identify(src/px4-ros2-interface-lib/examples/cpp/navigation/local_navigation) by extension 'ignore'
[0.151s] Level 1:colcon.colcon_core.package_identification:_identify(src/px4-ros2-interface-lib/examples/cpp/navigation/local_navigation) by extension 'ignore_ament_install'
[0.151s] Level 1:colcon.colcon_core.package_identification:_identify(src/px4-ros2-interface-lib/examples/cpp/navigation/local_navigation) by extensions ['colcon_pkg']
[0.151s] Level 1:colcon.colcon_core.package_identification:_identify(src/px4-ros2-interface-lib/examples/cpp/navigation/local_navigation) by extension 'colcon_pkg'
[0.151s] Level 1:colcon.colcon_core.package_identification:_identify(src/px4-ros2-interface-lib/examples/cpp/navigation/local_navigation) by extensions ['colcon_meta']
[0.152s] Level 1:colcon.colcon_core.package_identification:_identify(src/px4-ros2-interface-lib/examples/cpp/navigation/local_navigation) by extension 'colcon_meta'
[0.152s] Level 1:colcon.colcon_core.package_identification:_identify(src/px4-ros2-interface-lib/examples/cpp/navigation/local_navigation) by extensions ['ros']
[0.152s] Level 1:colcon.colcon_core.package_identification:_identify(src/px4-ros2-interface-lib/examples/cpp/navigation/local_navigation) by extension 'ros'
[0.152s] DEBUG:colcon.colcon_core.package_identification:Package 'src/px4-ros2-interface-lib/examples/cpp/navigation/local_navigation' with type 'ros.ament_cmake' and name 'example_local_navigation_cpp'
[0.152s] Level 1:colcon.colcon_core.package_identification:_identify(src/px4-ros2-interface-lib/examples/python) by extensions ['ignore', 'ignore_ament_install']
[0.152s] Level 1:colcon.colcon_core.package_identification:_identify(src/px4-ros2-interface-lib/examples/python) by extension 'ignore'
[0.152s] Level 1:colcon.colcon_core.package_identification:_identify(src/px4-ros2-interface-lib/examples/python) by extension 'ignore_ament_install'
[0.152s] Level 1:colcon.colcon_core.package_identification:_identify(src/px4-ros2-interface-lib/examples/python) by extensions ['colcon_pkg']
[0.152s] Level 1:colcon.colcon_core.package_identification:_identify(src/px4-ros2-interface-lib/examples/python) by extension 'colcon_pkg'
[0.152s] Level 1:colcon.colcon_core.package_identification:_identify(src/px4-ros2-interface-lib/examples/python) by extensions ['colcon_meta']
[0.152s] Level 1:colcon.colcon_core.package_identification:_identify(src/px4-ros2-interface-lib/examples/python) by extension 'colcon_meta'
[0.152s] Level 1:colcon.colcon_core.package_identification:_identify(src/px4-ros2-interface-lib/examples/python) by extensions ['ros']
[0.152s] Level 1:colcon.colcon_core.package_identification:_identify(src/px4-ros2-interface-lib/examples/python) by extension 'ros'
[0.152s] Level 1:colcon.colcon_core.package_identification:_identify(src/px4-ros2-interface-lib/examples/python) by extensions ['cmake', 'python']
[0.152s] Level 1:colcon.colcon_core.package_identification:_identify(src/px4-ros2-interface-lib/examples/python) by extension 'cmake'
[0.152s] Level 1:colcon.colcon_core.package_identification:_identify(src/px4-ros2-interface-lib/examples/python) by extension 'python'
[0.153s] Level 1:colcon.colcon_core.package_identification:_identify(src/px4-ros2-interface-lib/examples/python) by extensions ['python_setup_py']
[0.153s] Level 1:colcon.colcon_core.package_identification:_identify(src/px4-ros2-interface-lib/examples/python) by extension 'python_setup_py'
[0.153s] Level 1:colcon.colcon_core.package_identification:_identify(src/px4-ros2-interface-lib/examples/python/modes) by extensions ['ignore', 'ignore_ament_install']
[0.153s] Level 1:colcon.colcon_core.package_identification:_identify(src/px4-ros2-interface-lib/examples/python/modes) by extension 'ignore'
[0.153s] Level 1:colcon.colcon_core.package_identification:_identify(src/px4-ros2-interface-lib/examples/python/modes) by extension 'ignore_ament_install'
[0.153s] Level 1:colcon.colcon_core.package_identification:_identify(src/px4-ros2-interface-lib/examples/python/modes) by extensions ['colcon_pkg']
[0.153s] Level 1:colcon.colcon_core.package_identification:_identify(src/px4-ros2-interface-lib/examples/python/modes) by extension 'colcon_pkg'
[0.153s] Level 1:colcon.colcon_core.package_identification:_identify(src/px4-ros2-interface-lib/examples/python/modes) by extensions ['colcon_meta']
[0.153s] Level 1:colcon.colcon_core.package_identification:_identify(src/px4-ros2-interface-lib/examples/python/modes) by extension 'colcon_meta'
[0.153s] Level 1:colcon.colcon_core.package_identification:_identify(src/px4-ros2-interface-lib/examples/python/modes) by extensions ['ros']
[0.153s] Level 1:colcon.colcon_core.package_identification:_identify(src/px4-ros2-interface-lib/examples/python/modes) by extension 'ros'
[0.153s] Level 1:colcon.colcon_core.package_identification:_identify(src/px4-ros2-interface-lib/examples/python/modes) by extensions ['cmake', 'python']
[0.153s] Level 1:colcon.colcon_core.package_identification:_identify(src/px4-ros2-interface-lib/examples/python/modes) by extension 'cmake'
[0.153s] Level 1:colcon.colcon_core.package_identification:_identify(src/px4-ros2-interface-lib/examples/python/modes) by extension 'python'
[0.153s] Level 1:colcon.colcon_core.package_identification:_identify(src/px4-ros2-interface-lib/examples/python/modes) by extensions ['python_setup_py']
[0.153s] Level 1:colcon.colcon_core.package_identification:_identify(src/px4-ros2-interface-lib/examples/python/modes) by extension 'python_setup_py'
[0.153s] Level 1:colcon.colcon_core.package_identification:_identify(src/px4-ros2-interface-lib/examples/python/modes/goto) by extensions ['ignore', 'ignore_ament_install']
[0.153s] Level 1:colcon.colcon_core.package_identification:_identify(src/px4-ros2-interface-lib/examples/python/modes/goto) by extension 'ignore'
[0.153s] Level 1:colcon.colcon_core.package_identification:_identify(src/px4-ros2-interface-lib/examples/python/modes/goto) by extension 'ignore_ament_install'
[0.153s] Level 1:colcon.colcon_core.package_identification:_identify(src/px4-ros2-interface-lib/examples/python/modes/goto) by extensions ['colcon_pkg']
[0.154s] Level 1:colcon.colcon_core.package_identification:_identify(src/px4-ros2-interface-lib/examples/python/modes/goto) by extension 'colcon_pkg'
[0.154s] Level 1:colcon.colcon_core.package_identification:_identify(src/px4-ros2-interface-lib/examples/python/modes/goto) by extensions ['colcon_meta']
[0.154s] Level 1:colcon.colcon_core.package_identification:_identify(src/px4-ros2-interface-lib/examples/python/modes/goto) by extension 'colcon_meta'
[0.154s] Level 1:colcon.colcon_core.package_identification:_identify(src/px4-ros2-interface-lib/examples/python/modes/goto) by extensions ['ros']
[0.154s] Level 1:colcon.colcon_core.package_identification:_identify(src/px4-ros2-interface-lib/examples/python/modes/goto) by extension 'ros'
[0.154s] DEBUG:colcon.colcon_core.package_identification:Package 'src/px4-ros2-interface-lib/examples/python/modes/goto' with type 'ros.ament_python' and name 'example_mode_goto_py'
[0.154s] Level 1:colcon.colcon_core.package_identification:_identify(src/px4-ros2-interface-lib/examples/python/modes/goto_with_rclpy) by extensions ['ignore', 'ignore_ament_install']
[0.154s] Level 1:colcon.colcon_core.package_identification:_identify(src/px4-ros2-interface-lib/examples/python/modes/goto_with_rclpy) by extension 'ignore'
[0.154s] Level 1:colcon.colcon_core.package_identification:_identify(src/px4-ros2-interface-lib/examples/python/modes/goto_with_rclpy) by extension 'ignore_ament_install'
[0.154s] Level 1:colcon.colcon_core.package_identification:_identify(src/px4-ros2-interface-lib/examples/python/modes/goto_with_rclpy) by extensions ['colcon_pkg']
[0.154s] Level 1:colcon.colcon_core.package_identification:_identify(src/px4-ros2-interface-lib/examples/python/modes/goto_with_rclpy) by extension 'colcon_pkg'
[0.154s] Level 1:colcon.colcon_core.package_identification:_identify(src/px4-ros2-interface-lib/examples/python/modes/goto_with_rclpy) by extensions ['colcon_meta']
[0.154s] Level 1:colcon.colcon_core.package_identification:_identify(src/px4-ros2-interface-lib/examples/python/modes/goto_with_rclpy) by extension 'colcon_meta'
[0.154s] Level 1:colcon.colcon_core.package_identification:_identify(src/px4-ros2-interface-lib/examples/python/modes/goto_with_rclpy) by extensions ['ros']
[0.155s] Level 1:colcon.colcon_core.package_identification:_identify(src/px4-ros2-interface-lib/examples/python/modes/goto_with_rclpy) by extension 'ros'
[0.155s] DEBUG:colcon.colcon_core.package_identification:Package 'src/px4-ros2-interface-lib/examples/python/modes/goto_with_rclpy' with type 'ros.ament_python' and name 'example_mode_with_rclpy_py'
[0.155s] Level 1:colcon.colcon_core.package_identification:_identify(src/px4-ros2-interface-lib/mission) by extensions ['ignore', 'ignore_ament_install']
[0.155s] Level 1:colcon.colcon_core.package_identification:_identify(src/px4-ros2-interface-lib/mission) by extension 'ignore'
[0.155s] Level 1:colcon.colcon_core.package_identification:_identify(src/px4-ros2-interface-lib/mission) by extension 'ignore_ament_install'
[0.155s] Level 1:colcon.colcon_core.package_identification:_identify(src/px4-ros2-interface-lib/mission) by extensions ['colcon_pkg']
[0.155s] Level 1:colcon.colcon_core.package_identification:_identify(src/px4-ros2-interface-lib/mission) by extension 'colcon_pkg'
[0.155s] Level 1:colcon.colcon_core.package_identification:_identify(src/px4-ros2-interface-lib/mission) by extensions ['colcon_meta']
[0.155s] Level 1:colcon.colcon_core.package_identification:_identify(src/px4-ros2-interface-lib/mission) by extension 'colcon_meta'
[0.155s] Level 1:colcon.colcon_core.package_identification:_identify(src/px4-ros2-interface-lib/mission) by extensions ['ros']
[0.155s] Level 1:colcon.colcon_core.package_identification:_identify(src/px4-ros2-interface-lib/mission) by extension 'ros'
[0.155s] Level 1:colcon.colcon_core.package_identification:_identify(src/px4-ros2-interface-lib/mission) by extensions ['cmake', 'python']
[0.155s] Level 1:colcon.colcon_core.package_identification:_identify(src/px4-ros2-interface-lib/mission) by extension 'cmake'
[0.155s] Level 1:colcon.colcon_core.package_identification:_identify(src/px4-ros2-interface-lib/mission) by extension 'python'
[0.156s] Level 1:colcon.colcon_core.package_identification:_identify(src/px4-ros2-interface-lib/mission) by extensions ['python_setup_py']
[0.156s] Level 1:colcon.colcon_core.package_identification:_identify(src/px4-ros2-interface-lib/mission) by extension 'python_setup_py'
[0.156s] Level 1:colcon.colcon_core.package_identification:_identify(src/px4-ros2-interface-lib/mission/examples) by extensions ['ignore', 'ignore_ament_install']
[0.156s] Level 1:colcon.colcon_core.package_identification:_identify(src/px4-ros2-interface-lib/mission/examples) by extension 'ignore'
[0.156s] Level 1:colcon.colcon_core.package_identification:_identify(src/px4-ros2-interface-lib/mission/examples) by extension 'ignore_ament_install'
[0.156s] Level 1:colcon.colcon_core.package_identification:_identify(src/px4-ros2-interface-lib/mission/examples) by extensions ['colcon_pkg']
[0.156s] Level 1:colcon.colcon_core.package_identification:_identify(src/px4-ros2-interface-lib/mission/examples) by extension 'colcon_pkg'
[0.156s] Level 1:colcon.colcon_core.package_identification:_identify(src/px4-ros2-interface-lib/mission/examples) by extensions ['colcon_meta']
[0.156s] Level 1:colcon.colcon_core.package_identification:_identify(src/px4-ros2-interface-lib/mission/examples) by extension 'colcon_meta'
[0.156s] Level 1:colcon.colcon_core.package_identification:_identify(src/px4-ros2-interface-lib/mission/examples) by extensions ['ros']
[0.156s] Level 1:colcon.colcon_core.package_identification:_identify(src/px4-ros2-interface-lib/mission/examples) by extension 'ros'
[0.156s] Level 1:colcon.colcon_core.package_identification:_identify(src/px4-ros2-interface-lib/mission/examples) by extensions ['cmake', 'python']
[0.156s] Level 1:colcon.colcon_core.package_identification:_identify(src/px4-ros2-interface-lib/mission/examples) by extension 'cmake'
[0.156s] Level 1:colcon.colcon_core.package_identification:_identify(src/px4-ros2-interface-lib/mission/examples) by extension 'python'
[0.156s] Level 1:colcon.colcon_core.package_identification:_identify(src/px4-ros2-interface-lib/mission/examples) by extensions ['python_setup_py']
[0.156s] Level 1:colcon.colcon_core.package_identification:_identify(src/px4-ros2-interface-lib/mission/examples) by extension 'python_setup_py'
[0.156s] Level 1:colcon.colcon_core.package_identification:_identify(src/px4-ros2-interface-lib/px4_ros2_cpp) by extensions ['ignore', 'ignore_ament_install']
[0.157s] Level 1:colcon.colcon_core.package_identification:_identify(src/px4-ros2-interface-lib/px4_ros2_cpp) by extension 'ignore'
[0.157s] Level 1:colcon.colcon_core.package_identification:_identify(src/px4-ros2-interface-lib/px4_ros2_cpp) by extension 'ignore_ament_install'
[0.157s] Level 1:colcon.colcon_core.package_identification:_identify(src/px4-ros2-interface-lib/px4_ros2_cpp) by extensions ['colcon_pkg']
[0.157s] Level 1:colcon.colcon_core.package_identification:_identify(src/px4-ros2-interface-lib/px4_ros2_cpp) by extension 'colcon_pkg'
[0.157s] Level 1:colcon.colcon_core.package_identification:_identify(src/px4-ros2-interface-lib/px4_ros2_cpp) by extensions ['colcon_meta']
[0.157s] Level 1:colcon.colcon_core.package_identification:_identify(src/px4-ros2-interface-lib/px4_ros2_cpp) by extension 'colcon_meta'
[0.157s] Level 1:colcon.colcon_core.package_identification:_identify(src/px4-ros2-interface-lib/px4_ros2_cpp) by extensions ['ros']
[0.157s] Level 1:colcon.colcon_core.package_identification:_identify(src/px4-ros2-interface-lib/px4_ros2_cpp) by extension 'ros'
[0.157s] DEBUG:colcon.colcon_core.package_identification:Package 'src/px4-ros2-interface-lib/px4_ros2_cpp' with type 'ros.ament_cmake' and name 'px4_ros2_cpp'
[0.157s] Level 1:colcon.colcon_core.package_identification:_identify(src/px4-ros2-interface-lib/px4_ros2_py) by extensions ['ignore', 'ignore_ament_install']
[0.157s] Level 1:colcon.colcon_core.package_identification:_identify(src/px4-ros2-interface-lib/px4_ros2_py) by extension 'ignore'
[0.157s] Level 1:colcon.colcon_core.package_identification:_identify(src/px4-ros2-interface-lib/px4_ros2_py) by extension 'ignore_ament_install'
[0.157s] Level 1:colcon.colcon_core.package_identification:_identify(src/px4-ros2-interface-lib/px4_ros2_py) by extensions ['colcon_pkg']
[0.157s] Level 1:colcon.colcon_core.package_identification:_identify(src/px4-ros2-interface-lib/px4_ros2_py) by extension 'colcon_pkg'
[0.157s] Level 1:colcon.colcon_core.package_identification:_identify(src/px4-ros2-interface-lib/px4_ros2_py) by extensions ['colcon_meta']
[0.158s] Level 1:colcon.colcon_core.package_identification:_identify(src/px4-ros2-interface-lib/px4_ros2_py) by extension 'colcon_meta'
[0.158s] Level 1:colcon.colcon_core.package_identification:_identify(src/px4-ros2-interface-lib/px4_ros2_py) by extensions ['ros']
[0.158s] Level 1:colcon.colcon_core.package_identification:_identify(src/px4-ros2-interface-lib/px4_ros2_py) by extension 'ros'
[0.158s] DEBUG:colcon.colcon_core.package_identification:Package 'src/px4-ros2-interface-lib/px4_ros2_py' with type 'ros.ament_cmake' and name 'px4_ros2_py'
[0.158s] Level 1:colcon.colcon_core.package_identification:_identify(src/px4-ros2-interface-lib/python_docs) by extensions ['ignore', 'ignore_ament_install']
[0.158s] Level 1:colcon.colcon_core.package_identification:_identify(src/px4-ros2-interface-lib/python_docs) by extension 'ignore'
[0.158s] Level 1:colcon.colcon_core.package_identification:_identify(src/px4-ros2-interface-lib/python_docs) by extension 'ignore_ament_install'
[0.158s] Level 1:colcon.colcon_core.package_identification:_identify(src/px4-ros2-interface-lib/python_docs) by extensions ['colcon_pkg']
[0.158s] Level 1:colcon.colcon_core.package_identification:_identify(src/px4-ros2-interface-lib/python_docs) by extension 'colcon_pkg'
[0.158s] Level 1:colcon.colcon_core.package_identification:_identify(src/px4-ros2-interface-lib/python_docs) by extensions ['colcon_meta']
[0.158s] Level 1:colcon.colcon_core.package_identification:_identify(src/px4-ros2-interface-lib/python_docs) by extension 'colcon_meta'
[0.158s] Level 1:colcon.colcon_core.package_identification:_identify(src/px4-ros2-interface-lib/python_docs) by extensions ['ros']
[0.158s] Level 1:colcon.colcon_core.package_identification:_identify(src/px4-ros2-interface-lib/python_docs) by extension 'ros'
[0.158s] Level 1:colcon.colcon_core.package_identification:_identify(src/px4-ros2-interface-lib/python_docs) by extensions ['cmake', 'python']
[0.159s] Level 1:colcon.colcon_core.package_identification:_identify(src/px4-ros2-interface-lib/python_docs) by extension 'cmake'
[0.159s] Level 1:colcon.colcon_core.package_identification:_identify(src/px4-ros2-interface-lib/python_docs) by extension 'python'
[0.159s] Level 1:colcon.colcon_core.package_identification:_identify(src/px4-ros2-interface-lib/python_docs) by extensions ['python_setup_py']
[0.159s] Level 1:colcon.colcon_core.package_identification:_identify(src/px4-ros2-interface-lib/python_docs) by extension 'python_setup_py'
[0.159s] Level 1:colcon.colcon_core.package_identification:_identify(src/px4-ros2-interface-lib/scripts) by extensions ['ignore', 'ignore_ament_install']
[0.159s] Level 1:colcon.colcon_core.package_identification:_identify(src/px4-ros2-interface-lib/scripts) by extension 'ignore'
[0.159s] Level 1:colcon.colcon_core.package_identification:_identify(src/px4-ros2-interface-lib/scripts) by extension 'ignore_ament_install'
[0.159s] Level 1:colcon.colcon_core.package_identification:_identify(src/px4-ros2-interface-lib/scripts) by extensions ['colcon_pkg']
[0.159s] Level 1:colcon.colcon_core.package_identification:_identify(src/px4-ros2-interface-lib/scripts) by extension 'colcon_pkg'
[0.159s] Level 1:colcon.colcon_core.package_identification:_identify(src/px4-ros2-interface-lib/scripts) by extensions ['colcon_meta']
[0.159s] Level 1:colcon.colcon_core.package_identification:_identify(src/px4-ros2-interface-lib/scripts) by extension 'colcon_meta'
[0.159s] Level 1:colcon.colcon_core.package_identification:_identify(src/px4-ros2-interface-lib/scripts) by extensions ['ros']
[0.159s] Level 1:colcon.colcon_core.package_identification:_identify(src/px4-ros2-interface-lib/scripts) by extension 'ros'
[0.159s] Level 1:colcon.colcon_core.package_identification:_identify(src/px4-ros2-interface-lib/scripts) by extensions ['cmake', 'python']
[0.159s] Level 1:colcon.colcon_core.package_identification:_identify(src/px4-ros2-interface-lib/scripts) by extension 'cmake'
[0.159s] Level 1:colcon.colcon_core.package_identification:_identify(src/px4-ros2-interface-lib/scripts) by extension 'python'
[0.159s] Level 1:colcon.colcon_core.package_identification:_identify(src/px4-ros2-interface-lib/scripts) by extensions ['python_setup_py']
[0.159s] Level 1:colcon.colcon_core.package_identification:_identify(src/px4-ros2-interface-lib/scripts) by extension 'python_setup_py'
[0.159s] Level 1:colcon.colcon_core.package_identification:_identify(src/px4_msgs) by extensions ['ignore', 'ignore_ament_install']
[0.159s] Level 1:colcon.colcon_core.package_identification:_identify(src/px4_msgs) by extension 'ignore'
[0.159s] Level 1:colcon.colcon_core.package_identification:_identify(src/px4_msgs) by extension 'ignore_ament_install'
[0.159s] Level 1:colcon.colcon_core.package_identification:_identify(src/px4_msgs) by extensions ['colcon_pkg']
[0.159s] Level 1:colcon.colcon_core.package_identification:_identify(src/px4_msgs) by extension 'colcon_pkg'
[0.159s] Level 1:colcon.colcon_core.package_identification:_identify(src/px4_msgs) by extensions ['colcon_meta']
[0.160s] Level 1:colcon.colcon_core.package_identification:_identify(src/px4_msgs) by extension 'colcon_meta'
[0.160s] Level 1:colcon.colcon_core.package_identification:_identify(src/px4_msgs) by extensions ['ros']
[0.160s] Level 1:colcon.colcon_core.package_identification:_identify(src/px4_msgs) by extension 'ros'
[0.160s] DEBUG:colcon.colcon_core.package_identification:Package 'src/px4_msgs' with type 'ros.ament_cmake' and name 'px4_msgs'
[0.160s] Level 1:colcon.colcon_core.package_identification:_identify(src/px4_ros2_custom_flight_mode) by extensions ['ignore', 'ignore_ament_install']
[0.160s] Level 1:colcon.colcon_core.package_identification:_identify(src/px4_ros2_custom_flight_mode) by extension 'ignore'
[0.160s] Level 1:colcon.colcon_core.package_identification:_identify(src/px4_ros2_custom_flight_mode) by extension 'ignore_ament_install'
[0.160s] Level 1:colcon.colcon_core.package_identification:_identify(src/px4_ros2_custom_flight_mode) by extensions ['colcon_pkg']
[0.160s] Level 1:colcon.colcon_core.package_identification:_identify(src/px4_ros2_custom_flight_mode) by extension 'colcon_pkg'
[0.160s] Level 1:colcon.colcon_core.package_identification:_identify(src/px4_ros2_custom_flight_mode) by extensions ['colcon_meta']
[0.160s] Level 1:colcon.colcon_core.package_identification:_identify(src/px4_ros2_custom_flight_mode) by extension 'colcon_meta'
[0.160s] Level 1:colcon.colcon_core.package_identification:_identify(src/px4_ros2_custom_flight_mode) by extensions ['ros']
[0.160s] Level 1:colcon.colcon_core.package_identification:_identify(src/px4_ros2_custom_flight_mode) by extension 'ros'
[0.161s] DEBUG:colcon.colcon_core.package_identification:Package 'src/px4_ros2_custom_flight_mode' with type 'ros.ament_cmake' and name 'draw_flight_mode'
[0.161s] Level 1:colcon.colcon_core.package_discovery:discover_packages(recursive) using defaults
[0.161s] Level 1:colcon.colcon_core.package_discovery:discover_packages(ignore) discover
[0.161s] Level 1:colcon.colcon_core.package_discovery:discover_packages(ignore) using defaults
[0.161s] Level 1:colcon.colcon_core.package_discovery:discover_packages(path) discover
[0.161s] Level 1:colcon.colcon_core.package_discovery:discover_packages(path) using defaults
[0.179s] Level 1:colcon.colcon_core.package_discovery:discover_packages(prefix_path) check parameters
[0.179s] Level 1:colcon.colcon_core.package_discovery:discover_packages(prefix_path) discover
[0.181s] DEBUG:colcon.colcon_installed_package_information.package_discovery:Found 2 installed packages in /home/rudra/ros2_ws/install
[0.182s] DEBUG:colcon.colcon_installed_package_information.package_discovery:Found 273 installed packages in /opt/ros/humble
[0.183s] Level 1:colcon.colcon_core.package_discovery:discover_packages(prefix_path) using defaults
[0.218s] Level 5:colcon.colcon_core.verb:set package 'px4_msgs' build argument 'cmake_args' from command line to 'None'
[0.218s] Level 5:colcon.colcon_core.verb:set package 'px4_msgs' build argument 'cmake_target' from command line to 'None'
[0.218s] Level 5:colcon.colcon_core.verb:set package 'px4_msgs' build argument 'cmake_target_skip_unavailable' from command line to 'False'
[0.218s] Level 5:colcon.colcon_core.verb:set package 'px4_msgs' build argument 'cmake_clean_cache' from command line to 'False'
[0.218s] Level 5:colcon.colcon_core.verb:set package 'px4_msgs' build argument 'cmake_clean_first' from command line to 'False'
[0.218s] Level 5:colcon.colcon_core.verb:set package 'px4_msgs' build argument 'cmake_force_configure' from command line to 'False'
[0.218s] Level 5:colcon.colcon_core.verb:set package 'px4_msgs' build argument 'ament_cmake_args' from command line to 'None'
[0.218s] Level 5:colcon.colcon_core.verb:set package 'px4_msgs' build argument 'catkin_cmake_args' from command line to 'None'
[0.218s] Level 5:colcon.colcon_core.verb:set package 'px4_msgs' build argument 'catkin_skip_building_tests' from command line to 'False'
[0.218s] DEBUG:colcon.colcon_core.verb:Building package 'px4_msgs' with the following arguments: {'ament_cmake_args': None, 'build_base': '/home/rudra/custom_flightmode/build/px4_msgs', 'catkin_cmake_args': None, 'catkin_skip_building_tests': False, 'cmake_args': None, 'cmake_clean_cache': False, 'cmake_clean_first': False, 'cmake_force_configure': False, 'cmake_target': None, 'cmake_target_skip_unavailable': False, 'install_base': '/home/rudra/custom_flightmode/install/px4_msgs', 'merge_install': False, 'path': '/home/rudra/custom_flightmode/src/px4_msgs', 'symlink_install': False, 'test_result_base': None}
[0.218s] Level 5:colcon.colcon_core.verb:set package 'px4_ros2_cpp' build argument 'cmake_args' from command line to 'None'
[0.218s] Level 5:colcon.colcon_core.verb:set package 'px4_ros2_cpp' build argument 'cmake_target' from command line to 'None'
[0.218s] Level 5:colcon.colcon_core.verb:set package 'px4_ros2_cpp' build argument 'cmake_target_skip_unavailable' from command line to 'False'
[0.218s] Level 5:colcon.colcon_core.verb:set package 'px4_ros2_cpp' build argument 'cmake_clean_cache' from command line to 'False'
[0.218s] Level 5:colcon.colcon_core.verb:set package 'px4_ros2_cpp' build argument 'cmake_clean_first' from command line to 'False'
[0.218s] Level 5:colcon.colcon_core.verb:set package 'px4_ros2_cpp' build argument 'cmake_force_configure' from command line to 'False'
[0.218s] Level 5:colcon.colcon_core.verb:set package 'px4_ros2_cpp' build argument 'ament_cmake_args' from command line to 'None'
[0.218s] Level 5:colcon.colcon_core.verb:set package 'px4_ros2_cpp' build argument 'catkin_cmake_args' from command line to 'None'
[0.218s] Level 5:colcon.colcon_core.verb:set package 'px4_ros2_cpp' build argument 'catkin_skip_building_tests' from command line to 'False'
[0.218s] DEBUG:colcon.colcon_core.verb:Building package 'px4_ros2_cpp' with the following arguments: {'ament_cmake_args': None, 'build_base': '/home/rudra/custom_flightmode/build/px4_ros2_cpp', 'catkin_cmake_args': None, 'catkin_skip_building_tests': False, 'cmake_args': None, 'cmake_clean_cache': False, 'cmake_clean_first': False, 'cmake_force_configure': False, 'cmake_target': None, 'cmake_target_skip_unavailable': False, 'install_base': '/home/rudra/custom_flightmode/install/px4_ros2_cpp', 'merge_install': False, 'path': '/home/rudra/custom_flightmode/src/px4-ros2-interface-lib/px4_ros2_cpp', 'symlink_install': False, 'test_result_base': None}
[0.219s] Level 5:colcon.colcon_core.verb:set package 'draw_flight_mode' build argument 'cmake_args' from command line to 'None'
[0.219s] Level 5:colcon.colcon_core.verb:set package 'draw_flight_mode' build argument 'cmake_target' from command line to 'None'
[0.219s] Level 5:colcon.colcon_core.verb:set package 'draw_flight_mode' build argument 'cmake_target_skip_unavailable' from command line to 'False'
[0.219s] Level 5:colcon.colcon_core.verb:set package 'draw_flight_mode' build argument 'cmake_clean_cache' from command line to 'False'
[0.219s] Level 5:colcon.colcon_core.verb:set package 'draw_flight_mode' build argument 'cmake_clean_first' from command line to 'False'
[0.219s] Level 5:colcon.colcon_core.verb:set package 'draw_flight_mode' build argument 'cmake_force_configure' from command line to 'False'
[0.219s] Level 5:colcon.colcon_core.verb:set package 'draw_flight_mode' build argument 'ament_cmake_args' from command line to 'None'
[0.219s] Level 5:colcon.colcon_core.verb:set package 'draw_flight_mode' build argument 'catkin_cmake_args' from command line to 'None'
[0.219s] Level 5:colcon.colcon_core.verb:set package 'draw_flight_mode' build argument 'catkin_skip_building_tests' from command line to 'False'
[0.219s] DEBUG:colcon.colcon_core.verb:Building package 'draw_flight_mode' with the following arguments: {'ament_cmake_args': None, 'build_base': '/home/rudra/custom_flightmode/build/draw_flight_mode', 'catkin_cmake_args': None, 'catkin_skip_building_tests': False, 'cmake_args': None, 'cmake_clean_cache': False, 'cmake_clean_first': False, 'cmake_force_configure': False, 'cmake_target': None, 'cmake_target_skip_unavailable': False, 'install_base': '/home/rudra/custom_flightmode/install/draw_flight_mode', 'merge_install': False, 'path': '/home/rudra/custom_flightmode/src/px4_ros2_custom_flight_mode', 'symlink_install': False, 'test_result_base': None}
[0.219s] Level 5:colcon.colcon_core.verb:set package 'example_executor_with_multiple_modes_cpp' build argument 'cmake_args' from command line to 'None'
[0.219s] Level 5:colcon.colcon_core.verb:set package 'example_executor_with_multiple_modes_cpp' build argument 'cmake_target' from command line to 'None'
[0.219s] Level 5:colcon.colcon_core.verb:set package 'example_executor_with_multiple_modes_cpp' build argument 'cmake_target_skip_unavailable' from command line to 'False'
[0.219s] Level 5:colcon.colcon_core.verb:set package 'example_executor_with_multiple_modes_cpp' build argument 'cmake_clean_cache' from command line to 'False'
[0.219s] Level 5:colcon.colcon_core.verb:set package 'example_executor_with_multiple_modes_cpp' build argument 'cmake_clean_first' from command line to 'False'
[0.219s] Level 5:colcon.colcon_core.verb:set package 'example_executor_with_multiple_modes_cpp' build argument 'cmake_force_configure' from command line to 'False'
[0.219s] Level 5:colcon.colcon_core.verb:set package 'example_executor_with_multiple_modes_cpp' build argument 'ament_cmake_args' from command line to 'None'
[0.219s] Level 5:colcon.colcon_core.verb:set package 'example_executor_with_multiple_modes_cpp' build argument 'catkin_cmake_args' from command line to 'None'
[0.219s] Level 5:colcon.colcon_core.verb:set package 'example_executor_with_multiple_modes_cpp' build argument 'catkin_skip_building_tests' from command line to 'False'
[0.219s] DEBUG:colcon.colcon_core.verb:Building package 'example_executor_with_multiple_modes_cpp' with the following arguments: {'ament_cmake_args': None, 'build_base': '/home/rudra/custom_flightmode/build/example_executor_with_multiple_modes_cpp', 'catkin_cmake_args': None, 'catkin_skip_building_tests': False, 'cmake_args': None, 'cmake_clean_cache': False, 'cmake_clean_first': False, 'cmake_force_configure': False, 'cmake_target': None, 'cmake_target_skip_unavailable': False, 'install_base': '/home/rudra/custom_flightmode/install/example_executor_with_multiple_modes_cpp', 'merge_install': False, 'path': '/home/rudra/custom_flightmode/src/px4-ros2-interface-lib/examples/cpp/modes/executor_with_multiple_modes', 'symlink_install': False, 'test_result_base': None}
[0.220s] Level 5:colcon.colcon_core.verb:set package 'example_global_navigation_cpp' build argument 'cmake_args' from command line to 'None'
[0.220s] Level 5:colcon.colcon_core.verb:set package 'example_global_navigation_cpp' build argument 'cmake_target' from command line to 'None'
[0.220s] Level 5:colcon.colcon_core.verb:set package 'example_global_navigation_cpp' build argument 'cmake_target_skip_unavailable' from command line to 'False'
[0.220s] Level 5:colcon.colcon_core.verb:set package 'example_global_navigation_cpp' build argument 'cmake_clean_cache' from command line to 'False'
[0.220s] Level 5:colcon.colcon_core.verb:set package 'example_global_navigation_cpp' build argument 'cmake_clean_first' from command line to 'False'
[0.220s] Level 5:colcon.colcon_core.verb:set package 'example_global_navigation_cpp' build argument 'cmake_force_configure' from command line to 'False'
[0.220s] Level 5:colcon.colcon_core.verb:set package 'example_global_navigation_cpp' build argument 'ament_cmake_args' from command line to 'None'
[0.220s] Level 5:colcon.colcon_core.verb:set package 'example_global_navigation_cpp' build argument 'catkin_cmake_args' from command line to 'None'
[0.220s] Level 5:colcon.colcon_core.verb:set package 'example_global_navigation_cpp' build argument 'catkin_skip_building_tests' from command line to 'False'
[0.220s] DEBUG:colcon.colcon_core.verb:Building package 'example_global_navigation_cpp' with the following arguments: {'ament_cmake_args': None, 'build_base': '/home/rudra/custom_flightmode/build/example_global_navigation_cpp', 'catkin_cmake_args': None, 'catkin_skip_building_tests': False, 'cmake_args': None, 'cmake_clean_cache': False, 'cmake_clean_first': False, 'cmake_force_configure': False, 'cmake_target': None, 'cmake_target_skip_unavailable': False, 'install_base': '/home/rudra/custom_flightmode/install/example_global_navigation_cpp', 'merge_install': False, 'path': '/home/rudra/custom_flightmode/src/px4-ros2-interface-lib/examples/cpp/navigation/global_navigation', 'symlink_install': False, 'test_result_base': None}
[0.220s] Level 5:colcon.colcon_core.verb:set package 'example_local_navigation_cpp' build argument 'cmake_args' from command line to 'None'
[0.220s] Level 5:colcon.colcon_core.verb:set package 'example_local_navigation_cpp' build argument 'cmake_target' from command line to 'None'
[0.220s] Level 5:colcon.colcon_core.verb:set package 'example_local_navigation_cpp' build argument 'cmake_target_skip_unavailable' from command line to 'False'
[0.220s] Level 5:colcon.colcon_core.verb:set package 'example_local_navigation_cpp' build argument 'cmake_clean_cache' from command line to 'False'
[0.220s] Level 5:colcon.colcon_core.verb:set package 'example_local_navigation_cpp' build argument 'cmake_clean_first' from command line to 'False'
[0.220s] Level 5:colcon.colcon_core.verb:set package 'example_local_navigation_cpp' build argument 'cmake_force_configure' from command line to 'False'
[0.220s] Level 5:colcon.colcon_core.verb:set package 'example_local_navigation_cpp' build argument 'ament_cmake_args' from command line to 'None'
[0.220s] Level 5:colcon.colcon_core.verb:set package 'example_local_navigation_cpp' build argument 'catkin_cmake_args' from command line to 'None'
[0.220s] Level 5:colcon.colcon_core.verb:set package 'example_local_navigation_cpp' build argument 'catkin_skip_building_tests' from command line to 'False'
[0.220s] DEBUG:colcon.colcon_core.verb:Building package 'example_local_navigation_cpp' with the following arguments: {'ament_cmake_args': None, 'build_base': '/home/rudra/custom_flightmode/build/example_local_navigation_cpp', 'catkin_cmake_args': None, 'catkin_skip_building_tests': False, 'cmake_args': None, 'cmake_clean_cache': False, 'cmake_clean_first': False, 'cmake_force_configure': False, 'cmake_target': None, 'cmake_target_skip_unavailable': False, 'install_base': '/home/rudra/custom_flightmode/install/example_local_navigation_cpp', 'merge_install': False, 'path': '/home/rudra/custom_flightmode/src/px4-ros2-interface-lib/examples/cpp/navigation/local_navigation', 'symlink_install': False, 'test_result_base': None}
[0.220s] Level 5:colcon.colcon_core.verb:set package 'example_mode_fw_attitude_cpp' build argument 'cmake_args' from command line to 'None'
[0.220s] Level 5:colcon.colcon_core.verb:set package 'example_mode_fw_attitude_cpp' build argument 'cmake_target' from command line to 'None'
[0.220s] Level 5:colcon.colcon_core.verb:set package 'example_mode_fw_attitude_cpp' build argument 'cmake_target_skip_unavailable' from command line to 'False'
[0.220s] Level 5:colcon.colcon_core.verb:set package 'example_mode_fw_attitude_cpp' build argument 'cmake_clean_cache' from command line to 'False'
[0.220s] Level 5:colcon.colcon_core.verb:set package 'example_mode_fw_attitude_cpp' build argument 'cmake_clean_first' from command line to 'False'
[0.220s] Level 5:colcon.colcon_core.verb:set package 'example_mode_fw_attitude_cpp' build argument 'cmake_force_configure' from command line to 'False'
[0.220s] Level 5:colcon.colcon_core.verb:set package 'example_mode_fw_attitude_cpp' build argument 'ament_cmake_args' from command line to 'None'
[0.220s] Level 5:colcon.colcon_core.verb:set package 'example_mode_fw_attitude_cpp' build argument 'catkin_cmake_args' from command line to 'None'
[0.220s] Level 5:colcon.colcon_core.verb:set package 'example_mode_fw_attitude_cpp' build argument 'catkin_skip_building_tests' from command line to 'False'
[0.220s] DEBUG:colcon.colcon_core.verb:Building package 'example_mode_fw_attitude_cpp' with the following arguments: {'ament_cmake_args': None, 'build_base': '/home/rudra/custom_flightmode/build/example_mode_fw_attitude_cpp', 'catkin_cmake_args': None, 'catkin_skip_building_tests': False, 'cmake_args': None, 'cmake_clean_cache': False, 'cmake_clean_first': False, 'cmake_force_configure': False, 'cmake_target': None, 'cmake_target_skip_unavailable': False, 'install_base': '/home/rudra/custom_flightmode/install/example_mode_fw_attitude_cpp', 'merge_install': False, 'path': '/home/rudra/custom_flightmode/src/px4-ros2-interface-lib/examples/cpp/modes/fw_attitude', 'symlink_install': False, 'test_result_base': None}
[0.221s] Level 5:colcon.colcon_core.verb:set package 'example_mode_goto_cpp' build argument 'cmake_args' from command line to 'None'
[0.221s] Level 5:colcon.colcon_core.verb:set package 'example_mode_goto_cpp' build argument 'cmake_target' from command line to 'None'
[0.221s] Level 5:colcon.colcon_core.verb:set package 'example_mode_goto_cpp' build argument 'cmake_target_skip_unavailable' from command line to 'False'
[0.221s] Level 5:colcon.colcon_core.verb:set package 'example_mode_goto_cpp' build argument 'cmake_clean_cache' from command line to 'False'
[0.221s] Level 5:colcon.colcon_core.verb:set package 'example_mode_goto_cpp' build argument 'cmake_clean_first' from command line to 'False'
[0.221s] Level 5:colcon.colcon_core.verb:set package 'example_mode_goto_cpp' build argument 'cmake_force_configure' from command line to 'False'
[0.221s] Level 5:colcon.colcon_core.verb:set package 'example_mode_goto_cpp' build argument 'ament_cmake_args' from command line to 'None'
[0.221s] Level 5:colcon.colcon_core.verb:set package 'example_mode_goto_cpp' build argument 'catkin_cmake_args' from command line to 'None'
[0.221s] Level 5:colcon.colcon_core.verb:set package 'example_mode_goto_cpp' build argument 'catkin_skip_building_tests' from command line to 'False'
[0.221s] DEBUG:colcon.colcon_core.verb:Building package 'example_mode_goto_cpp' with the following arguments: {'ament_cmake_args': None, 'build_base': '/home/rudra/custom_flightmode/build/example_mode_goto_cpp', 'catkin_cmake_args': None, 'catkin_skip_building_tests': False, 'cmake_args': None, 'cmake_clean_cache': False, 'cmake_clean_first': False, 'cmake_force_configure': False, 'cmake_target': None, 'cmake_target_skip_unavailable': False, 'install_base': '/home/rudra/custom_flightmode/install/example_mode_goto_cpp', 'merge_install': False, 'path': '/home/rudra/custom_flightmode/src/px4-ros2-interface-lib/examples/cpp/modes/goto', 'symlink_install': False, 'test_result_base': None}
[0.221s] Level 5:colcon.colcon_core.verb:set package 'example_mode_goto_global_cpp' build argument 'cmake_args' from command line to 'None'
[0.221s] Level 5:colcon.colcon_core.verb:set package 'example_mode_goto_global_cpp' build argument 'cmake_target' from command line to 'None'
[0.221s] Level 5:colcon.colcon_core.verb:set package 'example_mode_goto_global_cpp' build argument 'cmake_target_skip_unavailable' from command line to 'False'
[0.221s] Level 5:colcon.colcon_core.verb:set package 'example_mode_goto_global_cpp' build argument 'cmake_clean_cache' from command line to 'False'
[0.221s] Level 5:colcon.colcon_core.verb:set package 'example_mode_goto_global_cpp' build argument 'cmake_clean_first' from command line to 'False'
[0.221s] Level 5:colcon.colcon_core.verb:set package 'example_mode_goto_global_cpp' build argument 'cmake_force_configure' from command line to 'False'
[0.221s] Level 5:colcon.colcon_core.verb:set package 'example_mode_goto_global_cpp' build argument 'ament_cmake_args' from command line to 'None'
[0.221s] Level 5:colcon.colcon_core.verb:set package 'example_mode_goto_global_cpp' build argument 'catkin_cmake_args' from command line to 'None'
[0.221s] Level 5:colcon.colcon_core.verb:set package 'example_mode_goto_global_cpp' build argument 'catkin_skip_building_tests' from command line to 'False'
[0.221s] DEBUG:colcon.colcon_core.verb:Building package 'example_mode_goto_global_cpp' with the following arguments: {'ament_cmake_args': None, 'build_base': '/home/rudra/custom_flightmode/build/example_mode_goto_global_cpp', 'catkin_cmake_args': None, 'catkin_skip_building_tests': False, 'cmake_args': None, 'cmake_clean_cache': False, 'cmake_clean_first': False, 'cmake_force_configure': False, 'cmake_target': None, 'cmake_target_skip_unavailable': False, 'install_base': '/home/rudra/custom_flightmode/install/example_mode_goto_global_cpp', 'merge_install': False, 'path': '/home/rudra/custom_flightmode/src/px4-ros2-interface-lib/examples/cpp/modes/goto_global', 'symlink_install': False, 'test_result_base': None}
[0.221s] Level 5:colcon.colcon_core.verb:set package 'example_mode_manual_cpp' build argument 'cmake_args' from command line to 'None'
[0.221s] Level 5:colcon.colcon_core.verb:set package 'example_mode_manual_cpp' build argument 'cmake_target' from command line to 'None'
[0.221s] Level 5:colcon.colcon_core.verb:set package 'example_mode_manual_cpp' build argument 'cmake_target_skip_unavailable' from command line to 'False'
[0.222s] Level 5:colcon.colcon_core.verb:set package 'example_mode_manual_cpp' build argument 'cmake_clean_cache' from command line to 'False'
[0.222s] Level 5:colcon.colcon_core.verb:set package 'example_mode_manual_cpp' build argument 'cmake_clean_first' from command line to 'False'
[0.222s] Level 5:colcon.colcon_core.verb:set package 'example_mode_manual_cpp' build argument 'cmake_force_configure' from command line to 'False'
[0.222s] Level 5:colcon.colcon_core.verb:set package 'example_mode_manual_cpp' build argument 'ament_cmake_args' from command line to 'None'
[0.222s] Level 5:colcon.colcon_core.verb:set package 'example_mode_manual_cpp' build argument 'catkin_cmake_args' from command line to 'None'
[0.222s] Level 5:colcon.colcon_core.verb:set package 'example_mode_manual_cpp' build argument 'catkin_skip_building_tests' from command line to 'False'
[0.222s] DEBUG:colcon.colcon_core.verb:Building package 'example_mode_manual_cpp' with the following arguments: {'ament_cmake_args': None, 'build_base': '/home/rudra/custom_flightmode/build/example_mode_manual_cpp', 'catkin_cmake_args': None, 'catkin_skip_building_tests': False, 'cmake_args': None, 'cmake_clean_cache': False, 'cmake_clean_first': False, 'cmake_force_configure': False, 'cmake_target': None, 'cmake_target_skip_unavailable': False, 'install_base': '/home/rudra/custom_flightmode/install/example_mode_manual_cpp', 'merge_install': False, 'path': '/home/rudra/custom_flightmode/src/px4-ros2-interface-lib/examples/cpp/modes/manual', 'symlink_install': False, 'test_result_base': None}
[0.222s] Level 5:colcon.colcon_core.verb:set package 'example_mode_mission_cpp' build argument 'cmake_args' from command line to 'None'
[0.222s] Level 5:colcon.colcon_core.verb:set package 'example_mode_mission_cpp' build argument 'cmake_target' from command line to 'None'
[0.222s] Level 5:colcon.colcon_core.verb:set package 'example_mode_mission_cpp' build argument 'cmake_target_skip_unavailable' from command line to 'False'
[0.222s] Level 5:colcon.colcon_core.verb:set package 'example_mode_mission_cpp' build argument 'cmake_clean_cache' from command line to 'False'
[0.222s] Level 5:colcon.colcon_core.verb:set package 'example_mode_mission_cpp' build argument 'cmake_clean_first' from command line to 'False'
[0.222s] Level 5:colcon.colcon_core.verb:set package 'example_mode_mission_cpp' build argument 'cmake_force_configure' from command line to 'False'
[0.222s] Level 5:colcon.colcon_core.verb:set package 'example_mode_mission_cpp' build argument 'ament_cmake_args' from command line to 'None'
[0.222s] Level 5:colcon.colcon_core.verb:set package 'example_mode_mission_cpp' build argument 'catkin_cmake_args' from command line to 'None'
[0.222s] Level 5:colcon.colcon_core.verb:set package 'example_mode_mission_cpp' build argument 'catkin_skip_building_tests' from command line to 'False'
[0.222s] DEBUG:colcon.colcon_core.verb:Building package 'example_mode_mission_cpp' with the following arguments: {'ament_cmake_args': None, 'build_base': '/home/rudra/custom_flightmode/build/example_mode_mission_cpp', 'catkin_cmake_args': None, 'catkin_skip_building_tests': False, 'cmake_args': None, 'cmake_clean_cache': False, 'cmake_clean_first': False, 'cmake_force_configure': False, 'cmake_target': None, 'cmake_target_skip_unavailable': False, 'install_base': '/home/rudra/custom_flightmode/install/example_mode_mission_cpp', 'merge_install': False, 'path': '/home/rudra/custom_flightmode/src/px4-ros2-interface-lib/examples/cpp/modes/mission', 'symlink_install': False, 'test_result_base': None}
[0.222s] Level 5:colcon.colcon_core.verb:set package 'example_mode_rtl_replacement_cpp' build argument 'cmake_args' from command line to 'None'
[0.222s] Level 5:colcon.colcon_core.verb:set package 'example_mode_rtl_replacement_cpp' build argument 'cmake_target' from command line to 'None'
[0.222s] Level 5:colcon.colcon_core.verb:set package 'example_mode_rtl_replacement_cpp' build argument 'cmake_target_skip_unavailable' from command line to 'False'
[0.222s] Level 5:colcon.colcon_core.verb:set package 'example_mode_rtl_replacement_cpp' build argument 'cmake_clean_cache' from command line to 'False'
[0.222s] Level 5:colcon.colcon_core.verb:set package 'example_mode_rtl_replacement_cpp' build argument 'cmake_clean_first' from command line to 'False'
[0.222s] Level 5:colcon.colcon_core.verb:set package 'example_mode_rtl_replacement_cpp' build argument 'cmake_force_configure' from command line to 'False'
[0.222s] Level 5:colcon.colcon_core.verb:set package 'example_mode_rtl_replacement_cpp' build argument 'ament_cmake_args' from command line to 'None'
[0.222s] Level 5:colcon.colcon_core.verb:set package 'example_mode_rtl_replacement_cpp' build argument 'catkin_cmake_args' from command line to 'None'
[0.222s] Level 5:colcon.colcon_core.verb:set package 'example_mode_rtl_replacement_cpp' build argument 'catkin_skip_building_tests' from command line to 'False'
[0.222s] DEBUG:colcon.colcon_core.verb:Building package 'example_mode_rtl_replacement_cpp' with the following arguments: {'ament_cmake_args': None, 'build_base': '/home/rudra/custom_flightmode/build/example_mode_rtl_replacement_cpp', 'catkin_cmake_args': None, 'catkin_skip_building_tests': False, 'cmake_args': None, 'cmake_clean_cache': False, 'cmake_clean_first': False, 'cmake_force_configure': False, 'cmake_target': None, 'cmake_target_skip_unavailable': False, 'install_base': '/home/rudra/custom_flightmode/install/example_mode_rtl_replacement_cpp', 'merge_install': False, 'path': '/home/rudra/custom_flightmode/src/px4-ros2-interface-lib/examples/cpp/modes/rtl_replacement', 'symlink_install': False, 'test_result_base': None}
[0.223s] Level 5:colcon.colcon_core.verb:set package 'example_mode_vtol_cpp' build argument 'cmake_args' from command line to 'None'
[0.223s] Level 5:colcon.colcon_core.verb:set package 'example_mode_vtol_cpp' build argument 'cmake_target' from command line to 'None'
[0.223s] Level 5:colcon.colcon_core.verb:set package 'example_mode_vtol_cpp' build argument 'cmake_target_skip_unavailable' from command line to 'False'
[0.223s] Level 5:colcon.colcon_core.verb:set package 'example_mode_vtol_cpp' build argument 'cmake_clean_cache' from command line to 'False'
[0.223s] Level 5:colcon.colcon_core.verb:set package 'example_mode_vtol_cpp' build argument 'cmake_clean_first' from command line to 'False'
[0.223s] Level 5:colcon.colcon_core.verb:set package 'example_mode_vtol_cpp' build argument 'cmake_force_configure' from command line to 'False'
[0.223s] Level 5:colcon.colcon_core.verb:set package 'example_mode_vtol_cpp' build argument 'ament_cmake_args' from command line to 'None'
[0.223s] Level 5:colcon.colcon_core.verb:set package 'example_mode_vtol_cpp' build argument 'catkin_cmake_args' from command line to 'None'
[0.223s] Level 5:colcon.colcon_core.verb:set package 'example_mode_vtol_cpp' build argument 'catkin_skip_building_tests' from command line to 'False'
[0.223s] DEBUG:colcon.colcon_core.verb:Building package 'example_mode_vtol_cpp' with the following arguments: {'ament_cmake_args': None, 'build_base': '/home/rudra/custom_flightmode/build/example_mode_vtol_cpp', 'catkin_cmake_args': None, 'catkin_skip_building_tests': False, 'cmake_args': None, 'cmake_clean_cache': False, 'cmake_clean_first': False, 'cmake_force_configure': False, 'cmake_target': None, 'cmake_target_skip_unavailable': False, 'install_base': '/home/rudra/custom_flightmode/install/example_mode_vtol_cpp', 'merge_install': False, 'path': '/home/rudra/custom_flightmode/src/px4-ros2-interface-lib/examples/cpp/modes/vtol', 'symlink_install': False, 'test_result_base': None}
[0.223s] Level 5:colcon.colcon_core.verb:set package 'example_mode_with_executor_cpp' build argument 'cmake_args' from command line to 'None'
[0.223s] Level 5:colcon.colcon_core.verb:set package 'example_mode_with_executor_cpp' build argument 'cmake_target' from command line to 'None'
[0.223s] Level 5:colcon.colcon_core.verb:set package 'example_mode_with_executor_cpp' build argument 'cmake_target_skip_unavailable' from command line to 'False'
[0.223s] Level 5:colcon.colcon_core.verb:set package 'example_mode_with_executor_cpp' build argument 'cmake_clean_cache' from command line to 'False'
[0.223s] Level 5:colcon.colcon_core.verb:set package 'example_mode_with_executor_cpp' build argument 'cmake_clean_first' from command line to 'False'
[0.223s] Level 5:colcon.colcon_core.verb:set package 'example_mode_with_executor_cpp' build argument 'cmake_force_configure' from command line to 'False'
[0.223s] Level 5:colcon.colcon_core.verb:set package 'example_mode_with_executor_cpp' build argument 'ament_cmake_args' from command line to 'None'
[0.223s] Level 5:colcon.colcon_core.verb:set package 'example_mode_with_executor_cpp' build argument 'catkin_cmake_args' from command line to 'None'
[0.223s] Level 5:colcon.colcon_core.verb:set package 'example_mode_with_executor_cpp' build argument 'catkin_skip_building_tests' from command line to 'False'
[0.223s] DEBUG:colcon.colcon_core.verb:Building package 'example_mode_with_executor_cpp' with the following arguments: {'ament_cmake_args': None, 'build_base': '/home/rudra/custom_flightmode/build/example_mode_with_executor_cpp', 'catkin_cmake_args': None, 'catkin_skip_building_tests': False, 'cmake_args': None, 'cmake_clean_cache': False, 'cmake_clean_first': False, 'cmake_force_configure': False, 'cmake_target': None, 'cmake_target_skip_unavailable': False, 'install_base': '/home/rudra/custom_flightmode/install/example_mode_with_executor_cpp', 'merge_install': False, 'path': '/home/rudra/custom_flightmode/src/px4-ros2-interface-lib/examples/cpp/modes/mode_with_executor', 'symlink_install': False, 'test_result_base': None}
[0.223s] Level 5:colcon.colcon_core.verb:set package 'example_rover_velocity_mode_cpp' build argument 'cmake_args' from command line to 'None'
[0.223s] Level 5:colcon.colcon_core.verb:set package 'example_rover_velocity_mode_cpp' build argument 'cmake_target' from command line to 'None'
[0.223s] Level 5:colcon.colcon_core.verb:set package 'example_rover_velocity_mode_cpp' build argument 'cmake_target_skip_unavailable' from command line to 'False'
[0.223s] Level 5:colcon.colcon_core.verb:set package 'example_rover_velocity_mode_cpp' build argument 'cmake_clean_cache' from command line to 'False'
[0.223s] Level 5:colcon.colcon_core.verb:set package 'example_rover_velocity_mode_cpp' build argument 'cmake_clean_first' from command line to 'False'
[0.223s] Level 5:colcon.colcon_core.verb:set package 'example_rover_velocity_mode_cpp' build argument 'cmake_force_configure' from command line to 'False'
[0.223s] Level 5:colcon.colcon_core.verb:set package 'example_rover_velocity_mode_cpp' build argument 'ament_cmake_args' from command line to 'None'
[0.223s] Level 5:colcon.colcon_core.verb:set package 'example_rover_velocity_mode_cpp' build argument 'catkin_cmake_args' from command line to 'None'
[0.224s] Level 5:colcon.colcon_core.verb:set package 'example_rover_velocity_mode_cpp' build argument 'catkin_skip_building_tests' from command line to 'False'
[0.224s] DEBUG:colcon.colcon_core.verb:Building package 'example_rover_velocity_mode_cpp' with the following arguments: {'ament_cmake_args': None, 'build_base': '/home/rudra/custom_flightmode/build/example_rover_velocity_mode_cpp', 'catkin_cmake_args': None, 'catkin_skip_building_tests': False, 'cmake_args': None, 'cmake_clean_cache': False, 'cmake_clean_first': False, 'cmake_force_configure': False, 'cmake_target': None, 'cmake_target_skip_unavailable': False, 'install_base': '/home/rudra/custom_flightmode/install/example_rover_velocity_mode_cpp', 'merge_install': False, 'path': '/home/rudra/custom_flightmode/src/px4-ros2-interface-lib/examples/cpp/modes/rover_velocity', 'symlink_install': False, 'test_result_base': None}
[0.224s] Level 5:colcon.colcon_core.verb:set package 'px4_ros2_py' build argument 'cmake_args' from command line to 'None'
[0.224s] Level 5:colcon.colcon_core.verb:set package 'px4_ros2_py' build argument 'cmake_target' from command line to 'None'
[0.224s] Level 5:colcon.colcon_core.verb:set package 'px4_ros2_py' build argument 'cmake_target_skip_unavailable' from command line to 'False'
[0.224s] Level 5:colcon.colcon_core.verb:set package 'px4_ros2_py' build argument 'cmake_clean_cache' from command line to 'False'
[0.224s] Level 5:colcon.colcon_core.verb:set package 'px4_ros2_py' build argument 'cmake_clean_first' from command line to 'False'
[0.224s] Level 5:colcon.colcon_core.verb:set package 'px4_ros2_py' build argument 'cmake_force_configure' from command line to 'False'
[0.224s] Level 5:colcon.colcon_core.verb:set package 'px4_ros2_py' build argument 'ament_cmake_args' from command line to 'None'
[0.224s] Level 5:colcon.colcon_core.verb:set package 'px4_ros2_py' build argument 'catkin_cmake_args' from command line to 'None'
[0.224s] Level 5:colcon.colcon_core.verb:set package 'px4_ros2_py' build argument 'catkin_skip_building_tests' from command line to 'False'
[0.224s] DEBUG:colcon.colcon_core.verb:Building package 'px4_ros2_py' with the following arguments: {'ament_cmake_args': None, 'build_base': '/home/rudra/custom_flightmode/build/px4_ros2_py', 'catkin_cmake_args': None, 'catkin_skip_building_tests': False, 'cmake_args': None, 'cmake_clean_cache': False, 'cmake_clean_first': False, 'cmake_force_configure': False, 'cmake_target': None, 'cmake_target_skip_unavailable': False, 'install_base': '/home/rudra/custom_flightmode/install/px4_ros2_py', 'merge_install': False, 'path': '/home/rudra/custom_flightmode/src/px4-ros2-interface-lib/px4_ros2_py', 'symlink_install': False, 'test_result_base': None}
[0.224s] Level 5:colcon.colcon_core.verb:set package 'example_mode_goto_py' build argument 'cmake_args' from command line to 'None'
[0.224s] Level 5:colcon.colcon_core.verb:set package 'example_mode_goto_py' build argument 'cmake_target' from command line to 'None'
[0.224s] Level 5:colcon.colcon_core.verb:set package 'example_mode_goto_py' build argument 'cmake_target_skip_unavailable' from command line to 'False'
[0.224s] Level 5:colcon.colcon_core.verb:set package 'example_mode_goto_py' build argument 'cmake_clean_cache' from command line to 'False'
[0.224s] Level 5:colcon.colcon_core.verb:set package 'example_mode_goto_py' build argument 'cmake_clean_first' from command line to 'False'
[0.224s] Level 5:colcon.colcon_core.verb:set package 'example_mode_goto_py' build argument 'cmake_force_configure' from command line to 'False'
[0.224s] Level 5:colcon.colcon_core.verb:set package 'example_mode_goto_py' build argument 'ament_cmake_args' from command line to 'None'
[0.224s] Level 5:colcon.colcon_core.verb:set package 'example_mode_goto_py' build argument 'catkin_cmake_args' from command line to 'None'
[0.224s] Level 5:colcon.colcon_core.verb:set package 'example_mode_goto_py' build argument 'catkin_skip_building_tests' from command line to 'False'
[0.224s] DEBUG:colcon.colcon_core.verb:Building package 'example_mode_goto_py' with the following arguments: {'ament_cmake_args': None, 'build_base': '/home/rudra/custom_flightmode/build/example_mode_goto_py', 'catkin_cmake_args': None, 'catkin_skip_building_tests': False, 'cmake_args': None, 'cmake_clean_cache': False, 'cmake_clean_first': False, 'cmake_force_configure': False, 'cmake_target': None, 'cmake_target_skip_unavailable': False, 'install_base': '/home/rudra/custom_flightmode/install/example_mode_goto_py', 'merge_install': False, 'path': '/home/rudra/custom_flightmode/src/px4-ros2-interface-lib/examples/python/modes/goto', 'symlink_install': False, 'test_result_base': None}
[0.225s] Level 5:colcon.colcon_core.verb:set package 'example_mode_with_rclpy_py' build argument 'cmake_args' from command line to 'None'
[0.225s] Level 5:colcon.colcon_core.verb:set package 'example_mode_with_rclpy_py' build argument 'cmake_target' from command line to 'None'
[0.225s] Level 5:colcon.colcon_core.verb:set package 'example_mode_with_rclpy_py' build argument 'cmake_target_skip_unavailable' from command line to 'False'
[0.225s] Level 5:colcon.colcon_core.verb:set package 'example_mode_with_rclpy_py' build argument 'cmake_clean_cache' from command line to 'False'
[0.225s] Level 5:colcon.colcon_core.verb:set package 'example_mode_with_rclpy_py' build argument 'cmake_clean_first' from command line to 'False'
[0.225s] Level 5:colcon.colcon_core.verb:set package 'example_mode_with_rclpy_py' build argument 'cmake_force_configure' from command line to 'False'
[0.225s] Level 5:colcon.colcon_core.verb:set package 'example_mode_with_rclpy_py' build argument 'ament_cmake_args' from command line to 'None'
[0.225s] Level 5:colcon.colcon_core.verb:set package 'example_mode_with_rclpy_py' build argument 'catkin_cmake_args' from command line to 'None'
[0.225s] Level 5:colcon.colcon_core.verb:set package 'example_mode_with_rclpy_py' build argument 'catkin_skip_building_tests' from command line to 'False'
[0.225s] DEBUG:colcon.colcon_core.verb:Building package 'example_mode_with_rclpy_py' with the following arguments: {'ament_cmake_args': None, 'build_base': '/home/rudra/custom_flightmode/build/example_mode_with_rclpy_py', 'catkin_cmake_args': None, 'catkin_skip_building_tests': False, 'cmake_args': None, 'cmake_clean_cache': False, 'cmake_clean_first': False, 'cmake_force_configure': False, 'cmake_target': None, 'cmake_target_skip_unavailable': False, 'install_base': '/home/rudra/custom_flightmode/install/example_mode_with_rclpy_py', 'merge_install': False, 'path': '/home/rudra/custom_flightmode/src/px4-ros2-interface-lib/examples/python/modes/goto_with_rclpy', 'symlink_install': False, 'test_result_base': None}
[0.225s] INFO:colcon.colcon_core.executor:Executing jobs using 'parallel' executor
[0.226s] DEBUG:colcon.colcon_parallel_executor.executor.parallel:run_until_complete
[0.226s] INFO:colcon.colcon_ros.task.ament_cmake.build:Building ROS package in '/home/rudra/custom_flightmode/src/px4_msgs' with build type 'ament_cmake'
[0.226s] INFO:colcon.colcon_cmake.task.cmake.build:Building CMake package in '/home/rudra/custom_flightmode/src/px4_msgs'
[0.228s] INFO:colcon.colcon_core.plugin_system:Skipping extension 'colcon_core.shell.bat': Not used on non-Windows systems
[0.228s] INFO:colcon.colcon_core.shell:Skip shell extension 'powershell' for command environment: Not usable outside of PowerShell
[0.228s] DEBUG:colcon.colcon_core.shell:Skip shell extension 'dsv' for command environment
[0.235s] DEBUG:colcon.colcon_core.event_handler.log_command:Invoking command in '/home/rudra/custom_flightmode/build/px4_msgs': CMAKE_PREFIX_PATH=/home/rudra/ros2_ws/install/talker_listener:/home/rudra/ros2_ws/install/first_pkg:/opt/ros/humble /usr/bin/cmake --build /home/rudra/custom_flightmode/build/px4_msgs -- -j12 -l12
[1.742s] DEBUG:colcon.colcon_core.event_handler.log_command:Invoked command in '/home/rudra/custom_flightmode/build/px4_msgs' returned '0': CMAKE_PREFIX_PATH=/home/rudra/ros2_ws/install/talker_listener:/home/rudra/ros2_ws/install/first_pkg:/opt/ros/humble /usr/bin/cmake --build /home/rudra/custom_flightmode/build/px4_msgs -- -j12 -l12
[1.751s] DEBUG:colcon.colcon_core.event_handler.log_command:Invoking command in '/home/rudra/custom_flightmode/build/px4_msgs': CMAKE_PREFIX_PATH=/home/rudra/ros2_ws/install/talker_listener:/home/rudra/ros2_ws/install/first_pkg:/opt/ros/humble /usr/bin/cmake --install /home/rudra/custom_flightmode/build/px4_msgs
[2.242s] Level 1:colcon.colcon_core.environment:create_environment_scripts_only(px4_msgs)
[2.242s] DEBUG:colcon.colcon_core.event_handler.log_command:Invoked command in '/home/rudra/custom_flightmode/build/px4_msgs' returned '0': CMAKE_PREFIX_PATH=/home/rudra/ros2_ws/install/talker_listener:/home/rudra/ros2_ws/install/first_pkg:/opt/ros/humble /usr/bin/cmake --install /home/rudra/custom_flightmode/build/px4_msgs
[2.244s] Level 1:colcon.colcon_core.environment:checking '/home/rudra/custom_flightmode/install/px4_msgs' for CMake module files
[2.244s] Level 1:colcon.colcon_core.environment:checking '/home/rudra/custom_flightmode/install/px4_msgs' for CMake config files
[2.245s] Level 1:colcon.colcon_core.shell:create_environment_hook('px4_msgs', 'cmake_prefix_path')
[2.246s] INFO:colcon.colcon_core.shell:Creating environment hook '/home/rudra/custom_flightmode/install/px4_msgs/share/px4_msgs/hook/cmake_prefix_path.ps1'
[2.246s] INFO:colcon.colcon_core.shell:Creating environment descriptor '/home/rudra/custom_flightmode/install/px4_msgs/share/px4_msgs/hook/cmake_prefix_path.dsv'
[2.247s] INFO:colcon.colcon_core.shell:Creating environment hook '/home/rudra/custom_flightmode/install/px4_msgs/share/px4_msgs/hook/cmake_prefix_path.sh'
[2.247s] Level 1:colcon.colcon_core.environment:checking '/home/rudra/custom_flightmode/install/px4_msgs/lib'
[2.247s] Level 1:colcon.colcon_core.shell:create_environment_hook('px4_msgs', 'ld_library_path_lib')
[2.248s] INFO:colcon.colcon_core.shell:Creating environment hook '/home/rudra/custom_flightmode/install/px4_msgs/share/px4_msgs/hook/ld_library_path_lib.ps1'
[2.248s] INFO:colcon.colcon_core.shell:Creating environment descriptor '/home/rudra/custom_flightmode/install/px4_msgs/share/px4_msgs/hook/ld_library_path_lib.dsv'
[2.248s] INFO:colcon.colcon_core.shell:Creating environment hook '/home/rudra/custom_flightmode/install/px4_msgs/share/px4_msgs/hook/ld_library_path_lib.sh'
[2.248s] Level 1:colcon.colcon_core.environment:checking '/home/rudra/custom_flightmode/install/px4_msgs/bin'
[2.249s] Level 1:colcon.colcon_core.environment:checking '/home/rudra/custom_flightmode/install/px4_msgs/lib/pkgconfig/px4_msgs.pc'
[2.249s] Level 1:colcon.colcon_core.environment:checking '/home/rudra/custom_flightmode/install/px4_msgs/lib/python3.10/site-packages'
[2.249s] Level 1:colcon.colcon_core.environment:checking '/home/rudra/custom_flightmode/install/px4_msgs/bin'
[2.249s] INFO:colcon.colcon_core.shell:Creating package script '/home/rudra/custom_flightmode/install/px4_msgs/share/px4_msgs/package.ps1'
[2.250s] INFO:colcon.colcon_core.shell:Creating package descriptor '/home/rudra/custom_flightmode/install/px4_msgs/share/px4_msgs/package.dsv'
[2.250s] INFO:colcon.colcon_core.shell:Creating package script '/home/rudra/custom_flightmode/install/px4_msgs/share/px4_msgs/package.sh'
[2.251s] INFO:colcon.colcon_core.shell:Creating package script '/home/rudra/custom_flightmode/install/px4_msgs/share/px4_msgs/package.bash'
[2.252s] INFO:colcon.colcon_core.shell:Creating package script '/home/rudra/custom_flightmode/install/px4_msgs/share/px4_msgs/package.zsh'
[2.252s] Level 1:colcon.colcon_core.environment:create_file_with_runtime_dependencies(/home/rudra/custom_flightmode/install/px4_msgs/share/colcon-core/packages/px4_msgs)
[2.253s] Level 1:colcon.colcon_core.environment:create_environment_scripts_only(px4_msgs)
[2.253s] Level 1:colcon.colcon_core.environment:checking '/home/rudra/custom_flightmode/install/px4_msgs' for CMake module files
[2.253s] Level 1:colcon.colcon_core.environment:checking '/home/rudra/custom_flightmode/install/px4_msgs' for CMake config files
[2.254s] Level 1:colcon.colcon_core.shell:create_environment_hook('px4_msgs', 'cmake_prefix_path')
[2.255s] INFO:colcon.colcon_core.shell:Creating environment hook '/home/rudra/custom_flightmode/install/px4_msgs/share/px4_msgs/hook/cmake_prefix_path.ps1'
[2.255s] INFO:colcon.colcon_core.shell:Creating environment descriptor '/home/rudra/custom_flightmode/install/px4_msgs/share/px4_msgs/hook/cmake_prefix_path.dsv'
[2.255s] INFO:colcon.colcon_core.shell:Creating environment hook '/home/rudra/custom_flightmode/install/px4_msgs/share/px4_msgs/hook/cmake_prefix_path.sh'
[2.256s] Level 1:colcon.colcon_core.environment:checking '/home/rudra/custom_flightmode/install/px4_msgs/lib'
[2.256s] Level 1:colcon.colcon_core.shell:create_environment_hook('px4_msgs', 'ld_library_path_lib')
[2.256s] INFO:colcon.colcon_core.shell:Creating environment hook '/home/rudra/custom_flightmode/install/px4_msgs/share/px4_msgs/hook/ld_library_path_lib.ps1'
[2.256s] INFO:colcon.colcon_core.shell:Creating environment descriptor '/home/rudra/custom_flightmode/install/px4_msgs/share/px4_msgs/hook/ld_library_path_lib.dsv'
[2.256s] INFO:colcon.colcon_core.shell:Creating environment hook '/home/rudra/custom_flightmode/install/px4_msgs/share/px4_msgs/hook/ld_library_path_lib.sh'
[2.257s] Level 1:colcon.colcon_core.environment:checking '/home/rudra/custom_flightmode/install/px4_msgs/bin'
[2.257s] Level 1:colcon.colcon_core.environment:checking '/home/rudra/custom_flightmode/install/px4_msgs/lib/pkgconfig/px4_msgs.pc'
[2.257s] Level 1:colcon.colcon_core.environment:checking '/home/rudra/custom_flightmode/install/px4_msgs/lib/python3.10/site-packages'
[2.257s] Level 1:colcon.colcon_core.environment:checking '/home/rudra/custom_flightmode/install/px4_msgs/bin'
[2.257s] INFO:colcon.colcon_core.shell:Creating package script '/home/rudra/custom_flightmode/install/px4_msgs/share/px4_msgs/package.ps1'
[2.258s] INFO:colcon.colcon_core.shell:Creating package descriptor '/home/rudra/custom_flightmode/install/px4_msgs/share/px4_msgs/package.dsv'
[2.258s] INFO:colcon.colcon_core.shell:Creating package script '/home/rudra/custom_flightmode/install/px4_msgs/share/px4_msgs/package.sh'
[2.259s] INFO:colcon.colcon_core.shell:Creating package script '/home/rudra/custom_flightmode/install/px4_msgs/share/px4_msgs/package.bash'
[2.259s] INFO:colcon.colcon_core.shell:Creating package script '/home/rudra/custom_flightmode/install/px4_msgs/share/px4_msgs/package.zsh'
[2.259s] Level 1:colcon.colcon_core.environment:create_file_with_runtime_dependencies(/home/rudra/custom_flightmode/install/px4_msgs/share/colcon-core/packages/px4_msgs)
[2.260s] INFO:colcon.colcon_ros.task.ament_cmake.build:Building ROS package in '/home/rudra/custom_flightmode/src/px4-ros2-interface-lib/px4_ros2_cpp' with build type 'ament_cmake'
[2.260s] INFO:colcon.colcon_cmake.task.cmake.build:Building CMake package in '/home/rudra/custom_flightmode/src/px4-ros2-interface-lib/px4_ros2_cpp'
[2.260s] INFO:colcon.colcon_core.shell:Skip shell extension 'powershell' for command environment: Not usable outside of PowerShell
[2.260s] DEBUG:colcon.colcon_core.shell:Skip shell extension 'dsv' for command environment
[2.268s] DEBUG:colcon.colcon_core.event_handler.log_command:Invoking command in '/home/rudra/custom_flightmode/build/px4_ros2_cpp': AMENT_PREFIX_PATH=/home/rudra/custom_flightmode/install/px4_msgs:${AMENT_PREFIX_PATH} CMAKE_PREFIX_PATH=/home/rudra/custom_flightmode/install/px4_msgs:/home/rudra/ros2_ws/install/talker_listener:/home/rudra/ros2_ws/install/first_pkg:/opt/ros/humble LD_LIBRARY_PATH=/home/rudra/custom_flightmode/install/px4_msgs/lib:${LD_LIBRARY_PATH} PYTHONPATH=/home/rudra/custom_flightmode/install/px4_msgs/local/lib/python3.10/dist-packages:${PYTHONPATH} /usr/bin/cmake --build /home/rudra/custom_flightmode/build/px4_ros2_cpp -- -j12 -l12
[2.598s] DEBUG:colcon.colcon_core.event_handler.log_command:Invoked command in '/home/rudra/custom_flightmode/build/px4_ros2_cpp' returned '0': AMENT_PREFIX_PATH=/home/rudra/custom_flightmode/install/px4_msgs:${AMENT_PREFIX_PATH} CMAKE_PREFIX_PATH=/home/rudra/custom_flightmode/install/px4_msgs:/home/rudra/ros2_ws/install/talker_listener:/home/rudra/ros2_ws/install/first_pkg:/opt/ros/humble LD_LIBRARY_PATH=/home/rudra/custom_flightmode/install/px4_msgs/lib:${LD_LIBRARY_PATH} PYTHONPATH=/home/rudra/custom_flightmode/install/px4_msgs/local/lib/python3.10/dist-packages:${PYTHONPATH} /usr/bin/cmake --build /home/rudra/custom_flightmode/build/px4_ros2_cpp -- -j12 -l12
[2.599s] DEBUG:colcon.colcon_core.event_handler.log_command:Invoking command in '/home/rudra/custom_flightmode/build/px4_ros2_cpp': AMENT_PREFIX_PATH=/home/rudra/custom_flightmode/install/px4_msgs:${AMENT_PREFIX_PATH} CMAKE_PREFIX_PATH=/home/rudra/custom_flightmode/install/px4_msgs:/home/rudra/ros2_ws/install/talker_listener:/home/rudra/ros2_ws/install/first_pkg:/opt/ros/humble LD_LIBRARY_PATH=/home/rudra/custom_flightmode/install/px4_msgs/lib:${LD_LIBRARY_PATH} PYTHONPATH=/home/rudra/custom_flightmode/install/px4_msgs/local/lib/python3.10/dist-packages:${PYTHONPATH} /usr/bin/cmake --install /home/rudra/custom_flightmode/build/px4_ros2_cpp
[2.612s] Level 1:colcon.colcon_core.environment:create_environment_scripts_only(px4_ros2_cpp)
[2.612s] Level 1:colcon.colcon_core.environment:checking '/home/rudra/custom_flightmode/install/px4_ros2_cpp' for CMake module files
[2.613s] DEBUG:colcon.colcon_core.event_handler.log_command:Invoked command in '/home/rudra/custom_flightmode/build/px4_ros2_cpp' returned '0': AMENT_PREFIX_PATH=/home/rudra/custom_flightmode/install/px4_msgs:${AMENT_PREFIX_PATH} CMAKE_PREFIX_PATH=/home/rudra/custom_flightmode/install/px4_msgs:/home/rudra/ros2_ws/install/talker_listener:/home/rudra/ros2_ws/install/first_pkg:/opt/ros/humble LD_LIBRARY_PATH=/home/rudra/custom_flightmode/install/px4_msgs/lib:${LD_LIBRARY_PATH} PYTHONPATH=/home/rudra/custom_flightmode/install/px4_msgs/local/lib/python3.10/dist-packages:${PYTHONPATH} /usr/bin/cmake --install /home/rudra/custom_flightmode/build/px4_ros2_cpp
[2.613s] Level 1:colcon.colcon_core.environment:checking '/home/rudra/custom_flightmode/install/px4_ros2_cpp' for CMake config files
[2.613s] Level 1:colcon.colcon_core.shell:create_environment_hook('px4_ros2_cpp', 'cmake_prefix_path')
[2.614s] INFO:colcon.colcon_core.shell:Creating environment hook '/home/rudra/custom_flightmode/install/px4_ros2_cpp/share/px4_ros2_cpp/hook/cmake_prefix_path.ps1'
[2.614s] INFO:colcon.colcon_core.shell:Creating environment descriptor '/home/rudra/custom_flightmode/install/px4_ros2_cpp/share/px4_ros2_cpp/hook/cmake_prefix_path.dsv'
[2.614s] INFO:colcon.colcon_core.shell:Creating environment hook '/home/rudra/custom_flightmode/install/px4_ros2_cpp/share/px4_ros2_cpp/hook/cmake_prefix_path.sh'
[2.615s] Level 1:colcon.colcon_core.environment:checking '/home/rudra/custom_flightmode/install/px4_ros2_cpp/lib'
[2.615s] Level 1:colcon.colcon_core.shell:create_environment_hook('px4_ros2_cpp', 'ld_library_path_lib')
[2.615s] INFO:colcon.colcon_core.shell:Creating environment hook '/home/rudra/custom_flightmode/install/px4_ros2_cpp/share/px4_ros2_cpp/hook/ld_library_path_lib.ps1'
[2.615s] INFO:colcon.colcon_core.shell:Creating environment descriptor '/home/rudra/custom_flightmode/install/px4_ros2_cpp/share/px4_ros2_cpp/hook/ld_library_path_lib.dsv'
[2.615s] INFO:colcon.colcon_core.shell:Creating environment hook '/home/rudra/custom_flightmode/install/px4_ros2_cpp/share/px4_ros2_cpp/hook/ld_library_path_lib.sh'
[2.616s] Level 1:colcon.colcon_core.environment:checking '/home/rudra/custom_flightmode/install/px4_ros2_cpp/bin'
[2.616s] Level 1:colcon.colcon_core.environment:checking '/home/rudra/custom_flightmode/install/px4_ros2_cpp/lib/pkgconfig/px4_ros2_cpp.pc'
[2.616s] Level 1:colcon.colcon_core.environment:checking '/home/rudra/custom_flightmode/install/px4_ros2_cpp/lib/python3.10/site-packages'
[2.616s] Level 1:colcon.colcon_core.environment:checking '/home/rudra/custom_flightmode/install/px4_ros2_cpp/bin'
[2.616s] INFO:colcon.colcon_core.shell:Creating package script '/home/rudra/custom_flightmode/install/px4_ros2_cpp/share/px4_ros2_cpp/package.ps1'
[2.617s] INFO:colcon.colcon_core.shell:Creating package descriptor '/home/rudra/custom_flightmode/install/px4_ros2_cpp/share/px4_ros2_cpp/package.dsv'
[2.617s] INFO:colcon.colcon_core.shell:Creating package script '/home/rudra/custom_flightmode/install/px4_ros2_cpp/share/px4_ros2_cpp/package.sh'
[2.618s] INFO:colcon.colcon_core.shell:Creating package script '/home/rudra/custom_flightmode/install/px4_ros2_cpp/share/px4_ros2_cpp/package.bash'
[2.618s] INFO:colcon.colcon_core.shell:Creating package script '/home/rudra/custom_flightmode/install/px4_ros2_cpp/share/px4_ros2_cpp/package.zsh'
[2.618s] Level 1:colcon.colcon_core.environment:create_file_with_runtime_dependencies(/home/rudra/custom_flightmode/install/px4_ros2_cpp/share/colcon-core/packages/px4_ros2_cpp)
[2.619s] Level 1:colcon.colcon_core.environment:create_environment_scripts_only(px4_ros2_cpp)
[2.619s] Level 1:colcon.colcon_core.environment:checking '/home/rudra/custom_flightmode/install/px4_ros2_cpp' for CMake module files
[2.619s] Level 1:colcon.colcon_core.environment:checking '/home/rudra/custom_flightmode/install/px4_ros2_cpp' for CMake config files
[2.619s] Level 1:colcon.colcon_core.shell:create_environment_hook('px4_ros2_cpp', 'cmake_prefix_path')
[2.619s] INFO:colcon.colcon_core.shell:Creating environment hook '/home/rudra/custom_flightmode/install/px4_ros2_cpp/share/px4_ros2_cpp/hook/cmake_prefix_path.ps1'
[2.620s] INFO:colcon.colcon_core.shell:Creating environment descriptor '/home/rudra/custom_flightmode/install/px4_ros2_cpp/share/px4_ros2_cpp/hook/cmake_prefix_path.dsv'
[2.620s] INFO:colcon.colcon_core.shell:Creating environment hook '/home/rudra/custom_flightmode/install/px4_ros2_cpp/share/px4_ros2_cpp/hook/cmake_prefix_path.sh'
[2.620s] Level 1:colcon.colcon_core.environment:checking '/home/rudra/custom_flightmode/install/px4_ros2_cpp/lib'
[2.620s] Level 1:colcon.colcon_core.shell:create_environment_hook('px4_ros2_cpp', 'ld_library_path_lib')
[2.620s] INFO:colcon.colcon_core.shell:Creating environment hook '/home/rudra/custom_flightmode/install/px4_ros2_cpp/share/px4_ros2_cpp/hook/ld_library_path_lib.ps1'
[2.621s] INFO:colcon.colcon_core.shell:Creating environment descriptor '/home/rudra/custom_flightmode/install/px4_ros2_cpp/share/px4_ros2_cpp/hook/ld_library_path_lib.dsv'
[2.621s] INFO:colcon.colcon_core.shell:Creating environment hook '/home/rudra/custom_flightmode/install/px4_ros2_cpp/share/px4_ros2_cpp/hook/ld_library_path_lib.sh'
[2.621s] Level 1:colcon.colcon_core.environment:checking '/home/rudra/custom_flightmode/install/px4_ros2_cpp/bin'
[2.621s] Level 1:colcon.colcon_core.environment:checking '/home/rudra/custom_flightmode/install/px4_ros2_cpp/lib/pkgconfig/px4_ros2_cpp.pc'
[2.622s] Level 1:colcon.colcon_core.environment:checking '/home/rudra/custom_flightmode/install/px4_ros2_cpp/lib/python3.10/site-packages'
[2.622s] Level 1:colcon.colcon_core.environment:checking '/home/rudra/custom_flightmode/install/px4_ros2_cpp/bin'
[2.622s] INFO:colcon.colcon_core.shell:Creating package script '/home/rudra/custom_flightmode/install/px4_ros2_cpp/share/px4_ros2_cpp/package.ps1'
[2.622s] INFO:colcon.colcon_core.shell:Creating package descriptor '/home/rudra/custom_flightmode/install/px4_ros2_cpp/share/px4_ros2_cpp/package.dsv'
[2.623s] INFO:colcon.colcon_core.shell:Creating package script '/home/rudra/custom_flightmode/install/px4_ros2_cpp/share/px4_ros2_cpp/package.sh'
[2.623s] INFO:colcon.colcon_core.shell:Creating package script '/home/rudra/custom_flightmode/install/px4_ros2_cpp/share/px4_ros2_cpp/package.bash'
[2.624s] INFO:colcon.colcon_core.shell:Creating package script '/home/rudra/custom_flightmode/install/px4_ros2_cpp/share/px4_ros2_cpp/package.zsh'
[2.624s] Level 1:colcon.colcon_core.environment:create_file_with_runtime_dependencies(/home/rudra/custom_flightmode/install/px4_ros2_cpp/share/colcon-core/packages/px4_ros2_cpp)
[2.624s] INFO:colcon.colcon_ros.task.ament_cmake.build:Building ROS package in '/home/rudra/custom_flightmode/src/px4-ros2-interface-lib/px4_ros2_py' with build type 'ament_cmake'
[2.624s] INFO:colcon.colcon_cmake.task.cmake.build:Building CMake package in '/home/rudra/custom_flightmode/src/px4-ros2-interface-lib/px4_ros2_py'
[2.624s] INFO:colcon.colcon_core.shell:Skip shell extension 'powershell' for command environment: Not usable outside of PowerShell
[2.625s] DEBUG:colcon.colcon_core.shell:Skip shell extension 'dsv' for command environment
[2.627s] INFO:colcon.colcon_ros.task.ament_cmake.build:Building ROS package in '/home/rudra/custom_flightmode/src/px4_ros2_custom_flight_mode' with build type 'ament_cmake'
[2.628s] INFO:colcon.colcon_cmake.task.cmake.build:Building CMake package in '/home/rudra/custom_flightmode/src/px4_ros2_custom_flight_mode'
[2.628s] INFO:colcon.colcon_core.shell:Skip shell extension 'powershell' for command environment: Not usable outside of PowerShell
[2.628s] DEBUG:colcon.colcon_core.shell:Skip shell extension 'dsv' for command environment
[2.630s] INFO:colcon.colcon_ros.task.ament_cmake.build:Building ROS package in '/home/rudra/custom_flightmode/src/px4-ros2-interface-lib/examples/cpp/modes/executor_with_multiple_modes' with build type 'ament_cmake'
[2.631s] INFO:colcon.colcon_cmake.task.cmake.build:Building CMake package in '/home/rudra/custom_flightmode/src/px4-ros2-interface-lib/examples/cpp/modes/executor_with_multiple_modes'
[2.631s] INFO:colcon.colcon_core.shell:Skip shell extension 'powershell' for command environment: Not usable outside of PowerShell
[2.631s] DEBUG:colcon.colcon_core.shell:Skip shell extension 'dsv' for command environment
[2.635s] INFO:colcon.colcon_ros.task.ament_cmake.build:Building ROS package in '/home/rudra/custom_flightmode/src/px4-ros2-interface-lib/examples/cpp/navigation/global_navigation' with build type 'ament_cmake'
[2.635s] INFO:colcon.colcon_cmake.task.cmake.build:Building CMake package in '/home/rudra/custom_flightmode/src/px4-ros2-interface-lib/examples/cpp/navigation/global_navigation'
[2.636s] INFO:colcon.colcon_core.shell:Skip shell extension 'powershell' for command environment: Not usable outside of PowerShell
[2.636s] DEBUG:colcon.colcon_core.shell:Skip shell extension 'dsv' for command environment
[2.641s] INFO:colcon.colcon_ros.task.ament_cmake.build:Building ROS package in '/home/rudra/custom_flightmode/src/px4-ros2-interface-lib/examples/cpp/navigation/local_navigation' with build type 'ament_cmake'
[2.641s] INFO:colcon.colcon_cmake.task.cmake.build:Building CMake package in '/home/rudra/custom_flightmode/src/px4-ros2-interface-lib/examples/cpp/navigation/local_navigation'
[2.641s] INFO:colcon.colcon_core.shell:Skip shell extension 'powershell' for command environment: Not usable outside of PowerShell
[2.641s] DEBUG:colcon.colcon_core.shell:Skip shell extension 'dsv' for command environment
[2.645s] INFO:colcon.colcon_ros.task.ament_cmake.build:Building ROS package in '/home/rudra/custom_flightmode/src/px4-ros2-interface-lib/examples/cpp/modes/fw_attitude' with build type 'ament_cmake'
[2.646s] INFO:colcon.colcon_cmake.task.cmake.build:Building CMake package in '/home/rudra/custom_flightmode/src/px4-ros2-interface-lib/examples/cpp/modes/fw_attitude'
[2.646s] INFO:colcon.colcon_core.shell:Skip shell extension 'powershell' for command environment: Not usable outside of PowerShell
[2.646s] DEBUG:colcon.colcon_core.shell:Skip shell extension 'dsv' for command environment
[2.650s] INFO:colcon.colcon_ros.task.ament_cmake.build:Building ROS package in '/home/rudra/custom_flightmode/src/px4-ros2-interface-lib/examples/cpp/modes/goto' with build type 'ament_cmake'
[2.650s] INFO:colcon.colcon_cmake.task.cmake.build:Building CMake package in '/home/rudra/custom_flightmode/src/px4-ros2-interface-lib/examples/cpp/modes/goto'
[2.650s] INFO:colcon.colcon_core.shell:Skip shell extension 'powershell' for command environment: Not usable outside of PowerShell
[2.651s] DEBUG:colcon.colcon_core.shell:Skip shell extension 'dsv' for command environment
[2.655s] INFO:colcon.colcon_ros.task.ament_cmake.build:Building ROS package in '/home/rudra/custom_flightmode/src/px4-ros2-interface-lib/examples/cpp/modes/goto_global' with build type 'ament_cmake'
[2.655s] INFO:colcon.colcon_cmake.task.cmake.build:Building CMake package in '/home/rudra/custom_flightmode/src/px4-ros2-interface-lib/examples/cpp/modes/goto_global'
[2.655s] INFO:colcon.colcon_core.shell:Skip shell extension 'powershell' for command environment: Not usable outside of PowerShell
[2.655s] DEBUG:colcon.colcon_core.shell:Skip shell extension 'dsv' for command environment
[2.660s] INFO:colcon.colcon_ros.task.ament_cmake.build:Building ROS package in '/home/rudra/custom_flightmode/src/px4-ros2-interface-lib/examples/cpp/modes/manual' with build type 'ament_cmake'
[2.660s] INFO:colcon.colcon_cmake.task.cmake.build:Building CMake package in '/home/rudra/custom_flightmode/src/px4-ros2-interface-lib/examples/cpp/modes/manual'
[2.660s] INFO:colcon.colcon_core.shell:Skip shell extension 'powershell' for command environment: Not usable outside of PowerShell
[2.660s] DEBUG:colcon.colcon_core.shell:Skip shell extension 'dsv' for command environment
[2.667s] INFO:colcon.colcon_ros.task.ament_cmake.build:Building ROS package in '/home/rudra/custom_flightmode/src/px4-ros2-interface-lib/examples/cpp/modes/mission' with build type 'ament_cmake'
[2.667s] INFO:colcon.colcon_cmake.task.cmake.build:Building CMake package in '/home/rudra/custom_flightmode/src/px4-ros2-interface-lib/examples/cpp/modes/mission'
[2.668s] INFO:colcon.colcon_core.shell:Skip shell extension 'powershell' for command environment: Not usable outside of PowerShell
[2.668s] DEBUG:colcon.colcon_core.shell:Skip shell extension 'dsv' for command environment
[2.672s] INFO:colcon.colcon_ros.task.ament_cmake.build:Building ROS package in '/home/rudra/custom_flightmode/src/px4-ros2-interface-lib/examples/cpp/modes/rtl_replacement' with build type 'ament_cmake'
[2.672s] INFO:colcon.colcon_cmake.task.cmake.build:Building CMake package in '/home/rudra/custom_flightmode/src/px4-ros2-interface-lib/examples/cpp/modes/rtl_replacement'
[2.673s] INFO:colcon.colcon_core.shell:Skip shell extension 'powershell' for command environment: Not usable outside of PowerShell
[2.673s] DEBUG:colcon.colcon_core.shell:Skip shell extension 'dsv' for command environment
[2.676s] INFO:colcon.colcon_ros.task.ament_cmake.build:Building ROS package in '/home/rudra/custom_flightmode/src/px4-ros2-interface-lib/examples/cpp/modes/vtol' with build type 'ament_cmake'
[2.676s] INFO:colcon.colcon_cmake.task.cmake.build:Building CMake package in '/home/rudra/custom_flightmode/src/px4-ros2-interface-lib/examples/cpp/modes/vtol'
[2.677s] INFO:colcon.colcon_core.shell:Skip shell extension 'powershell' for command environment: Not usable outside of PowerShell
[2.677s] DEBUG:colcon.colcon_core.shell:Skip shell extension 'dsv' for command environment
[2.688s] DEBUG:colcon.colcon_core.event_handler.log_command:Invoking command in '/home/rudra/custom_flightmode/build/px4_ros2_py': AMENT_PREFIX_PATH=/home/rudra/custom_flightmode/install/px4_ros2_cpp:/home/rudra/custom_flightmode/install/px4_msgs:${AMENT_PREFIX_PATH} CMAKE_PREFIX_PATH=/home/rudra/custom_flightmode/install/px4_ros2_cpp:/home/rudra/custom_flightmode/install/px4_msgs:/home/rudra/ros2_ws/install/talker_listener:/home/rudra/ros2_ws/install/first_pkg:/opt/ros/humble LD_LIBRARY_PATH=/home/rudra/custom_flightmode/install/px4_ros2_cpp/lib:/home/rudra/custom_flightmode/install/px4_msgs/lib:${LD_LIBRARY_PATH} PYTHONPATH=/home/rudra/custom_flightmode/install/px4_msgs/local/lib/python3.10/dist-packages:${PYTHONPATH} /usr/bin/cmake --build /home/rudra/custom_flightmode/build/px4_ros2_py -- -j12 -l12
[2.690s] DEBUG:colcon.colcon_core.event_handler.log_command:Invoking command in '/home/rudra/custom_flightmode/build/draw_flight_mode': AMENT_PREFIX_PATH=/home/rudra/custom_flightmode/install/px4_ros2_cpp:/home/rudra/custom_flightmode/install/px4_msgs:${AMENT_PREFIX_PATH} CMAKE_PREFIX_PATH=/home/rudra/custom_flightmode/install/px4_ros2_cpp:/home/rudra/custom_flightmode/install/px4_msgs:/home/rudra/ros2_ws/install/talker_listener:/home/rudra/ros2_ws/install/first_pkg:/opt/ros/humble LD_LIBRARY_PATH=/home/rudra/custom_flightmode/install/px4_ros2_cpp/lib:/home/rudra/custom_flightmode/install/px4_msgs/lib:${LD_LIBRARY_PATH} PYTHONPATH=/home/rudra/custom_flightmode/install/px4_msgs/local/lib/python3.10/dist-packages:${PYTHONPATH} /usr/bin/cmake --build /home/rudra/custom_flightmode/build/draw_flight_mode -- -j12 -l12
[2.693s] DEBUG:colcon.colcon_core.event_handler.log_command:Invoking command in '/home/rudra/custom_flightmode/build/example_executor_with_multiple_modes_cpp': AMENT_PREFIX_PATH=/home/rudra/custom_flightmode/install/px4_ros2_cpp:/home/rudra/custom_flightmode/install/px4_msgs:${AMENT_PREFIX_PATH} CMAKE_PREFIX_PATH=/home/rudra/custom_flightmode/install/px4_ros2_cpp:/home/rudra/custom_flightmode/install/px4_msgs:/home/rudra/ros2_ws/install/talker_listener:/home/rudra/ros2_ws/install/first_pkg:/opt/ros/humble LD_LIBRARY_PATH=/home/rudra/custom_flightmode/install/px4_ros2_cpp/lib:/home/rudra/custom_flightmode/install/px4_msgs/lib:${LD_LIBRARY_PATH} PYTHONPATH=/home/rudra/custom_flightmode/install/px4_msgs/local/lib/python3.10/dist-packages:${PYTHONPATH} /usr/bin/cmake --build /home/rudra/custom_flightmode/build/example_executor_with_multiple_modes_cpp -- -j12 -l12
[2.695s] DEBUG:colcon.colcon_core.event_handler.log_command:Invoking command in '/home/rudra/custom_flightmode/build/example_global_navigation_cpp': AMENT_PREFIX_PATH=/home/rudra/custom_flightmode/install/px4_ros2_cpp:/home/rudra/custom_flightmode/install/px4_msgs:${AMENT_PREFIX_PATH} CMAKE_PREFIX_PATH=/home/rudra/custom_flightmode/install/px4_ros2_cpp:/home/rudra/custom_flightmode/install/px4_msgs:/home/rudra/ros2_ws/install/talker_listener:/home/rudra/ros2_ws/install/first_pkg:/opt/ros/humble LD_LIBRARY_PATH=/home/rudra/custom_flightmode/install/px4_ros2_cpp/lib:/home/rudra/custom_flightmode/install/px4_msgs/lib:${LD_LIBRARY_PATH} PYTHONPATH=/home/rudra/custom_flightmode/install/px4_msgs/local/lib/python3.10/dist-packages:${PYTHONPATH} /usr/bin/cmake --build /home/rudra/custom_flightmode/build/example_global_navigation_cpp -- -j12 -l12
[2.698s] DEBUG:colcon.colcon_core.event_handler.log_command:Invoking command in '/home/rudra/custom_flightmode/build/example_local_navigation_cpp': AMENT_PREFIX_PATH=/home/rudra/custom_flightmode/install/px4_ros2_cpp:/home/rudra/custom_flightmode/install/px4_msgs:${AMENT_PREFIX_PATH} CMAKE_PREFIX_PATH=/home/rudra/custom_flightmode/install/px4_ros2_cpp:/home/rudra/custom_flightmode/install/px4_msgs:/home/rudra/ros2_ws/install/talker_listener:/home/rudra/ros2_ws/install/first_pkg:/opt/ros/humble LD_LIBRARY_PATH=/home/rudra/custom_flightmode/install/px4_ros2_cpp/lib:/home/rudra/custom_flightmode/install/px4_msgs/lib:${LD_LIBRARY_PATH} PYTHONPATH=/home/rudra/custom_flightmode/install/px4_msgs/local/lib/python3.10/dist-packages:${PYTHONPATH} /usr/bin/cmake --build /home/rudra/custom_flightmode/build/example_local_navigation_cpp -- -j12 -l12
[2.702s] DEBUG:colcon.colcon_core.event_handler.log_command:Invoking command in '/home/rudra/custom_flightmode/build/example_mode_fw_attitude_cpp': AMENT_PREFIX_PATH=/home/rudra/custom_flightmode/install/px4_ros2_cpp:/home/rudra/custom_flightmode/install/px4_msgs:${AMENT_PREFIX_PATH} CMAKE_PREFIX_PATH=/home/rudra/custom_flightmode/install/px4_ros2_cpp:/home/rudra/custom_flightmode/install/px4_msgs:/home/rudra/ros2_ws/install/talker_listener:/home/rudra/ros2_ws/install/first_pkg:/opt/ros/humble LD_LIBRARY_PATH=/home/rudra/custom_flightmode/install/px4_ros2_cpp/lib:/home/rudra/custom_flightmode/install/px4_msgs/lib:${LD_LIBRARY_PATH} PYTHONPATH=/home/rudra/custom_flightmode/install/px4_msgs/local/lib/python3.10/dist-packages:${PYTHONPATH} /usr/bin/cmake --build /home/rudra/custom_flightmode/build/example_mode_fw_attitude_cpp -- -j12 -l12
[2.703s] DEBUG:colcon.colcon_core.event_handler.log_command:Invoking command in '/home/rudra/custom_flightmode/build/example_mode_goto_cpp': AMENT_PREFIX_PATH=/home/rudra/custom_flightmode/install/px4_ros2_cpp:/home/rudra/custom_flightmode/install/px4_msgs:${AMENT_PREFIX_PATH} CMAKE_PREFIX_PATH=/home/rudra/custom_flightmode/install/px4_ros2_cpp:/home/rudra/custom_flightmode/install/px4_msgs:/home/rudra/ros2_ws/install/talker_listener:/home/rudra/ros2_ws/install/first_pkg:/opt/ros/humble LD_LIBRARY_PATH=/home/rudra/custom_flightmode/install/px4_ros2_cpp/lib:/home/rudra/custom_flightmode/install/px4_msgs/lib:${LD_LIBRARY_PATH} PYTHONPATH=/home/rudra/custom_flightmode/install/px4_msgs/local/lib/python3.10/dist-packages:${PYTHONPATH} /usr/bin/cmake --build /home/rudra/custom_flightmode/build/example_mode_goto_cpp -- -j12 -l12
[2.707s] DEBUG:colcon.colcon_core.event_handler.log_command:Invoking command in '/home/rudra/custom_flightmode/build/example_mode_goto_global_cpp': AMENT_PREFIX_PATH=/home/rudra/custom_flightmode/install/px4_ros2_cpp:/home/rudra/custom_flightmode/install/px4_msgs:${AMENT_PREFIX_PATH} CMAKE_PREFIX_PATH=/home/rudra/custom_flightmode/install/px4_ros2_cpp:/home/rudra/custom_flightmode/install/px4_msgs:/home/rudra/ros2_ws/install/talker_listener:/home/rudra/ros2_ws/install/first_pkg:/opt/ros/humble LD_LIBRARY_PATH=/home/rudra/custom_flightmode/install/px4_ros2_cpp/lib:/home/rudra/custom_flightmode/install/px4_msgs/lib:${LD_LIBRARY_PATH} PYTHONPATH=/home/rudra/custom_flightmode/install/px4_msgs/local/lib/python3.10/dist-packages:${PYTHONPATH} /usr/bin/cmake --build /home/rudra/custom_flightmode/build/example_mode_goto_global_cpp -- -j12 -l12
[2.710s] DEBUG:colcon.colcon_core.event_handler.log_command:Invoking command in '/home/rudra/custom_flightmode/build/example_mode_manual_cpp': AMENT_PREFIX_PATH=/home/rudra/custom_flightmode/install/px4_ros2_cpp:/home/rudra/custom_flightmode/install/px4_msgs:${AMENT_PREFIX_PATH} CMAKE_PREFIX_PATH=/home/rudra/custom_flightmode/install/px4_ros2_cpp:/home/rudra/custom_flightmode/install/px4_msgs:/home/rudra/ros2_ws/install/talker_listener:/home/rudra/ros2_ws/install/first_pkg:/opt/ros/humble LD_LIBRARY_PATH=/home/rudra/custom_flightmode/install/px4_ros2_cpp/lib:/home/rudra/custom_flightmode/install/px4_msgs/lib:${LD_LIBRARY_PATH} PYTHONPATH=/home/rudra/custom_flightmode/install/px4_msgs/local/lib/python3.10/dist-packages:${PYTHONPATH} /usr/bin/cmake --build /home/rudra/custom_flightmode/build/example_mode_manual_cpp -- -j12 -l12
[2.716s] DEBUG:colcon.colcon_core.event_handler.log_command:Invoking command in '/home/rudra/custom_flightmode/build/example_mode_mission_cpp': AMENT_PREFIX_PATH=/home/rudra/custom_flightmode/install/px4_ros2_cpp:/home/rudra/custom_flightmode/install/px4_msgs:${AMENT_PREFIX_PATH} CMAKE_PREFIX_PATH=/home/rudra/custom_flightmode/install/px4_ros2_cpp:/home/rudra/custom_flightmode/install/px4_msgs:/home/rudra/ros2_ws/install/talker_listener:/home/rudra/ros2_ws/install/first_pkg:/opt/ros/humble LD_LIBRARY_PATH=/home/rudra/custom_flightmode/install/px4_ros2_cpp/lib:/home/rudra/custom_flightmode/install/px4_msgs/lib:${LD_LIBRARY_PATH} PYTHONPATH=/home/rudra/custom_flightmode/install/px4_msgs/local/lib/python3.10/dist-packages:${PYTHONPATH} /usr/bin/cmake --build /home/rudra/custom_flightmode/build/example_mode_mission_cpp -- -j12 -l12
[2.717s] DEBUG:colcon.colcon_core.event_handler.log_command:Invoking command in '/home/rudra/custom_flightmode/build/example_mode_rtl_replacement_cpp': AMENT_PREFIX_PATH=/home/rudra/custom_flightmode/install/px4_ros2_cpp:/home/rudra/custom_flightmode/install/px4_msgs:${AMENT_PREFIX_PATH} CMAKE_PREFIX_PATH=/home/rudra/custom_flightmode/install/px4_ros2_cpp:/home/rudra/custom_flightmode/install/px4_msgs:/home/rudra/ros2_ws/install/talker_listener:/home/rudra/ros2_ws/install/first_pkg:/opt/ros/humble LD_LIBRARY_PATH=/home/rudra/custom_flightmode/install/px4_ros2_cpp/lib:/home/rudra/custom_flightmode/install/px4_msgs/lib:${LD_LIBRARY_PATH} PYTHONPATH=/home/rudra/custom_flightmode/install/px4_msgs/local/lib/python3.10/dist-packages:${PYTHONPATH} /usr/bin/cmake --build /home/rudra/custom_flightmode/build/example_mode_rtl_replacement_cpp -- -j12 -l12
[2.750s] DEBUG:colcon.colcon_core.event_handler.log_command:Invoking command in '/home/rudra/custom_flightmode/build/example_mode_vtol_cpp': AMENT_PREFIX_PATH=/home/rudra/custom_flightmode/install/px4_ros2_cpp:/home/rudra/custom_flightmode/install/px4_msgs:${AMENT_PREFIX_PATH} CMAKE_PREFIX_PATH=/home/rudra/custom_flightmode/install/px4_ros2_cpp:/home/rudra/custom_flightmode/install/px4_msgs:/home/rudra/ros2_ws/install/talker_listener:/home/rudra/ros2_ws/install/first_pkg:/opt/ros/humble LD_LIBRARY_PATH=/home/rudra/custom_flightmode/install/px4_ros2_cpp/lib:/home/rudra/custom_flightmode/install/px4_msgs/lib:${LD_LIBRARY_PATH} PYTHONPATH=/home/rudra/custom_flightmode/install/px4_msgs/local/lib/python3.10/dist-packages:${PYTHONPATH} /usr/bin/cmake --build /home/rudra/custom_flightmode/build/example_mode_vtol_cpp -- -j12 -l12
[2.814s] DEBUG:colcon.colcon_core.event_handler.log_command:Invoked command in '/home/rudra/custom_flightmode/build/example_executor_with_multiple_modes_cpp' returned '0': AMENT_PREFIX_PATH=/home/rudra/custom_flightmode/install/px4_ros2_cpp:/home/rudra/custom_flightmode/install/px4_msgs:${AMENT_PREFIX_PATH} CMAKE_PREFIX_PATH=/home/rudra/custom_flightmode/install/px4_ros2_cpp:/home/rudra/custom_flightmode/install/px4_msgs:/home/rudra/ros2_ws/install/talker_listener:/home/rudra/ros2_ws/install/first_pkg:/opt/ros/humble LD_LIBRARY_PATH=/home/rudra/custom_flightmode/install/px4_ros2_cpp/lib:/home/rudra/custom_flightmode/install/px4_msgs/lib:${LD_LIBRARY_PATH} PYTHONPATH=/home/rudra/custom_flightmode/install/px4_msgs/local/lib/python3.10/dist-packages:${PYTHONPATH} /usr/bin/cmake --build /home/rudra/custom_flightmode/build/example_executor_with_multiple_modes_cpp -- -j12 -l12
[2.819s] DEBUG:colcon.colcon_core.event_handler.log_command:Invoking command in '/home/rudra/custom_flightmode/build/example_executor_with_multiple_modes_cpp': AMENT_PREFIX_PATH=/home/rudra/custom_flightmode/install/px4_ros2_cpp:/home/rudra/custom_flightmode/install/px4_msgs:${AMENT_PREFIX_PATH} CMAKE_PREFIX_PATH=/home/rudra/custom_flightmode/install/px4_ros2_cpp:/home/rudra/custom_flightmode/install/px4_msgs:/home/rudra/ros2_ws/install/talker_listener:/home/rudra/ros2_ws/install/first_pkg:/opt/ros/humble LD_LIBRARY_PATH=/home/rudra/custom_flightmode/install/px4_ros2_cpp/lib:/home/rudra/custom_flightmode/install/px4_msgs/lib:${LD_LIBRARY_PATH} PYTHONPATH=/home/rudra/custom_flightmode/install/px4_msgs/local/lib/python3.10/dist-packages:${PYTHONPATH} /usr/bin/cmake --install /home/rudra/custom_flightmode/build/example_executor_with_multiple_modes_cpp
[2.836s] DEBUG:colcon.colcon_core.event_handler.log_command:Invoked command in '/home/rudra/custom_flightmode/build/example_mode_manual_cpp' returned '0': AMENT_PREFIX_PATH=/home/rudra/custom_flightmode/install/px4_ros2_cpp:/home/rudra/custom_flightmode/install/px4_msgs:${AMENT_PREFIX_PATH} CMAKE_PREFIX_PATH=/home/rudra/custom_flightmode/install/px4_ros2_cpp:/home/rudra/custom_flightmode/install/px4_msgs:/home/rudra/ros2_ws/install/talker_listener:/home/rudra/ros2_ws/install/first_pkg:/opt/ros/humble LD_LIBRARY_PATH=/home/rudra/custom_flightmode/install/px4_ros2_cpp/lib:/home/rudra/custom_flightmode/install/px4_msgs/lib:${LD_LIBRARY_PATH} PYTHONPATH=/home/rudra/custom_flightmode/install/px4_msgs/local/lib/python3.10/dist-packages:${PYTHONPATH} /usr/bin/cmake --build /home/rudra/custom_flightmode/build/example_mode_manual_cpp -- -j12 -l12
[2.838s] DEBUG:colcon.colcon_core.event_handler.log_command:Invoking command in '/home/rudra/custom_flightmode/build/example_mode_manual_cpp': AMENT_PREFIX_PATH=/home/rudra/custom_flightmode/install/px4_ros2_cpp:/home/rudra/custom_flightmode/install/px4_msgs:${AMENT_PREFIX_PATH} CMAKE_PREFIX_PATH=/home/rudra/custom_flightmode/install/px4_ros2_cpp:/home/rudra/custom_flightmode/install/px4_msgs:/home/rudra/ros2_ws/install/talker_listener:/home/rudra/ros2_ws/install/first_pkg:/opt/ros/humble LD_LIBRARY_PATH=/home/rudra/custom_flightmode/install/px4_ros2_cpp/lib:/home/rudra/custom_flightmode/install/px4_msgs/lib:${LD_LIBRARY_PATH} PYTHONPATH=/home/rudra/custom_flightmode/install/px4_msgs/local/lib/python3.10/dist-packages:${PYTHONPATH} /usr/bin/cmake --install /home/rudra/custom_flightmode/build/example_mode_manual_cpp
[2.839s] DEBUG:colcon.colcon_core.event_handler.log_command:Invoked command in '/home/rudra/custom_flightmode/build/example_mode_fw_attitude_cpp' returned '0': AMENT_PREFIX_PATH=/home/rudra/custom_flightmode/install/px4_ros2_cpp:/home/rudra/custom_flightmode/install/px4_msgs:${AMENT_PREFIX_PATH} CMAKE_PREFIX_PATH=/home/rudra/custom_flightmode/install/px4_ros2_cpp:/home/rudra/custom_flightmode/install/px4_msgs:/home/rudra/ros2_ws/install/talker_listener:/home/rudra/ros2_ws/install/first_pkg:/opt/ros/humble LD_LIBRARY_PATH=/home/rudra/custom_flightmode/install/px4_ros2_cpp/lib:/home/rudra/custom_flightmode/install/px4_msgs/lib:${LD_LIBRARY_PATH} PYTHONPATH=/home/rudra/custom_flightmode/install/px4_msgs/local/lib/python3.10/dist-packages:${PYTHONPATH} /usr/bin/cmake --build /home/rudra/custom_flightmode/build/example_mode_fw_attitude_cpp -- -j12 -l12
[2.841s] DEBUG:colcon.colcon_core.event_handler.log_command:Invoking command in '/home/rudra/custom_flightmode/build/example_mode_fw_attitude_cpp': AMENT_PREFIX_PATH=/home/rudra/custom_flightmode/install/px4_ros2_cpp:/home/rudra/custom_flightmode/install/px4_msgs:${AMENT_PREFIX_PATH} CMAKE_PREFIX_PATH=/home/rudra/custom_flightmode/install/px4_ros2_cpp:/home/rudra/custom_flightmode/install/px4_msgs:/home/rudra/ros2_ws/install/talker_listener:/home/rudra/ros2_ws/install/first_pkg:/opt/ros/humble LD_LIBRARY_PATH=/home/rudra/custom_flightmode/install/px4_ros2_cpp/lib:/home/rudra/custom_flightmode/install/px4_msgs/lib:${LD_LIBRARY_PATH} PYTHONPATH=/home/rudra/custom_flightmode/install/px4_msgs/local/lib/python3.10/dist-packages:${PYTHONPATH} /usr/bin/cmake --install /home/rudra/custom_flightmode/build/example_mode_fw_attitude_cpp
[2.846s] DEBUG:colcon.colcon_core.event_handler.log_command:Invoked command in '/home/rudra/custom_flightmode/build/example_mode_goto_global_cpp' returned '0': AMENT_PREFIX_PATH=/home/rudra/custom_flightmode/install/px4_ros2_cpp:/home/rudra/custom_flightmode/install/px4_msgs:${AMENT_PREFIX_PATH} CMAKE_PREFIX_PATH=/home/rudra/custom_flightmode/install/px4_ros2_cpp:/home/rudra/custom_flightmode/install/px4_msgs:/home/rudra/ros2_ws/install/talker_listener:/home/rudra/ros2_ws/install/first_pkg:/opt/ros/humble LD_LIBRARY_PATH=/home/rudra/custom_flightmode/install/px4_ros2_cpp/lib:/home/rudra/custom_flightmode/install/px4_msgs/lib:${LD_LIBRARY_PATH} PYTHONPATH=/home/rudra/custom_flightmode/install/px4_msgs/local/lib/python3.10/dist-packages:${PYTHONPATH} /usr/bin/cmake --build /home/rudra/custom_flightmode/build/example_mode_goto_global_cpp -- -j12 -l12
[2.847s] DEBUG:colcon.colcon_core.event_handler.log_command:Invoking command in '/home/rudra/custom_flightmode/build/example_mode_goto_global_cpp': AMENT_PREFIX_PATH=/home/rudra/custom_flightmode/install/px4_ros2_cpp:/home/rudra/custom_flightmode/install/px4_msgs:${AMENT_PREFIX_PATH} CMAKE_PREFIX_PATH=/home/rudra/custom_flightmode/install/px4_ros2_cpp:/home/rudra/custom_flightmode/install/px4_msgs:/home/rudra/ros2_ws/install/talker_listener:/home/rudra/ros2_ws/install/first_pkg:/opt/ros/humble LD_LIBRARY_PATH=/home/rudra/custom_flightmode/install/px4_ros2_cpp/lib:/home/rudra/custom_flightmode/install/px4_msgs/lib:${LD_LIBRARY_PATH} PYTHONPATH=/home/rudra/custom_flightmode/install/px4_msgs/local/lib/python3.10/dist-packages:${PYTHONPATH} /usr/bin/cmake --install /home/rudra/custom_flightmode/build/example_mode_goto_global_cpp
[2.848s] DEBUG:colcon.colcon_core.event_handler.log_command:Invoked command in '/home/rudra/custom_flightmode/build/draw_flight_mode' returned '0': AMENT_PREFIX_PATH=/home/rudra/custom_flightmode/install/px4_ros2_cpp:/home/rudra/custom_flightmode/install/px4_msgs:${AMENT_PREFIX_PATH} CMAKE_PREFIX_PATH=/home/rudra/custom_flightmode/install/px4_ros2_cpp:/home/rudra/custom_flightmode/install/px4_msgs:/home/rudra/ros2_ws/install/talker_listener:/home/rudra/ros2_ws/install/first_pkg:/opt/ros/humble LD_LIBRARY_PATH=/home/rudra/custom_flightmode/install/px4_ros2_cpp/lib:/home/rudra/custom_flightmode/install/px4_msgs/lib:${LD_LIBRARY_PATH} PYTHONPATH=/home/rudra/custom_flightmode/install/px4_msgs/local/lib/python3.10/dist-packages:${PYTHONPATH} /usr/bin/cmake --build /home/rudra/custom_flightmode/build/draw_flight_mode -- -j12 -l12
[2.851s] DEBUG:colcon.colcon_core.event_handler.log_command:Invoking command in '/home/rudra/custom_flightmode/build/draw_flight_mode': AMENT_PREFIX_PATH=/home/rudra/custom_flightmode/install/px4_ros2_cpp:/home/rudra/custom_flightmode/install/px4_msgs:${AMENT_PREFIX_PATH} CMAKE_PREFIX_PATH=/home/rudra/custom_flightmode/install/px4_ros2_cpp:/home/rudra/custom_flightmode/install/px4_msgs:/home/rudra/ros2_ws/install/talker_listener:/home/rudra/ros2_ws/install/first_pkg:/opt/ros/humble LD_LIBRARY_PATH=/home/rudra/custom_flightmode/install/px4_ros2_cpp/lib:/home/rudra/custom_flightmode/install/px4_msgs/lib:${LD_LIBRARY_PATH} PYTHONPATH=/home/rudra/custom_flightmode/install/px4_msgs/local/lib/python3.10/dist-packages:${PYTHONPATH} /usr/bin/cmake --install /home/rudra/custom_flightmode/build/draw_flight_mode
[2.854s] DEBUG:colcon.colcon_core.event_handler.log_command:Invoked command in '/home/rudra/custom_flightmode/build/example_global_navigation_cpp' returned '0': AMENT_PREFIX_PATH=/home/rudra/custom_flightmode/install/px4_ros2_cpp:/home/rudra/custom_flightmode/install/px4_msgs:${AMENT_PREFIX_PATH} CMAKE_PREFIX_PATH=/home/rudra/custom_flightmode/install/px4_ros2_cpp:/home/rudra/custom_flightmode/install/px4_msgs:/home/rudra/ros2_ws/install/talker_listener:/home/rudra/ros2_ws/install/first_pkg:/opt/ros/humble LD_LIBRARY_PATH=/home/rudra/custom_flightmode/install/px4_ros2_cpp/lib:/home/rudra/custom_flightmode/install/px4_msgs/lib:${LD_LIBRARY_PATH} PYTHONPATH=/home/rudra/custom_flightmode/install/px4_msgs/local/lib/python3.10/dist-packages:${PYTHONPATH} /usr/bin/cmake --build /home/rudra/custom_flightmode/build/example_global_navigation_cpp -- -j12 -l12
[2.855s] DEBUG:colcon.colcon_core.event_handler.log_command:Invoking command in '/home/rudra/custom_flightmode/build/example_global_navigation_cpp': AMENT_PREFIX_PATH=/home/rudra/custom_flightmode/install/px4_ros2_cpp:/home/rudra/custom_flightmode/install/px4_msgs:${AMENT_PREFIX_PATH} CMAKE_PREFIX_PATH=/home/rudra/custom_flightmode/install/px4_ros2_cpp:/home/rudra/custom_flightmode/install/px4_msgs:/home/rudra/ros2_ws/install/talker_listener:/home/rudra/ros2_ws/install/first_pkg:/opt/ros/humble LD_LIBRARY_PATH=/home/rudra/custom_flightmode/install/px4_ros2_cpp/lib:/home/rudra/custom_flightmode/install/px4_msgs/lib:${LD_LIBRARY_PATH} PYTHONPATH=/home/rudra/custom_flightmode/install/px4_msgs/local/lib/python3.10/dist-packages:${PYTHONPATH} /usr/bin/cmake --install /home/rudra/custom_flightmode/build/example_global_navigation_cpp
[2.855s] DEBUG:colcon.colcon_core.event_handler.log_command:Invoked command in '/home/rudra/custom_flightmode/build/example_mode_goto_cpp' returned '0': AMENT_PREFIX_PATH=/home/rudra/custom_flightmode/install/px4_ros2_cpp:/home/rudra/custom_flightmode/install/px4_msgs:${AMENT_PREFIX_PATH} CMAKE_PREFIX_PATH=/home/rudra/custom_flightmode/install/px4_ros2_cpp:/home/rudra/custom_flightmode/install/px4_msgs:/home/rudra/ros2_ws/install/talker_listener:/home/rudra/ros2_ws/install/first_pkg:/opt/ros/humble LD_LIBRARY_PATH=/home/rudra/custom_flightmode/install/px4_ros2_cpp/lib:/home/rudra/custom_flightmode/install/px4_msgs/lib:${LD_LIBRARY_PATH} PYTHONPATH=/home/rudra/custom_flightmode/install/px4_msgs/local/lib/python3.10/dist-packages:${PYTHONPATH} /usr/bin/cmake --build /home/rudra/custom_flightmode/build/example_mode_goto_cpp -- -j12 -l12
[2.857s] Level 1:colcon.colcon_core.environment:create_environment_scripts_only(example_executor_with_multiple_modes_cpp)
[2.858s] DEBUG:colcon.colcon_core.event_handler.log_command:Invoking command in '/home/rudra/custom_flightmode/build/example_mode_goto_cpp': AMENT_PREFIX_PATH=/home/rudra/custom_flightmode/install/px4_ros2_cpp:/home/rudra/custom_flightmode/install/px4_msgs:${AMENT_PREFIX_PATH} CMAKE_PREFIX_PATH=/home/rudra/custom_flightmode/install/px4_ros2_cpp:/home/rudra/custom_flightmode/install/px4_msgs:/home/rudra/ros2_ws/install/talker_listener:/home/rudra/ros2_ws/install/first_pkg:/opt/ros/humble LD_LIBRARY_PATH=/home/rudra/custom_flightmode/install/px4_ros2_cpp/lib:/home/rudra/custom_flightmode/install/px4_msgs/lib:${LD_LIBRARY_PATH} PYTHONPATH=/home/rudra/custom_flightmode/install/px4_msgs/local/lib/python3.10/dist-packages:${PYTHONPATH} /usr/bin/cmake --install /home/rudra/custom_flightmode/build/example_mode_goto_cpp
[2.858s] Level 1:colcon.colcon_core.environment:checking '/home/rudra/custom_flightmode/install/example_executor_with_multiple_modes_cpp' for CMake module files
[2.859s] DEBUG:colcon.colcon_core.event_handler.log_command:Invoked command in '/home/rudra/custom_flightmode/build/example_executor_with_multiple_modes_cpp' returned '0': AMENT_PREFIX_PATH=/home/rudra/custom_flightmode/install/px4_ros2_cpp:/home/rudra/custom_flightmode/install/px4_msgs:${AMENT_PREFIX_PATH} CMAKE_PREFIX_PATH=/home/rudra/custom_flightmode/install/px4_ros2_cpp:/home/rudra/custom_flightmode/install/px4_msgs:/home/rudra/ros2_ws/install/talker_listener:/home/rudra/ros2_ws/install/first_pkg:/opt/ros/humble LD_LIBRARY_PATH=/home/rudra/custom_flightmode/install/px4_ros2_cpp/lib:/home/rudra/custom_flightmode/install/px4_msgs/lib:${LD_LIBRARY_PATH} PYTHONPATH=/home/rudra/custom_flightmode/install/px4_msgs/local/lib/python3.10/dist-packages:${PYTHONPATH} /usr/bin/cmake --install /home/rudra/custom_flightmode/build/example_executor_with_multiple_modes_cpp
[2.860s] Level 1:colcon.colcon_core.environment:checking '/home/rudra/custom_flightmode/install/example_executor_with_multiple_modes_cpp' for CMake config files
[2.860s] Level 1:colcon.colcon_core.shell:create_environment_hook('example_executor_with_multiple_modes_cpp', 'cmake_prefix_path')
[2.860s] INFO:colcon.colcon_core.shell:Creating environment hook '/home/rudra/custom_flightmode/install/example_executor_with_multiple_modes_cpp/share/example_executor_with_multiple_modes_cpp/hook/cmake_prefix_path.ps1'
[2.861s] INFO:colcon.colcon_core.shell:Creating environment descriptor '/home/rudra/custom_flightmode/install/example_executor_with_multiple_modes_cpp/share/example_executor_with_multiple_modes_cpp/hook/cmake_prefix_path.dsv'
[2.861s] INFO:colcon.colcon_core.shell:Creating environment hook '/home/rudra/custom_flightmode/install/example_executor_with_multiple_modes_cpp/share/example_executor_with_multiple_modes_cpp/hook/cmake_prefix_path.sh'
[2.862s] Level 1:colcon.colcon_core.environment:checking '/home/rudra/custom_flightmode/install/example_executor_with_multiple_modes_cpp/lib'
[2.862s] Level 1:colcon.colcon_core.environment:checking '/home/rudra/custom_flightmode/install/example_executor_with_multiple_modes_cpp/bin'
[2.862s] Level 1:colcon.colcon_core.environment:checking '/home/rudra/custom_flightmode/install/example_executor_with_multiple_modes_cpp/lib/pkgconfig/example_executor_with_multiple_modes_cpp.pc'
[2.862s] Level 1:colcon.colcon_core.environment:checking '/home/rudra/custom_flightmode/install/example_executor_with_multiple_modes_cpp/lib/python3.10/site-packages'
[2.863s] Level 1:colcon.colcon_core.environment:checking '/home/rudra/custom_flightmode/install/example_executor_with_multiple_modes_cpp/bin'
[2.863s] INFO:colcon.colcon_core.shell:Creating package script '/home/rudra/custom_flightmode/install/example_executor_with_multiple_modes_cpp/share/example_executor_with_multiple_modes_cpp/package.ps1'
[2.864s] INFO:colcon.colcon_core.shell:Creating package descriptor '/home/rudra/custom_flightmode/install/example_executor_with_multiple_modes_cpp/share/example_executor_with_multiple_modes_cpp/package.dsv'
[2.864s] INFO:colcon.colcon_core.shell:Creating package script '/home/rudra/custom_flightmode/install/example_executor_with_multiple_modes_cpp/share/example_executor_with_multiple_modes_cpp/package.sh'
[2.865s] INFO:colcon.colcon_core.shell:Creating package script '/home/rudra/custom_flightmode/install/example_executor_with_multiple_modes_cpp/share/example_executor_with_multiple_modes_cpp/package.bash'
[2.865s] INFO:colcon.colcon_core.shell:Creating package script '/home/rudra/custom_flightmode/install/example_executor_with_multiple_modes_cpp/share/example_executor_with_multiple_modes_cpp/package.zsh'
[2.866s] Level 1:colcon.colcon_core.environment:create_file_with_runtime_dependencies(/home/rudra/custom_flightmode/install/example_executor_with_multiple_modes_cpp/share/colcon-core/packages/example_executor_with_multiple_modes_cpp)
[2.866s] Level 1:colcon.colcon_core.environment:create_environment_scripts_only(example_executor_with_multiple_modes_cpp)
[2.867s] Level 1:colcon.colcon_core.environment:checking '/home/rudra/custom_flightmode/install/example_executor_with_multiple_modes_cpp' for CMake module files
[2.867s] Level 1:colcon.colcon_core.environment:checking '/home/rudra/custom_flightmode/install/example_executor_with_multiple_modes_cpp' for CMake config files
[2.868s] Level 1:colcon.colcon_core.shell:create_environment_hook('example_executor_with_multiple_modes_cpp', 'cmake_prefix_path')
[2.868s] INFO:colcon.colcon_core.shell:Creating environment hook '/home/rudra/custom_flightmode/install/example_executor_with_multiple_modes_cpp/share/example_executor_with_multiple_modes_cpp/hook/cmake_prefix_path.ps1'
[2.868s] INFO:colcon.colcon_core.shell:Creating environment descriptor '/home/rudra/custom_flightmode/install/example_executor_with_multiple_modes_cpp/share/example_executor_with_multiple_modes_cpp/hook/cmake_prefix_path.dsv'
[2.869s] INFO:colcon.colcon_core.shell:Creating environment hook '/home/rudra/custom_flightmode/install/example_executor_with_multiple_modes_cpp/share/example_executor_with_multiple_modes_cpp/hook/cmake_prefix_path.sh'
[2.869s] Level 1:colcon.colcon_core.environment:checking '/home/rudra/custom_flightmode/install/example_executor_with_multiple_modes_cpp/lib'
[2.869s] Level 1:colcon.colcon_core.environment:checking '/home/rudra/custom_flightmode/install/example_executor_with_multiple_modes_cpp/bin'
[2.869s] Level 1:colcon.colcon_core.environment:checking '/home/rudra/custom_flightmode/install/example_executor_with_multiple_modes_cpp/lib/pkgconfig/example_executor_with_multiple_modes_cpp.pc'
[2.869s] Level 1:colcon.colcon_core.environment:checking '/home/rudra/custom_flightmode/install/example_executor_with_multiple_modes_cpp/lib/python3.10/site-packages'
[2.870s] Level 1:colcon.colcon_core.environment:checking '/home/rudra/custom_flightmode/install/example_executor_with_multiple_modes_cpp/bin'
[2.870s] INFO:colcon.colcon_core.shell:Creating package script '/home/rudra/custom_flightmode/install/example_executor_with_multiple_modes_cpp/share/example_executor_with_multiple_modes_cpp/package.ps1'
[2.870s] INFO:colcon.colcon_core.shell:Creating package descriptor '/home/rudra/custom_flightmode/install/example_executor_with_multiple_modes_cpp/share/example_executor_with_multiple_modes_cpp/package.dsv'
[2.871s] INFO:colcon.colcon_core.shell:Creating package script '/home/rudra/custom_flightmode/install/example_executor_with_multiple_modes_cpp/share/example_executor_with_multiple_modes_cpp/package.sh'
[2.871s] INFO:colcon.colcon_core.shell:Creating package script '/home/rudra/custom_flightmode/install/example_executor_with_multiple_modes_cpp/share/example_executor_with_multiple_modes_cpp/package.bash'
[2.872s] INFO:colcon.colcon_core.shell:Creating package script '/home/rudra/custom_flightmode/install/example_executor_with_multiple_modes_cpp/share/example_executor_with_multiple_modes_cpp/package.zsh'
[2.872s] Level 1:colcon.colcon_core.environment:create_file_with_runtime_dependencies(/home/rudra/custom_flightmode/install/example_executor_with_multiple_modes_cpp/share/colcon-core/packages/example_executor_with_multiple_modes_cpp)
[2.873s] INFO:colcon.colcon_ros.task.ament_cmake.build:Building ROS package in '/home/rudra/custom_flightmode/src/px4-ros2-interface-lib/examples/cpp/modes/mode_with_executor' with build type 'ament_cmake'
[2.873s] INFO:colcon.colcon_cmake.task.cmake.build:Building CMake package in '/home/rudra/custom_flightmode/src/px4-ros2-interface-lib/examples/cpp/modes/mode_with_executor'
[2.873s] INFO:colcon.colcon_core.shell:Skip shell extension 'powershell' for command environment: Not usable outside of PowerShell
[2.873s] DEBUG:colcon.colcon_core.shell:Skip shell extension 'dsv' for command environment
[2.880s] DEBUG:colcon.colcon_core.event_handler.log_command:Invoked command in '/home/rudra/custom_flightmode/build/example_mode_rtl_replacement_cpp' returned '0': AMENT_PREFIX_PATH=/home/rudra/custom_flightmode/install/px4_ros2_cpp:/home/rudra/custom_flightmode/install/px4_msgs:${AMENT_PREFIX_PATH} CMAKE_PREFIX_PATH=/home/rudra/custom_flightmode/install/px4_ros2_cpp:/home/rudra/custom_flightmode/install/px4_msgs:/home/rudra/ros2_ws/install/talker_listener:/home/rudra/ros2_ws/install/first_pkg:/opt/ros/humble LD_LIBRARY_PATH=/home/rudra/custom_flightmode/install/px4_ros2_cpp/lib:/home/rudra/custom_flightmode/install/px4_msgs/lib:${LD_LIBRARY_PATH} PYTHONPATH=/home/rudra/custom_flightmode/install/px4_msgs/local/lib/python3.10/dist-packages:${PYTHONPATH} /usr/bin/cmake --build /home/rudra/custom_flightmode/build/example_mode_rtl_replacement_cpp -- -j12 -l12
[2.881s] DEBUG:colcon.colcon_core.event_handler.log_command:Invoking command in '/home/rudra/custom_flightmode/build/example_mode_rtl_replacement_cpp': AMENT_PREFIX_PATH=/home/rudra/custom_flightmode/install/px4_ros2_cpp:/home/rudra/custom_flightmode/install/px4_msgs:${AMENT_PREFIX_PATH} CMAKE_PREFIX_PATH=/home/rudra/custom_flightmode/install/px4_ros2_cpp:/home/rudra/custom_flightmode/install/px4_msgs:/home/rudra/ros2_ws/install/talker_listener:/home/rudra/ros2_ws/install/first_pkg:/opt/ros/humble LD_LIBRARY_PATH=/home/rudra/custom_flightmode/install/px4_ros2_cpp/lib:/home/rudra/custom_flightmode/install/px4_msgs/lib:${LD_LIBRARY_PATH} PYTHONPATH=/home/rudra/custom_flightmode/install/px4_msgs/local/lib/python3.10/dist-packages:${PYTHONPATH} /usr/bin/cmake --install /home/rudra/custom_flightmode/build/example_mode_rtl_replacement_cpp
[2.882s] DEBUG:colcon.colcon_core.event_handler.log_command:Invoked command in '/home/rudra/custom_flightmode/build/example_local_navigation_cpp' returned '0': AMENT_PREFIX_PATH=/home/rudra/custom_flightmode/install/px4_ros2_cpp:/home/rudra/custom_flightmode/install/px4_msgs:${AMENT_PREFIX_PATH} CMAKE_PREFIX_PATH=/home/rudra/custom_flightmode/install/px4_ros2_cpp:/home/rudra/custom_flightmode/install/px4_msgs:/home/rudra/ros2_ws/install/talker_listener:/home/rudra/ros2_ws/install/first_pkg:/opt/ros/humble LD_LIBRARY_PATH=/home/rudra/custom_flightmode/install/px4_ros2_cpp/lib:/home/rudra/custom_flightmode/install/px4_msgs/lib:${LD_LIBRARY_PATH} PYTHONPATH=/home/rudra/custom_flightmode/install/px4_msgs/local/lib/python3.10/dist-packages:${PYTHONPATH} /usr/bin/cmake --build /home/rudra/custom_flightmode/build/example_local_navigation_cpp -- -j12 -l12
[2.883s] DEBUG:colcon.colcon_core.event_handler.log_command:Invoking command in '/home/rudra/custom_flightmode/build/example_local_navigation_cpp': AMENT_PREFIX_PATH=/home/rudra/custom_flightmode/install/px4_ros2_cpp:/home/rudra/custom_flightmode/install/px4_msgs:${AMENT_PREFIX_PATH} CMAKE_PREFIX_PATH=/home/rudra/custom_flightmode/install/px4_ros2_cpp:/home/rudra/custom_flightmode/install/px4_msgs:/home/rudra/ros2_ws/install/talker_listener:/home/rudra/ros2_ws/install/first_pkg:/opt/ros/humble LD_LIBRARY_PATH=/home/rudra/custom_flightmode/install/px4_ros2_cpp/lib:/home/rudra/custom_flightmode/install/px4_msgs/lib:${LD_LIBRARY_PATH} PYTHONPATH=/home/rudra/custom_flightmode/install/px4_msgs/local/lib/python3.10/dist-packages:${PYTHONPATH} /usr/bin/cmake --install /home/rudra/custom_flightmode/build/example_local_navigation_cpp
[2.886s] Level 1:colcon.colcon_core.environment:create_environment_scripts_only(example_mode_manual_cpp)
[2.886s] Level 1:colcon.colcon_core.environment:checking '/home/rudra/custom_flightmode/install/example_mode_manual_cpp' for CMake module files
[2.888s] Level 1:colcon.colcon_core.environment:checking '/home/rudra/custom_flightmode/install/example_mode_manual_cpp' for CMake config files
[2.888s] DEBUG:colcon.colcon_core.event_handler.log_command:Invoked command in '/home/rudra/custom_flightmode/build/example_mode_manual_cpp' returned '0': AMENT_PREFIX_PATH=/home/rudra/custom_flightmode/install/px4_ros2_cpp:/home/rudra/custom_flightmode/install/px4_msgs:${AMENT_PREFIX_PATH} CMAKE_PREFIX_PATH=/home/rudra/custom_flightmode/install/px4_ros2_cpp:/home/rudra/custom_flightmode/install/px4_msgs:/home/rudra/ros2_ws/install/talker_listener:/home/rudra/ros2_ws/install/first_pkg:/opt/ros/humble LD_LIBRARY_PATH=/home/rudra/custom_flightmode/install/px4_ros2_cpp/lib:/home/rudra/custom_flightmode/install/px4_msgs/lib:${LD_LIBRARY_PATH} PYTHONPATH=/home/rudra/custom_flightmode/install/px4_msgs/local/lib/python3.10/dist-packages:${PYTHONPATH} /usr/bin/cmake --install /home/rudra/custom_flightmode/build/example_mode_manual_cpp
[2.889s] Level 1:colcon.colcon_core.shell:create_environment_hook('example_mode_manual_cpp', 'cmake_prefix_path')
[2.889s] INFO:colcon.colcon_core.shell:Creating environment hook '/home/rudra/custom_flightmode/install/example_mode_manual_cpp/share/example_mode_manual_cpp/hook/cmake_prefix_path.ps1'
[2.890s] INFO:colcon.colcon_core.shell:Creating environment descriptor '/home/rudra/custom_flightmode/install/example_mode_manual_cpp/share/example_mode_manual_cpp/hook/cmake_prefix_path.dsv'
[2.892s] INFO:colcon.colcon_core.shell:Creating environment hook '/home/rudra/custom_flightmode/install/example_mode_manual_cpp/share/example_mode_manual_cpp/hook/cmake_prefix_path.sh'
[2.892s] Level 1:colcon.colcon_core.environment:checking '/home/rudra/custom_flightmode/install/example_mode_manual_cpp/lib'
[2.893s] Level 1:colcon.colcon_core.environment:checking '/home/rudra/custom_flightmode/install/example_mode_manual_cpp/bin'
[2.893s] Level 1:colcon.colcon_core.environment:checking '/home/rudra/custom_flightmode/install/example_mode_manual_cpp/lib/pkgconfig/example_mode_manual_cpp.pc'
[2.893s] Level 1:colcon.colcon_core.environment:checking '/home/rudra/custom_flightmode/install/example_mode_manual_cpp/lib/python3.10/site-packages'
[2.893s] Level 1:colcon.colcon_core.environment:checking '/home/rudra/custom_flightmode/install/example_mode_manual_cpp/bin'
[2.893s] INFO:colcon.colcon_core.shell:Creating package script '/home/rudra/custom_flightmode/install/example_mode_manual_cpp/share/example_mode_manual_cpp/package.ps1'
[2.894s] INFO:colcon.colcon_core.shell:Creating package descriptor '/home/rudra/custom_flightmode/install/example_mode_manual_cpp/share/example_mode_manual_cpp/package.dsv'
[2.894s] INFO:colcon.colcon_core.shell:Creating package script '/home/rudra/custom_flightmode/install/example_mode_manual_cpp/share/example_mode_manual_cpp/package.sh'
[2.895s] INFO:colcon.colcon_core.shell:Creating package script '/home/rudra/custom_flightmode/install/example_mode_manual_cpp/share/example_mode_manual_cpp/package.bash'
[2.895s] INFO:colcon.colcon_core.shell:Creating package script '/home/rudra/custom_flightmode/install/example_mode_manual_cpp/share/example_mode_manual_cpp/package.zsh'
[2.895s] Level 1:colcon.colcon_core.environment:create_file_with_runtime_dependencies(/home/rudra/custom_flightmode/install/example_mode_manual_cpp/share/colcon-core/packages/example_mode_manual_cpp)
[2.896s] Level 1:colcon.colcon_core.environment:create_environment_scripts_only(example_mode_manual_cpp)
[2.896s] Level 1:colcon.colcon_core.environment:checking '/home/rudra/custom_flightmode/install/example_mode_manual_cpp' for CMake module files
[2.896s] Level 1:colcon.colcon_core.environment:checking '/home/rudra/custom_flightmode/install/example_mode_manual_cpp' for CMake config files
[2.896s] Level 1:colcon.colcon_core.shell:create_environment_hook('example_mode_manual_cpp', 'cmake_prefix_path')
[2.897s] INFO:colcon.colcon_core.shell:Creating environment hook '/home/rudra/custom_flightmode/install/example_mode_manual_cpp/share/example_mode_manual_cpp/hook/cmake_prefix_path.ps1'
[2.897s] INFO:colcon.colcon_core.shell:Creating environment descriptor '/home/rudra/custom_flightmode/install/example_mode_manual_cpp/share/example_mode_manual_cpp/hook/cmake_prefix_path.dsv'
[2.897s] INFO:colcon.colcon_core.shell:Creating environment hook '/home/rudra/custom_flightmode/install/example_mode_manual_cpp/share/example_mode_manual_cpp/hook/cmake_prefix_path.sh'
[2.898s] Level 1:colcon.colcon_core.environment:checking '/home/rudra/custom_flightmode/install/example_mode_manual_cpp/lib'
[2.898s] Level 1:colcon.colcon_core.environment:checking '/home/rudra/custom_flightmode/install/example_mode_manual_cpp/bin'
[2.898s] Level 1:colcon.colcon_core.environment:checking '/home/rudra/custom_flightmode/install/example_mode_manual_cpp/lib/pkgconfig/example_mode_manual_cpp.pc'
[2.898s] Level 1:colcon.colcon_core.environment:checking '/home/rudra/custom_flightmode/install/example_mode_manual_cpp/lib/python3.10/site-packages'
[2.898s] Level 1:colcon.colcon_core.environment:checking '/home/rudra/custom_flightmode/install/example_mode_manual_cpp/bin'
[2.898s] INFO:colcon.colcon_core.shell:Creating package script '/home/rudra/custom_flightmode/install/example_mode_manual_cpp/share/example_mode_manual_cpp/package.ps1'
[2.899s] INFO:colcon.colcon_core.shell:Creating package descriptor '/home/rudra/custom_flightmode/install/example_mode_manual_cpp/share/example_mode_manual_cpp/package.dsv'
[2.899s] INFO:colcon.colcon_core.shell:Creating package script '/home/rudra/custom_flightmode/install/example_mode_manual_cpp/share/example_mode_manual_cpp/package.sh'
[2.900s] INFO:colcon.colcon_core.shell:Creating package script '/home/rudra/custom_flightmode/install/example_mode_manual_cpp/share/example_mode_manual_cpp/package.bash'
[2.900s] INFO:colcon.colcon_core.shell:Creating package script '/home/rudra/custom_flightmode/install/example_mode_manual_cpp/share/example_mode_manual_cpp/package.zsh'
[2.900s] Level 1:colcon.colcon_core.environment:create_file_with_runtime_dependencies(/home/rudra/custom_flightmode/install/example_mode_manual_cpp/share/colcon-core/packages/example_mode_manual_cpp)
[2.900s] Level 1:colcon.colcon_core.environment:create_environment_scripts_only(example_mode_fw_attitude_cpp)
[2.901s] Level 1:colcon.colcon_core.environment:checking '/home/rudra/custom_flightmode/install/example_mode_fw_attitude_cpp' for CMake module files
[2.901s] DEBUG:colcon.colcon_core.event_handler.log_command:Invoked command in '/home/rudra/custom_flightmode/build/example_mode_fw_attitude_cpp' returned '0': AMENT_PREFIX_PATH=/home/rudra/custom_flightmode/install/px4_ros2_cpp:/home/rudra/custom_flightmode/install/px4_msgs:${AMENT_PREFIX_PATH} CMAKE_PREFIX_PATH=/home/rudra/custom_flightmode/install/px4_ros2_cpp:/home/rudra/custom_flightmode/install/px4_msgs:/home/rudra/ros2_ws/install/talker_listener:/home/rudra/ros2_ws/install/first_pkg:/opt/ros/humble LD_LIBRARY_PATH=/home/rudra/custom_flightmode/install/px4_ros2_cpp/lib:/home/rudra/custom_flightmode/install/px4_msgs/lib:${LD_LIBRARY_PATH} PYTHONPATH=/home/rudra/custom_flightmode/install/px4_msgs/local/lib/python3.10/dist-packages:${PYTHONPATH} /usr/bin/cmake --install /home/rudra/custom_flightmode/build/example_mode_fw_attitude_cpp
[2.902s] Level 1:colcon.colcon_core.environment:checking '/home/rudra/custom_flightmode/install/example_mode_fw_attitude_cpp' for CMake config files
[2.902s] Level 1:colcon.colcon_core.shell:create_environment_hook('example_mode_fw_attitude_cpp', 'cmake_prefix_path')
[2.902s] INFO:colcon.colcon_core.shell:Creating environment hook '/home/rudra/custom_flightmode/install/example_mode_fw_attitude_cpp/share/example_mode_fw_attitude_cpp/hook/cmake_prefix_path.ps1'
[2.902s] INFO:colcon.colcon_core.shell:Creating environment descriptor '/home/rudra/custom_flightmode/install/example_mode_fw_attitude_cpp/share/example_mode_fw_attitude_cpp/hook/cmake_prefix_path.dsv'
[2.902s] INFO:colcon.colcon_core.shell:Creating environment hook '/home/rudra/custom_flightmode/install/example_mode_fw_attitude_cpp/share/example_mode_fw_attitude_cpp/hook/cmake_prefix_path.sh'
[2.903s] Level 1:colcon.colcon_core.environment:checking '/home/rudra/custom_flightmode/install/example_mode_fw_attitude_cpp/lib'
[2.903s] Level 1:colcon.colcon_core.environment:checking '/home/rudra/custom_flightmode/install/example_mode_fw_attitude_cpp/bin'
[2.903s] Level 1:colcon.colcon_core.environment:checking '/home/rudra/custom_flightmode/install/example_mode_fw_attitude_cpp/lib/pkgconfig/example_mode_fw_attitude_cpp.pc'
[2.903s] Level 1:colcon.colcon_core.environment:checking '/home/rudra/custom_flightmode/install/example_mode_fw_attitude_cpp/lib/python3.10/site-packages'
[2.903s] Level 1:colcon.colcon_core.environment:checking '/home/rudra/custom_flightmode/install/example_mode_fw_attitude_cpp/bin'
[2.904s] INFO:colcon.colcon_core.shell:Creating package script '/home/rudra/custom_flightmode/install/example_mode_fw_attitude_cpp/share/example_mode_fw_attitude_cpp/package.ps1'
[2.904s] INFO:colcon.colcon_core.shell:Creating package descriptor '/home/rudra/custom_flightmode/install/example_mode_fw_attitude_cpp/share/example_mode_fw_attitude_cpp/package.dsv'
[2.904s] INFO:colcon.colcon_core.shell:Creating package script '/home/rudra/custom_flightmode/install/example_mode_fw_attitude_cpp/share/example_mode_fw_attitude_cpp/package.sh'
[2.905s] INFO:colcon.colcon_core.shell:Creating package script '/home/rudra/custom_flightmode/install/example_mode_fw_attitude_cpp/share/example_mode_fw_attitude_cpp/package.bash'
[2.905s] INFO:colcon.colcon_core.shell:Creating package script '/home/rudra/custom_flightmode/install/example_mode_fw_attitude_cpp/share/example_mode_fw_attitude_cpp/package.zsh'
[2.905s] Level 1:colcon.colcon_core.environment:create_file_with_runtime_dependencies(/home/rudra/custom_flightmode/install/example_mode_fw_attitude_cpp/share/colcon-core/packages/example_mode_fw_attitude_cpp)
[2.906s] Level 1:colcon.colcon_core.environment:create_environment_scripts_only(example_mode_fw_attitude_cpp)
[2.906s] Level 1:colcon.colcon_core.environment:checking '/home/rudra/custom_flightmode/install/example_mode_fw_attitude_cpp' for CMake module files
[2.906s] Level 1:colcon.colcon_core.environment:checking '/home/rudra/custom_flightmode/install/example_mode_fw_attitude_cpp' for CMake config files
[2.906s] Level 1:colcon.colcon_core.shell:create_environment_hook('example_mode_fw_attitude_cpp', 'cmake_prefix_path')
[2.906s] INFO:colcon.colcon_core.shell:Creating environment hook '/home/rudra/custom_flightmode/install/example_mode_fw_attitude_cpp/share/example_mode_fw_attitude_cpp/hook/cmake_prefix_path.ps1'
[2.907s] INFO:colcon.colcon_core.shell:Creating environment descriptor '/home/rudra/custom_flightmode/install/example_mode_fw_attitude_cpp/share/example_mode_fw_attitude_cpp/hook/cmake_prefix_path.dsv'
[2.907s] INFO:colcon.colcon_core.shell:Creating environment hook '/home/rudra/custom_flightmode/install/example_mode_fw_attitude_cpp/share/example_mode_fw_attitude_cpp/hook/cmake_prefix_path.sh'
[2.907s] Level 1:colcon.colcon_core.environment:checking '/home/rudra/custom_flightmode/install/example_mode_fw_attitude_cpp/lib'
[2.907s] Level 1:colcon.colcon_core.environment:checking '/home/rudra/custom_flightmode/install/example_mode_fw_attitude_cpp/bin'
[2.907s] Level 1:colcon.colcon_core.environment:checking '/home/rudra/custom_flightmode/install/example_mode_fw_attitude_cpp/lib/pkgconfig/example_mode_fw_attitude_cpp.pc'
[2.908s] Level 1:colcon.colcon_core.environment:checking '/home/rudra/custom_flightmode/install/example_mode_fw_attitude_cpp/lib/python3.10/site-packages'
[2.908s] Level 1:colcon.colcon_core.environment:checking '/home/rudra/custom_flightmode/install/example_mode_fw_attitude_cpp/bin'
[2.908s] INFO:colcon.colcon_core.shell:Creating package script '/home/rudra/custom_flightmode/install/example_mode_fw_attitude_cpp/share/example_mode_fw_attitude_cpp/package.ps1'
[2.909s] INFO:colcon.colcon_core.shell:Creating package descriptor '/home/rudra/custom_flightmode/install/example_mode_fw_attitude_cpp/share/example_mode_fw_attitude_cpp/package.dsv'
[2.909s] INFO:colcon.colcon_core.shell:Creating package script '/home/rudra/custom_flightmode/install/example_mode_fw_attitude_cpp/share/example_mode_fw_attitude_cpp/package.sh'
[2.909s] INFO:colcon.colcon_core.shell:Creating package script '/home/rudra/custom_flightmode/install/example_mode_fw_attitude_cpp/share/example_mode_fw_attitude_cpp/package.bash'
[2.910s] INFO:colcon.colcon_core.shell:Creating package script '/home/rudra/custom_flightmode/install/example_mode_fw_attitude_cpp/share/example_mode_fw_attitude_cpp/package.zsh'
[2.910s] Level 1:colcon.colcon_core.environment:create_file_with_runtime_dependencies(/home/rudra/custom_flightmode/install/example_mode_fw_attitude_cpp/share/colcon-core/packages/example_mode_fw_attitude_cpp)
[2.912s] Level 1:colcon.colcon_core.environment:create_environment_scripts_only(example_mode_goto_global_cpp)
[2.912s] Level 1:colcon.colcon_core.environment:checking '/home/rudra/custom_flightmode/install/example_mode_goto_global_cpp' for CMake module files
[2.912s] DEBUG:colcon.colcon_core.event_handler.log_command:Invoked command in '/home/rudra/custom_flightmode/build/example_mode_vtol_cpp' returned '0': AMENT_PREFIX_PATH=/home/rudra/custom_flightmode/install/px4_ros2_cpp:/home/rudra/custom_flightmode/install/px4_msgs:${AMENT_PREFIX_PATH} CMAKE_PREFIX_PATH=/home/rudra/custom_flightmode/install/px4_ros2_cpp:/home/rudra/custom_flightmode/install/px4_msgs:/home/rudra/ros2_ws/install/talker_listener:/home/rudra/ros2_ws/install/first_pkg:/opt/ros/humble LD_LIBRARY_PATH=/home/rudra/custom_flightmode/install/px4_ros2_cpp/lib:/home/rudra/custom_flightmode/install/px4_msgs/lib:${LD_LIBRARY_PATH} PYTHONPATH=/home/rudra/custom_flightmode/install/px4_msgs/local/lib/python3.10/dist-packages:${PYTHONPATH} /usr/bin/cmake --build /home/rudra/custom_flightmode/build/example_mode_vtol_cpp -- -j12 -l12
[2.913s] DEBUG:colcon.colcon_core.event_handler.log_command:Invoking command in '/home/rudra/custom_flightmode/build/example_mode_vtol_cpp': AMENT_PREFIX_PATH=/home/rudra/custom_flightmode/install/px4_ros2_cpp:/home/rudra/custom_flightmode/install/px4_msgs:${AMENT_PREFIX_PATH} CMAKE_PREFIX_PATH=/home/rudra/custom_flightmode/install/px4_ros2_cpp:/home/rudra/custom_flightmode/install/px4_msgs:/home/rudra/ros2_ws/install/talker_listener:/home/rudra/ros2_ws/install/first_pkg:/opt/ros/humble LD_LIBRARY_PATH=/home/rudra/custom_flightmode/install/px4_ros2_cpp/lib:/home/rudra/custom_flightmode/install/px4_msgs/lib:${LD_LIBRARY_PATH} PYTHONPATH=/home/rudra/custom_flightmode/install/px4_msgs/local/lib/python3.10/dist-packages:${PYTHONPATH} /usr/bin/cmake --install /home/rudra/custom_flightmode/build/example_mode_vtol_cpp
[2.913s] DEBUG:colcon.colcon_core.event_handler.log_command:Invoked command in '/home/rudra/custom_flightmode/build/example_mode_goto_global_cpp' returned '0': AMENT_PREFIX_PATH=/home/rudra/custom_flightmode/install/px4_ros2_cpp:/home/rudra/custom_flightmode/install/px4_msgs:${AMENT_PREFIX_PATH} CMAKE_PREFIX_PATH=/home/rudra/custom_flightmode/install/px4_ros2_cpp:/home/rudra/custom_flightmode/install/px4_msgs:/home/rudra/ros2_ws/install/talker_listener:/home/rudra/ros2_ws/install/first_pkg:/opt/ros/humble LD_LIBRARY_PATH=/home/rudra/custom_flightmode/install/px4_ros2_cpp/lib:/home/rudra/custom_flightmode/install/px4_msgs/lib:${LD_LIBRARY_PATH} PYTHONPATH=/home/rudra/custom_flightmode/install/px4_msgs/local/lib/python3.10/dist-packages:${PYTHONPATH} /usr/bin/cmake --install /home/rudra/custom_flightmode/build/example_mode_goto_global_cpp
[2.913s] Level 1:colcon.colcon_core.environment:checking '/home/rudra/custom_flightmode/install/example_mode_goto_global_cpp' for CMake config files
[2.913s] Level 1:colcon.colcon_core.shell:create_environment_hook('example_mode_goto_global_cpp', 'cmake_prefix_path')
[2.913s] INFO:colcon.colcon_core.shell:Creating environment hook '/home/rudra/custom_flightmode/install/example_mode_goto_global_cpp/share/example_mode_goto_global_cpp/hook/cmake_prefix_path.ps1'
[2.914s] INFO:colcon.colcon_core.shell:Creating environment descriptor '/home/rudra/custom_flightmode/install/example_mode_goto_global_cpp/share/example_mode_goto_global_cpp/hook/cmake_prefix_path.dsv'
[2.914s] INFO:colcon.colcon_core.shell:Creating environment hook '/home/rudra/custom_flightmode/install/example_mode_goto_global_cpp/share/example_mode_goto_global_cpp/hook/cmake_prefix_path.sh'
[2.914s] Level 1:colcon.colcon_core.environment:checking '/home/rudra/custom_flightmode/install/example_mode_goto_global_cpp/lib'
[2.915s] Level 1:colcon.colcon_core.environment:checking '/home/rudra/custom_flightmode/install/example_mode_goto_global_cpp/bin'
[2.915s] Level 1:colcon.colcon_core.environment:checking '/home/rudra/custom_flightmode/install/example_mode_goto_global_cpp/lib/pkgconfig/example_mode_goto_global_cpp.pc'
[2.915s] Level 1:colcon.colcon_core.environment:checking '/home/rudra/custom_flightmode/install/example_mode_goto_global_cpp/lib/python3.10/site-packages'
[2.915s] Level 1:colcon.colcon_core.environment:checking '/home/rudra/custom_flightmode/install/example_mode_goto_global_cpp/bin'
[2.915s] INFO:colcon.colcon_core.shell:Creating package script '/home/rudra/custom_flightmode/install/example_mode_goto_global_cpp/share/example_mode_goto_global_cpp/package.ps1'
[2.916s] INFO:colcon.colcon_core.shell:Creating package descriptor '/home/rudra/custom_flightmode/install/example_mode_goto_global_cpp/share/example_mode_goto_global_cpp/package.dsv'
[2.916s] INFO:colcon.colcon_core.shell:Creating package script '/home/rudra/custom_flightmode/install/example_mode_goto_global_cpp/share/example_mode_goto_global_cpp/package.sh'
[2.916s] INFO:colcon.colcon_core.shell:Creating package script '/home/rudra/custom_flightmode/install/example_mode_goto_global_cpp/share/example_mode_goto_global_cpp/package.bash'
[2.917s] INFO:colcon.colcon_core.shell:Creating package script '/home/rudra/custom_flightmode/install/example_mode_goto_global_cpp/share/example_mode_goto_global_cpp/package.zsh'
[2.917s] Level 1:colcon.colcon_core.environment:create_file_with_runtime_dependencies(/home/rudra/custom_flightmode/install/example_mode_goto_global_cpp/share/colcon-core/packages/example_mode_goto_global_cpp)
[2.917s] Level 1:colcon.colcon_core.environment:create_environment_scripts_only(example_mode_goto_global_cpp)
[2.918s] Level 1:colcon.colcon_core.environment:checking '/home/rudra/custom_flightmode/install/example_mode_goto_global_cpp' for CMake module files
[2.918s] Level 1:colcon.colcon_core.environment:checking '/home/rudra/custom_flightmode/install/example_mode_goto_global_cpp' for CMake config files
[2.918s] Level 1:colcon.colcon_core.shell:create_environment_hook('example_mode_goto_global_cpp', 'cmake_prefix_path')
[2.918s] INFO:colcon.colcon_core.shell:Creating environment hook '/home/rudra/custom_flightmode/install/example_mode_goto_global_cpp/share/example_mode_goto_global_cpp/hook/cmake_prefix_path.ps1'
[2.919s] INFO:colcon.colcon_core.shell:Creating environment descriptor '/home/rudra/custom_flightmode/install/example_mode_goto_global_cpp/share/example_mode_goto_global_cpp/hook/cmake_prefix_path.dsv'
[2.919s] INFO:colcon.colcon_core.shell:Creating environment hook '/home/rudra/custom_flightmode/install/example_mode_goto_global_cpp/share/example_mode_goto_global_cpp/hook/cmake_prefix_path.sh'
[2.919s] Level 1:colcon.colcon_core.environment:checking '/home/rudra/custom_flightmode/install/example_mode_goto_global_cpp/lib'
[2.919s] Level 1:colcon.colcon_core.environment:checking '/home/rudra/custom_flightmode/install/example_mode_goto_global_cpp/bin'
[2.919s] Level 1:colcon.colcon_core.environment:checking '/home/rudra/custom_flightmode/install/example_mode_goto_global_cpp/lib/pkgconfig/example_mode_goto_global_cpp.pc'
[2.920s] Level 1:colcon.colcon_core.environment:checking '/home/rudra/custom_flightmode/install/example_mode_goto_global_cpp/lib/python3.10/site-packages'
[2.920s] Level 1:colcon.colcon_core.environment:checking '/home/rudra/custom_flightmode/install/example_mode_goto_global_cpp/bin'
[2.920s] INFO:colcon.colcon_core.shell:Creating package script '/home/rudra/custom_flightmode/install/example_mode_goto_global_cpp/share/example_mode_goto_global_cpp/package.ps1'
[2.921s] INFO:colcon.colcon_core.shell:Creating package descriptor '/home/rudra/custom_flightmode/install/example_mode_goto_global_cpp/share/example_mode_goto_global_cpp/package.dsv'
[2.921s] INFO:colcon.colcon_core.shell:Creating package script '/home/rudra/custom_flightmode/install/example_mode_goto_global_cpp/share/example_mode_goto_global_cpp/package.sh'
[2.922s] INFO:colcon.colcon_core.shell:Creating package script '/home/rudra/custom_flightmode/install/example_mode_goto_global_cpp/share/example_mode_goto_global_cpp/package.bash'
[2.922s] INFO:colcon.colcon_core.shell:Creating package script '/home/rudra/custom_flightmode/install/example_mode_goto_global_cpp/share/example_mode_goto_global_cpp/package.zsh'
[2.923s] Level 1:colcon.colcon_core.environment:create_file_with_runtime_dependencies(/home/rudra/custom_flightmode/install/example_mode_goto_global_cpp/share/colcon-core/packages/example_mode_goto_global_cpp)
[2.923s] Level 1:colcon.colcon_core.environment:create_environment_scripts_only(draw_flight_mode)
[2.923s] Level 1:colcon.colcon_core.environment:checking '/home/rudra/custom_flightmode/install/draw_flight_mode' for CMake module files
[2.924s] DEBUG:colcon.colcon_core.event_handler.log_command:Invoked command in '/home/rudra/custom_flightmode/build/draw_flight_mode' returned '0': AMENT_PREFIX_PATH=/home/rudra/custom_flightmode/install/px4_ros2_cpp:/home/rudra/custom_flightmode/install/px4_msgs:${AMENT_PREFIX_PATH} CMAKE_PREFIX_PATH=/home/rudra/custom_flightmode/install/px4_ros2_cpp:/home/rudra/custom_flightmode/install/px4_msgs:/home/rudra/ros2_ws/install/talker_listener:/home/rudra/ros2_ws/install/first_pkg:/opt/ros/humble LD_LIBRARY_PATH=/home/rudra/custom_flightmode/install/px4_ros2_cpp/lib:/home/rudra/custom_flightmode/install/px4_msgs/lib:${LD_LIBRARY_PATH} PYTHONPATH=/home/rudra/custom_flightmode/install/px4_msgs/local/lib/python3.10/dist-packages:${PYTHONPATH} /usr/bin/cmake --install /home/rudra/custom_flightmode/build/draw_flight_mode
[2.924s] Level 1:colcon.colcon_core.environment:checking '/home/rudra/custom_flightmode/install/draw_flight_mode' for CMake config files
[2.924s] Level 1:colcon.colcon_core.shell:create_environment_hook('draw_flight_mode', 'cmake_prefix_path')
[2.924s] INFO:colcon.colcon_core.shell:Creating environment hook '/home/rudra/custom_flightmode/install/draw_flight_mode/share/draw_flight_mode/hook/cmake_prefix_path.ps1'
[2.925s] INFO:colcon.colcon_core.shell:Creating environment descriptor '/home/rudra/custom_flightmode/install/draw_flight_mode/share/draw_flight_mode/hook/cmake_prefix_path.dsv'
[2.925s] INFO:colcon.colcon_core.shell:Creating environment hook '/home/rudra/custom_flightmode/install/draw_flight_mode/share/draw_flight_mode/hook/cmake_prefix_path.sh'
[2.926s] Level 1:colcon.colcon_core.environment:checking '/home/rudra/custom_flightmode/install/draw_flight_mode/lib'
[2.926s] Level 1:colcon.colcon_core.environment:checking '/home/rudra/custom_flightmode/install/draw_flight_mode/bin'
[2.926s] Level 1:colcon.colcon_core.environment:checking '/home/rudra/custom_flightmode/install/draw_flight_mode/lib/pkgconfig/draw_flight_mode.pc'
[2.926s] Level 1:colcon.colcon_core.environment:checking '/home/rudra/custom_flightmode/install/draw_flight_mode/lib/python3.10/site-packages'
[2.927s] Level 1:colcon.colcon_core.environment:checking '/home/rudra/custom_flightmode/install/draw_flight_mode/bin'
[2.927s] INFO:colcon.colcon_core.shell:Creating package script '/home/rudra/custom_flightmode/install/draw_flight_mode/share/draw_flight_mode/package.ps1'
[2.927s] INFO:colcon.colcon_core.shell:Creating package descriptor '/home/rudra/custom_flightmode/install/draw_flight_mode/share/draw_flight_mode/package.dsv'
[2.928s] INFO:colcon.colcon_core.shell:Creating package script '/home/rudra/custom_flightmode/install/draw_flight_mode/share/draw_flight_mode/package.sh'
[2.929s] INFO:colcon.colcon_core.shell:Creating package script '/home/rudra/custom_flightmode/install/draw_flight_mode/share/draw_flight_mode/package.bash'
[2.929s] INFO:colcon.colcon_core.shell:Creating package script '/home/rudra/custom_flightmode/install/draw_flight_mode/share/draw_flight_mode/package.zsh'
[2.929s] Level 1:colcon.colcon_core.environment:create_file_with_runtime_dependencies(/home/rudra/custom_flightmode/install/draw_flight_mode/share/colcon-core/packages/draw_flight_mode)
[2.930s] Level 1:colcon.colcon_core.environment:create_environment_scripts_only(draw_flight_mode)
[2.930s] Level 1:colcon.colcon_core.environment:checking '/home/rudra/custom_flightmode/install/draw_flight_mode' for CMake module files
[2.930s] Level 1:colcon.colcon_core.environment:checking '/home/rudra/custom_flightmode/install/draw_flight_mode' for CMake config files
[2.931s] Level 1:colcon.colcon_core.shell:create_environment_hook('draw_flight_mode', 'cmake_prefix_path')
[2.931s] INFO:colcon.colcon_core.shell:Creating environment hook '/home/rudra/custom_flightmode/install/draw_flight_mode/share/draw_flight_mode/hook/cmake_prefix_path.ps1'
[2.931s] INFO:colcon.colcon_core.shell:Creating environment descriptor '/home/rudra/custom_flightmode/install/draw_flight_mode/share/draw_flight_mode/hook/cmake_prefix_path.dsv'
[2.931s] INFO:colcon.colcon_core.shell:Creating environment hook '/home/rudra/custom_flightmode/install/draw_flight_mode/share/draw_flight_mode/hook/cmake_prefix_path.sh'
[2.932s] Level 1:colcon.colcon_core.environment:checking '/home/rudra/custom_flightmode/install/draw_flight_mode/lib'
[2.932s] Level 1:colcon.colcon_core.environment:checking '/home/rudra/custom_flightmode/install/draw_flight_mode/bin'
[2.932s] Level 1:colcon.colcon_core.environment:checking '/home/rudra/custom_flightmode/install/draw_flight_mode/lib/pkgconfig/draw_flight_mode.pc'
[2.932s] Level 1:colcon.colcon_core.environment:checking '/home/rudra/custom_flightmode/install/draw_flight_mode/lib/python3.10/site-packages'
[2.932s] Level 1:colcon.colcon_core.environment:checking '/home/rudra/custom_flightmode/install/draw_flight_mode/bin'
[2.932s] INFO:colcon.colcon_core.shell:Creating package script '/home/rudra/custom_flightmode/install/draw_flight_mode/share/draw_flight_mode/package.ps1'
[2.933s] INFO:colcon.colcon_core.shell:Creating package descriptor '/home/rudra/custom_flightmode/install/draw_flight_mode/share/draw_flight_mode/package.dsv'
[2.933s] INFO:colcon.colcon_core.shell:Creating package script '/home/rudra/custom_flightmode/install/draw_flight_mode/share/draw_flight_mode/package.sh'
[2.934s] INFO:colcon.colcon_core.shell:Creating package script '/home/rudra/custom_flightmode/install/draw_flight_mode/share/draw_flight_mode/package.bash'
[2.934s] INFO:colcon.colcon_core.shell:Creating package script '/home/rudra/custom_flightmode/install/draw_flight_mode/share/draw_flight_mode/package.zsh'
[2.934s] Level 1:colcon.colcon_core.environment:create_file_with_runtime_dependencies(/home/rudra/custom_flightmode/install/draw_flight_mode/share/colcon-core/packages/draw_flight_mode)
[2.936s] DEBUG:colcon.colcon_core.event_handler.log_command:Invoked command in '/home/rudra/custom_flightmode/build/example_mode_mission_cpp' returned '0': AMENT_PREFIX_PATH=/home/rudra/custom_flightmode/install/px4_ros2_cpp:/home/rudra/custom_flightmode/install/px4_msgs:${AMENT_PREFIX_PATH} CMAKE_PREFIX_PATH=/home/rudra/custom_flightmode/install/px4_ros2_cpp:/home/rudra/custom_flightmode/install/px4_msgs:/home/rudra/ros2_ws/install/talker_listener:/home/rudra/ros2_ws/install/first_pkg:/opt/ros/humble LD_LIBRARY_PATH=/home/rudra/custom_flightmode/install/px4_ros2_cpp/lib:/home/rudra/custom_flightmode/install/px4_msgs/lib:${LD_LIBRARY_PATH} PYTHONPATH=/home/rudra/custom_flightmode/install/px4_msgs/local/lib/python3.10/dist-packages:${PYTHONPATH} /usr/bin/cmake --build /home/rudra/custom_flightmode/build/example_mode_mission_cpp -- -j12 -l12
[2.937s] Level 1:colcon.colcon_core.environment:create_environment_scripts_only(example_global_navigation_cpp)
[2.937s] Level 1:colcon.colcon_core.environment:checking '/home/rudra/custom_flightmode/install/example_global_navigation_cpp' for CMake module files
[2.938s] DEBUG:colcon.colcon_core.event_handler.log_command:Invoking command in '/home/rudra/custom_flightmode/build/example_mode_mission_cpp': AMENT_PREFIX_PATH=/home/rudra/custom_flightmode/install/px4_ros2_cpp:/home/rudra/custom_flightmode/install/px4_msgs:${AMENT_PREFIX_PATH} CMAKE_PREFIX_PATH=/home/rudra/custom_flightmode/install/px4_ros2_cpp:/home/rudra/custom_flightmode/install/px4_msgs:/home/rudra/ros2_ws/install/talker_listener:/home/rudra/ros2_ws/install/first_pkg:/opt/ros/humble LD_LIBRARY_PATH=/home/rudra/custom_flightmode/install/px4_ros2_cpp/lib:/home/rudra/custom_flightmode/install/px4_msgs/lib:${LD_LIBRARY_PATH} PYTHONPATH=/home/rudra/custom_flightmode/install/px4_msgs/local/lib/python3.10/dist-packages:${PYTHONPATH} /usr/bin/cmake --install /home/rudra/custom_flightmode/build/example_mode_mission_cpp
[2.938s] DEBUG:colcon.colcon_core.event_handler.log_command:Invoked command in '/home/rudra/custom_flightmode/build/example_global_navigation_cpp' returned '0': AMENT_PREFIX_PATH=/home/rudra/custom_flightmode/install/px4_ros2_cpp:/home/rudra/custom_flightmode/install/px4_msgs:${AMENT_PREFIX_PATH} CMAKE_PREFIX_PATH=/home/rudra/custom_flightmode/install/px4_ros2_cpp:/home/rudra/custom_flightmode/install/px4_msgs:/home/rudra/ros2_ws/install/talker_listener:/home/rudra/ros2_ws/install/first_pkg:/opt/ros/humble LD_LIBRARY_PATH=/home/rudra/custom_flightmode/install/px4_ros2_cpp/lib:/home/rudra/custom_flightmode/install/px4_msgs/lib:${LD_LIBRARY_PATH} PYTHONPATH=/home/rudra/custom_flightmode/install/px4_msgs/local/lib/python3.10/dist-packages:${PYTHONPATH} /usr/bin/cmake --install /home/rudra/custom_flightmode/build/example_global_navigation_cpp
[2.938s] Level 1:colcon.colcon_core.environment:checking '/home/rudra/custom_flightmode/install/example_global_navigation_cpp' for CMake config files
[2.938s] Level 1:colcon.colcon_core.shell:create_environment_hook('example_global_navigation_cpp', 'cmake_prefix_path')
[2.939s] INFO:colcon.colcon_core.shell:Creating environment hook '/home/rudra/custom_flightmode/install/example_global_navigation_cpp/share/example_global_navigation_cpp/hook/cmake_prefix_path.ps1'
[2.939s] INFO:colcon.colcon_core.shell:Creating environment descriptor '/home/rudra/custom_flightmode/install/example_global_navigation_cpp/share/example_global_navigation_cpp/hook/cmake_prefix_path.dsv'
[2.940s] INFO:colcon.colcon_core.shell:Creating environment hook '/home/rudra/custom_flightmode/install/example_global_navigation_cpp/share/example_global_navigation_cpp/hook/cmake_prefix_path.sh'
[2.940s] Level 1:colcon.colcon_core.environment:checking '/home/rudra/custom_flightmode/install/example_global_navigation_cpp/lib'
[2.940s] Level 1:colcon.colcon_core.environment:checking '/home/rudra/custom_flightmode/install/example_global_navigation_cpp/bin'
[2.940s] Level 1:colcon.colcon_core.environment:checking '/home/rudra/custom_flightmode/install/example_global_navigation_cpp/lib/pkgconfig/example_global_navigation_cpp.pc'
[2.941s] Level 1:colcon.colcon_core.environment:checking '/home/rudra/custom_flightmode/install/example_global_navigation_cpp/lib/python3.10/site-packages'
[2.941s] Level 1:colcon.colcon_core.environment:checking '/home/rudra/custom_flightmode/install/example_global_navigation_cpp/bin'
[2.941s] INFO:colcon.colcon_core.shell:Creating package script '/home/rudra/custom_flightmode/install/example_global_navigation_cpp/share/example_global_navigation_cpp/package.ps1'
[2.942s] INFO:colcon.colcon_core.shell:Creating package descriptor '/home/rudra/custom_flightmode/install/example_global_navigation_cpp/share/example_global_navigation_cpp/package.dsv'
[2.942s] INFO:colcon.colcon_core.shell:Creating package script '/home/rudra/custom_flightmode/install/example_global_navigation_cpp/share/example_global_navigation_cpp/package.sh'
[2.943s] INFO:colcon.colcon_core.shell:Creating package script '/home/rudra/custom_flightmode/install/example_global_navigation_cpp/share/example_global_navigation_cpp/package.bash'
[2.943s] INFO:colcon.colcon_core.shell:Creating package script '/home/rudra/custom_flightmode/install/example_global_navigation_cpp/share/example_global_navigation_cpp/package.zsh'
[2.944s] Level 1:colcon.colcon_core.environment:create_file_with_runtime_dependencies(/home/rudra/custom_flightmode/install/example_global_navigation_cpp/share/colcon-core/packages/example_global_navigation_cpp)
[2.944s] Level 1:colcon.colcon_core.environment:create_environment_scripts_only(example_global_navigation_cpp)
[2.945s] Level 1:colcon.colcon_core.environment:checking '/home/rudra/custom_flightmode/install/example_global_navigation_cpp' for CMake module files
[2.945s] Level 1:colcon.colcon_core.environment:checking '/home/rudra/custom_flightmode/install/example_global_navigation_cpp' for CMake config files
[2.945s] Level 1:colcon.colcon_core.shell:create_environment_hook('example_global_navigation_cpp', 'cmake_prefix_path')
[2.946s] INFO:colcon.colcon_core.shell:Creating environment hook '/home/rudra/custom_flightmode/install/example_global_navigation_cpp/share/example_global_navigation_cpp/hook/cmake_prefix_path.ps1'
[2.946s] INFO:colcon.colcon_core.shell:Creating environment descriptor '/home/rudra/custom_flightmode/install/example_global_navigation_cpp/share/example_global_navigation_cpp/hook/cmake_prefix_path.dsv'
[2.946s] INFO:colcon.colcon_core.shell:Creating environment hook '/home/rudra/custom_flightmode/install/example_global_navigation_cpp/share/example_global_navigation_cpp/hook/cmake_prefix_path.sh'
[2.947s] Level 1:colcon.colcon_core.environment:checking '/home/rudra/custom_flightmode/install/example_global_navigation_cpp/lib'
[2.947s] Level 1:colcon.colcon_core.environment:checking '/home/rudra/custom_flightmode/install/example_global_navigation_cpp/bin'
[2.947s] Level 1:colcon.colcon_core.environment:checking '/home/rudra/custom_flightmode/install/example_global_navigation_cpp/lib/pkgconfig/example_global_navigation_cpp.pc'
[2.947s] Level 1:colcon.colcon_core.environment:checking '/home/rudra/custom_flightmode/install/example_global_navigation_cpp/lib/python3.10/site-packages'
[2.948s] Level 1:colcon.colcon_core.environment:checking '/home/rudra/custom_flightmode/install/example_global_navigation_cpp/bin'
[2.948s] INFO:colcon.colcon_core.shell:Creating package script '/home/rudra/custom_flightmode/install/example_global_navigation_cpp/share/example_global_navigation_cpp/package.ps1'
[2.949s] INFO:colcon.colcon_core.shell:Creating package descriptor '/home/rudra/custom_flightmode/install/example_global_navigation_cpp/share/example_global_navigation_cpp/package.dsv'
[2.949s] INFO:colcon.colcon_core.shell:Creating package script '/home/rudra/custom_flightmode/install/example_global_navigation_cpp/share/example_global_navigation_cpp/package.sh'
[2.950s] INFO:colcon.colcon_core.shell:Creating package script '/home/rudra/custom_flightmode/install/example_global_navigation_cpp/share/example_global_navigation_cpp/package.bash'
[2.950s] INFO:colcon.colcon_core.shell:Creating package script '/home/rudra/custom_flightmode/install/example_global_navigation_cpp/share/example_global_navigation_cpp/package.zsh'
[2.951s] Level 1:colcon.colcon_core.environment:create_file_with_runtime_dependencies(/home/rudra/custom_flightmode/install/example_global_navigation_cpp/share/colcon-core/packages/example_global_navigation_cpp)
[2.951s] INFO:colcon.colcon_ros.task.ament_cmake.build:Building ROS package in '/home/rudra/custom_flightmode/src/px4-ros2-interface-lib/examples/cpp/modes/rover_velocity' with build type 'ament_cmake'
[2.951s] INFO:colcon.colcon_cmake.task.cmake.build:Building CMake package in '/home/rudra/custom_flightmode/src/px4-ros2-interface-lib/examples/cpp/modes/rover_velocity'
[2.952s] INFO:colcon.colcon_core.shell:Skip shell extension 'powershell' for command environment: Not usable outside of PowerShell
[2.952s] DEBUG:colcon.colcon_core.shell:Skip shell extension 'dsv' for command environment
[2.955s] Level 1:colcon.colcon_core.environment:create_environment_scripts_only(example_mode_goto_cpp)
[2.955s] Level 1:colcon.colcon_core.environment:checking '/home/rudra/custom_flightmode/install/example_mode_goto_cpp' for CMake module files
[2.956s] DEBUG:colcon.colcon_core.event_handler.log_command:Invoked command in '/home/rudra/custom_flightmode/build/example_mode_goto_cpp' returned '0': AMENT_PREFIX_PATH=/home/rudra/custom_flightmode/install/px4_ros2_cpp:/home/rudra/custom_flightmode/install/px4_msgs:${AMENT_PREFIX_PATH} CMAKE_PREFIX_PATH=/home/rudra/custom_flightmode/install/px4_ros2_cpp:/home/rudra/custom_flightmode/install/px4_msgs:/home/rudra/ros2_ws/install/talker_listener:/home/rudra/ros2_ws/install/first_pkg:/opt/ros/humble LD_LIBRARY_PATH=/home/rudra/custom_flightmode/install/px4_ros2_cpp/lib:/home/rudra/custom_flightmode/install/px4_msgs/lib:${LD_LIBRARY_PATH} PYTHONPATH=/home/rudra/custom_flightmode/install/px4_msgs/local/lib/python3.10/dist-packages:${PYTHONPATH} /usr/bin/cmake --install /home/rudra/custom_flightmode/build/example_mode_goto_cpp
[2.957s] Level 1:colcon.colcon_core.environment:checking '/home/rudra/custom_flightmode/install/example_mode_goto_cpp' for CMake config files
[2.958s] Level 1:colcon.colcon_core.shell:create_environment_hook('example_mode_goto_cpp', 'cmake_prefix_path')
[2.958s] INFO:colcon.colcon_core.shell:Creating environment hook '/home/rudra/custom_flightmode/install/example_mode_goto_cpp/share/example_mode_goto_cpp/hook/cmake_prefix_path.ps1'
[2.959s] INFO:colcon.colcon_core.shell:Creating environment descriptor '/home/rudra/custom_flightmode/install/example_mode_goto_cpp/share/example_mode_goto_cpp/hook/cmake_prefix_path.dsv'
[2.960s] INFO:colcon.colcon_core.shell:Creating environment hook '/home/rudra/custom_flightmode/install/example_mode_goto_cpp/share/example_mode_goto_cpp/hook/cmake_prefix_path.sh'
[2.961s] Level 1:colcon.colcon_core.environment:checking '/home/rudra/custom_flightmode/install/example_mode_goto_cpp/lib'
[2.961s] Level 1:colcon.colcon_core.environment:checking '/home/rudra/custom_flightmode/install/example_mode_goto_cpp/bin'
[2.961s] Level 1:colcon.colcon_core.environment:checking '/home/rudra/custom_flightmode/install/example_mode_goto_cpp/lib/pkgconfig/example_mode_goto_cpp.pc'
[2.961s] Level 1:colcon.colcon_core.environment:checking '/home/rudra/custom_flightmode/install/example_mode_goto_cpp/lib/python3.10/site-packages'
[2.961s] Level 1:colcon.colcon_core.environment:checking '/home/rudra/custom_flightmode/install/example_mode_goto_cpp/bin'
[2.962s] INFO:colcon.colcon_core.shell:Creating package script '/home/rudra/custom_flightmode/install/example_mode_goto_cpp/share/example_mode_goto_cpp/package.ps1'
[2.963s] INFO:colcon.colcon_core.shell:Creating package descriptor '/home/rudra/custom_flightmode/install/example_mode_goto_cpp/share/example_mode_goto_cpp/package.dsv'
[2.963s] INFO:colcon.colcon_core.shell:Creating package script '/home/rudra/custom_flightmode/install/example_mode_goto_cpp/share/example_mode_goto_cpp/package.sh'
[2.964s] INFO:colcon.colcon_core.shell:Creating package script '/home/rudra/custom_flightmode/install/example_mode_goto_cpp/share/example_mode_goto_cpp/package.bash'
[2.964s] INFO:colcon.colcon_core.shell:Creating package script '/home/rudra/custom_flightmode/install/example_mode_goto_cpp/share/example_mode_goto_cpp/package.zsh'
[2.964s] Level 1:colcon.colcon_core.environment:create_file_with_runtime_dependencies(/home/rudra/custom_flightmode/install/example_mode_goto_cpp/share/colcon-core/packages/example_mode_goto_cpp)
[2.965s] Level 1:colcon.colcon_core.environment:create_environment_scripts_only(example_mode_goto_cpp)
[2.965s] Level 1:colcon.colcon_core.environment:checking '/home/rudra/custom_flightmode/install/example_mode_goto_cpp' for CMake module files
[2.966s] Level 1:colcon.colcon_core.environment:checking '/home/rudra/custom_flightmode/install/example_mode_goto_cpp' for CMake config files
[2.966s] Level 1:colcon.colcon_core.shell:create_environment_hook('example_mode_goto_cpp', 'cmake_prefix_path')
[2.966s] INFO:colcon.colcon_core.shell:Creating environment hook '/home/rudra/custom_flightmode/install/example_mode_goto_cpp/share/example_mode_goto_cpp/hook/cmake_prefix_path.ps1'
[2.967s] INFO:colcon.colcon_core.shell:Creating environment descriptor '/home/rudra/custom_flightmode/install/example_mode_goto_cpp/share/example_mode_goto_cpp/hook/cmake_prefix_path.dsv'
[2.967s] INFO:colcon.colcon_core.shell:Creating environment hook '/home/rudra/custom_flightmode/install/example_mode_goto_cpp/share/example_mode_goto_cpp/hook/cmake_prefix_path.sh'
[2.968s] Level 1:colcon.colcon_core.environment:checking '/home/rudra/custom_flightmode/install/example_mode_goto_cpp/lib'
[2.968s] Level 1:colcon.colcon_core.environment:checking '/home/rudra/custom_flightmode/install/example_mode_goto_cpp/bin'
[2.968s] Level 1:colcon.colcon_core.environment:checking '/home/rudra/custom_flightmode/install/example_mode_goto_cpp/lib/pkgconfig/example_mode_goto_cpp.pc'
[2.968s] Level 1:colcon.colcon_core.environment:checking '/home/rudra/custom_flightmode/install/example_mode_goto_cpp/lib/python3.10/site-packages'
[2.969s] Level 1:colcon.colcon_core.environment:checking '/home/rudra/custom_flightmode/install/example_mode_goto_cpp/bin'
[2.969s] INFO:colcon.colcon_core.shell:Creating package script '/home/rudra/custom_flightmode/install/example_mode_goto_cpp/share/example_mode_goto_cpp/package.ps1'
[2.970s] INFO:colcon.colcon_core.shell:Creating package descriptor '/home/rudra/custom_flightmode/install/example_mode_goto_cpp/share/example_mode_goto_cpp/package.dsv'
[2.971s] INFO:colcon.colcon_core.shell:Creating package script '/home/rudra/custom_flightmode/install/example_mode_goto_cpp/share/example_mode_goto_cpp/package.sh'
[2.972s] INFO:colcon.colcon_core.shell:Creating package script '/home/rudra/custom_flightmode/install/example_mode_goto_cpp/share/example_mode_goto_cpp/package.bash'
[2.972s] INFO:colcon.colcon_core.shell:Creating package script '/home/rudra/custom_flightmode/install/example_mode_goto_cpp/share/example_mode_goto_cpp/package.zsh'
[2.973s] Level 1:colcon.colcon_core.environment:create_file_with_runtime_dependencies(/home/rudra/custom_flightmode/install/example_mode_goto_cpp/share/colcon-core/packages/example_mode_goto_cpp)
[2.979s] Level 1:colcon.colcon_core.environment:create_environment_scripts_only(example_mode_mission_cpp)
[2.982s] Level 1:colcon.colcon_core.environment:checking '/home/rudra/custom_flightmode/install/example_mode_mission_cpp' for CMake module files
[2.983s] Level 1:colcon.colcon_core.environment:checking '/home/rudra/custom_flightmode/install/example_mode_mission_cpp' for CMake config files
[2.981s] DEBUG:colcon.colcon_core.event_handler.log_command:Invoking command in '/home/rudra/custom_flightmode/build/example_mode_with_executor_cpp': AMENT_PREFIX_PATH=/home/rudra/custom_flightmode/install/px4_ros2_cpp:/home/rudra/custom_flightmode/install/px4_msgs:${AMENT_PREFIX_PATH} CMAKE_PREFIX_PATH=/home/rudra/custom_flightmode/install/px4_ros2_cpp:/home/rudra/custom_flightmode/install/px4_msgs:/home/rudra/ros2_ws/install/talker_listener:/home/rudra/ros2_ws/install/first_pkg:/opt/ros/humble LD_LIBRARY_PATH=/home/rudra/custom_flightmode/install/px4_ros2_cpp/lib:/home/rudra/custom_flightmode/install/px4_msgs/lib:${LD_LIBRARY_PATH} PYTHONPATH=/home/rudra/custom_flightmode/install/px4_msgs/local/lib/python3.10/dist-packages:${PYTHONPATH} /usr/bin/cmake --build /home/rudra/custom_flightmode/build/example_mode_with_executor_cpp -- -j12 -l12
[2.983s] Level 1:colcon.colcon_core.shell:create_environment_hook('example_mode_mission_cpp', 'cmake_prefix_path')
[2.984s] INFO:colcon.colcon_core.shell:Creating environment hook '/home/rudra/custom_flightmode/install/example_mode_mission_cpp/share/example_mode_mission_cpp/hook/cmake_prefix_path.ps1'
[2.984s] DEBUG:colcon.colcon_core.event_handler.log_command:Invoked command in '/home/rudra/custom_flightmode/build/example_mode_mission_cpp' returned '0': AMENT_PREFIX_PATH=/home/rudra/custom_flightmode/install/px4_ros2_cpp:/home/rudra/custom_flightmode/install/px4_msgs:${AMENT_PREFIX_PATH} CMAKE_PREFIX_PATH=/home/rudra/custom_flightmode/install/px4_ros2_cpp:/home/rudra/custom_flightmode/install/px4_msgs:/home/rudra/ros2_ws/install/talker_listener:/home/rudra/ros2_ws/install/first_pkg:/opt/ros/humble LD_LIBRARY_PATH=/home/rudra/custom_flightmode/install/px4_ros2_cpp/lib:/home/rudra/custom_flightmode/install/px4_msgs/lib:${LD_LIBRARY_PATH} PYTHONPATH=/home/rudra/custom_flightmode/install/px4_msgs/local/lib/python3.10/dist-packages:${PYTHONPATH} /usr/bin/cmake --install /home/rudra/custom_flightmode/build/example_mode_mission_cpp
[2.985s] INFO:colcon.colcon_core.shell:Creating environment descriptor '/home/rudra/custom_flightmode/install/example_mode_mission_cpp/share/example_mode_mission_cpp/hook/cmake_prefix_path.dsv'
[2.986s] INFO:colcon.colcon_core.shell:Creating environment hook '/home/rudra/custom_flightmode/install/example_mode_mission_cpp/share/example_mode_mission_cpp/hook/cmake_prefix_path.sh'
[2.986s] Level 1:colcon.colcon_core.environment:checking '/home/rudra/custom_flightmode/install/example_mode_mission_cpp/lib'
[2.987s] Level 1:colcon.colcon_core.environment:checking '/home/rudra/custom_flightmode/install/example_mode_mission_cpp/bin'
[2.987s] Level 1:colcon.colcon_core.environment:checking '/home/rudra/custom_flightmode/install/example_mode_mission_cpp/lib/pkgconfig/example_mode_mission_cpp.pc'
[2.987s] Level 1:colcon.colcon_core.environment:checking '/home/rudra/custom_flightmode/install/example_mode_mission_cpp/lib/python3.10/site-packages'
[2.988s] Level 1:colcon.colcon_core.environment:checking '/home/rudra/custom_flightmode/install/example_mode_mission_cpp/bin'
[2.988s] INFO:colcon.colcon_core.shell:Creating package script '/home/rudra/custom_flightmode/install/example_mode_mission_cpp/share/example_mode_mission_cpp/package.ps1'
[2.989s] INFO:colcon.colcon_core.shell:Creating package descriptor '/home/rudra/custom_flightmode/install/example_mode_mission_cpp/share/example_mode_mission_cpp/package.dsv'
[2.990s] INFO:colcon.colcon_core.shell:Creating package script '/home/rudra/custom_flightmode/install/example_mode_mission_cpp/share/example_mode_mission_cpp/package.sh'
[2.990s] INFO:colcon.colcon_core.shell:Creating package script '/home/rudra/custom_flightmode/install/example_mode_mission_cpp/share/example_mode_mission_cpp/package.bash'
[2.991s] INFO:colcon.colcon_core.shell:Creating package script '/home/rudra/custom_flightmode/install/example_mode_mission_cpp/share/example_mode_mission_cpp/package.zsh'
[2.992s] Level 1:colcon.colcon_core.environment:create_file_with_runtime_dependencies(/home/rudra/custom_flightmode/install/example_mode_mission_cpp/share/colcon-core/packages/example_mode_mission_cpp)
[2.993s] Level 1:colcon.colcon_core.environment:create_environment_scripts_only(example_mode_mission_cpp)
[2.993s] Level 1:colcon.colcon_core.environment:checking '/home/rudra/custom_flightmode/install/example_mode_mission_cpp' for CMake module files
[2.994s] Level 1:colcon.colcon_core.environment:checking '/home/rudra/custom_flightmode/install/example_mode_mission_cpp' for CMake config files
[2.994s] Level 1:colcon.colcon_core.shell:create_environment_hook('example_mode_mission_cpp', 'cmake_prefix_path')
[2.994s] INFO:colcon.colcon_core.shell:Creating environment hook '/home/rudra/custom_flightmode/install/example_mode_mission_cpp/share/example_mode_mission_cpp/hook/cmake_prefix_path.ps1'
[2.995s] INFO:colcon.colcon_core.shell:Creating environment descriptor '/home/rudra/custom_flightmode/install/example_mode_mission_cpp/share/example_mode_mission_cpp/hook/cmake_prefix_path.dsv'
[2.995s] INFO:colcon.colcon_core.shell:Creating environment hook '/home/rudra/custom_flightmode/install/example_mode_mission_cpp/share/example_mode_mission_cpp/hook/cmake_prefix_path.sh'
[2.996s] Level 1:colcon.colcon_core.environment:checking '/home/rudra/custom_flightmode/install/example_mode_mission_cpp/lib'
[2.996s] Level 1:colcon.colcon_core.environment:checking '/home/rudra/custom_flightmode/install/example_mode_mission_cpp/bin'
[2.996s] Level 1:colcon.colcon_core.environment:checking '/home/rudra/custom_flightmode/install/example_mode_mission_cpp/lib/pkgconfig/example_mode_mission_cpp.pc'
[2.997s] Level 1:colcon.colcon_core.environment:checking '/home/rudra/custom_flightmode/install/example_mode_mission_cpp/lib/python3.10/site-packages'
[2.997s] Level 1:colcon.colcon_core.environment:checking '/home/rudra/custom_flightmode/install/example_mode_mission_cpp/bin'
[2.998s] INFO:colcon.colcon_core.shell:Creating package script '/home/rudra/custom_flightmode/install/example_mode_mission_cpp/share/example_mode_mission_cpp/package.ps1'
[2.998s] INFO:colcon.colcon_core.shell:Creating package descriptor '/home/rudra/custom_flightmode/install/example_mode_mission_cpp/share/example_mode_mission_cpp/package.dsv'
[2.999s] INFO:colcon.colcon_core.shell:Creating package script '/home/rudra/custom_flightmode/install/example_mode_mission_cpp/share/example_mode_mission_cpp/package.sh'
[2.999s] INFO:colcon.colcon_core.shell:Creating package script '/home/rudra/custom_flightmode/install/example_mode_mission_cpp/share/example_mode_mission_cpp/package.bash'
[3.000s] INFO:colcon.colcon_core.shell:Creating package script '/home/rudra/custom_flightmode/install/example_mode_mission_cpp/share/example_mode_mission_cpp/package.zsh'
[3.000s] Level 1:colcon.colcon_core.environment:create_file_with_runtime_dependencies(/home/rudra/custom_flightmode/install/example_mode_mission_cpp/share/colcon-core/packages/example_mode_mission_cpp)
[3.000s] Level 1:colcon.colcon_core.environment:create_environment_scripts_only(example_mode_rtl_replacement_cpp)
[3.000s] Level 1:colcon.colcon_core.environment:checking '/home/rudra/custom_flightmode/install/example_mode_rtl_replacement_cpp' for CMake module files
[3.001s] DEBUG:colcon.colcon_core.event_handler.log_command:Invoked command in '/home/rudra/custom_flightmode/build/example_mode_rtl_replacement_cpp' returned '0': AMENT_PREFIX_PATH=/home/rudra/custom_flightmode/install/px4_ros2_cpp:/home/rudra/custom_flightmode/install/px4_msgs:${AMENT_PREFIX_PATH} CMAKE_PREFIX_PATH=/home/rudra/custom_flightmode/install/px4_ros2_cpp:/home/rudra/custom_flightmode/install/px4_msgs:/home/rudra/ros2_ws/install/talker_listener:/home/rudra/ros2_ws/install/first_pkg:/opt/ros/humble LD_LIBRARY_PATH=/home/rudra/custom_flightmode/install/px4_ros2_cpp/lib:/home/rudra/custom_flightmode/install/px4_msgs/lib:${LD_LIBRARY_PATH} PYTHONPATH=/home/rudra/custom_flightmode/install/px4_msgs/local/lib/python3.10/dist-packages:${PYTHONPATH} /usr/bin/cmake --install /home/rudra/custom_flightmode/build/example_mode_rtl_replacement_cpp
[3.002s] Level 1:colcon.colcon_core.environment:checking '/home/rudra/custom_flightmode/install/example_mode_rtl_replacement_cpp' for CMake config files
[3.002s] Level 1:colcon.colcon_core.shell:create_environment_hook('example_mode_rtl_replacement_cpp', 'cmake_prefix_path')
[3.002s] INFO:colcon.colcon_core.shell:Creating environment hook '/home/rudra/custom_flightmode/install/example_mode_rtl_replacement_cpp/share/example_mode_rtl_replacement_cpp/hook/cmake_prefix_path.ps1'
[3.002s] INFO:colcon.colcon_core.shell:Creating environment descriptor '/home/rudra/custom_flightmode/install/example_mode_rtl_replacement_cpp/share/example_mode_rtl_replacement_cpp/hook/cmake_prefix_path.dsv'
[3.003s] INFO:colcon.colcon_core.shell:Creating environment hook '/home/rudra/custom_flightmode/install/example_mode_rtl_replacement_cpp/share/example_mode_rtl_replacement_cpp/hook/cmake_prefix_path.sh'
[3.003s] Level 1:colcon.colcon_core.environment:checking '/home/rudra/custom_flightmode/install/example_mode_rtl_replacement_cpp/lib'
[3.003s] Level 1:colcon.colcon_core.environment:checking '/home/rudra/custom_flightmode/install/example_mode_rtl_replacement_cpp/bin'
[3.003s] Level 1:colcon.colcon_core.environment:checking '/home/rudra/custom_flightmode/install/example_mode_rtl_replacement_cpp/lib/pkgconfig/example_mode_rtl_replacement_cpp.pc'
[3.003s] Level 1:colcon.colcon_core.environment:checking '/home/rudra/custom_flightmode/install/example_mode_rtl_replacement_cpp/lib/python3.10/site-packages'
[3.004s] Level 1:colcon.colcon_core.environment:checking '/home/rudra/custom_flightmode/install/example_mode_rtl_replacement_cpp/bin'
[3.004s] INFO:colcon.colcon_core.shell:Creating package script '/home/rudra/custom_flightmode/install/example_mode_rtl_replacement_cpp/share/example_mode_rtl_replacement_cpp/package.ps1'
[3.004s] INFO:colcon.colcon_core.shell:Creating package descriptor '/home/rudra/custom_flightmode/install/example_mode_rtl_replacement_cpp/share/example_mode_rtl_replacement_cpp/package.dsv'
[3.005s] INFO:colcon.colcon_core.shell:Creating package script '/home/rudra/custom_flightmode/install/example_mode_rtl_replacement_cpp/share/example_mode_rtl_replacement_cpp/package.sh'
[3.005s] INFO:colcon.colcon_core.shell:Creating package script '/home/rudra/custom_flightmode/install/example_mode_rtl_replacement_cpp/share/example_mode_rtl_replacement_cpp/package.bash'
[3.005s] INFO:colcon.colcon_core.shell:Creating package script '/home/rudra/custom_flightmode/install/example_mode_rtl_replacement_cpp/share/example_mode_rtl_replacement_cpp/package.zsh'
[3.005s] Level 1:colcon.colcon_core.environment:create_file_with_runtime_dependencies(/home/rudra/custom_flightmode/install/example_mode_rtl_replacement_cpp/share/colcon-core/packages/example_mode_rtl_replacement_cpp)
[3.006s] Level 1:colcon.colcon_core.environment:create_environment_scripts_only(example_mode_rtl_replacement_cpp)
[3.006s] Level 1:colcon.colcon_core.environment:checking '/home/rudra/custom_flightmode/install/example_mode_rtl_replacement_cpp' for CMake module files
[3.007s] Level 1:colcon.colcon_core.environment:checking '/home/rudra/custom_flightmode/install/example_mode_rtl_replacement_cpp' for CMake config files
[3.007s] Level 1:colcon.colcon_core.shell:create_environment_hook('example_mode_rtl_replacement_cpp', 'cmake_prefix_path')
[3.007s] INFO:colcon.colcon_core.shell:Creating environment hook '/home/rudra/custom_flightmode/install/example_mode_rtl_replacement_cpp/share/example_mode_rtl_replacement_cpp/hook/cmake_prefix_path.ps1'
[3.007s] INFO:colcon.colcon_core.shell:Creating environment descriptor '/home/rudra/custom_flightmode/install/example_mode_rtl_replacement_cpp/share/example_mode_rtl_replacement_cpp/hook/cmake_prefix_path.dsv'
[3.008s] INFO:colcon.colcon_core.shell:Creating environment hook '/home/rudra/custom_flightmode/install/example_mode_rtl_replacement_cpp/share/example_mode_rtl_replacement_cpp/hook/cmake_prefix_path.sh'
[3.008s] Level 1:colcon.colcon_core.environment:checking '/home/rudra/custom_flightmode/install/example_mode_rtl_replacement_cpp/lib'
[3.008s] Level 1:colcon.colcon_core.environment:checking '/home/rudra/custom_flightmode/install/example_mode_rtl_replacement_cpp/bin'
[3.008s] Level 1:colcon.colcon_core.environment:checking '/home/rudra/custom_flightmode/install/example_mode_rtl_replacement_cpp/lib/pkgconfig/example_mode_rtl_replacement_cpp.pc'
[3.008s] Level 1:colcon.colcon_core.environment:checking '/home/rudra/custom_flightmode/install/example_mode_rtl_replacement_cpp/lib/python3.10/site-packages'
[3.009s] Level 1:colcon.colcon_core.environment:checking '/home/rudra/custom_flightmode/install/example_mode_rtl_replacement_cpp/bin'
[3.009s] INFO:colcon.colcon_core.shell:Creating package script '/home/rudra/custom_flightmode/install/example_mode_rtl_replacement_cpp/share/example_mode_rtl_replacement_cpp/package.ps1'
[3.009s] INFO:colcon.colcon_core.shell:Creating package descriptor '/home/rudra/custom_flightmode/install/example_mode_rtl_replacement_cpp/share/example_mode_rtl_replacement_cpp/package.dsv'
[3.010s] INFO:colcon.colcon_core.shell:Creating package script '/home/rudra/custom_flightmode/install/example_mode_rtl_replacement_cpp/share/example_mode_rtl_replacement_cpp/package.sh'
[3.010s] INFO:colcon.colcon_core.shell:Creating package script '/home/rudra/custom_flightmode/install/example_mode_rtl_replacement_cpp/share/example_mode_rtl_replacement_cpp/package.bash'
[3.010s] INFO:colcon.colcon_core.shell:Creating package script '/home/rudra/custom_flightmode/install/example_mode_rtl_replacement_cpp/share/example_mode_rtl_replacement_cpp/package.zsh'
[3.011s] Level 1:colcon.colcon_core.environment:create_file_with_runtime_dependencies(/home/rudra/custom_flightmode/install/example_mode_rtl_replacement_cpp/share/colcon-core/packages/example_mode_rtl_replacement_cpp)
[3.011s] Level 1:colcon.colcon_core.environment:create_environment_scripts_only(example_local_navigation_cpp)
[3.011s] Level 1:colcon.colcon_core.environment:checking '/home/rudra/custom_flightmode/install/example_local_navigation_cpp' for CMake module files
[3.012s] DEBUG:colcon.colcon_core.event_handler.log_command:Invoked command in '/home/rudra/custom_flightmode/build/example_local_navigation_cpp' returned '0': AMENT_PREFIX_PATH=/home/rudra/custom_flightmode/install/px4_ros2_cpp:/home/rudra/custom_flightmode/install/px4_msgs:${AMENT_PREFIX_PATH} CMAKE_PREFIX_PATH=/home/rudra/custom_flightmode/install/px4_ros2_cpp:/home/rudra/custom_flightmode/install/px4_msgs:/home/rudra/ros2_ws/install/talker_listener:/home/rudra/ros2_ws/install/first_pkg:/opt/ros/humble LD_LIBRARY_PATH=/home/rudra/custom_flightmode/install/px4_ros2_cpp/lib:/home/rudra/custom_flightmode/install/px4_msgs/lib:${LD_LIBRARY_PATH} PYTHONPATH=/home/rudra/custom_flightmode/install/px4_msgs/local/lib/python3.10/dist-packages:${PYTHONPATH} /usr/bin/cmake --install /home/rudra/custom_flightmode/build/example_local_navigation_cpp
[3.012s] Level 1:colcon.colcon_core.environment:checking '/home/rudra/custom_flightmode/install/example_local_navigation_cpp' for CMake config files
[3.012s] Level 1:colcon.colcon_core.shell:create_environment_hook('example_local_navigation_cpp', 'cmake_prefix_path')
[3.013s] INFO:colcon.colcon_core.shell:Creating environment hook '/home/rudra/custom_flightmode/install/example_local_navigation_cpp/share/example_local_navigation_cpp/hook/cmake_prefix_path.ps1'
[3.013s] INFO:colcon.colcon_core.shell:Creating environment descriptor '/home/rudra/custom_flightmode/install/example_local_navigation_cpp/share/example_local_navigation_cpp/hook/cmake_prefix_path.dsv'
[3.013s] INFO:colcon.colcon_core.shell:Creating environment hook '/home/rudra/custom_flightmode/install/example_local_navigation_cpp/share/example_local_navigation_cpp/hook/cmake_prefix_path.sh'
[3.014s] Level 1:colcon.colcon_core.environment:checking '/home/rudra/custom_flightmode/install/example_local_navigation_cpp/lib'
[3.014s] Level 1:colcon.colcon_core.environment:checking '/home/rudra/custom_flightmode/install/example_local_navigation_cpp/bin'
[3.014s] Level 1:colcon.colcon_core.environment:checking '/home/rudra/custom_flightmode/install/example_local_navigation_cpp/lib/pkgconfig/example_local_navigation_cpp.pc'
[3.014s] Level 1:colcon.colcon_core.environment:checking '/home/rudra/custom_flightmode/install/example_local_navigation_cpp/lib/python3.10/site-packages'
[3.015s] Level 1:colcon.colcon_core.environment:checking '/home/rudra/custom_flightmode/install/example_local_navigation_cpp/bin'
[3.015s] INFO:colcon.colcon_core.shell:Creating package script '/home/rudra/custom_flightmode/install/example_local_navigation_cpp/share/example_local_navigation_cpp/package.ps1'
[3.015s] INFO:colcon.colcon_core.shell:Creating package descriptor '/home/rudra/custom_flightmode/install/example_local_navigation_cpp/share/example_local_navigation_cpp/package.dsv'
[3.016s] INFO:colcon.colcon_core.shell:Creating package script '/home/rudra/custom_flightmode/install/example_local_navigation_cpp/share/example_local_navigation_cpp/package.sh'
[3.016s] INFO:colcon.colcon_core.shell:Creating package script '/home/rudra/custom_flightmode/install/example_local_navigation_cpp/share/example_local_navigation_cpp/package.bash'
[3.016s] INFO:colcon.colcon_core.shell:Creating package script '/home/rudra/custom_flightmode/install/example_local_navigation_cpp/share/example_local_navigation_cpp/package.zsh'
[3.017s] Level 1:colcon.colcon_core.environment:create_file_with_runtime_dependencies(/home/rudra/custom_flightmode/install/example_local_navigation_cpp/share/colcon-core/packages/example_local_navigation_cpp)
[3.017s] Level 1:colcon.colcon_core.environment:create_environment_scripts_only(example_local_navigation_cpp)
[3.017s] Level 1:colcon.colcon_core.environment:checking '/home/rudra/custom_flightmode/install/example_local_navigation_cpp' for CMake module files
[3.018s] Level 1:colcon.colcon_core.environment:checking '/home/rudra/custom_flightmode/install/example_local_navigation_cpp' for CMake config files
[3.018s] Level 1:colcon.colcon_core.shell:create_environment_hook('example_local_navigation_cpp', 'cmake_prefix_path')
[3.018s] INFO:colcon.colcon_core.shell:Creating environment hook '/home/rudra/custom_flightmode/install/example_local_navigation_cpp/share/example_local_navigation_cpp/hook/cmake_prefix_path.ps1'
[3.018s] INFO:colcon.colcon_core.shell:Creating environment descriptor '/home/rudra/custom_flightmode/install/example_local_navigation_cpp/share/example_local_navigation_cpp/hook/cmake_prefix_path.dsv'
[3.018s] INFO:colcon.colcon_core.shell:Creating environment hook '/home/rudra/custom_flightmode/install/example_local_navigation_cpp/share/example_local_navigation_cpp/hook/cmake_prefix_path.sh'
[3.019s] Level 1:colcon.colcon_core.environment:checking '/home/rudra/custom_flightmode/install/example_local_navigation_cpp/lib'
[3.019s] Level 1:colcon.colcon_core.environment:checking '/home/rudra/custom_flightmode/install/example_local_navigation_cpp/bin'
[3.019s] Level 1:colcon.colcon_core.environment:checking '/home/rudra/custom_flightmode/install/example_local_navigation_cpp/lib/pkgconfig/example_local_navigation_cpp.pc'
[3.019s] Level 1:colcon.colcon_core.environment:checking '/home/rudra/custom_flightmode/install/example_local_navigation_cpp/lib/python3.10/site-packages'
[3.019s] Level 1:colcon.colcon_core.environment:checking '/home/rudra/custom_flightmode/install/example_local_navigation_cpp/bin'
[3.020s] INFO:colcon.colcon_core.shell:Creating package script '/home/rudra/custom_flightmode/install/example_local_navigation_cpp/share/example_local_navigation_cpp/package.ps1'
[3.020s] INFO:colcon.colcon_core.shell:Creating package descriptor '/home/rudra/custom_flightmode/install/example_local_navigation_cpp/share/example_local_navigation_cpp/package.dsv'
[3.021s] INFO:colcon.colcon_core.shell:Creating package script '/home/rudra/custom_flightmode/install/example_local_navigation_cpp/share/example_local_navigation_cpp/package.sh'
[3.021s] INFO:colcon.colcon_core.shell:Creating package script '/home/rudra/custom_flightmode/install/example_local_navigation_cpp/share/example_local_navigation_cpp/package.bash'
[3.021s] INFO:colcon.colcon_core.shell:Creating package script '/home/rudra/custom_flightmode/install/example_local_navigation_cpp/share/example_local_navigation_cpp/package.zsh'
[3.022s] Level 1:colcon.colcon_core.environment:create_file_with_runtime_dependencies(/home/rudra/custom_flightmode/install/example_local_navigation_cpp/share/colcon-core/packages/example_local_navigation_cpp)
[3.022s] Level 1:colcon.colcon_core.environment:create_environment_scripts_only(example_mode_vtol_cpp)
[3.022s] Level 1:colcon.colcon_core.environment:checking '/home/rudra/custom_flightmode/install/example_mode_vtol_cpp' for CMake module files
[3.023s] DEBUG:colcon.colcon_core.event_handler.log_command:Invoked command in '/home/rudra/custom_flightmode/build/example_mode_vtol_cpp' returned '0': AMENT_PREFIX_PATH=/home/rudra/custom_flightmode/install/px4_ros2_cpp:/home/rudra/custom_flightmode/install/px4_msgs:${AMENT_PREFIX_PATH} CMAKE_PREFIX_PATH=/home/rudra/custom_flightmode/install/px4_ros2_cpp:/home/rudra/custom_flightmode/install/px4_msgs:/home/rudra/ros2_ws/install/talker_listener:/home/rudra/ros2_ws/install/first_pkg:/opt/ros/humble LD_LIBRARY_PATH=/home/rudra/custom_flightmode/install/px4_ros2_cpp/lib:/home/rudra/custom_flightmode/install/px4_msgs/lib:${LD_LIBRARY_PATH} PYTHONPATH=/home/rudra/custom_flightmode/install/px4_msgs/local/lib/python3.10/dist-packages:${PYTHONPATH} /usr/bin/cmake --install /home/rudra/custom_flightmode/build/example_mode_vtol_cpp
[3.023s] Level 1:colcon.colcon_core.environment:checking '/home/rudra/custom_flightmode/install/example_mode_vtol_cpp' for CMake config files
[3.024s] Level 1:colcon.colcon_core.shell:create_environment_hook('example_mode_vtol_cpp', 'cmake_prefix_path')
[3.024s] INFO:colcon.colcon_core.shell:Creating environment hook '/home/rudra/custom_flightmode/install/example_mode_vtol_cpp/share/example_mode_vtol_cpp/hook/cmake_prefix_path.ps1'
[3.024s] INFO:colcon.colcon_core.shell:Creating environment descriptor '/home/rudra/custom_flightmode/install/example_mode_vtol_cpp/share/example_mode_vtol_cpp/hook/cmake_prefix_path.dsv'
[3.024s] INFO:colcon.colcon_core.shell:Creating environment hook '/home/rudra/custom_flightmode/install/example_mode_vtol_cpp/share/example_mode_vtol_cpp/hook/cmake_prefix_path.sh'
[3.025s] Level 1:colcon.colcon_core.environment:checking '/home/rudra/custom_flightmode/install/example_mode_vtol_cpp/lib'
[3.025s] Level 1:colcon.colcon_core.environment:checking '/home/rudra/custom_flightmode/install/example_mode_vtol_cpp/bin'
[3.025s] Level 1:colcon.colcon_core.environment:checking '/home/rudra/custom_flightmode/install/example_mode_vtol_cpp/lib/pkgconfig/example_mode_vtol_cpp.pc'
[3.025s] Level 1:colcon.colcon_core.environment:checking '/home/rudra/custom_flightmode/install/example_mode_vtol_cpp/lib/python3.10/site-packages'
[3.025s] Level 1:colcon.colcon_core.environment:checking '/home/rudra/custom_flightmode/install/example_mode_vtol_cpp/bin'
[3.025s] INFO:colcon.colcon_core.shell:Creating package script '/home/rudra/custom_flightmode/install/example_mode_vtol_cpp/share/example_mode_vtol_cpp/package.ps1'
[3.026s] INFO:colcon.colcon_core.shell:Creating package descriptor '/home/rudra/custom_flightmode/install/example_mode_vtol_cpp/share/example_mode_vtol_cpp/package.dsv'
[3.026s] INFO:colcon.colcon_core.shell:Creating package script '/home/rudra/custom_flightmode/install/example_mode_vtol_cpp/share/example_mode_vtol_cpp/package.sh'
[3.027s] INFO:colcon.colcon_core.shell:Creating package script '/home/rudra/custom_flightmode/install/example_mode_vtol_cpp/share/example_mode_vtol_cpp/package.bash'
[3.027s] INFO:colcon.colcon_core.shell:Creating package script '/home/rudra/custom_flightmode/install/example_mode_vtol_cpp/share/example_mode_vtol_cpp/package.zsh'
[3.027s] Level 1:colcon.colcon_core.environment:create_file_with_runtime_dependencies(/home/rudra/custom_flightmode/install/example_mode_vtol_cpp/share/colcon-core/packages/example_mode_vtol_cpp)
[3.028s] Level 1:colcon.colcon_core.environment:create_environment_scripts_only(example_mode_vtol_cpp)
[3.028s] Level 1:colcon.colcon_core.environment:checking '/home/rudra/custom_flightmode/install/example_mode_vtol_cpp' for CMake module files
[3.028s] Level 1:colcon.colcon_core.environment:checking '/home/rudra/custom_flightmode/install/example_mode_vtol_cpp' for CMake config files
[3.028s] Level 1:colcon.colcon_core.shell:create_environment_hook('example_mode_vtol_cpp', 'cmake_prefix_path')
[3.028s] INFO:colcon.colcon_core.shell:Creating environment hook '/home/rudra/custom_flightmode/install/example_mode_vtol_cpp/share/example_mode_vtol_cpp/hook/cmake_prefix_path.ps1'
[3.029s] INFO:colcon.colcon_core.shell:Creating environment descriptor '/home/rudra/custom_flightmode/install/example_mode_vtol_cpp/share/example_mode_vtol_cpp/hook/cmake_prefix_path.dsv'
[3.029s] INFO:colcon.colcon_core.shell:Creating environment hook '/home/rudra/custom_flightmode/install/example_mode_vtol_cpp/share/example_mode_vtol_cpp/hook/cmake_prefix_path.sh'
[3.029s] Level 1:colcon.colcon_core.environment:checking '/home/rudra/custom_flightmode/install/example_mode_vtol_cpp/lib'
[3.029s] Level 1:colcon.colcon_core.environment:checking '/home/rudra/custom_flightmode/install/example_mode_vtol_cpp/bin'
[3.029s] Level 1:colcon.colcon_core.environment:checking '/home/rudra/custom_flightmode/install/example_mode_vtol_cpp/lib/pkgconfig/example_mode_vtol_cpp.pc'
[3.030s] Level 1:colcon.colcon_core.environment:checking '/home/rudra/custom_flightmode/install/example_mode_vtol_cpp/lib/python3.10/site-packages'
[3.030s] Level 1:colcon.colcon_core.environment:checking '/home/rudra/custom_flightmode/install/example_mode_vtol_cpp/bin'
[3.030s] INFO:colcon.colcon_core.shell:Creating package script '/home/rudra/custom_flightmode/install/example_mode_vtol_cpp/share/example_mode_vtol_cpp/package.ps1'
[3.031s] INFO:colcon.colcon_core.shell:Creating package descriptor '/home/rudra/custom_flightmode/install/example_mode_vtol_cpp/share/example_mode_vtol_cpp/package.dsv'
[3.031s] INFO:colcon.colcon_core.shell:Creating package script '/home/rudra/custom_flightmode/install/example_mode_vtol_cpp/share/example_mode_vtol_cpp/package.sh'
[3.032s] INFO:colcon.colcon_core.shell:Creating package script '/home/rudra/custom_flightmode/install/example_mode_vtol_cpp/share/example_mode_vtol_cpp/package.bash'
[3.032s] INFO:colcon.colcon_core.shell:Creating package script '/home/rudra/custom_flightmode/install/example_mode_vtol_cpp/share/example_mode_vtol_cpp/package.zsh'
[3.032s] Level 1:colcon.colcon_core.environment:create_file_with_runtime_dependencies(/home/rudra/custom_flightmode/install/example_mode_vtol_cpp/share/colcon-core/packages/example_mode_vtol_cpp)
[3.038s] DEBUG:colcon.colcon_core.event_handler.log_command:Invoking command in '/home/rudra/custom_flightmode/build/example_rover_velocity_mode_cpp': AMENT_PREFIX_PATH=/home/rudra/custom_flightmode/install/px4_ros2_cpp:/home/rudra/custom_flightmode/install/px4_msgs:${AMENT_PREFIX_PATH} CMAKE_PREFIX_PATH=/home/rudra/custom_flightmode/install/px4_ros2_cpp:/home/rudra/custom_flightmode/install/px4_msgs:/home/rudra/ros2_ws/install/talker_listener:/home/rudra/ros2_ws/install/first_pkg:/opt/ros/humble LD_LIBRARY_PATH=/home/rudra/custom_flightmode/install/px4_ros2_cpp/lib:/home/rudra/custom_flightmode/install/px4_msgs/lib:${LD_LIBRARY_PATH} PYTHONPATH=/home/rudra/custom_flightmode/install/px4_msgs/local/lib/python3.10/dist-packages:${PYTHONPATH} /usr/bin/cmake --build /home/rudra/custom_flightmode/build/example_rover_velocity_mode_cpp -- -j12 -l12
[3.063s] DEBUG:colcon.colcon_core.event_handler.log_command:Invoked command in '/home/rudra/custom_flightmode/build/example_mode_with_executor_cpp' returned '0': AMENT_PREFIX_PATH=/home/rudra/custom_flightmode/install/px4_ros2_cpp:/home/rudra/custom_flightmode/install/px4_msgs:${AMENT_PREFIX_PATH} CMAKE_PREFIX_PATH=/home/rudra/custom_flightmode/install/px4_ros2_cpp:/home/rudra/custom_flightmode/install/px4_msgs:/home/rudra/ros2_ws/install/talker_listener:/home/rudra/ros2_ws/install/first_pkg:/opt/ros/humble LD_LIBRARY_PATH=/home/rudra/custom_flightmode/install/px4_ros2_cpp/lib:/home/rudra/custom_flightmode/install/px4_msgs/lib:${LD_LIBRARY_PATH} PYTHONPATH=/home/rudra/custom_flightmode/install/px4_msgs/local/lib/python3.10/dist-packages:${PYTHONPATH} /usr/bin/cmake --build /home/rudra/custom_flightmode/build/example_mode_with_executor_cpp -- -j12 -l12
[3.065s] DEBUG:colcon.colcon_core.event_handler.log_command:Invoking command in '/home/rudra/custom_flightmode/build/example_mode_with_executor_cpp': AMENT_PREFIX_PATH=/home/rudra/custom_flightmode/install/px4_ros2_cpp:/home/rudra/custom_flightmode/install/px4_msgs:${AMENT_PREFIX_PATH} CMAKE_PREFIX_PATH=/home/rudra/custom_flightmode/install/px4_ros2_cpp:/home/rudra/custom_flightmode/install/px4_msgs:/home/rudra/ros2_ws/install/talker_listener:/home/rudra/ros2_ws/install/first_pkg:/opt/ros/humble LD_LIBRARY_PATH=/home/rudra/custom_flightmode/install/px4_ros2_cpp/lib:/home/rudra/custom_flightmode/install/px4_msgs/lib:${LD_LIBRARY_PATH} PYTHONPATH=/home/rudra/custom_flightmode/install/px4_msgs/local/lib/python3.10/dist-packages:${PYTHONPATH} /usr/bin/cmake --install /home/rudra/custom_flightmode/build/example_mode_with_executor_cpp
[3.076s] Level 1:colcon.colcon_core.environment:create_environment_scripts_only(example_mode_with_executor_cpp)
[3.077s] Level 1:colcon.colcon_core.environment:checking '/home/rudra/custom_flightmode/install/example_mode_with_executor_cpp' for CMake module files
[3.077s] DEBUG:colcon.colcon_core.event_handler.log_command:Invoked command in '/home/rudra/custom_flightmode/build/example_mode_with_executor_cpp' returned '0': AMENT_PREFIX_PATH=/home/rudra/custom_flightmode/install/px4_ros2_cpp:/home/rudra/custom_flightmode/install/px4_msgs:${AMENT_PREFIX_PATH} CMAKE_PREFIX_PATH=/home/rudra/custom_flightmode/install/px4_ros2_cpp:/home/rudra/custom_flightmode/install/px4_msgs:/home/rudra/ros2_ws/install/talker_listener:/home/rudra/ros2_ws/install/first_pkg:/opt/ros/humble LD_LIBRARY_PATH=/home/rudra/custom_flightmode/install/px4_ros2_cpp/lib:/home/rudra/custom_flightmode/install/px4_msgs/lib:${LD_LIBRARY_PATH} PYTHONPATH=/home/rudra/custom_flightmode/install/px4_msgs/local/lib/python3.10/dist-packages:${PYTHONPATH} /usr/bin/cmake --install /home/rudra/custom_flightmode/build/example_mode_with_executor_cpp
[3.078s] Level 1:colcon.colcon_core.environment:checking '/home/rudra/custom_flightmode/install/example_mode_with_executor_cpp' for CMake config files
[3.078s] Level 1:colcon.colcon_core.shell:create_environment_hook('example_mode_with_executor_cpp', 'cmake_prefix_path')
[3.078s] INFO:colcon.colcon_core.shell:Creating environment hook '/home/rudra/custom_flightmode/install/example_mode_with_executor_cpp/share/example_mode_with_executor_cpp/hook/cmake_prefix_path.ps1'
[3.079s] INFO:colcon.colcon_core.shell:Creating environment descriptor '/home/rudra/custom_flightmode/install/example_mode_with_executor_cpp/share/example_mode_with_executor_cpp/hook/cmake_prefix_path.dsv'
[3.079s] INFO:colcon.colcon_core.shell:Creating environment hook '/home/rudra/custom_flightmode/install/example_mode_with_executor_cpp/share/example_mode_with_executor_cpp/hook/cmake_prefix_path.sh'
[3.080s] Level 1:colcon.colcon_core.environment:checking '/home/rudra/custom_flightmode/install/example_mode_with_executor_cpp/lib'
[3.080s] Level 1:colcon.colcon_core.environment:checking '/home/rudra/custom_flightmode/install/example_mode_with_executor_cpp/bin'
[3.080s] Level 1:colcon.colcon_core.environment:checking '/home/rudra/custom_flightmode/install/example_mode_with_executor_cpp/lib/pkgconfig/example_mode_with_executor_cpp.pc'
[3.080s] Level 1:colcon.colcon_core.environment:checking '/home/rudra/custom_flightmode/install/example_mode_with_executor_cpp/lib/python3.10/site-packages'
[3.080s] Level 1:colcon.colcon_core.environment:checking '/home/rudra/custom_flightmode/install/example_mode_with_executor_cpp/bin'
[3.081s] INFO:colcon.colcon_core.shell:Creating package script '/home/rudra/custom_flightmode/install/example_mode_with_executor_cpp/share/example_mode_with_executor_cpp/package.ps1'
[3.081s] INFO:colcon.colcon_core.shell:Creating package descriptor '/home/rudra/custom_flightmode/install/example_mode_with_executor_cpp/share/example_mode_with_executor_cpp/package.dsv'
[3.082s] INFO:colcon.colcon_core.shell:Creating package script '/home/rudra/custom_flightmode/install/example_mode_with_executor_cpp/share/example_mode_with_executor_cpp/package.sh'
[3.082s] INFO:colcon.colcon_core.shell:Creating package script '/home/rudra/custom_flightmode/install/example_mode_with_executor_cpp/share/example_mode_with_executor_cpp/package.bash'
[3.083s] INFO:colcon.colcon_core.shell:Creating package script '/home/rudra/custom_flightmode/install/example_mode_with_executor_cpp/share/example_mode_with_executor_cpp/package.zsh'
[3.083s] Level 1:colcon.colcon_core.environment:create_file_with_runtime_dependencies(/home/rudra/custom_flightmode/install/example_mode_with_executor_cpp/share/colcon-core/packages/example_mode_with_executor_cpp)
[3.084s] Level 1:colcon.colcon_core.environment:create_environment_scripts_only(example_mode_with_executor_cpp)
[3.084s] Level 1:colcon.colcon_core.environment:checking '/home/rudra/custom_flightmode/install/example_mode_with_executor_cpp' for CMake module files
[3.084s] Level 1:colcon.colcon_core.environment:checking '/home/rudra/custom_flightmode/install/example_mode_with_executor_cpp' for CMake config files
[3.084s] Level 1:colcon.colcon_core.shell:create_environment_hook('example_mode_with_executor_cpp', 'cmake_prefix_path')
[3.085s] INFO:colcon.colcon_core.shell:Creating environment hook '/home/rudra/custom_flightmode/install/example_mode_with_executor_cpp/share/example_mode_with_executor_cpp/hook/cmake_prefix_path.ps1'
[3.085s] INFO:colcon.colcon_core.shell:Creating environment descriptor '/home/rudra/custom_flightmode/install/example_mode_with_executor_cpp/share/example_mode_with_executor_cpp/hook/cmake_prefix_path.dsv'
[3.085s] INFO:colcon.colcon_core.shell:Creating environment hook '/home/rudra/custom_flightmode/install/example_mode_with_executor_cpp/share/example_mode_with_executor_cpp/hook/cmake_prefix_path.sh'
[3.086s] Level 1:colcon.colcon_core.environment:checking '/home/rudra/custom_flightmode/install/example_mode_with_executor_cpp/lib'
[3.086s] Level 1:colcon.colcon_core.environment:checking '/home/rudra/custom_flightmode/install/example_mode_with_executor_cpp/bin'
[3.086s] Level 1:colcon.colcon_core.environment:checking '/home/rudra/custom_flightmode/install/example_mode_with_executor_cpp/lib/pkgconfig/example_mode_with_executor_cpp.pc'
[3.086s] Level 1:colcon.colcon_core.environment:checking '/home/rudra/custom_flightmode/install/example_mode_with_executor_cpp/lib/python3.10/site-packages'
[3.086s] Level 1:colcon.colcon_core.environment:checking '/home/rudra/custom_flightmode/install/example_mode_with_executor_cpp/bin'
[3.087s] INFO:colcon.colcon_core.shell:Creating package script '/home/rudra/custom_flightmode/install/example_mode_with_executor_cpp/share/example_mode_with_executor_cpp/package.ps1'
[3.087s] INFO:colcon.colcon_core.shell:Creating package descriptor '/home/rudra/custom_flightmode/install/example_mode_with_executor_cpp/share/example_mode_with_executor_cpp/package.dsv'
[3.088s] INFO:colcon.colcon_core.shell:Creating package script '/home/rudra/custom_flightmode/install/example_mode_with_executor_cpp/share/example_mode_with_executor_cpp/package.sh'
[3.088s] INFO:colcon.colcon_core.shell:Creating package script '/home/rudra/custom_flightmode/install/example_mode_with_executor_cpp/share/example_mode_with_executor_cpp/package.bash'
[3.088s] INFO:colcon.colcon_core.shell:Creating package script '/home/rudra/custom_flightmode/install/example_mode_with_executor_cpp/share/example_mode_with_executor_cpp/package.zsh'
[3.089s] Level 1:colcon.colcon_core.environment:create_file_with_runtime_dependencies(/home/rudra/custom_flightmode/install/example_mode_with_executor_cpp/share/colcon-core/packages/example_mode_with_executor_cpp)
[3.108s] DEBUG:colcon.colcon_core.event_handler.log_command:Invoked command in '/home/rudra/custom_flightmode/build/example_rover_velocity_mode_cpp' returned '0': AMENT_PREFIX_PATH=/home/rudra/custom_flightmode/install/px4_ros2_cpp:/home/rudra/custom_flightmode/install/px4_msgs:${AMENT_PREFIX_PATH} CMAKE_PREFIX_PATH=/home/rudra/custom_flightmode/install/px4_ros2_cpp:/home/rudra/custom_flightmode/install/px4_msgs:/home/rudra/ros2_ws/install/talker_listener:/home/rudra/ros2_ws/install/first_pkg:/opt/ros/humble LD_LIBRARY_PATH=/home/rudra/custom_flightmode/install/px4_ros2_cpp/lib:/home/rudra/custom_flightmode/install/px4_msgs/lib:${LD_LIBRARY_PATH} PYTHONPATH=/home/rudra/custom_flightmode/install/px4_msgs/local/lib/python3.10/dist-packages:${PYTHONPATH} /usr/bin/cmake --build /home/rudra/custom_flightmode/build/example_rover_velocity_mode_cpp -- -j12 -l12
[3.110s] DEBUG:colcon.colcon_core.event_handler.log_command:Invoking command in '/home/rudra/custom_flightmode/build/example_rover_velocity_mode_cpp': AMENT_PREFIX_PATH=/home/rudra/custom_flightmode/install/px4_ros2_cpp:/home/rudra/custom_flightmode/install/px4_msgs:${AMENT_PREFIX_PATH} CMAKE_PREFIX_PATH=/home/rudra/custom_flightmode/install/px4_ros2_cpp:/home/rudra/custom_flightmode/install/px4_msgs:/home/rudra/ros2_ws/install/talker_listener:/home/rudra/ros2_ws/install/first_pkg:/opt/ros/humble LD_LIBRARY_PATH=/home/rudra/custom_flightmode/install/px4_ros2_cpp/lib:/home/rudra/custom_flightmode/install/px4_msgs/lib:${LD_LIBRARY_PATH} PYTHONPATH=/home/rudra/custom_flightmode/install/px4_msgs/local/lib/python3.10/dist-packages:${PYTHONPATH} /usr/bin/cmake --install /home/rudra/custom_flightmode/build/example_rover_velocity_mode_cpp
[3.122s] Level 1:colcon.colcon_core.environment:create_environment_scripts_only(example_rover_velocity_mode_cpp)
[3.122s] Level 1:colcon.colcon_core.environment:checking '/home/rudra/custom_flightmode/install/example_rover_velocity_mode_cpp' for CMake module files
[3.123s] DEBUG:colcon.colcon_core.event_handler.log_command:Invoked command in '/home/rudra/custom_flightmode/build/example_rover_velocity_mode_cpp' returned '0': AMENT_PREFIX_PATH=/home/rudra/custom_flightmode/install/px4_ros2_cpp:/home/rudra/custom_flightmode/install/px4_msgs:${AMENT_PREFIX_PATH} CMAKE_PREFIX_PATH=/home/rudra/custom_flightmode/install/px4_ros2_cpp:/home/rudra/custom_flightmode/install/px4_msgs:/home/rudra/ros2_ws/install/talker_listener:/home/rudra/ros2_ws/install/first_pkg:/opt/ros/humble LD_LIBRARY_PATH=/home/rudra/custom_flightmode/install/px4_ros2_cpp/lib:/home/rudra/custom_flightmode/install/px4_msgs/lib:${LD_LIBRARY_PATH} PYTHONPATH=/home/rudra/custom_flightmode/install/px4_msgs/local/lib/python3.10/dist-packages:${PYTHONPATH} /usr/bin/cmake --install /home/rudra/custom_flightmode/build/example_rover_velocity_mode_cpp
[3.123s] Level 1:colcon.colcon_core.environment:checking '/home/rudra/custom_flightmode/install/example_rover_velocity_mode_cpp' for CMake config files
[3.123s] Level 1:colcon.colcon_core.shell:create_environment_hook('example_rover_velocity_mode_cpp', 'cmake_prefix_path')
[3.124s] INFO:colcon.colcon_core.shell:Creating environment hook '/home/rudra/custom_flightmode/install/example_rover_velocity_mode_cpp/share/example_rover_velocity_mode_cpp/hook/cmake_prefix_path.ps1'
[3.124s] INFO:colcon.colcon_core.shell:Creating environment descriptor '/home/rudra/custom_flightmode/install/example_rover_velocity_mode_cpp/share/example_rover_velocity_mode_cpp/hook/cmake_prefix_path.dsv'
[3.124s] INFO:colcon.colcon_core.shell:Creating environment hook '/home/rudra/custom_flightmode/install/example_rover_velocity_mode_cpp/share/example_rover_velocity_mode_cpp/hook/cmake_prefix_path.sh'
[3.125s] Level 1:colcon.colcon_core.environment:checking '/home/rudra/custom_flightmode/install/example_rover_velocity_mode_cpp/lib'
[3.125s] Level 1:colcon.colcon_core.environment:checking '/home/rudra/custom_flightmode/install/example_rover_velocity_mode_cpp/bin'
[3.125s] Level 1:colcon.colcon_core.environment:checking '/home/rudra/custom_flightmode/install/example_rover_velocity_mode_cpp/lib/pkgconfig/example_rover_velocity_mode_cpp.pc'
[3.125s] Level 1:colcon.colcon_core.environment:checking '/home/rudra/custom_flightmode/install/example_rover_velocity_mode_cpp/lib/python3.10/site-packages'
[3.125s] Level 1:colcon.colcon_core.environment:checking '/home/rudra/custom_flightmode/install/example_rover_velocity_mode_cpp/bin'
[3.125s] INFO:colcon.colcon_core.shell:Creating package script '/home/rudra/custom_flightmode/install/example_rover_velocity_mode_cpp/share/example_rover_velocity_mode_cpp/package.ps1'
[3.126s] INFO:colcon.colcon_core.shell:Creating package descriptor '/home/rudra/custom_flightmode/install/example_rover_velocity_mode_cpp/share/example_rover_velocity_mode_cpp/package.dsv'
[3.126s] INFO:colcon.colcon_core.shell:Creating package script '/home/rudra/custom_flightmode/install/example_rover_velocity_mode_cpp/share/example_rover_velocity_mode_cpp/package.sh'
[3.126s] INFO:colcon.colcon_core.shell:Creating package script '/home/rudra/custom_flightmode/install/example_rover_velocity_mode_cpp/share/example_rover_velocity_mode_cpp/package.bash'
[3.127s] INFO:colcon.colcon_core.shell:Creating package script '/home/rudra/custom_flightmode/install/example_rover_velocity_mode_cpp/share/example_rover_velocity_mode_cpp/package.zsh'
[3.127s] Level 1:colcon.colcon_core.environment:create_file_with_runtime_dependencies(/home/rudra/custom_flightmode/install/example_rover_velocity_mode_cpp/share/colcon-core/packages/example_rover_velocity_mode_cpp)
[3.128s] Level 1:colcon.colcon_core.environment:create_environment_scripts_only(example_rover_velocity_mode_cpp)
[3.128s] Level 1:colcon.colcon_core.environment:checking '/home/rudra/custom_flightmode/install/example_rover_velocity_mode_cpp' for CMake module files
[3.129s] Level 1:colcon.colcon_core.environment:checking '/home/rudra/custom_flightmode/install/example_rover_velocity_mode_cpp' for CMake config files
[3.129s] Level 1:colcon.colcon_core.shell:create_environment_hook('example_rover_velocity_mode_cpp', 'cmake_prefix_path')
[3.129s] INFO:colcon.colcon_core.shell:Creating environment hook '/home/rudra/custom_flightmode/install/example_rover_velocity_mode_cpp/share/example_rover_velocity_mode_cpp/hook/cmake_prefix_path.ps1'
[3.130s] INFO:colcon.colcon_core.shell:Creating environment descriptor '/home/rudra/custom_flightmode/install/example_rover_velocity_mode_cpp/share/example_rover_velocity_mode_cpp/hook/cmake_prefix_path.dsv'
[3.131s] INFO:colcon.colcon_core.shell:Creating environment hook '/home/rudra/custom_flightmode/install/example_rover_velocity_mode_cpp/share/example_rover_velocity_mode_cpp/hook/cmake_prefix_path.sh'
[3.131s] Level 1:colcon.colcon_core.environment:checking '/home/rudra/custom_flightmode/install/example_rover_velocity_mode_cpp/lib'
[3.131s] Level 1:colcon.colcon_core.environment:checking '/home/rudra/custom_flightmode/install/example_rover_velocity_mode_cpp/bin'
[3.131s] Level 1:colcon.colcon_core.environment:checking '/home/rudra/custom_flightmode/install/example_rover_velocity_mode_cpp/lib/pkgconfig/example_rover_velocity_mode_cpp.pc'
[3.132s] Level 1:colcon.colcon_core.environment:checking '/home/rudra/custom_flightmode/install/example_rover_velocity_mode_cpp/lib/python3.10/site-packages'
[3.132s] Level 1:colcon.colcon_core.environment:checking '/home/rudra/custom_flightmode/install/example_rover_velocity_mode_cpp/bin'
[3.132s] INFO:colcon.colcon_core.shell:Creating package script '/home/rudra/custom_flightmode/install/example_rover_velocity_mode_cpp/share/example_rover_velocity_mode_cpp/package.ps1'
[3.133s] INFO:colcon.colcon_core.shell:Creating package descriptor '/home/rudra/custom_flightmode/install/example_rover_velocity_mode_cpp/share/example_rover_velocity_mode_cpp/package.dsv'
[3.134s] INFO:colcon.colcon_core.shell:Creating package script '/home/rudra/custom_flightmode/install/example_rover_velocity_mode_cpp/share/example_rover_velocity_mode_cpp/package.sh'
[3.134s] INFO:colcon.colcon_core.shell:Creating package script '/home/rudra/custom_flightmode/install/example_rover_velocity_mode_cpp/share/example_rover_velocity_mode_cpp/package.bash'
[3.134s] INFO:colcon.colcon_core.shell:Creating package script '/home/rudra/custom_flightmode/install/example_rover_velocity_mode_cpp/share/example_rover_velocity_mode_cpp/package.zsh'
[3.135s] Level 1:colcon.colcon_core.environment:create_file_with_runtime_dependencies(/home/rudra/custom_flightmode/install/example_rover_velocity_mode_cpp/share/colcon-core/packages/example_rover_velocity_mode_cpp)
[3.175s] DEBUG:colcon.colcon_core.event_handler.log_command:Invoked command in '/home/rudra/custom_flightmode/build/px4_ros2_py' returned '0': AMENT_PREFIX_PATH=/home/rudra/custom_flightmode/install/px4_ros2_cpp:/home/rudra/custom_flightmode/install/px4_msgs:${AMENT_PREFIX_PATH} CMAKE_PREFIX_PATH=/home/rudra/custom_flightmode/install/px4_ros2_cpp:/home/rudra/custom_flightmode/install/px4_msgs:/home/rudra/ros2_ws/install/talker_listener:/home/rudra/ros2_ws/install/first_pkg:/opt/ros/humble LD_LIBRARY_PATH=/home/rudra/custom_flightmode/install/px4_ros2_cpp/lib:/home/rudra/custom_flightmode/install/px4_msgs/lib:${LD_LIBRARY_PATH} PYTHONPATH=/home/rudra/custom_flightmode/install/px4_msgs/local/lib/python3.10/dist-packages:${PYTHONPATH} /usr/bin/cmake --build /home/rudra/custom_flightmode/build/px4_ros2_py -- -j12 -l12
[3.176s] DEBUG:colcon.colcon_core.event_handler.log_command:Invoking command in '/home/rudra/custom_flightmode/build/px4_ros2_py': AMENT_PREFIX_PATH=/home/rudra/custom_flightmode/install/px4_ros2_cpp:/home/rudra/custom_flightmode/install/px4_msgs:${AMENT_PREFIX_PATH} CMAKE_PREFIX_PATH=/home/rudra/custom_flightmode/install/px4_ros2_cpp:/home/rudra/custom_flightmode/install/px4_msgs:/home/rudra/ros2_ws/install/talker_listener:/home/rudra/ros2_ws/install/first_pkg:/opt/ros/humble LD_LIBRARY_PATH=/home/rudra/custom_flightmode/install/px4_ros2_cpp/lib:/home/rudra/custom_flightmode/install/px4_msgs/lib:${LD_LIBRARY_PATH} PYTHONPATH=/home/rudra/custom_flightmode/install/px4_msgs/local/lib/python3.10/dist-packages:${PYTHONPATH} /usr/bin/cmake --install /home/rudra/custom_flightmode/build/px4_ros2_py
[3.222s] Level 1:colcon.colcon_core.environment:create_environment_scripts_only(px4_ros2_py)
[3.222s] Level 1:colcon.colcon_core.environment:checking '/home/rudra/custom_flightmode/install/px4_ros2_py' for CMake module files
[3.223s] DEBUG:colcon.colcon_core.event_handler.log_command:Invoked command in '/home/rudra/custom_flightmode/build/px4_ros2_py' returned '0': AMENT_PREFIX_PATH=/home/rudra/custom_flightmode/install/px4_ros2_cpp:/home/rudra/custom_flightmode/install/px4_msgs:${AMENT_PREFIX_PATH} CMAKE_PREFIX_PATH=/home/rudra/custom_flightmode/install/px4_ros2_cpp:/home/rudra/custom_flightmode/install/px4_msgs:/home/rudra/ros2_ws/install/talker_listener:/home/rudra/ros2_ws/install/first_pkg:/opt/ros/humble LD_LIBRARY_PATH=/home/rudra/custom_flightmode/install/px4_ros2_cpp/lib:/home/rudra/custom_flightmode/install/px4_msgs/lib:${LD_LIBRARY_PATH} PYTHONPATH=/home/rudra/custom_flightmode/install/px4_msgs/local/lib/python3.10/dist-packages:${PYTHONPATH} /usr/bin/cmake --install /home/rudra/custom_flightmode/build/px4_ros2_py
[3.223s] Level 1:colcon.colcon_core.environment:checking '/home/rudra/custom_flightmode/install/px4_ros2_py' for CMake config files
[3.223s] Level 1:colcon.colcon_core.shell:create_environment_hook('px4_ros2_py', 'cmake_prefix_path')
[3.223s] INFO:colcon.colcon_core.shell:Creating environment hook '/home/rudra/custom_flightmode/install/px4_ros2_py/share/px4_ros2_py/hook/cmake_prefix_path.ps1'
[3.224s] INFO:colcon.colcon_core.shell:Creating environment descriptor '/home/rudra/custom_flightmode/install/px4_ros2_py/share/px4_ros2_py/hook/cmake_prefix_path.dsv'
[3.224s] INFO:colcon.colcon_core.shell:Creating environment hook '/home/rudra/custom_flightmode/install/px4_ros2_py/share/px4_ros2_py/hook/cmake_prefix_path.sh'
[3.224s] Level 1:colcon.colcon_core.environment:checking '/home/rudra/custom_flightmode/install/px4_ros2_py/bin'
[3.225s] Level 1:colcon.colcon_core.environment:checking '/home/rudra/custom_flightmode/install/px4_ros2_py/lib/pkgconfig/px4_ros2_py.pc'
[3.225s] Level 1:colcon.colcon_core.environment:checking '/home/rudra/custom_flightmode/install/px4_ros2_py/lib/python3.10/site-packages'
[3.225s] Level 1:colcon.colcon_core.environment:checking '/home/rudra/custom_flightmode/install/px4_ros2_py/bin'
[3.225s] INFO:colcon.colcon_core.shell:Creating package script '/home/rudra/custom_flightmode/install/px4_ros2_py/share/px4_ros2_py/package.ps1'
[3.226s] INFO:colcon.colcon_core.shell:Creating package descriptor '/home/rudra/custom_flightmode/install/px4_ros2_py/share/px4_ros2_py/package.dsv'
[3.226s] INFO:colcon.colcon_core.shell:Creating package script '/home/rudra/custom_flightmode/install/px4_ros2_py/share/px4_ros2_py/package.sh'
[3.226s] INFO:colcon.colcon_core.shell:Creating package script '/home/rudra/custom_flightmode/install/px4_ros2_py/share/px4_ros2_py/package.bash'
[3.226s] INFO:colcon.colcon_core.shell:Creating package script '/home/rudra/custom_flightmode/install/px4_ros2_py/share/px4_ros2_py/package.zsh'
[3.227s] Level 1:colcon.colcon_core.environment:create_file_with_runtime_dependencies(/home/rudra/custom_flightmode/install/px4_ros2_py/share/colcon-core/packages/px4_ros2_py)
[3.227s] Level 1:colcon.colcon_core.environment:create_environment_scripts_only(px4_ros2_py)
[3.227s] Level 1:colcon.colcon_core.environment:checking '/home/rudra/custom_flightmode/install/px4_ros2_py' for CMake module files
[3.228s] Level 1:colcon.colcon_core.environment:checking '/home/rudra/custom_flightmode/install/px4_ros2_py' for CMake config files
[3.228s] Level 1:colcon.colcon_core.shell:create_environment_hook('px4_ros2_py', 'cmake_prefix_path')
[3.228s] INFO:colcon.colcon_core.shell:Creating environment hook '/home/rudra/custom_flightmode/install/px4_ros2_py/share/px4_ros2_py/hook/cmake_prefix_path.ps1'
[3.228s] INFO:colcon.colcon_core.shell:Creating environment descriptor '/home/rudra/custom_flightmode/install/px4_ros2_py/share/px4_ros2_py/hook/cmake_prefix_path.dsv'
[3.229s] INFO:colcon.colcon_core.shell:Creating environment hook '/home/rudra/custom_flightmode/install/px4_ros2_py/share/px4_ros2_py/hook/cmake_prefix_path.sh'
[3.229s] Level 1:colcon.colcon_core.environment:checking '/home/rudra/custom_flightmode/install/px4_ros2_py/bin'
[3.229s] Level 1:colcon.colcon_core.environment:checking '/home/rudra/custom_flightmode/install/px4_ros2_py/lib/pkgconfig/px4_ros2_py.pc'
[3.229s] Level 1:colcon.colcon_core.environment:checking '/home/rudra/custom_flightmode/install/px4_ros2_py/lib/python3.10/site-packages'
[3.230s] Level 1:colcon.colcon_core.environment:checking '/home/rudra/custom_flightmode/install/px4_ros2_py/bin'
[3.230s] INFO:colcon.colcon_core.shell:Creating package script '/home/rudra/custom_flightmode/install/px4_ros2_py/share/px4_ros2_py/package.ps1'
[3.230s] INFO:colcon.colcon_core.shell:Creating package descriptor '/home/rudra/custom_flightmode/install/px4_ros2_py/share/px4_ros2_py/package.dsv'
[3.231s] INFO:colcon.colcon_core.shell:Creating package script '/home/rudra/custom_flightmode/install/px4_ros2_py/share/px4_ros2_py/package.sh'
[3.231s] INFO:colcon.colcon_core.shell:Creating package script '/home/rudra/custom_flightmode/install/px4_ros2_py/share/px4_ros2_py/package.bash'
[3.231s] INFO:colcon.colcon_core.shell:Creating package script '/home/rudra/custom_flightmode/install/px4_ros2_py/share/px4_ros2_py/package.zsh'
[3.232s] Level 1:colcon.colcon_core.environment:create_file_with_runtime_dependencies(/home/rudra/custom_flightmode/install/px4_ros2_py/share/colcon-core/packages/px4_ros2_py)
[3.232s] INFO:colcon.colcon_ros.task.ament_python.build:Building ROS package in '/home/rudra/custom_flightmode/src/px4-ros2-interface-lib/examples/python/modes/goto' with build type 'ament_python'
[3.232s] Level 1:colcon.colcon_core.shell:create_environment_hook('example_mode_goto_py', 'ament_prefix_path')
[3.232s] INFO:colcon.colcon_core.shell:Creating environment hook '/home/rudra/custom_flightmode/install/example_mode_goto_py/share/example_mode_goto_py/hook/ament_prefix_path.ps1'
[3.233s] INFO:colcon.colcon_core.shell:Creating environment descriptor '/home/rudra/custom_flightmode/install/example_mode_goto_py/share/example_mode_goto_py/hook/ament_prefix_path.dsv'
[3.233s] INFO:colcon.colcon_core.shell:Creating environment hook '/home/rudra/custom_flightmode/install/example_mode_goto_py/share/example_mode_goto_py/hook/ament_prefix_path.sh'
[3.234s] INFO:colcon.colcon_core.shell:Skip shell extension 'powershell' for command environment: Not usable outside of PowerShell
[3.234s] DEBUG:colcon.colcon_core.shell:Skip shell extension 'dsv' for command environment
[3.237s] INFO:colcon.colcon_ros.task.ament_python.build:Building ROS package in '/home/rudra/custom_flightmode/src/px4-ros2-interface-lib/examples/python/modes/goto_with_rclpy' with build type 'ament_python'
[3.237s] Level 1:colcon.colcon_core.shell:create_environment_hook('example_mode_with_rclpy_py', 'ament_prefix_path')
[3.237s] INFO:colcon.colcon_core.shell:Creating environment hook '/home/rudra/custom_flightmode/install/example_mode_with_rclpy_py/share/example_mode_with_rclpy_py/hook/ament_prefix_path.ps1'
[3.237s] INFO:colcon.colcon_core.shell:Creating environment descriptor '/home/rudra/custom_flightmode/install/example_mode_with_rclpy_py/share/example_mode_with_rclpy_py/hook/ament_prefix_path.dsv'
[3.238s] INFO:colcon.colcon_core.shell:Creating environment hook '/home/rudra/custom_flightmode/install/example_mode_with_rclpy_py/share/example_mode_with_rclpy_py/hook/ament_prefix_path.sh'
[3.238s] INFO:colcon.colcon_core.shell:Skip shell extension 'powershell' for command environment: Not usable outside of PowerShell
[3.238s] DEBUG:colcon.colcon_core.shell:Skip shell extension 'dsv' for command environment
[3.419s] INFO:colcon.colcon_core.task.python.build:Building Python package in '/home/rudra/custom_flightmode/src/px4-ros2-interface-lib/examples/python/modes/goto'
[3.420s] INFO:colcon.colcon_core.shell:Skip shell extension 'powershell' for command environment: Not usable outside of PowerShell
[3.420s] DEBUG:colcon.colcon_core.shell:Skip shell extension 'dsv' for command environment
[3.614s] INFO:colcon.colcon_core.task.python.build:Building Python package in '/home/rudra/custom_flightmode/src/px4-ros2-interface-lib/examples/python/modes/goto_with_rclpy'
[3.615s] INFO:colcon.colcon_core.shell:Skip shell extension 'powershell' for command environment: Not usable outside of PowerShell
[3.615s] DEBUG:colcon.colcon_core.shell:Skip shell extension 'dsv' for command environment
[4.015s] DEBUG:colcon.colcon_core.task.python.build:Available setuptools commands: build_py, bdist_rpm, bdist_egg, compile_catalog, init_catalog, install_egg_info, bdist, check, install_lib, rotate, extract_messages, install_headers, install, dist_info, develop, symlink_data, update_catalog, egg_info, clean, saveopts, build, bdist_wheel, easy_install, setopt, install_data, bdist_dumb, build_scripts, build_clib, install_scripts, sdist, editable_wheel, alias, build_ext
[4.017s] DEBUG:colcon.colcon_core.task.python.build:Available setuptools commands: build_py, bdist_rpm, bdist_egg, compile_catalog, init_catalog, install_egg_info, bdist, check, install_lib, rotate, extract_messages, install_headers, install, dist_info, develop, symlink_data, update_catalog, egg_info, clean, saveopts, build, bdist_wheel, easy_install, setopt, install_data, bdist_dumb, build_scripts, build_clib, install_scripts, sdist, editable_wheel, alias, build_ext
[4.018s] DEBUG:colcon.colcon_core.event_handler.log_command:Invoking command in '/home/rudra/custom_flightmode/src/px4-ros2-interface-lib/examples/python/modes/goto_with_rclpy': AMENT_PREFIX_PATH=/home/rudra/custom_flightmode/install/px4_ros2_py:/home/rudra/custom_flightmode/install/px4_ros2_cpp:/home/rudra/custom_flightmode/install/px4_msgs:${AMENT_PREFIX_PATH} CMAKE_PREFIX_PATH=/home/rudra/custom_flightmode/install/px4_ros2_py:/home/rudra/custom_flightmode/install/px4_ros2_cpp:/home/rudra/custom_flightmode/install/px4_msgs LD_LIBRARY_PATH=/home/rudra/custom_flightmode/install/px4_ros2_cpp/lib:/home/rudra/custom_flightmode/install/px4_msgs/lib:${LD_LIBRARY_PATH} PYTHONPATH=/home/rudra/custom_flightmode/build/example_mode_with_rclpy_py/prefix_override:/usr/lib/python3/dist-packages/colcon_core/task/python/colcon_distutils_commands:/home/rudra/custom_flightmode/install/example_mode_with_rclpy_py/lib/python3.10/site-packages:/home/rudra/custom_flightmode/install/px4_ros2_py/local/lib/python3.10/dist-packages:/home/rudra/custom_flightmode/install/px4_msgs/local/lib/python3.10/dist-packages:${PYTHONPATH} /usr/bin/python3 -W ignore:setup.py install is deprecated -W ignore:easy_install command is deprecated setup.py egg_info --egg-base ../../../../../../build/example_mode_with_rclpy_py build --build-base /home/rudra/custom_flightmode/build/example_mode_with_rclpy_py/build install --record /home/rudra/custom_flightmode/build/example_mode_with_rclpy_py/install.log --install-scripts $base/lib/example_mode_with_rclpy_py --single-version-externally-managed install_data
[4.019s] DEBUG:colcon.colcon_core.event_handler.log_command:Invoking command in '/home/rudra/custom_flightmode/src/px4-ros2-interface-lib/examples/python/modes/goto': AMENT_PREFIX_PATH=/home/rudra/custom_flightmode/install/px4_ros2_py:/home/rudra/custom_flightmode/install/px4_ros2_cpp:/home/rudra/custom_flightmode/install/px4_msgs:${AMENT_PREFIX_PATH} CMAKE_PREFIX_PATH=/home/rudra/custom_flightmode/install/px4_ros2_py:/home/rudra/custom_flightmode/install/px4_ros2_cpp:/home/rudra/custom_flightmode/install/px4_msgs LD_LIBRARY_PATH=/home/rudra/custom_flightmode/install/px4_ros2_cpp/lib:/home/rudra/custom_flightmode/install/px4_msgs/lib:${LD_LIBRARY_PATH} PYTHONPATH=/home/rudra/custom_flightmode/build/example_mode_goto_py/prefix_override:/usr/lib/python3/dist-packages/colcon_core/task/python/colcon_distutils_commands:/home/rudra/custom_flightmode/install/example_mode_goto_py/lib/python3.10/site-packages:/home/rudra/custom_flightmode/install/px4_ros2_py/local/lib/python3.10/dist-packages:/home/rudra/custom_flightmode/install/px4_msgs/local/lib/python3.10/dist-packages:${PYTHONPATH} /usr/bin/python3 -W ignore:setup.py install is deprecated -W ignore:easy_install command is deprecated setup.py egg_info --egg-base ../../../../../../build/example_mode_goto_py build --build-base /home/rudra/custom_flightmode/build/example_mode_goto_py/build install --record /home/rudra/custom_flightmode/build/example_mode_goto_py/install.log --install-scripts $base/lib/example_mode_goto_py --single-version-externally-managed install_data
[4.385s] Level 1:colcon.colcon_core.environment:checking '/home/rudra/custom_flightmode/install/example_mode_goto_py' for CMake module files
[4.385s] DEBUG:colcon.colcon_core.event_handler.log_command:Invoked command in '/home/rudra/custom_flightmode/src/px4-ros2-interface-lib/examples/python/modes/goto' returned '0': AMENT_PREFIX_PATH=/home/rudra/custom_flightmode/install/px4_ros2_py:/home/rudra/custom_flightmode/install/px4_ros2_cpp:/home/rudra/custom_flightmode/install/px4_msgs:${AMENT_PREFIX_PATH} CMAKE_PREFIX_PATH=/home/rudra/custom_flightmode/install/px4_ros2_py:/home/rudra/custom_flightmode/install/px4_ros2_cpp:/home/rudra/custom_flightmode/install/px4_msgs LD_LIBRARY_PATH=/home/rudra/custom_flightmode/install/px4_ros2_cpp/lib:/home/rudra/custom_flightmode/install/px4_msgs/lib:${LD_LIBRARY_PATH} PYTHONPATH=/home/rudra/custom_flightmode/build/example_mode_goto_py/prefix_override:/usr/lib/python3/dist-packages/colcon_core/task/python/colcon_distutils_commands:/home/rudra/custom_flightmode/install/example_mode_goto_py/lib/python3.10/site-packages:/home/rudra/custom_flightmode/install/px4_ros2_py/local/lib/python3.10/dist-packages:/home/rudra/custom_flightmode/install/px4_msgs/local/lib/python3.10/dist-packages:${PYTHONPATH} /usr/bin/python3 -W ignore:setup.py install is deprecated -W ignore:easy_install command is deprecated setup.py egg_info --egg-base ../../../../../../build/example_mode_goto_py build --build-base /home/rudra/custom_flightmode/build/example_mode_goto_py/build install --record /home/rudra/custom_flightmode/build/example_mode_goto_py/install.log --install-scripts $base/lib/example_mode_goto_py --single-version-externally-managed install_data
[4.386s] Level 1:colcon.colcon_core.environment:checking '/home/rudra/custom_flightmode/install/example_mode_goto_py' for CMake config files
[4.386s] Level 1:colcon.colcon_core.environment:checking '/home/rudra/custom_flightmode/install/example_mode_goto_py/lib'
[4.386s] Level 1:colcon.colcon_core.environment:checking '/home/rudra/custom_flightmode/install/example_mode_goto_py/bin'
[4.386s] Level 1:colcon.colcon_core.environment:checking '/home/rudra/custom_flightmode/install/example_mode_goto_py/lib/pkgconfig/example_mode_goto_py.pc'
[4.387s] Level 1:colcon.colcon_core.environment:checking '/home/rudra/custom_flightmode/install/example_mode_goto_py/lib/python3.10/site-packages'
[4.387s] Level 1:colcon.colcon_core.shell:create_environment_hook('example_mode_goto_py', 'pythonpath')
[4.387s] INFO:colcon.colcon_core.shell:Creating environment hook '/home/rudra/custom_flightmode/install/example_mode_goto_py/share/example_mode_goto_py/hook/pythonpath.ps1'
[4.387s] INFO:colcon.colcon_core.shell:Creating environment descriptor '/home/rudra/custom_flightmode/install/example_mode_goto_py/share/example_mode_goto_py/hook/pythonpath.dsv'
[4.387s] INFO:colcon.colcon_core.shell:Creating environment hook '/home/rudra/custom_flightmode/install/example_mode_goto_py/share/example_mode_goto_py/hook/pythonpath.sh'
[4.388s] Level 1:colcon.colcon_core.environment:checking '/home/rudra/custom_flightmode/install/example_mode_goto_py/bin'
[4.388s] Level 1:colcon.colcon_core.environment:create_environment_scripts_only(example_mode_goto_py)
[4.388s] INFO:colcon.colcon_core.shell:Creating package script '/home/rudra/custom_flightmode/install/example_mode_goto_py/share/example_mode_goto_py/package.ps1'
[4.389s] INFO:colcon.colcon_core.shell:Creating package descriptor '/home/rudra/custom_flightmode/install/example_mode_goto_py/share/example_mode_goto_py/package.dsv'
[4.389s] INFO:colcon.colcon_core.shell:Creating package script '/home/rudra/custom_flightmode/install/example_mode_goto_py/share/example_mode_goto_py/package.sh'
[4.389s] INFO:colcon.colcon_core.shell:Creating package script '/home/rudra/custom_flightmode/install/example_mode_goto_py/share/example_mode_goto_py/package.bash'
[4.390s] INFO:colcon.colcon_core.shell:Creating package script '/home/rudra/custom_flightmode/install/example_mode_goto_py/share/example_mode_goto_py/package.zsh'
[4.390s] Level 1:colcon.colcon_core.environment:create_file_with_runtime_dependencies(/home/rudra/custom_flightmode/install/example_mode_goto_py/share/colcon-core/packages/example_mode_goto_py)
[4.391s] Level 1:colcon.colcon_core.environment:checking '/home/rudra/custom_flightmode/install/example_mode_with_rclpy_py' for CMake module files
[4.391s] DEBUG:colcon.colcon_core.event_handler.log_command:Invoked command in '/home/rudra/custom_flightmode/src/px4-ros2-interface-lib/examples/python/modes/goto_with_rclpy' returned '0': AMENT_PREFIX_PATH=/home/rudra/custom_flightmode/install/px4_ros2_py:/home/rudra/custom_flightmode/install/px4_ros2_cpp:/home/rudra/custom_flightmode/install/px4_msgs:${AMENT_PREFIX_PATH} CMAKE_PREFIX_PATH=/home/rudra/custom_flightmode/install/px4_ros2_py:/home/rudra/custom_flightmode/install/px4_ros2_cpp:/home/rudra/custom_flightmode/install/px4_msgs LD_LIBRARY_PATH=/home/rudra/custom_flightmode/install/px4_ros2_cpp/lib:/home/rudra/custom_flightmode/install/px4_msgs/lib:${LD_LIBRARY_PATH} PYTHONPATH=/home/rudra/custom_flightmode/build/example_mode_with_rclpy_py/prefix_override:/usr/lib/python3/dist-packages/colcon_core/task/python/colcon_distutils_commands:/home/rudra/custom_flightmode/install/example_mode_with_rclpy_py/lib/python3.10/site-packages:/home/rudra/custom_flightmode/install/px4_ros2_py/local/lib/python3.10/dist-packages:/home/rudra/custom_flightmode/install/px4_msgs/local/lib/python3.10/dist-packages:${PYTHONPATH} /usr/bin/python3 -W ignore:setup.py install is deprecated -W ignore:easy_install command is deprecated setup.py egg_info --egg-base ../../../../../../build/example_mode_with_rclpy_py build --build-base /home/rudra/custom_flightmode/build/example_mode_with_rclpy_py/build install --record /home/rudra/custom_flightmode/build/example_mode_with_rclpy_py/install.log --install-scripts $base/lib/example_mode_with_rclpy_py --single-version-externally-managed install_data
[4.391s] Level 1:colcon.colcon_core.environment:checking '/home/rudra/custom_flightmode/install/example_mode_with_rclpy_py' for CMake config files
[4.392s] Level 1:colcon.colcon_core.environment:checking '/home/rudra/custom_flightmode/install/example_mode_with_rclpy_py/lib'
[4.392s] Level 1:colcon.colcon_core.environment:checking '/home/rudra/custom_flightmode/install/example_mode_with_rclpy_py/bin'
[4.392s] Level 1:colcon.colcon_core.environment:checking '/home/rudra/custom_flightmode/install/example_mode_with_rclpy_py/lib/pkgconfig/example_mode_with_rclpy_py.pc'
[4.392s] Level 1:colcon.colcon_core.environment:checking '/home/rudra/custom_flightmode/install/example_mode_with_rclpy_py/lib/python3.10/site-packages'
[4.392s] Level 1:colcon.colcon_core.shell:create_environment_hook('example_mode_with_rclpy_py', 'pythonpath')
[4.392s] INFO:colcon.colcon_core.shell:Creating environment hook '/home/rudra/custom_flightmode/install/example_mode_with_rclpy_py/share/example_mode_with_rclpy_py/hook/pythonpath.ps1'
[4.393s] INFO:colcon.colcon_core.shell:Creating environment descriptor '/home/rudra/custom_flightmode/install/example_mode_with_rclpy_py/share/example_mode_with_rclpy_py/hook/pythonpath.dsv'
[4.393s] INFO:colcon.colcon_core.shell:Creating environment hook '/home/rudra/custom_flightmode/install/example_mode_with_rclpy_py/share/example_mode_with_rclpy_py/hook/pythonpath.sh'
[4.393s] Level 1:colcon.colcon_core.environment:checking '/home/rudra/custom_flightmode/install/example_mode_with_rclpy_py/bin'
[4.393s] Level 1:colcon.colcon_core.environment:create_environment_scripts_only(example_mode_with_rclpy_py)
[4.394s] INFO:colcon.colcon_core.shell:Creating package script '/home/rudra/custom_flightmode/install/example_mode_with_rclpy_py/share/example_mode_with_rclpy_py/package.ps1'
[4.394s] INFO:colcon.colcon_core.shell:Creating package descriptor '/home/rudra/custom_flightmode/install/example_mode_with_rclpy_py/share/example_mode_with_rclpy_py/package.dsv'
[4.394s] INFO:colcon.colcon_core.shell:Creating package script '/home/rudra/custom_flightmode/install/example_mode_with_rclpy_py/share/example_mode_with_rclpy_py/package.sh'
[4.395s] INFO:colcon.colcon_core.shell:Creating package script '/home/rudra/custom_flightmode/install/example_mode_with_rclpy_py/share/example_mode_with_rclpy_py/package.bash'
[4.395s] INFO:colcon.colcon_core.shell:Creating package script '/home/rudra/custom_flightmode/install/example_mode_with_rclpy_py/share/example_mode_with_rclpy_py/package.zsh'
[4.395s] Level 1:colcon.colcon_core.environment:create_file_with_runtime_dependencies(/home/rudra/custom_flightmode/install/example_mode_with_rclpy_py/share/colcon-core/packages/example_mode_with_rclpy_py)
[4.395s] DEBUG:colcon.colcon_parallel_executor.executor.parallel:closing loop
[4.396s] DEBUG:colcon.colcon_parallel_executor.executor.parallel:loop closed
[4.396s] DEBUG:colcon.colcon_parallel_executor.executor.parallel:run_until_complete finished with '0'
[4.396s] DEBUG:colcon.colcon_core.event_reactor:joining thread
[4.400s] INFO:colcon.colcon_core.plugin_system:Skipping extension 'colcon_notification.desktop_notification.terminal_notifier': Not used on non-Darwin systems
[4.400s] INFO:colcon.colcon_core.plugin_system:Skipping extension 'colcon_notification.desktop_notification.win32': Not used on non-Windows systems
[4.400s] INFO:colcon.colcon_notification.desktop_notification:Sending desktop notification using 'notify2'
[4.409s] DEBUG:colcon.colcon_core.event_reactor:joined thread
[4.409s] INFO:colcon.colcon_core.shell:Creating prefix script '/home/rudra/custom_flightmode/install/local_setup.ps1'
[4.410s] INFO:colcon.colcon_core.shell:Creating prefix util module '/home/rudra/custom_flightmode/install/_local_setup_util_ps1.py'
[4.411s] INFO:colcon.colcon_core.shell:Creating prefix chain script '/home/rudra/custom_flightmode/install/setup.ps1'
[4.412s] INFO:colcon.colcon_core.shell:Creating prefix script '/home/rudra/custom_flightmode/install/local_setup.sh'
[4.412s] INFO:colcon.colcon_core.shell:Creating prefix util module '/home/rudra/custom_flightmode/install/_local_setup_util_sh.py'
[4.413s] INFO:colcon.colcon_core.shell:Creating prefix chain script '/home/rudra/custom_flightmode/install/setup.sh'
[4.414s] INFO:colcon.colcon_core.shell:Creating prefix script '/home/rudra/custom_flightmode/install/local_setup.bash'
[4.414s] INFO:colcon.colcon_core.shell:Creating prefix chain script '/home/rudra/custom_flightmode/install/setup.bash'
[4.415s] INFO:colcon.colcon_core.shell:Creating prefix script '/home/rudra/custom_flightmode/install/local_setup.zsh'
[4.415s] INFO:colcon.colcon_core.shell:Creating prefix chain script '/home/rudra/custom_flightmode/install/setup.zsh'
