[0.000000] (-) TimerEvent: {}
[0.000516] (-) JobUnselected: {'identifier': 'draw_flight_mode'}
[0.000643] (-) JobUnselected: {'identifier': 'example_executor_with_multiple_modes_cpp'}
[0.000664] (-) JobUnselected: {'identifier': 'example_global_navigation_cpp'}
[0.000680] (-) JobUnselected: {'identifier': 'example_local_navigation_cpp'}
[0.000694] (-) JobUnselected: {'identifier': 'example_mode_fw_attitude_cpp'}
[0.000707] (-) JobUnselected: {'identifier': 'example_mode_goto_cpp'}
[0.000719] (-) JobUnselected: {'identifier': 'example_mode_goto_global_cpp'}
[0.000730] (-) JobUnselected: {'identifier': 'example_mode_goto_py'}
[0.000742] (-) JobUnselected: {'identifier': 'example_mode_manual_cpp'}
[0.000754] (-) JobUnselected: {'identifier': 'example_mode_mission_cpp'}
[0.000765] (-) JobUnselected: {'identifier': 'example_mode_rtl_replacement_cpp'}
[0.000777] (-) JobUnselected: {'identifier': 'example_mode_vtol_cpp'}
[0.000788] (-) JobUnselected: {'identifier': 'example_mode_with_executor_cpp'}
[0.000800] (-) JobUnselected: {'identifier': 'example_mode_with_rclpy_py'}
[0.000811] (-) JobUnselected: {'identifier': 'example_rover_velocity_mode_cpp'}
[0.000822] (-) JobUnselected: {'identifier': 'px4_ros2_cpp'}
[0.000834] (-) JobUnselected: {'identifier': 'px4_ros2_py'}
[0.000848] (px4_msgs) JobQueued: {'identifier': 'px4_msgs', 'dependencies': OrderedDict()}
[0.000863] (px4_swarm_drawer) JobQueued: {'identifier': 'px4_swarm_drawer', 'dependencies': OrderedDict([('px4_msgs', '/home/rudra/custom_flightmode/install/px4_msgs')])}
[0.000881] (px4_msgs) JobStarted: {'identifier': 'px4_msgs'}
[0.008956] (px4_msgs) JobProgress: {'identifier': 'px4_msgs', 'progress': 'cmake'}
[0.010307] (px4_msgs) JobProgress: {'identifier': 'px4_msgs', 'progress': 'build'}
[0.010942] (px4_msgs) Command: {'cmd': ['/usr/bin/cmake', '--build', '/home/rudra/custom_flightmode/build/px4_msgs', '--', '-j12', '-l12'], 'cwd': '/home/rudra/custom_flightmode/build/px4_msgs', 'env': OrderedDict([('LESSOPEN', '| /usr/bin/lesspipe %s'), ('VSCODE_CWD', '/home/rudra/custom_flightmode'), ('LANGUAGE', 'en_IN:en'), ('USER', 'rudra'), ('VSCODE_NLS_CONFIG', '{"userLocale":"en-gb","osLocale":"en-in","resolvedLanguage":"en","defaultMessagesFile":"/usr/share/antigravity/resources/app/out/nls.messages.json","locale":"en-gb","availableLanguages":{}}'), ('XDG_SESSION_TYPE', 'x11'), ('SHLVL', '1'), ('LD_LIBRARY_PATH', '/opt/ros/humble/opt/rviz_ogre_vendor/lib:/opt/ros/humble/lib/x86_64-linux-gnu:/opt/ros/humble/lib'), ('HOME', '/home/rudra'), ('CHROME_DESKTOP', 'antigravity.desktop'), ('OLDPWD', '/home/rudra'), ('DESKTOP_SESSION', 'ubuntu'), ('NVM_BIN', '/home/rudra/.nvm/versions/node/v24.16.0/bin'), ('NVM_INC', '/home/rudra/.nvm/versions/node/v24.16.0/include/node'), ('VSCODE_IPC_HOOK', '/run/user/1000/vscode-386ead39-1.10-main.sock'), ('ROS_PYTHON_VERSION', '3'), ('GNOME_SHELL_SESSION_MODE', 'ubuntu'), ('GTK_MODULES', 'gail:atk-bridge'), ('PAGER', 'cat'), ('SYSTEMD_EXEC_PID', '2630'), ('DBUS_SESSION_BUS_ADDRESS', 'unix:path=/run/user/1000/bus'), ('COLORTERM', 'truecolor'), ('ANTIGRAVITY_AGENT', '1'), ('NVM_DIR', '/home/rudra/.nvm'), ('COLCON_PREFIX_PATH', '/home/rudra/ros2_ws/install'), ('ROS_DISTRO', 'humble'), ('GTK_IM_MODULE', 'ibus'), ('LOGNAME', 'rudra'), ('_', '/usr/bin/colcon'), ('ROS_VERSION', '2'), ('XDG_SESSION_CLASS', 'user'), ('USERNAME', 'rudra'), ('TERM', 'dumb'), ('GNOME_DESKTOP_SESSION_ID', 'this-is-deprecated'), ('FC_FONTATIONS', '1'), ('ROS_LOCALHOST_ONLY', '0'), ('WINDOWPATH', '2'), ('ANTIGRAVITY_EDITOR_APP_ROOT', '/usr/share/antigravity/resources/app'), ('PATH', '/home/rudra/.nvm/versions/node/v24.16.0/bin:/opt/ros/humble/bin:/usr/lib/ccache:/home/rudra/ardupilot/Tools/autotest:/opt/gcc-arm-none-eabi-10-2020-q4-major/bin:/home/rudra/.local/bin:/usr/local/sbin:/usr/local/bin:/usr/sbin:/usr/bin:/sbin:/bin:/usr/games:/usr/local/games:/snap/bin:/snap/bin:/opt/xtensa-esp-elf/bin/'), ('SESSION_MANAGER', 'local/victus:@/tmp/.ICE-unix/2603,unix/victus:/tmp/.ICE-unix/2603'), ('XDG_MENU_PREFIX', 'gnome-'), ('GNOME_TERMINAL_SCREEN', '/org/gnome/Terminal/screen/9e5e8198_95fc_457d_b6a0_dd0c8f0a091a'), ('XDG_RUNTIME_DIR', '/run/user/1000'), ('GDK_BACKEND', 'x11'), ('DISPLAY', ':1'), ('LANG', 'en_US.UTF-8'), ('XDG_CURRENT_DESKTOP', 'ubuntu:GNOME'), ('XMODIFIERS', '@im=ibus'), ('XDG_SESSION_DESKTOP', 'ubuntu'), ('XAUTHORITY', '/run/user/1000/gdm/Xauthority'), ('LS_COLORS', 'rs=0:di=01;34:ln=01;36:mh=00:pi=40;33:so=01;35:do=01;35:bd=40;33;01:cd=40;33;01:or=40;31;01:mi=00:su=37;41:sg=30;43:ca=30;41:tw=30;42:ow=34;42:st=37;44:ex=01;32:*.tar=01;31:*.tgz=01;31:*.arc=01;31:*.arj=01;31:*.taz=01;31:*.lha=01;31:*.lz4=01;31:*.lzh=01;31:*.lzma=01;31:*.tlz=01;31:*.txz=01;31:*.tzo=01;31:*.t7z=01;31:*.zip=01;31:*.z=01;31:*.dz=01;31:*.gz=01;31:*.lrz=01;31:*.lz=01;31:*.lzo=01;31:*.xz=01;31:*.zst=01;31:*.tzst=01;31:*.bz2=01;31:*.bz=01;31:*.tbz=01;31:*.tbz2=01;31:*.tz=01;31:*.deb=01;31:*.rpm=01;31:*.jar=01;31:*.war=01;31:*.ear=01;31:*.sar=01;31:*.rar=01;31:*.alz=01;31:*.ace=01;31:*.zoo=01;31:*.cpio=01;31:*.7z=01;31:*.rz=01;31:*.cab=01;31:*.wim=01;31:*.swm=01;31:*.dwm=01;31:*.esd=01;31:*.jpg=01;35:*.jpeg=01;35:*.mjpg=01;35:*.mjpeg=01;35:*.gif=01;35:*.bmp=01;35:*.pbm=01;35:*.pgm=01;35:*.ppm=01;35:*.tga=01;35:*.xbm=01;35:*.xpm=01;35:*.tif=01;35:*.tiff=01;35:*.png=01;35:*.svg=01;35:*.svgz=01;35:*.mng=01;35:*.pcx=01;35:*.mov=01;35:*.mpg=01;35:*.mpeg=01;35:*.m2v=01;35:*.mkv=01;35:*.webm=01;35:*.webp=01;35:*.ogm=01;35:*.mp4=01;35:*.m4v=01;35:*.mp4v=01;35:*.vob=01;35:*.qt=01;35:*.nuv=01;35:*.wmv=01;35:*.asf=01;35:*.rm=01;35:*.rmvb=01;35:*.flc=01;35:*.avi=01;35:*.fli=01;35:*.flv=01;35:*.gl=01;35:*.dl=01;35:*.xcf=01;35:*.xwd=01;35:*.yuv=01;35:*.cgm=01;35:*.emf=01;35:*.ogv=01;35:*.ogx=01;35:*.aac=00;36:*.au=00;36:*.flac=00;36:*.m4a=00;36:*.mid=00;36:*.midi=00;36:*.mka=00;36:*.mp3=00;36:*.mpc=00;36:*.ogg=00;36:*.ra=00;36:*.wav=00;36:*.oga=00;36:*.opus=00;36:*.spx=00;36:*.xspf=00;36:'), ('GNOME_TERMINAL_SERVICE', ':1.100'), ('SSH_AGENT_LAUNCHER', 'gnome-keyring'), ('SSH_AUTH_SOCK', '/run/user/1000/keyring/ssh'), ('AMENT_PREFIX_PATH', '/home/rudra/ros2_ws/install/talker_listener:/home/rudra/ros2_ws/install/first_pkg:/opt/ros/humble'), ('SHELL', '/bin/bash'), ('QT_ACCESSIBILITY', '1'), ('GDMSESSION', 'ubuntu'), ('LESSCLOSE', '/usr/bin/lesspipe %s %s'), ('GPG_AGENT_INFO', '/run/user/1000/gnupg/S.gpg-agent:0:1'), ('QT_IM_MODULE', 'ibus'), ('ANTIGRAVITY_TRAJECTORY_ID', '3183b18d-285a-4b51-b0b2-f82456eef89c'), ('PWD', '/home/rudra/custom_flightmode/build/px4_msgs'), ('VSCODE_CLI', '1'), ('LC_ALL', 'en_US.UTF-8'), ('XDG_CONFIG_DIRS', '/etc/xdg/xdg-ubuntu:/etc/xdg'), ('VSCODE_CODE_CACHE_PATH', '/home/rudra/.config/Antigravity/CachedData/15487b3041e65228cae24980a3f796c905ef582c'), ('NVM_CD_FLAGS', ''), ('XDG_DATA_DIRS', '/usr/share/ubuntu:/usr/share/gnome:/usr/local/share/:/usr/share/:/var/lib/snapd/desktop'), ('PYTHONPATH', '/home/rudra/ros2_ws/install/talker_listener/lib/python3.10/site-packages:/home/rudra/ros2_ws/install/first_pkg/lib/python3.10/site-packages:/opt/ros/humble/lib/python3.10/site-packages:/opt/ros/humble/local/lib/python3.10/dist-packages'), ('COLCON', '1'), ('VTE_VERSION', '6800'), ('ELECTRON_NO_ATTACH_CONSOLE', '1'), ('VSCODE_PID', '19372'), ('CMAKE_PREFIX_PATH', '/home/rudra/ros2_ws/install/talker_listener:/home/rudra/ros2_ws/install/first_pkg:/opt/ros/humble')]), 'shell': False}
[0.099794] (-) TimerEvent: {}
[0.200088] (-) TimerEvent: {}
[0.300418] (-) TimerEvent: {}
[0.400784] (-) TimerEvent: {}
[0.501244] (-) TimerEvent: {}
[0.601698] (-) TimerEvent: {}
[0.701993] (-) TimerEvent: {}
[0.802807] (-) TimerEvent: {}
[0.828957] (px4_msgs) StdoutLine: {'line': b'[  1%] Built target px4_msgs__rs\n'}
[0.862623] (px4_msgs) StdoutLine: {'line': b'[  1%] Built target px4_msgs__cpp\n'}
[0.902896] (-) TimerEvent: {}
[0.908786] (px4_msgs) StdoutLine: {'line': b'[ 13%] Built target px4_msgs__rosidl_generator_c\n'}
[0.997041] (px4_msgs) StdoutLine: {'line': b'[ 26%] Built target px4_msgs__rosidl_typesupport_c\n'}
[1.003007] (-) TimerEvent: {}
[1.007076] (px4_msgs) StdoutLine: {'line': b'[ 38%] Built target px4_msgs__rosidl_typesupport_cpp\n'}
[1.009428] (px4_msgs) StdoutLine: {'line': b'[ 38%] Built target ament_cmake_python_copy_px4_msgs\n'}
[1.027256] (px4_msgs) StdoutLine: {'line': b'[ 51%] Built target px4_msgs__rosidl_typesupport_introspection_c\n'}
[1.051025] (px4_msgs) StdoutLine: {'line': b'[ 63%] Built target px4_msgs__rosidl_typesupport_fastrtps_cpp\n'}
[1.051650] (px4_msgs) StdoutLine: {'line': b'[ 75%] Built target px4_msgs__rosidl_typesupport_introspection_cpp\n'}
[1.078649] (px4_msgs) StdoutLine: {'line': b'[ 88%] Built target px4_msgs__rosidl_typesupport_fastrtps_c\n'}
[1.101528] (px4_msgs) StdoutLine: {'line': b'[ 88%] Built target px4_msgs\n'}
[1.103074] (-) TimerEvent: {}
[1.140884] (px4_msgs) StdoutLine: {'line': b'[ 88%] Built target px4_msgs__py\n'}
[1.203170] (-) TimerEvent: {}
[1.238604] (px4_msgs) StdoutLine: {'line': b'running egg_info\n'}
[1.259484] (px4_msgs) StdoutLine: {'line': b'writing px4_msgs.egg-info/PKG-INFO\n'}
[1.260102] (px4_msgs) StdoutLine: {'line': b'writing dependency_links to px4_msgs.egg-info/dependency_links.txt\n'}
[1.260451] (px4_msgs) StdoutLine: {'line': b'writing top-level names to px4_msgs.egg-info/top_level.txt\n'}
[1.269617] (px4_msgs) StdoutLine: {'line': b'[100%] Built target px4_msgs__rosidl_generator_py\n'}
[1.303398] (px4_msgs) StdoutLine: {'line': b'[100%] Built target px4_msgs__rosidl_typesupport_introspection_c__pyext\n'}
[1.303686] (-) TimerEvent: {}
[1.303994] (px4_msgs) StdoutLine: {'line': b'[100%] Built target px4_msgs__rosidl_typesupport_c__pyext\n'}
[1.304134] (px4_msgs) StdoutLine: {'line': b'[100%] Built target px4_msgs__rosidl_typesupport_fastrtps_c__pyext\n'}
[1.322929] (px4_msgs) StdoutLine: {'line': b"reading manifest file 'px4_msgs.egg-info/SOURCES.txt'\n"}
[1.328461] (px4_msgs) StdoutLine: {'line': b"writing manifest file 'px4_msgs.egg-info/SOURCES.txt'\n"}
[1.362066] (px4_msgs) StdoutLine: {'line': b'[100%] Built target ament_cmake_python_build_px4_msgs_egg\n'}
[1.379939] (px4_msgs) CommandEnded: {'returncode': 0}
[1.381003] (px4_msgs) JobProgress: {'identifier': 'px4_msgs', 'progress': 'install'}
[1.390593] (px4_msgs) Command: {'cmd': ['/usr/bin/cmake', '--install', '/home/rudra/custom_flightmode/build/px4_msgs'], 'cwd': '/home/rudra/custom_flightmode/build/px4_msgs', 'env': OrderedDict([('LESSOPEN', '| /usr/bin/lesspipe %s'), ('VSCODE_CWD', '/home/rudra/custom_flightmode'), ('LANGUAGE', 'en_IN:en'), ('USER', 'rudra'), ('VSCODE_NLS_CONFIG', '{"userLocale":"en-gb","osLocale":"en-in","resolvedLanguage":"en","defaultMessagesFile":"/usr/share/antigravity/resources/app/out/nls.messages.json","locale":"en-gb","availableLanguages":{}}'), ('XDG_SESSION_TYPE', 'x11'), ('SHLVL', '1'), ('LD_LIBRARY_PATH', '/opt/ros/humble/opt/rviz_ogre_vendor/lib:/opt/ros/humble/lib/x86_64-linux-gnu:/opt/ros/humble/lib'), ('HOME', '/home/rudra'), ('CHROME_DESKTOP', 'antigravity.desktop'), ('OLDPWD', '/home/rudra'), ('DESKTOP_SESSION', 'ubuntu'), ('NVM_BIN', '/home/rudra/.nvm/versions/node/v24.16.0/bin'), ('NVM_INC', '/home/rudra/.nvm/versions/node/v24.16.0/include/node'), ('VSCODE_IPC_HOOK', '/run/user/1000/vscode-386ead39-1.10-main.sock'), ('ROS_PYTHON_VERSION', '3'), ('GNOME_SHELL_SESSION_MODE', 'ubuntu'), ('GTK_MODULES', 'gail:atk-bridge'), ('PAGER', 'cat'), ('SYSTEMD_EXEC_PID', '2630'), ('DBUS_SESSION_BUS_ADDRESS', 'unix:path=/run/user/1000/bus'), ('COLORTERM', 'truecolor'), ('ANTIGRAVITY_AGENT', '1'), ('NVM_DIR', '/home/rudra/.nvm'), ('COLCON_PREFIX_PATH', '/home/rudra/ros2_ws/install'), ('ROS_DISTRO', 'humble'), ('GTK_IM_MODULE', 'ibus'), ('LOGNAME', 'rudra'), ('_', '/usr/bin/colcon'), ('ROS_VERSION', '2'), ('XDG_SESSION_CLASS', 'user'), ('USERNAME', 'rudra'), ('TERM', 'dumb'), ('GNOME_DESKTOP_SESSION_ID', 'this-is-deprecated'), ('FC_FONTATIONS', '1'), ('ROS_LOCALHOST_ONLY', '0'), ('WINDOWPATH', '2'), ('ANTIGRAVITY_EDITOR_APP_ROOT', '/usr/share/antigravity/resources/app'), ('PATH', '/home/rudra/.nvm/versions/node/v24.16.0/bin:/opt/ros/humble/bin:/usr/lib/ccache:/home/rudra/ardupilot/Tools/autotest:/opt/gcc-arm-none-eabi-10-2020-q4-major/bin:/home/rudra/.local/bin:/usr/local/sbin:/usr/local/bin:/usr/sbin:/usr/bin:/sbin:/bin:/usr/games:/usr/local/games:/snap/bin:/snap/bin:/opt/xtensa-esp-elf/bin/'), ('SESSION_MANAGER', 'local/victus:@/tmp/.ICE-unix/2603,unix/victus:/tmp/.ICE-unix/2603'), ('XDG_MENU_PREFIX', 'gnome-'), ('GNOME_TERMINAL_SCREEN', '/org/gnome/Terminal/screen/9e5e8198_95fc_457d_b6a0_dd0c8f0a091a'), ('XDG_RUNTIME_DIR', '/run/user/1000'), ('GDK_BACKEND', 'x11'), ('DISPLAY', ':1'), ('LANG', 'en_US.UTF-8'), ('XDG_CURRENT_DESKTOP', 'ubuntu:GNOME'), ('XMODIFIERS', '@im=ibus'), ('XDG_SESSION_DESKTOP', 'ubuntu'), ('XAUTHORITY', '/run/user/1000/gdm/Xauthority'), ('LS_COLORS', 'rs=0:di=01;34:ln=01;36:mh=00:pi=40;33:so=01;35:do=01;35:bd=40;33;01:cd=40;33;01:or=40;31;01:mi=00:su=37;41:sg=30;43:ca=30;41:tw=30;42:ow=34;42:st=37;44:ex=01;32:*.tar=01;31:*.tgz=01;31:*.arc=01;31:*.arj=01;31:*.taz=01;31:*.lha=01;31:*.lz4=01;31:*.lzh=01;31:*.lzma=01;31:*.tlz=01;31:*.txz=01;31:*.tzo=01;31:*.t7z=01;31:*.zip=01;31:*.z=01;31:*.dz=01;31:*.gz=01;31:*.lrz=01;31:*.lz=01;31:*.lzo=01;31:*.xz=01;31:*.zst=01;31:*.tzst=01;31:*.bz2=01;31:*.bz=01;31:*.tbz=01;31:*.tbz2=01;31:*.tz=01;31:*.deb=01;31:*.rpm=01;31:*.jar=01;31:*.war=01;31:*.ear=01;31:*.sar=01;31:*.rar=01;31:*.alz=01;31:*.ace=01;31:*.zoo=01;31:*.cpio=01;31:*.7z=01;31:*.rz=01;31:*.cab=01;31:*.wim=01;31:*.swm=01;31:*.dwm=01;31:*.esd=01;31:*.jpg=01;35:*.jpeg=01;35:*.mjpg=01;35:*.mjpeg=01;35:*.gif=01;35:*.bmp=01;35:*.pbm=01;35:*.pgm=01;35:*.ppm=01;35:*.tga=01;35:*.xbm=01;35:*.xpm=01;35:*.tif=01;35:*.tiff=01;35:*.png=01;35:*.svg=01;35:*.svgz=01;35:*.mng=01;35:*.pcx=01;35:*.mov=01;35:*.mpg=01;35:*.mpeg=01;35:*.m2v=01;35:*.mkv=01;35:*.webm=01;35:*.webp=01;35:*.ogm=01;35:*.mp4=01;35:*.m4v=01;35:*.mp4v=01;35:*.vob=01;35:*.qt=01;35:*.nuv=01;35:*.wmv=01;35:*.asf=01;35:*.rm=01;35:*.rmvb=01;35:*.flc=01;35:*.avi=01;35:*.fli=01;35:*.flv=01;35:*.gl=01;35:*.dl=01;35:*.xcf=01;35:*.xwd=01;35:*.yuv=01;35:*.cgm=01;35:*.emf=01;35:*.ogv=01;35:*.ogx=01;35:*.aac=00;36:*.au=00;36:*.flac=00;36:*.m4a=00;36:*.mid=00;36:*.midi=00;36:*.mka=00;36:*.mp3=00;36:*.mpc=00;36:*.ogg=00;36:*.ra=00;36:*.wav=00;36:*.oga=00;36:*.opus=00;36:*.spx=00;36:*.xspf=00;36:'), ('GNOME_TERMINAL_SERVICE', ':1.100'), ('SSH_AGENT_LAUNCHER', 'gnome-keyring'), ('SSH_AUTH_SOCK', '/run/user/1000/keyring/ssh'), ('AMENT_PREFIX_PATH', '/home/rudra/ros2_ws/install/talker_listener:/home/rudra/ros2_ws/install/first_pkg:/opt/ros/humble'), ('SHELL', '/bin/bash'), ('QT_ACCESSIBILITY', '1'), ('GDMSESSION', 'ubuntu'), ('LESSCLOSE', '/usr/bin/lesspipe %s %s'), ('GPG_AGENT_INFO', '/run/user/1000/gnupg/S.gpg-agent:0:1'), ('QT_IM_MODULE', 'ibus'), ('ANTIGRAVITY_TRAJECTORY_ID', '3183b18d-285a-4b51-b0b2-f82456eef89c'), ('PWD', '/home/rudra/custom_flightmode/build/px4_msgs'), ('VSCODE_CLI', '1'), ('LC_ALL', 'en_US.UTF-8'), ('XDG_CONFIG_DIRS', '/etc/xdg/xdg-ubuntu:/etc/xdg'), ('VSCODE_CODE_CACHE_PATH', '/home/rudra/.config/Antigravity/CachedData/15487b3041e65228cae24980a3f796c905ef582c'), ('NVM_CD_FLAGS', ''), ('XDG_DATA_DIRS', '/usr/share/ubuntu:/usr/share/gnome:/usr/local/share/:/usr/share/:/var/lib/snapd/desktop'), ('PYTHONPATH', '/home/rudra/ros2_ws/install/talker_listener/lib/python3.10/site-packages:/home/rudra/ros2_ws/install/first_pkg/lib/python3.10/site-packages:/opt/ros/humble/lib/python3.10/site-packages:/opt/ros/humble/local/lib/python3.10/dist-packages'), ('COLCON', '1'), ('VTE_VERSION', '6800'), ('ELECTRON_NO_ATTACH_CONSOLE', '1'), ('VSCODE_PID', '19372'), ('CMAKE_PREFIX_PATH', '/home/rudra/ros2_ws/install/talker_listener:/home/rudra/ros2_ws/install/first_pkg:/opt/ros/humble')]), 'shell': False}
[1.404590] (-) TimerEvent: {}
[1.407680] (px4_msgs) StdoutLine: {'line': b'-- Install configuration: ""\n'}
[1.407930] (px4_msgs) StdoutLine: {'line': b'-- Up-to-date: /home/rudra/custom_flightmode/install/px4_msgs/share/ament_index/resource_index/rosidl_interfaces/px4_msgs\n'}
[1.408159] (px4_msgs) StdoutLine: {'line': b'-- Up-to-date: /home/rudra/custom_flightmode/install/px4_msgs/include/px4_msgs/px4_msgs\n'}
[1.408285] (px4_msgs) StdoutLine: {'line': b'-- Up-to-date: /home/rudra/custom_flightmode/install/px4_msgs/include/px4_msgs/px4_msgs/srv\n'}
[1.408369] (px4_msgs) StdoutLine: {'line': b'-- Up-to-date: /home/rudra/custom_flightmode/install/px4_msgs/include/px4_msgs/px4_msgs/srv/vehicle_command.h\n'}
[1.408437] (px4_msgs) StdoutLine: {'line': b'-- Up-to-date: /home/rudra/custom_flightmode/install/px4_msgs/include/px4_msgs/px4_msgs/srv/detail\n'}
[1.408554] (px4_msgs) StdoutLine: {'line': b'-- Up-to-date: /home/rudra/custom_flightmode/install/px4_msgs/include/px4_msgs/px4_msgs/srv/detail/vehicle_command__functions.c\n'}
[1.408668] (px4_msgs) StdoutLine: {'line': b'-- Up-to-date: /home/rudra/custom_flightmode/install/px4_msgs/include/px4_msgs/px4_msgs/srv/detail/vehicle_command__struct.h\n'}
[1.408720] (px4_msgs) StdoutLine: {'line': b'-- Up-to-date: /home/rudra/custom_flightmode/install/px4_msgs/include/px4_msgs/px4_msgs/srv/detail/vehicle_command__functions.h\n'}
[1.408766] (px4_msgs) StdoutLine: {'line': b'-- Up-to-date: /home/rudra/custom_flightmode/install/px4_msgs/include/px4_msgs/px4_msgs/srv/detail/vehicle_command__type_support.h\n'}
[1.408810] (px4_msgs) StdoutLine: {'line': b'-- Up-to-date: /home/rudra/custom_flightmode/install/px4_msgs/include/px4_msgs/px4_msgs/msg\n'}
[1.409087] (px4_msgs) StdoutLine: {'line': b'-- Up-to-date: /home/rudra/custom_flightmode/install/px4_msgs/include/px4_msgs/px4_msgs/msg/sensor_uwb.h\n'}
[1.409161] (px4_msgs) StdoutLine: {'line': b'-- Up-to-date: /home/rudra/custom_flightmode/install/px4_msgs/include/px4_msgs/px4_msgs/msg/actuator_test.h\n'}
[1.409234] (px4_msgs) StdoutLine: {'line': b'-- Up-to-date: /home/rudra/custom_flightmode/install/px4_msgs/include/px4_msgs/px4_msgs/msg/fiducial_marker_yaw_report.h\n'}
[1.409331] (px4_msgs) StdoutLine: {'line': b'-- Up-to-date: /home/rudra/custom_flightmode/install/px4_msgs/include/px4_msgs/px4_msgs/msg/gpio_out.h\n'}
[1.409383] (px4_msgs) StdoutLine: {'line': b'-- Up-to-date: /home/rudra/custom_flightmode/install/px4_msgs/include/px4_msgs/px4_msgs/msg/landing_target_innovations.h\n'}
[1.409433] (px4_msgs) StdoutLine: {'line': b'-- Up-to-date: /home/rudra/custom_flightmode/install/px4_msgs/include/px4_msgs/px4_msgs/msg/vte_position.h\n'}
[1.409534] (px4_msgs) StdoutLine: {'line': b'-- Up-to-date: /home/rudra/custom_flightmode/install/px4_msgs/include/px4_msgs/px4_msgs/msg/uavcan_parameter_value.h\n'}
[1.409611] (px4_msgs) StdoutLine: {'line': b'-- Up-to-date: /home/rudra/custom_flightmode/install/px4_msgs/include/px4_msgs/px4_msgs/msg/raptor_input.h\n'}
[1.409661] (px4_msgs) StdoutLine: {'line': b'-- Up-to-date: /home/rudra/custom_flightmode/install/px4_msgs/include/px4_msgs/px4_msgs/msg/vehicle_angular_velocity.h\n'}
[1.409710] (px4_msgs) StdoutLine: {'line': b'-- Up-to-date: /home/rudra/custom_flightmode/install/px4_msgs/include/px4_msgs/px4_msgs/msg/parameter_set_value_response.h\n'}
[1.409758] (px4_msgs) StdoutLine: {'line': b'-- Up-to-date: /home/rudra/custom_flightmode/install/px4_msgs/include/px4_msgs/px4_msgs/msg/ulog_stream.h\n'}
[1.409806] (px4_msgs) StdoutLine: {'line': b'-- Up-to-date: /home/rudra/custom_flightmode/install/px4_msgs/include/px4_msgs/px4_msgs/msg/parameter_set_used_request.h\n'}
[1.409856] (px4_msgs) StdoutLine: {'line': b'-- Up-to-date: /home/rudra/custom_flightmode/install/px4_msgs/include/px4_msgs/px4_msgs/msg/parameter_update.h\n'}
[1.409928] (px4_msgs) StdoutLine: {'line': b'-- Up-to-date: /home/rudra/custom_flightmode/install/px4_msgs/include/px4_msgs/px4_msgs/msg/geofence_result.h\n'}
[1.410058] (px4_msgs) StdoutLine: {'line': b'-- Up-to-date: /home/rudra/custom_flightmode/install/px4_msgs/include/px4_msgs/px4_msgs/msg/estimator_innovations.h\n'}
[1.410206] (px4_msgs) StdoutLine: {'line': b'-- Up-to-date: /home/rudra/custom_flightmode/install/px4_msgs/include/px4_msgs/px4_msgs/msg/home_position.h\n'}
[1.410290] (px4_msgs) StdoutLine: {'line': b'-- Up-to-date: /home/rudra/custom_flightmode/install/px4_msgs/include/px4_msgs/px4_msgs/msg/landing_gear.h\n'}
[1.410342] (px4_msgs) StdoutLine: {'line': b'-- Up-to-date: /home/rudra/custom_flightmode/install/px4_msgs/include/px4_msgs/px4_msgs/msg/vte_bias_init_status.h\n'}
[1.410390] (px4_msgs) StdoutLine: {'line': b'-- Up-to-date: /home/rudra/custom_flightmode/install/px4_msgs/include/px4_msgs/px4_msgs/msg/sensor_gps.h\n'}
[1.410497] (px4_msgs) StdoutLine: {'line': b'-- Up-to-date: /home/rudra/custom_flightmode/install/px4_msgs/include/px4_msgs/px4_msgs/msg/ulog_stream_ack.h\n'}
[1.410550] (px4_msgs) StdoutLine: {'line': b'-- Up-to-date: /home/rudra/custom_flightmode/install/px4_msgs/include/px4_msgs/px4_msgs/msg/orb_test.h\n'}
[1.410616] (px4_msgs) StdoutLine: {'line': b'-- Up-to-date: /home/rudra/custom_flightmode/install/px4_msgs/include/px4_msgs/px4_msgs/msg/sensor_gnss_relative.h\n'}
[1.410668] (px4_msgs) StdoutLine: {'line': b'-- Up-to-date: /home/rudra/custom_flightmode/install/px4_msgs/include/px4_msgs/px4_msgs/msg/fixed_wing_longitudinal_setpoint.h\n'}
[1.410717] (px4_msgs) StdoutLine: {'line': b'-- Up-to-date: /home/rudra/custom_flightmode/install/px4_msgs/include/px4_msgs/px4_msgs/msg/estimator_aid_source1d.h\n'}
[1.410763] (px4_msgs) StdoutLine: {'line': b'-- Up-to-date: /home/rudra/custom_flightmode/install/px4_msgs/include/px4_msgs/px4_msgs/msg/gimbal_device_information.h\n'}
[1.410809] (px4_msgs) StdoutLine: {'line': b'-- Up-to-date: /home/rudra/custom_flightmode/install/px4_msgs/include/px4_msgs/px4_msgs/msg/vehicle_status.h\n'}
[1.410853] (px4_msgs) StdoutLine: {'line': b'-- Up-to-date: /home/rudra/custom_flightmode/install/px4_msgs/include/px4_msgs/px4_msgs/msg/gimbal_manager_set_manual_control.h\n'}
[1.410902] (px4_msgs) StdoutLine: {'line': b'-- Up-to-date: /home/rudra/custom_flightmode/install/px4_msgs/include/px4_msgs/px4_msgs/msg/ranging_beacon.h\n'}
[1.410948] (px4_msgs) StdoutLine: {'line': b'-- Up-to-date: /home/rudra/custom_flightmode/install/px4_msgs/include/px4_msgs/px4_msgs/msg/distance_sensor_mode_change_request.h\n'}
[1.410993] (px4_msgs) StdoutLine: {'line': b'-- Up-to-date: /home/rudra/custom_flightmode/install/px4_msgs/include/px4_msgs/px4_msgs/msg/ping.h\n'}
[1.411038] (px4_msgs) StdoutLine: {'line': b'-- Up-to-date: /home/rudra/custom_flightmode/install/px4_msgs/include/px4_msgs/px4_msgs/msg/sensors_status_imu.h\n'}
[1.411083] (px4_msgs) StdoutLine: {'line': b'-- Up-to-date: /home/rudra/custom_flightmode/install/px4_msgs/include/px4_msgs/px4_msgs/msg/sensor_baro.h\n'}
[1.411127] (px4_msgs) StdoutLine: {'line': b'-- Up-to-date: /home/rudra/custom_flightmode/install/px4_msgs/include/px4_msgs/px4_msgs/msg/landing_gear_wheel.h\n'}
[1.411196] (px4_msgs) StdoutLine: {'line': b'-- Up-to-date: /home/rudra/custom_flightmode/install/px4_msgs/include/px4_msgs/px4_msgs/msg/position_setpoint_triplet.h\n'}
[1.411325] (px4_msgs) StdoutLine: {'line': b'-- Up-to-date: /home/rudra/custom_flightmode/install/px4_msgs/include/px4_msgs/px4_msgs/msg/logger_status.h\n'}
[1.411375] (px4_msgs) StdoutLine: {'line': b'-- Up-to-date: /home/rudra/custom_flightmode/install/px4_msgs/include/px4_msgs/px4_msgs/msg/uavcan_parameter_request.h\n'}
[1.411420] (px4_msgs) StdoutLine: {'line': b'-- Up-to-date: /home/rudra/custom_flightmode/install/px4_msgs/include/px4_msgs/px4_msgs/msg/fixed_wing_lateral_guidance_status.h\n'}
[1.411464] (px4_msgs) StdoutLine: {'line': b'-- Up-to-date: /home/rudra/custom_flightmode/install/px4_msgs/include/px4_msgs/px4_msgs/msg/vehicle_command.h\n'}
[1.411574] (px4_msgs) StdoutLine: {'line': b'-- Up-to-date: /home/rudra/custom_flightmode/install/px4_msgs/include/px4_msgs/px4_msgs/msg/navigator_mission_item.h\n'}
[1.411656] (px4_msgs) StdoutLine: {'line': b'-- Up-to-date: /home/rudra/custom_flightmode/install/px4_msgs/include/px4_msgs/px4_msgs/msg/target_gnss.h\n'}
[1.411707] (px4_msgs) StdoutLine: {'line': b'-- Up-to-date: /home/rudra/custom_flightmode/install/px4_msgs/include/px4_msgs/px4_msgs/msg/estimator_status.h\n'}
[1.411755] (px4_msgs) StdoutLine: {'line': b'-- Up-to-date: /home/rudra/custom_flightmode/install/px4_msgs/include/px4_msgs/px4_msgs/msg/vehicle_imu_status.h\n'}
[1.411800] (px4_msgs) StdoutLine: {'line': b'-- Up-to-date: /home/rudra/custom_flightmode/install/px4_msgs/include/px4_msgs/px4_msgs/msg/position_setpoint.h\n'}
[1.411869] (px4_msgs) StdoutLine: {'line': b'-- Up-to-date: /home/rudra/custom_flightmode/install/px4_msgs/include/px4_msgs/px4_msgs/msg/onboard_computer_status.h\n'}
[1.411922] (px4_msgs) StdoutLine: {'line': b'-- Up-to-date: /home/rudra/custom_flightmode/install/px4_msgs/include/px4_msgs/px4_msgs/msg/vte_input.h\n'}
[1.411968] (px4_msgs) StdoutLine: {'line': b'-- Up-to-date: /home/rudra/custom_flightmode/install/px4_msgs/include/px4_msgs/px4_msgs/msg/mission_result.h\n'}
[1.412010] (px4_msgs) StdoutLine: {'line': b'-- Up-to-date: /home/rudra/custom_flightmode/install/px4_msgs/include/px4_msgs/px4_msgs/msg/vehicle_magnetometer.h\n'}
[1.412146] (px4_msgs) StdoutLine: {'line': b'-- Up-to-date: /home/rudra/custom_flightmode/install/px4_msgs/include/px4_msgs/px4_msgs/msg/setpoint_config.h\n'}
[1.412228] (px4_msgs) StdoutLine: {'line': b'-- Up-to-date: /home/rudra/custom_flightmode/install/px4_msgs/include/px4_msgs/px4_msgs/msg/control_allocator_status.h\n'}
[1.412302] (px4_msgs) StdoutLine: {'line': b'-- Up-to-date: /home/rudra/custom_flightmode/install/px4_msgs/include/px4_msgs/px4_msgs/msg/estimator_aid_source2d.h\n'}
[1.412372] (px4_msgs) StdoutLine: {'line': b'-- Up-to-date: /home/rudra/custom_flightmode/install/px4_msgs/include/px4_msgs/px4_msgs/msg/register_ext_component_reply.h\n'}
[1.412439] (px4_msgs) StdoutLine: {'line': b'-- Up-to-date: /home/rudra/custom_flightmode/install/px4_msgs/include/px4_msgs/px4_msgs/msg/sensor_gyro.h\n'}
[1.412597] (px4_msgs) StdoutLine: {'line': b'-- Up-to-date: /home/rudra/custom_flightmode/install/px4_msgs/include/px4_msgs/px4_msgs/msg/obstacle_distance.h\n'}
[1.412680] (px4_msgs) StdoutLine: {'line': b'-- Up-to-date: /home/rudra/custom_flightmode/install/px4_msgs/include/px4_msgs/px4_msgs/msg/vte_aid_source3d.h\n'}
[1.412735] (px4_msgs) StdoutLine: {'line': b'-- Up-to-date: /home/rudra/custom_flightmode/install/px4_msgs/include/px4_msgs/px4_msgs/msg/battery_info.h\n'}
[1.412785] (px4_msgs) StdoutLine: {'line': b'-- Up-to-date: /home/rudra/custom_flightmode/install/px4_msgs/include/px4_msgs/px4_msgs/msg/sensor_optical_flow.h\n'}
[1.412833] (px4_msgs) StdoutLine: {'line': b'-- Up-to-date: /home/rudra/custom_flightmode/install/px4_msgs/include/px4_msgs/px4_msgs/msg/cpuload.h\n'}
[1.412880] (px4_msgs) StdoutLine: {'line': b'-- Up-to-date: /home/rudra/custom_flightmode/install/px4_msgs/include/px4_msgs/px4_msgs/msg/message_format_request.h\n'}
[1.412925] (px4_msgs) StdoutLine: {'line': b'-- Up-to-date: /home/rudra/custom_flightmode/install/px4_msgs/include/px4_msgs/px4_msgs/msg/fixed_wing_lateral_setpoint.h\n'}
[1.412971] (px4_msgs) StdoutLine: {'line': b'-- Up-to-date: /home/rudra/custom_flightmode/install/px4_msgs/include/px4_msgs/px4_msgs/msg/vehicle_roi.h\n'}
[1.413016] (px4_msgs) StdoutLine: {'line': b'-- Up-to-date: /home/rudra/custom_flightmode/install/px4_msgs/include/px4_msgs/px4_msgs/msg/navigator_status.h\n'}
[1.413062] (px4_msgs) StdoutLine: {'line': b'-- Up-to-date: /home/rudra/custom_flightmode/install/px4_msgs/include/px4_msgs/px4_msgs/msg/sensors_status.h\n'}
[1.413107] (px4_msgs) StdoutLine: {'line': b'-- Up-to-date: /home/rudra/custom_flightmode/install/px4_msgs/include/px4_msgs/px4_msgs/msg/airspeed_validated.h\n'}
[1.413150] (px4_msgs) StdoutLine: {'line': b'-- Up-to-date: /home/rudra/custom_flightmode/install/px4_msgs/include/px4_msgs/px4_msgs/msg/flight_phase_estimation.h\n'}
[1.413194] (px4_msgs) StdoutLine: {'line': b'-- Up-to-date: /home/rudra/custom_flightmode/install/px4_msgs/include/px4_msgs/px4_msgs/msg/gimbal_device_set_attitude.h\n'}
[1.413237] (px4_msgs) StdoutLine: {'line': b'-- Up-to-date: /home/rudra/custom_flightmode/install/px4_msgs/include/px4_msgs/px4_msgs/msg/arming_check_reply.h\n'}
[1.413280] (px4_msgs) StdoutLine: {'line': b'-- Up-to-date: /home/rudra/custom_flightmode/install/px4_msgs/include/px4_msgs/px4_msgs/msg/normalized_unsigned_setpoint.h\n'}
[1.413327] (px4_msgs) StdoutLine: {'line': b'-- Up-to-date: /home/rudra/custom_flightmode/install/px4_msgs/include/px4_msgs/px4_msgs/msg/failure_injection.h\n'}
[1.413373] (px4_msgs) StdoutLine: {'line': b'-- Up-to-date: /home/rudra/custom_flightmode/install/px4_msgs/include/px4_msgs/px4_msgs/msg/open_drone_id_self_id.h\n'}
[1.413420] (px4_msgs) StdoutLine: {'line': b'-- Up-to-date: /home/rudra/custom_flightmode/install/px4_msgs/include/px4_msgs/px4_msgs/msg/airspeed.h\n'}
[1.413640] (px4_msgs) StdoutLine: {'line': b'-- Up-to-date: /home/rudra/custom_flightmode/install/px4_msgs/include/px4_msgs/px4_msgs/msg/rc_channels.h\n'}
[1.413741] (px4_msgs) StdoutLine: {'line': b'-- Up-to-date: /home/rudra/custom_flightmode/install/px4_msgs/include/px4_msgs/px4_msgs/msg/radio_status.h\n'}
[1.413799] (px4_msgs) StdoutLine: {'line': b'-- Up-to-date: /home/rudra/custom_flightmode/install/px4_msgs/include/px4_msgs/px4_msgs/msg/longitudinal_control_configuration.h\n'}
[1.413884] (px4_msgs) StdoutLine: {'line': b'-- Up-to-date: /home/rudra/custom_flightmode/install/px4_msgs/include/px4_msgs/px4_msgs/msg/camera_trigger.h\n'}
[1.413977] (px4_msgs) StdoutLine: {'line': b'-- Up-to-date: /home/rudra/custom_flightmode/install/px4_msgs/include/px4_msgs/px4_msgs/msg/gpio_request.h\n'}
[1.414062] (px4_msgs) StdoutLine: {'line': b'-- Up-to-date: /home/rudra/custom_flightmode/install/px4_msgs/include/px4_msgs/px4_msgs/msg/battery_status.h\n'}
[1.414115] (px4_msgs) StdoutLine: {'line': b'-- Up-to-date: /home/rudra/custom_flightmode/install/px4_msgs/include/px4_msgs/px4_msgs/msg/detect_and_avoid.h\n'}
[1.414161] (px4_msgs) StdoutLine: {'line': b'-- Up-to-date: /home/rudra/custom_flightmode/install/px4_msgs/include/px4_msgs/px4_msgs/msg/dataman_request.h\n'}
[1.414208] (px4_msgs) StdoutLine: {'line': b'-- Up-to-date: /home/rudra/custom_flightmode/install/px4_msgs/include/px4_msgs/px4_msgs/msg/velocity_limits.h\n'}
[1.414254] (px4_msgs) StdoutLine: {'line': b'-- Up-to-date: /home/rudra/custom_flightmode/install/px4_msgs/include/px4_msgs/px4_msgs/msg/collision_constraints.h\n'}
[1.414300] (px4_msgs) StdoutLine: {'line': b'-- Up-to-date: /home/rudra/custom_flightmode/install/px4_msgs/include/px4_msgs/px4_msgs/msg/button_event.h\n'}
[1.414346] (px4_msgs) StdoutLine: {'line': b'-- Up-to-date: /home/rudra/custom_flightmode/install/px4_msgs/include/px4_msgs/px4_msgs/msg/mode_completed.h\n'}
[1.414392] (px4_msgs) StdoutLine: {'line': b'-- Up-to-date: /home/rudra/custom_flightmode/install/px4_msgs/include/px4_msgs/px4_msgs/msg/rosidl_generator_c__visibility_control.h\n'}
[1.414436] (px4_msgs) StdoutLine: {'line': b'-- Up-to-date: /home/rudra/custom_flightmode/install/px4_msgs/include/px4_msgs/px4_msgs/msg/message_format_response.h\n'}
[1.414515] (px4_msgs) StdoutLine: {'line': b'-- Up-to-date: /home/rudra/custom_flightmode/install/px4_msgs/include/px4_msgs/px4_msgs/msg/estimator_bias.h\n'}
[1.414671] (px4_msgs) StdoutLine: {'line': b'-- Up-to-date: /home/rudra/custom_flightmode/install/px4_msgs/include/px4_msgs/px4_msgs/msg/geofence_status.h\n'}
[1.414774] (px4_msgs) StdoutLine: {'line': b'-- Up-to-date: /home/rudra/custom_flightmode/install/px4_msgs/include/px4_msgs/px4_msgs/msg/fixed_wing_lateral_status.h\n'}
[1.414865] (px4_msgs) StdoutLine: {'line': b'-- Up-to-date: /home/rudra/custom_flightmode/install/px4_msgs/include/px4_msgs/px4_msgs/msg/vehicle_imu.h\n'}
[1.414921] (px4_msgs) StdoutLine: {'line': b'-- Up-to-date: /home/rudra/custom_flightmode/install/px4_msgs/include/px4_msgs/px4_msgs/msg/rover_speed_status.h\n'}
[1.414993] (px4_msgs) StdoutLine: {'line': b'-- Up-to-date: /home/rudra/custom_flightmode/install/px4_msgs/include/px4_msgs/px4_msgs/msg/magnetometer_bias_estimate.h\n'}
[1.415053] (px4_msgs) StdoutLine: {'line': b'-- Up-to-date: /home/rudra/custom_flightmode/install/px4_msgs/include/px4_msgs/px4_msgs/msg/fiducial_marker_pos_report.h\n'}
[1.415100] (px4_msgs) StdoutLine: {'line': b'-- Up-to-date: /home/rudra/custom_flightmode/install/px4_msgs/include/px4_msgs/px4_msgs/msg/sensor_selection.h\n'}
[1.415156] (px4_msgs) StdoutLine: {'line': b'-- Up-to-date: /home/rudra/custom_flightmode/install/px4_msgs/include/px4_msgs/px4_msgs/msg/gpio_config.h\n'}
[1.415207] (px4_msgs) StdoutLine: {'line': b'-- Up-to-date: /home/rudra/custom_flightmode/install/px4_msgs/include/px4_msgs/px4_msgs/msg/adc_report.h\n'}
[1.415257] (px4_msgs) StdoutLine: {'line': b'-- Up-to-date: /home/rudra/custom_flightmode/install/px4_msgs/include/px4_msgs/px4_msgs/msg/rtl_time_estimate.h\n'}
[1.415431] (px4_msgs) StdoutLine: {'line': b'-- Up-to-date: /home/rudra/custom_flightmode/install/px4_msgs/include/px4_msgs/px4_msgs/msg/health_report.h\n'}
[1.415509] (px4_msgs) StdoutLine: {'line': b'-- Up-to-date: /home/rudra/custom_flightmode/install/px4_msgs/include/px4_msgs/px4_msgs/msg/open_drone_id_basic_id.h\n'}
[1.415563] (px4_msgs) StdoutLine: {'line': b'-- Up-to-date: /home/rudra/custom_flightmode/install/px4_msgs/include/px4_msgs/px4_msgs/msg/vehicle_optical_flow.h\n'}
[1.415611] (px4_msgs) StdoutLine: {'line': b'-- Up-to-date: /home/rudra/custom_flightmode/install/px4_msgs/include/px4_msgs/px4_msgs/msg/px4io_status.h\n'}
[1.415659] (px4_msgs) StdoutLine: {'line': b'-- Up-to-date: /home/rudra/custom_flightmode/install/px4_msgs/include/px4_msgs/px4_msgs/msg/takeoff_status.h\n'}
[1.415703] (px4_msgs) StdoutLine: {'line': b'-- Up-to-date: /home/rudra/custom_flightmode/install/px4_msgs/include/px4_msgs/px4_msgs/msg/lateral_control_configuration.h\n'}
[1.415753] (px4_msgs) StdoutLine: {'line': b'-- Up-to-date: /home/rudra/custom_flightmode/install/px4_msgs/include/px4_msgs/px4_msgs/msg/neural_control.h\n'}
[1.415811] (px4_msgs) StdoutLine: {'line': b'-- Up-to-date: /home/rudra/custom_flightmode/install/px4_msgs/include/px4_msgs/px4_msgs/msg/sensor_hygrometer.h\n'}
[1.415859] (px4_msgs) StdoutLine: {'line': b'-- Up-to-date: /home/rudra/custom_flightmode/install/px4_msgs/include/px4_msgs/px4_msgs/msg/prec_land_status.h\n'}
[1.415906] (px4_msgs) StdoutLine: {'line': b'-- Up-to-date: /home/rudra/custom_flightmode/install/px4_msgs/include/px4_msgs/px4_msgs/msg/vehicle_control_mode.h\n'}
[1.415952] (px4_msgs) StdoutLine: {'line': b'-- Up-to-date: /home/rudra/custom_flightmode/install/px4_msgs/include/px4_msgs/px4_msgs/msg/can_interface_status.h\n'}
[1.416017] (px4_msgs) StdoutLine: {'line': b'-- Up-to-date: /home/rudra/custom_flightmode/install/px4_msgs/include/px4_msgs/px4_msgs/msg/rover_speed_setpoint.h\n'}
[1.416071] (px4_msgs) StdoutLine: {'line': b'-- Up-to-date: /home/rudra/custom_flightmode/install/px4_msgs/include/px4_msgs/px4_msgs/msg/config_overrides.h\n'}
[1.416119] (px4_msgs) StdoutLine: {'line': b'-- Up-to-date: /home/rudra/custom_flightmode/install/px4_msgs/include/px4_msgs/px4_msgs/msg/position_controller_landing_status.h\n'}
[1.416166] (px4_msgs) StdoutLine: {'line': b'-- Up-to-date: /home/rudra/custom_flightmode/install/px4_msgs/include/px4_msgs/px4_msgs/msg/power_button_state.h\n'}
[1.416211] (px4_msgs) StdoutLine: {'line': b'-- Up-to-date: /home/rudra/custom_flightmode/install/px4_msgs/include/px4_msgs/px4_msgs/msg/rover_position_setpoint.h\n'}
[1.416255] (px4_msgs) StdoutLine: {'line': b'-- Up-to-date: /home/rudra/custom_flightmode/install/px4_msgs/include/px4_msgs/px4_msgs/msg/gimbal_controls.h\n'}
[1.416300] (px4_msgs) StdoutLine: {'line': b'-- Up-to-date: /home/rudra/custom_flightmode/install/px4_msgs/include/px4_msgs/px4_msgs/msg/log_message.h\n'}
[1.416345] (px4_msgs) StdoutLine: {'line': b'-- Up-to-date: /home/rudra/custom_flightmode/install/px4_msgs/include/px4_msgs/px4_msgs/msg/sensor_gyro_fft.h\n'}
[1.416389] (px4_msgs) StdoutLine: {'line': b'-- Up-to-date: /home/rudra/custom_flightmode/install/px4_msgs/include/px4_msgs/px4_msgs/msg/estimator_fusion_control.h\n'}
[1.416433] (px4_msgs) StdoutLine: {'line': b'-- Up-to-date: /home/rudra/custom_flightmode/install/px4_msgs/include/px4_msgs/px4_msgs/msg/rtcm_data.h\n'}
[1.416539] (px4_msgs) StdoutLine: {'line': b'-- Up-to-date: /home/rudra/custom_flightmode/install/px4_msgs/include/px4_msgs/px4_msgs/msg/event.h\n'}
[1.416597] (px4_msgs) StdoutLine: {'line': b'-- Up-to-date: /home/rudra/custom_flightmode/install/px4_msgs/include/px4_msgs/px4_msgs/msg/timesync_status.h\n'}
[1.416643] (px4_msgs) StdoutLine: {'line': b'-- Up-to-date: /home/rudra/custom_flightmode/install/px4_msgs/include/px4_msgs/px4_msgs/msg/mount_orientation.h\n'}
[1.416689] (px4_msgs) StdoutLine: {'line': b'-- Up-to-date: /home/rudra/custom_flightmode/install/px4_msgs/include/px4_msgs/px4_msgs/msg/dataman_response.h\n'}
[1.416817] (px4_msgs) StdoutLine: {'line': b'-- Up-to-date: /home/rudra/custom_flightmode/install/px4_msgs/include/px4_msgs/px4_msgs/msg/vehicle_attitude_setpoint.h\n'}
[1.416865] (px4_msgs) StdoutLine: {'line': b'-- Up-to-date: /home/rudra/custom_flightmode/install/px4_msgs/include/px4_msgs/px4_msgs/msg/parameter_reset_request.h\n'}
[1.416910] (px4_msgs) StdoutLine: {'line': b'-- Up-to-date: /home/rudra/custom_flightmode/install/px4_msgs/include/px4_msgs/px4_msgs/msg/open_drone_id_arm_status.h\n'}
[1.416954] (px4_msgs) StdoutLine: {'line': b'-- Up-to-date: /home/rudra/custom_flightmode/install/px4_msgs/include/px4_msgs/px4_msgs/msg/tiltrotor_extra_controls.h\n'}
[1.416998] (px4_msgs) StdoutLine: {'line': b'-- Up-to-date: /home/rudra/custom_flightmode/install/px4_msgs/include/px4_msgs/px4_msgs/msg/vehicle_local_position_setpoint.h\n'}
[1.417080] (px4_msgs) StdoutLine: {'line': b'-- Up-to-date: /home/rudra/custom_flightmode/install/px4_msgs/include/px4_msgs/px4_msgs/msg/parameter_set_value_request.h\n'}
[1.417125] (px4_msgs) StdoutLine: {'line': b'-- Up-to-date: /home/rudra/custom_flightmode/install/px4_msgs/include/px4_msgs/px4_msgs/msg/vtx.h\n'}
[1.417166] (px4_msgs) StdoutLine: {'line': b'-- Up-to-date: /home/rudra/custom_flightmode/install/px4_msgs/include/px4_msgs/px4_msgs/msg/vehicle_torque_setpoint.h\n'}
[1.417207] (px4_msgs) StdoutLine: {'line': b'-- Up-to-date: /home/rudra/custom_flightmode/install/px4_msgs/include/px4_msgs/px4_msgs/msg/vehicle_constraints.h\n'}
[1.417247] (px4_msgs) StdoutLine: {'line': b'-- Up-to-date: /home/rudra/custom_flightmode/install/px4_msgs/include/px4_msgs/px4_msgs/msg/mission.h\n'}
[1.417287] (px4_msgs) StdoutLine: {'line': b'-- Up-to-date: /home/rudra/custom_flightmode/install/px4_msgs/include/px4_msgs/px4_msgs/msg/transponder_report.h\n'}
[1.417327] (px4_msgs) StdoutLine: {'line': b'-- Up-to-date: /home/rudra/custom_flightmode/install/px4_msgs/include/px4_msgs/px4_msgs/msg/distance_sensor.h\n'}
[1.417366] (px4_msgs) StdoutLine: {'line': b'-- Up-to-date: /home/rudra/custom_flightmode/install/px4_msgs/include/px4_msgs/px4_msgs/msg/iridiumsbd_status.h\n'}
[1.417405] (px4_msgs) StdoutLine: {'line': b'-- Up-to-date: /home/rudra/custom_flightmode/install/px4_msgs/include/px4_msgs/px4_msgs/msg/internal_combustion_engine_control.h\n'}
[1.417446] (px4_msgs) StdoutLine: {'line': b'-- Up-to-date: /home/rudra/custom_flightmode/install/px4_msgs/include/px4_msgs/px4_msgs/msg/rate_ctrl_status.h\n'}
[1.417501] (px4_msgs) StdoutLine: {'line': b'-- Up-to-date: /home/rudra/custom_flightmode/install/px4_msgs/include/px4_msgs/px4_msgs/msg/vehicle_odometry.h\n'}
[1.417549] (px4_msgs) StdoutLine: {'line': b'-- Up-to-date: /home/rudra/custom_flightmode/install/px4_msgs/include/px4_msgs/px4_msgs/msg/vehicle_local_position.h\n'}
[1.417591] (px4_msgs) StdoutLine: {'line': b'-- Up-to-date: /home/rudra/custom_flightmode/install/px4_msgs/include/px4_msgs/px4_msgs/msg/estimator_bias3d.h\n'}
[1.417631] (px4_msgs) StdoutLine: {'line': b'-- Up-to-date: /home/rudra/custom_flightmode/install/px4_msgs/include/px4_msgs/px4_msgs/msg/actuator_motors.h\n'}
[1.417670] (px4_msgs) StdoutLine: {'line': b'-- Up-to-date: /home/rudra/custom_flightmode/install/px4_msgs/include/px4_msgs/px4_msgs/msg/actuator_armed.h\n'}
[1.417716] (px4_msgs) StdoutLine: {'line': b'-- Up-to-date: /home/rudra/custom_flightmode/install/px4_msgs/include/px4_msgs/px4_msgs/msg/orb_test_large.h\n'}
[1.417757] (px4_msgs) StdoutLine: {'line': b'-- Up-to-date: /home/rudra/custom_flightmode/install/px4_msgs/include/px4_msgs/px4_msgs/msg/position_controller_status.h\n'}
[1.417802] (px4_msgs) StdoutLine: {'line': b'-- Up-to-date: /home/rudra/custom_flightmode/install/px4_msgs/include/px4_msgs/px4_msgs/msg/vehicle_thrust_setpoint.h\n'}
[1.417846] (px4_msgs) StdoutLine: {'line': b'-- Up-to-date: /home/rudra/custom_flightmode/install/px4_msgs/include/px4_msgs/px4_msgs/msg/sensor_gyro_fifo.h\n'}
[1.417892] (px4_msgs) StdoutLine: {'line': b'-- Up-to-date: /home/rudra/custom_flightmode/install/px4_msgs/include/px4_msgs/px4_msgs/msg/power_monitor.h\n'}
[1.417996] (px4_msgs) StdoutLine: {'line': b'-- Up-to-date: /home/rudra/custom_flightmode/install/px4_msgs/include/px4_msgs/px4_msgs/msg/actuator_outputs.h\n'}
[1.418043] (px4_msgs) StdoutLine: {'line': b'-- Up-to-date: /home/rudra/custom_flightmode/install/px4_msgs/include/px4_msgs/px4_msgs/msg/vehicle_attitude.h\n'}
[1.418091] (px4_msgs) StdoutLine: {'line': b'-- Up-to-date: /home/rudra/custom_flightmode/install/px4_msgs/include/px4_msgs/px4_msgs/msg/follow_target_estimator.h\n'}
[1.418136] (px4_msgs) StdoutLine: {'line': b'-- Up-to-date: /home/rudra/custom_flightmode/install/px4_msgs/include/px4_msgs/px4_msgs/msg/aux_global_position.h\n'}
[1.418180] (px4_msgs) StdoutLine: {'line': b'-- Up-to-date: /home/rudra/custom_flightmode/install/px4_msgs/include/px4_msgs/px4_msgs/msg/debug_value.h\n'}
[1.418224] (px4_msgs) StdoutLine: {'line': b'-- Up-to-date: /home/rudra/custom_flightmode/install/px4_msgs/include/px4_msgs/px4_msgs/msg/goto_setpoint.h\n'}
[1.418268] (px4_msgs) StdoutLine: {'line': b'-- Up-to-date: /home/rudra/custom_flightmode/install/px4_msgs/include/px4_msgs/px4_msgs/msg/autotune_attitude_control_status.h\n'}
[1.418311] (px4_msgs) StdoutLine: {'line': b'-- Up-to-date: /home/rudra/custom_flightmode/install/px4_msgs/include/px4_msgs/px4_msgs/msg/vtol_vehicle_status.h\n'}
[1.418355] (px4_msgs) StdoutLine: {'line': b'-- Up-to-date: /home/rudra/custom_flightmode/install/px4_msgs/include/px4_msgs/px4_msgs/msg/offboard_control_mode.h\n'}
[1.418407] (px4_msgs) StdoutLine: {'line': b'-- Up-to-date: /home/rudra/custom_flightmode/install/px4_msgs/include/px4_msgs/px4_msgs/msg/gpio_in.h\n'}
[1.418454] (px4_msgs) StdoutLine: {'line': b'-- Up-to-date: /home/rudra/custom_flightmode/install/px4_msgs/include/px4_msgs/px4_msgs/msg/dronecan_node_status.h\n'}
[1.418537] (px4_msgs) StdoutLine: {'line': b'-- Up-to-date: /home/rudra/custom_flightmode/install/px4_msgs/include/px4_msgs/px4_msgs/msg/esc_eeprom_read.h\n'}
[1.418587] (px4_msgs) StdoutLine: {'line': b'-- Up-to-date: /home/rudra/custom_flightmode/install/px4_msgs/include/px4_msgs/px4_msgs/msg/irlock_report.h\n'}
[1.418632] (px4_msgs) StdoutLine: {'line': b'-- Up-to-date: /home/rudra/custom_flightmode/install/px4_msgs/include/px4_msgs/px4_msgs/msg/differential_pressure.h\n'}
[1.418677] (px4_msgs) StdoutLine: {'line': b'-- Up-to-date: /home/rudra/custom_flightmode/install/px4_msgs/include/px4_msgs/px4_msgs/msg/trajectory_setpoint.h\n'}
[1.418722] (px4_msgs) StdoutLine: {'line': b'-- Up-to-date: /home/rudra/custom_flightmode/install/px4_msgs/include/px4_msgs/px4_msgs/msg/mag_worker_data.h\n'}
[1.418854] (px4_msgs) StdoutLine: {'line': b'-- Up-to-date: /home/rudra/custom_flightmode/install/px4_msgs/include/px4_msgs/px4_msgs/msg/generator_status.h\n'}
[1.418917] (px4_msgs) StdoutLine: {'line': b'-- Up-to-date: /home/rudra/custom_flightmode/install/px4_msgs/include/px4_msgs/px4_msgs/msg/register_ext_component_request.h\n'}
[1.418963] (px4_msgs) StdoutLine: {'line': b'-- Up-to-date: /home/rudra/custom_flightmode/install/px4_msgs/include/px4_msgs/px4_msgs/msg/arming_check_request.h\n'}
[1.419009] (px4_msgs) StdoutLine: {'line': b'-- Up-to-date: /home/rudra/custom_flightmode/install/px4_msgs/include/px4_msgs/px4_msgs/msg/actuator_servos_trim.h\n'}
[1.419054] (px4_msgs) StdoutLine: {'line': b'-- Up-to-date: /home/rudra/custom_flightmode/install/px4_msgs/include/px4_msgs/px4_msgs/msg/esc_eeprom_write.h\n'}
[1.419099] (px4_msgs) StdoutLine: {'line': b'-- Up-to-date: /home/rudra/custom_flightmode/install/px4_msgs/include/px4_msgs/px4_msgs/msg/mavlink_log.h\n'}
[1.419145] (px4_msgs) StdoutLine: {'line': b'-- Up-to-date: /home/rudra/custom_flightmode/install/px4_msgs/include/px4_msgs/px4_msgs/msg/failsafe_flags.h\n'}
[1.419188] (px4_msgs) StdoutLine: {'line': b'-- Up-to-date: /home/rudra/custom_flightmode/install/px4_msgs/include/px4_msgs/px4_msgs/msg/debug_array.h\n'}
[1.419232] (px4_msgs) StdoutLine: {'line': b'-- Up-to-date: /home/rudra/custom_flightmode/install/px4_msgs/include/px4_msgs/px4_msgs/msg/vehicle_global_position.h\n'}
[1.419284] (px4_msgs) StdoutLine: {'line': b'-- Up-to-date: /home/rudra/custom_flightmode/install/px4_msgs/include/px4_msgs/px4_msgs/msg/estimator_selector_status.h\n'}
[1.419378] (px4_msgs) StdoutLine: {'line': b'-- Up-to-date: /home/rudra/custom_flightmode/install/px4_msgs/include/px4_msgs/px4_msgs/msg/sensor_airflow.h\n'}
[1.419444] (px4_msgs) StdoutLine: {'line': b'-- Up-to-date: /home/rudra/custom_flightmode/install/px4_msgs/include/px4_msgs/px4_msgs/msg/gimbal_device_attitude_status.h\n'}
[1.419609] (px4_msgs) StdoutLine: {'line': b'-- Up-to-date: /home/rudra/custom_flightmode/install/px4_msgs/include/px4_msgs/px4_msgs/msg/rover_steering_setpoint.h\n'}
[1.419720] (px4_msgs) StdoutLine: {'line': b'-- Up-to-date: /home/rudra/custom_flightmode/install/px4_msgs/include/px4_msgs/px4_msgs/msg/estimator_sensor_bias.h\n'}
[1.419787] (px4_msgs) StdoutLine: {'line': b'-- Up-to-date: /home/rudra/custom_flightmode/install/px4_msgs/include/px4_msgs/px4_msgs/msg/esc_report.h\n'}
[1.419850] (px4_msgs) StdoutLine: {'line': b'-- Up-to-date: /home/rudra/custom_flightmode/install/px4_msgs/include/px4_msgs/px4_msgs/msg/vehicle_rates_setpoint.h\n'}
[1.419914] (px4_msgs) StdoutLine: {'line': b'-- Up-to-date: /home/rudra/custom_flightmode/install/px4_msgs/include/px4_msgs/px4_msgs/msg/task_stack_info.h\n'}
[1.419975] (px4_msgs) StdoutLine: {'line': b'-- Up-to-date: /home/rudra/custom_flightmode/install/px4_msgs/include/px4_msgs/px4_msgs/msg/gimbal_manager_set_attitude.h\n'}
[1.420037] (px4_msgs) StdoutLine: {'line': b'-- Up-to-date: /home/rudra/custom_flightmode/install/px4_msgs/include/px4_msgs/px4_msgs/msg/fixed_wing_runway_control.h\n'}
[1.420097] (px4_msgs) StdoutLine: {'line': b'-- Up-to-date: /home/rudra/custom_flightmode/install/px4_msgs/include/px4_msgs/px4_msgs/msg/sensor_accel_fifo.h\n'}
[1.420158] (px4_msgs) StdoutLine: {'line': b'-- Up-to-date: /home/rudra/custom_flightmode/install/px4_msgs/include/px4_msgs/px4_msgs/msg/actuator_controls_status.h\n'}
[1.420219] (px4_msgs) StdoutLine: {'line': b'-- Up-to-date: /home/rudra/custom_flightmode/install/px4_msgs/include/px4_msgs/px4_msgs/msg/trajectory_setpoint6dof.h\n'}
[1.420280] (px4_msgs) StdoutLine: {'line': b'-- Up-to-date: /home/rudra/custom_flightmode/install/px4_msgs/include/px4_msgs/px4_msgs/msg/vehicle_air_data.h\n'}
[1.420345] (px4_msgs) StdoutLine: {'line': b'-- Up-to-date: /home/rudra/custom_flightmode/install/px4_msgs/include/px4_msgs/px4_msgs/msg/debug_key_value.h\n'}
[1.420421] (px4_msgs) StdoutLine: {'line': b'-- Up-to-date: /home/rudra/custom_flightmode/install/px4_msgs/include/px4_msgs/px4_msgs/msg/sensor_mag.h\n'}
[1.420495] (px4_msgs) StdoutLine: {'line': b'-- Up-to-date: /home/rudra/custom_flightmode/install/px4_msgs/include/px4_msgs/px4_msgs/msg/pure_pursuit_status.h\n'}
[1.420668] (px4_msgs) StdoutLine: {'line': b'-- Up-to-date: /home/rudra/custom_flightmode/install/px4_msgs/include/px4_msgs/px4_msgs/msg/open_drone_id_system.h\n'}
[1.420722] (px4_msgs) StdoutLine: {'line': b'-- Up-to-date: /home/rudra/custom_flightmode/install/px4_msgs/include/px4_msgs/px4_msgs/msg/orb_test_medium.h\n'}
[1.420771] (px4_msgs) StdoutLine: {'line': b'-- Up-to-date: /home/rudra/custom_flightmode/install/px4_msgs/include/px4_msgs/px4_msgs/msg/orbit_status.h\n'}
[1.420818] (px4_msgs) StdoutLine: {'line': b'-- Up-to-date: /home/rudra/custom_flightmode/install/px4_msgs/include/px4_msgs/px4_msgs/msg/failure_detector_status.h\n'}
[1.420864] (px4_msgs) StdoutLine: {'line': b'-- Up-to-date: /home/rudra/custom_flightmode/install/px4_msgs/include/px4_msgs/px4_msgs/msg/vehicle_optical_flow_vel.h\n'}
[1.420911] (px4_msgs) StdoutLine: {'line': b'-- Up-to-date: /home/rudra/custom_flightmode/install/px4_msgs/include/px4_msgs/px4_msgs/msg/telemetry_status.h\n'}
[1.420957] (px4_msgs) StdoutLine: {'line': b'-- Up-to-date: /home/rudra/custom_flightmode/install/px4_msgs/include/px4_msgs/px4_msgs/msg/camera_status.h\n'}
[1.421047] (px4_msgs) StdoutLine: {'line': b'-- Up-to-date: /home/rudra/custom_flightmode/install/px4_msgs/include/px4_msgs/px4_msgs/msg/vte_orientation.h\n'}
[1.421121] (px4_msgs) StdoutLine: {'line': b'-- Up-to-date: /home/rudra/custom_flightmode/install/px4_msgs/include/px4_msgs/px4_msgs/msg/sensor_temp.h\n'}
[1.421234] (px4_msgs) StdoutLine: {'line': b'-- Up-to-date: /home/rudra/custom_flightmode/install/px4_msgs/include/px4_msgs/px4_msgs/msg/pps_capture.h\n'}
[1.421332] (px4_msgs) StdoutLine: {'line': b'-- Up-to-date: /home/rudra/custom_flightmode/install/px4_msgs/include/px4_msgs/px4_msgs/msg/airspeed_wind.h\n'}
[1.421385] (px4_msgs) StdoutLine: {'line': b'-- Up-to-date: /home/rudra/custom_flightmode/install/px4_msgs/include/px4_msgs/px4_msgs/msg/wind.h\n'}
[1.421432] (px4_msgs) StdoutLine: {'line': b'-- Up-to-date: /home/rudra/custom_flightmode/install/px4_msgs/include/px4_msgs/px4_msgs/msg/gain_compression.h\n'}
[1.421544] (px4_msgs) StdoutLine: {'line': b'-- Up-to-date: /home/rudra/custom_flightmode/install/px4_msgs/include/px4_msgs/px4_msgs/msg/rtl_status.h\n'}
[1.421622] (px4_msgs) StdoutLine: {'line': b'-- Up-to-date: /home/rudra/custom_flightmode/install/px4_msgs/include/px4_msgs/px4_msgs/msg/open_drone_id_operator_id.h\n'}
[1.421685] (px4_msgs) StdoutLine: {'line': b'-- Up-to-date: /home/rudra/custom_flightmode/install/px4_msgs/include/px4_msgs/px4_msgs/msg/rover_rate_status.h\n'}
[1.421732] (px4_msgs) StdoutLine: {'line': b'-- Up-to-date: /home/rudra/custom_flightmode/install/px4_msgs/include/px4_msgs/px4_msgs/msg/launch_detection_status.h\n'}
[1.421800] (px4_msgs) StdoutLine: {'line': b'-- Up-to-date: /home/rudra/custom_flightmode/install/px4_msgs/include/px4_msgs/px4_msgs/msg/detail\n'}
[1.421851] (px4_msgs) StdoutLine: {'line': b'-- Up-to-date: /home/rudra/custom_flightmode/install/px4_msgs/include/px4_msgs/px4_msgs/msg/detail/event__struct.h\n'}
[1.421897] (px4_msgs) StdoutLine: {'line': b'-- Up-to-date: /home/rudra/custom_flightmode/install/px4_msgs/include/px4_msgs/px4_msgs/msg/detail/open_drone_id_self_id__functions.h\n'}
[1.421999] (px4_msgs) StdoutLine: {'line': b'-- Up-to-date: /home/rudra/custom_flightmode/install/px4_msgs/include/px4_msgs/px4_msgs/msg/detail/vehicle_magnetometer__struct.h\n'}
[1.422056] (px4_msgs) StdoutLine: {'line': b'-- Up-to-date: /home/rudra/custom_flightmode/install/px4_msgs/include/px4_msgs/px4_msgs/msg/detail/follow_target_estimator__struct.h\n'}
[1.422135] (px4_msgs) StdoutLine: {'line': b'-- Up-to-date: /home/rudra/custom_flightmode/install/px4_msgs/include/px4_msgs/px4_msgs/msg/detail/input_rc__struct.h\n'}
[1.422249] (px4_msgs) StdoutLine: {'line': b'-- Up-to-date: /home/rudra/custom_flightmode/install/px4_msgs/include/px4_msgs/px4_msgs/msg/detail/sensor_temp__type_support.h\n'}
[1.422305] (px4_msgs) StdoutLine: {'line': b'-- Up-to-date: /home/rudra/custom_flightmode/install/px4_msgs/include/px4_msgs/px4_msgs/msg/detail/gpio_config__type_support.h\n'}
[1.422417] (px4_msgs) StdoutLine: {'line': b'-- Up-to-date: /home/rudra/custom_flightmode/install/px4_msgs/include/px4_msgs/px4_msgs/msg/detail/arming_check_request__struct.h\n'}
[1.422545] (px4_msgs) StdoutLine: {'line': b'-- Up-to-date: /home/rudra/custom_flightmode/install/px4_msgs/include/px4_msgs/px4_msgs/msg/detail/follow_target_status__struct.h\n'}
[1.422680] (px4_msgs) StdoutLine: {'line': b'-- Up-to-date: /home/rudra/custom_flightmode/install/px4_msgs/include/px4_msgs/px4_msgs/msg/detail/velocity_limits__functions.h\n'}
[1.422750] (px4_msgs) StdoutLine: {'line': b'-- Up-to-date: /home/rudra/custom_flightmode/install/px4_msgs/include/px4_msgs/px4_msgs/msg/detail/actuator_outputs__type_support.h\n'}
[1.422816] (px4_msgs) StdoutLine: {'line': b'-- Up-to-date: /home/rudra/custom_flightmode/install/px4_msgs/include/px4_msgs/px4_msgs/msg/detail/gpio_config__functions.h\n'}
[1.422881] (px4_msgs) StdoutLine: {'line': b'-- Up-to-date: /home/rudra/custom_flightmode/install/px4_msgs/include/px4_msgs/px4_msgs/msg/detail/sensor_accel_fifo__functions.h\n'}
[1.422945] (px4_msgs) StdoutLine: {'line': b'-- Up-to-date: /home/rudra/custom_flightmode/install/px4_msgs/include/px4_msgs/px4_msgs/msg/detail/trajectory_setpoint6dof__struct.h\n'}
[1.423008] (px4_msgs) StdoutLine: {'line': b'-- Up-to-date: /home/rudra/custom_flightmode/install/px4_msgs/include/px4_msgs/px4_msgs/msg/detail/open_drone_id_system__struct.h\n'}
[1.423094] (px4_msgs) StdoutLine: {'line': b'-- Up-to-date: /home/rudra/custom_flightmode/install/px4_msgs/include/px4_msgs/px4_msgs/msg/detail/yaw_estimator_status__type_support.h\n'}
[1.423160] (px4_msgs) StdoutLine: {'line': b'-- Up-to-date: /home/rudra/custom_flightmode/install/px4_msgs/include/px4_msgs/px4_msgs/msg/detail/vte_orientation__functions.h\n'}
[1.423225] (px4_msgs) StdoutLine: {'line': b'-- Up-to-date: /home/rudra/custom_flightmode/install/px4_msgs/include/px4_msgs/px4_msgs/msg/detail/airspeed__type_support.h\n'}
[1.423288] (px4_msgs) StdoutLine: {'line': b'-- Up-to-date: /home/rudra/custom_flightmode/install/px4_msgs/include/px4_msgs/px4_msgs/msg/detail/ping__functions.c\n'}
[1.423352] (px4_msgs) StdoutLine: {'line': b'-- Up-to-date: /home/rudra/custom_flightmode/install/px4_msgs/include/px4_msgs/px4_msgs/msg/detail/input_rc__type_support.h\n'}
[1.423415] (px4_msgs) StdoutLine: {'line': b'-- Up-to-date: /home/rudra/custom_flightmode/install/px4_msgs/include/px4_msgs/px4_msgs/msg/detail/register_ext_component_reply__struct.h\n'}
[1.423522] (px4_msgs) StdoutLine: {'line': b'-- Up-to-date: /home/rudra/custom_flightmode/install/px4_msgs/include/px4_msgs/px4_msgs/msg/detail/distance_sensor_mode_change_request__functions.c\n'}
[1.423730] (px4_msgs) StdoutLine: {'line': b'-- Up-to-date: /home/rudra/custom_flightmode/install/px4_msgs/include/px4_msgs/px4_msgs/msg/detail/detect_and_avoid__functions.c\n'}
[1.423801] (px4_msgs) StdoutLine: {'line': b'-- Up-to-date: /home/rudra/custom_flightmode/install/px4_msgs/include/px4_msgs/px4_msgs/msg/detail/offboard_control_mode__struct.h\n'}
[1.423868] (px4_msgs) StdoutLine: {'line': b'-- Up-to-date: /home/rudra/custom_flightmode/install/px4_msgs/include/px4_msgs/px4_msgs/msg/detail/sensors_status_imu__type_support.h\n'}
[1.424013] (px4_msgs) StdoutLine: {'line': b'-- Up-to-date: /home/rudra/custom_flightmode/install/px4_msgs/include/px4_msgs/px4_msgs/msg/detail/actuator_servos_trim__type_support.h\n'}
[1.424084] (px4_msgs) StdoutLine: {'line': b'-- Up-to-date: /home/rudra/custom_flightmode/install/px4_msgs/include/px4_msgs/px4_msgs/msg/detail/sensor_gnss_status__functions.c\n'}
[1.424150] (px4_msgs) StdoutLine: {'line': b'-- Up-to-date: /home/rudra/custom_flightmode/install/px4_msgs/include/px4_msgs/px4_msgs/msg/detail/debug_vect__functions.h\n'}
[1.424215] (px4_msgs) StdoutLine: {'line': b'-- Up-to-date: /home/rudra/custom_flightmode/install/px4_msgs/include/px4_msgs/px4_msgs/msg/detail/rover_speed_status__functions.c\n'}
[1.424280] (px4_msgs) StdoutLine: {'line': b'-- Up-to-date: /home/rudra/custom_flightmode/install/px4_msgs/include/px4_msgs/px4_msgs/msg/detail/vehicle_command_ack__struct.h\n'}
[1.424344] (px4_msgs) StdoutLine: {'line': b'-- Up-to-date: /home/rudra/custom_flightmode/install/px4_msgs/include/px4_msgs/px4_msgs/msg/detail/gimbal_device_information__type_support.h\n'}
[1.424410] (px4_msgs) StdoutLine: {'line': b'-- Up-to-date: /home/rudra/custom_flightmode/install/px4_msgs/include/px4_msgs/px4_msgs/msg/detail/ulog_stream__struct.h\n'}
[1.424499] (px4_msgs) StdoutLine: {'line': b'-- Up-to-date: /home/rudra/custom_flightmode/install/px4_msgs/include/px4_msgs/px4_msgs/msg/detail/rover_steering_setpoint__functions.h\n'}
[1.424677] (px4_msgs) StdoutLine: {'line': b'-- Up-to-date: /home/rudra/custom_flightmode/install/px4_msgs/include/px4_msgs/px4_msgs/msg/detail/vehicle_odometry__functions.c\n'}
[1.424746] (px4_msgs) StdoutLine: {'line': b'-- Up-to-date: /home/rudra/custom_flightmode/install/px4_msgs/include/px4_msgs/px4_msgs/msg/detail/register_ext_component_request__functions.c\n'}
[1.424811] (px4_msgs) StdoutLine: {'line': b'-- Up-to-date: /home/rudra/custom_flightmode/install/px4_msgs/include/px4_msgs/px4_msgs/msg/detail/estimator_selector_status__functions.h\n'}
[1.424875] (px4_msgs) StdoutLine: {'line': b'-- Up-to-date: /home/rudra/custom_flightmode/install/px4_msgs/include/px4_msgs/px4_msgs/msg/detail/airspeed_wind__type_support.h\n'}
[1.424937] (px4_msgs) StdoutLine: {'line': b'-- Up-to-date: /home/rudra/custom_flightmode/install/px4_msgs/include/px4_msgs/px4_msgs/msg/detail/mount_orientation__functions.c\n'}
[1.425022] (px4_msgs) StdoutLine: {'line': b'-- Up-to-date: /home/rudra/custom_flightmode/install/px4_msgs/include/px4_msgs/px4_msgs/msg/detail/sensor_gyro_fft__functions.c\n'}
[1.425087] (px4_msgs) StdoutLine: {'line': b'-- Up-to-date: /home/rudra/custom_flightmode/install/px4_msgs/include/px4_msgs/px4_msgs/msg/detail/figure_eight_status__type_support.h\n'}
[1.425151] (px4_msgs) StdoutLine: {'line': b'-- Up-to-date: /home/rudra/custom_flightmode/install/px4_msgs/include/px4_msgs/px4_msgs/msg/detail/mavlink_tunnel__struct.h\n'}
[1.425215] (px4_msgs) StdoutLine: {'line': b'-- Up-to-date: /home/rudra/custom_flightmode/install/px4_msgs/include/px4_msgs/px4_msgs/msg/detail/follow_target__type_support.h\n'}
[1.425278] (px4_msgs) StdoutLine: {'line': b'-- Up-to-date: /home/rudra/custom_flightmode/install/px4_msgs/include/px4_msgs/px4_msgs/msg/detail/gpio_config__functions.c\n'}
[1.425341] (px4_msgs) StdoutLine: {'line': b'-- Up-to-date: /home/rudra/custom_flightmode/install/px4_msgs/include/px4_msgs/px4_msgs/msg/detail/open_drone_id_basic_id__type_support.h\n'}
[1.425404] (px4_msgs) StdoutLine: {'line': b'-- Up-to-date: /home/rudra/custom_flightmode/install/px4_msgs/include/px4_msgs/px4_msgs/msg/detail/dataman_response__struct.h\n'}
[1.425474] (px4_msgs) StdoutLine: {'line': b'-- Up-to-date: /home/rudra/custom_flightmode/install/px4_msgs/include/px4_msgs/px4_msgs/msg/detail/button_event__functions.h\n'}
[1.425674] (px4_msgs) StdoutLine: {'line': b'-- Up-to-date: /home/rudra/custom_flightmode/install/px4_msgs/include/px4_msgs/px4_msgs/msg/detail/vehicle_global_position__type_support.h\n'}
[1.425743] (px4_msgs) StdoutLine: {'line': b'-- Up-to-date: /home/rudra/custom_flightmode/install/px4_msgs/include/px4_msgs/px4_msgs/msg/detail/debug_array__functions.h\n'}
[1.425808] (px4_msgs) StdoutLine: {'line': b'-- Up-to-date: /home/rudra/custom_flightmode/install/px4_msgs/include/px4_msgs/px4_msgs/msg/detail/takeoff_status__struct.h\n'}
[1.425872] (px4_msgs) StdoutLine: {'line': b'-- Up-to-date: /home/rudra/custom_flightmode/install/px4_msgs/include/px4_msgs/px4_msgs/msg/detail/gimbal_manager_set_attitude__type_support.h\n'}
[1.425938] (px4_msgs) StdoutLine: {'line': b'-- Up-to-date: /home/rudra/custom_flightmode/install/px4_msgs/include/px4_msgs/px4_msgs/msg/detail/estimator_selector_status__functions.c\n'}
[1.426004] (px4_msgs) StdoutLine: {'line': b'-- Up-to-date: /home/rudra/custom_flightmode/install/px4_msgs/include/px4_msgs/px4_msgs/msg/detail/system_power__functions.c\n'}
[1.426068] (px4_msgs) StdoutLine: {'line': b'-- Up-to-date: /home/rudra/custom_flightmode/install/px4_msgs/include/px4_msgs/px4_msgs/msg/detail/tecs_status__type_support.h\n'}
[1.426131] (px4_msgs) StdoutLine: {'line': b'-- Up-to-date: /home/rudra/custom_flightmode/install/px4_msgs/include/px4_msgs/px4_msgs/msg/detail/camera_status__struct.h\n'}
[1.426193] (px4_msgs) StdoutLine: {'line': b'-- Up-to-date: /home/rudra/custom_flightmode/install/px4_msgs/include/px4_msgs/px4_msgs/msg/detail/qshell_retval__struct.h\n'}
[1.426276] (px4_msgs) StdoutLine: {'line': b'-- Up-to-date: /home/rudra/custom_flightmode/install/px4_msgs/include/px4_msgs/px4_msgs/msg/detail/vtx__type_support.h\n'}
[1.426340] (px4_msgs) StdoutLine: {'line': b'-- Up-to-date: /home/rudra/custom_flightmode/install/px4_msgs/include/px4_msgs/px4_msgs/msg/detail/vtx__functions.h\n'}
[1.426546] (px4_msgs) StdoutLine: {'line': b'-- Up-to-date: /home/rudra/custom_flightmode/install/px4_msgs/include/px4_msgs/px4_msgs/msg/detail/gimbal_manager_set_attitude__functions.c\n'}
[1.426664] (px4_msgs) StdoutLine: {'line': b'-- Up-to-date: /home/rudra/custom_flightmode/install/px4_msgs/include/px4_msgs/px4_msgs/msg/detail/orb_test_large__struct.h\n'}
[1.426730] (px4_msgs) StdoutLine: {'line': b'-- Up-to-date: /home/rudra/custom_flightmode/install/px4_msgs/include/px4_msgs/px4_msgs/msg/detail/mission__struct.h\n'}
[1.426794] (px4_msgs) StdoutLine: {'line': b'-- Up-to-date: /home/rudra/custom_flightmode/install/px4_msgs/include/px4_msgs/px4_msgs/msg/detail/fixed_wing_lateral_status__functions.h\n'}
[1.426950] (px4_msgs) StdoutLine: {'line': b'-- Up-to-date: /home/rudra/custom_flightmode/install/px4_msgs/include/px4_msgs/px4_msgs/msg/detail/vte_orientation__functions.c\n'}
[1.427043] (px4_msgs) StdoutLine: {'line': b'-- Up-to-date: /home/rudra/custom_flightmode/install/px4_msgs/include/px4_msgs/px4_msgs/msg/detail/orb_test__struct.h\n'}
[1.427108] (px4_msgs) StdoutLine: {'line': b'-- Up-to-date: /home/rudra/custom_flightmode/install/px4_msgs/include/px4_msgs/px4_msgs/msg/detail/ulog_stream__functions.h\n'}
[1.427172] (px4_msgs) StdoutLine: {'line': b'-- Up-to-date: /home/rudra/custom_flightmode/install/px4_msgs/include/px4_msgs/px4_msgs/msg/detail/vehicle_magnetometer__functions.c\n'}
[1.427235] (px4_msgs) StdoutLine: {'line': b'-- Up-to-date: /home/rudra/custom_flightmode/install/px4_msgs/include/px4_msgs/px4_msgs/msg/detail/vte_aid_source3d__functions.h\n'}
[1.427298] (px4_msgs) StdoutLine: {'line': b'-- Up-to-date: /home/rudra/custom_flightmode/install/px4_msgs/include/px4_msgs/px4_msgs/msg/detail/esc_report__functions.h\n'}
[1.427360] (px4_msgs) StdoutLine: {'line': b'-- Up-to-date: /home/rudra/custom_flightmode/install/px4_msgs/include/px4_msgs/px4_msgs/msg/detail/gimbal_device_attitude_status__functions.h\n'}
[1.427422] (px4_msgs) StdoutLine: {'line': b'-- Up-to-date: /home/rudra/custom_flightmode/install/px4_msgs/include/px4_msgs/px4_msgs/msg/detail/estimator_aid_source2d__functions.h\n'}
[1.427509] (px4_msgs) StdoutLine: {'line': b'-- Up-to-date: /home/rudra/custom_flightmode/install/px4_msgs/include/px4_msgs/px4_msgs/msg/detail/vehicle_command__functions.c\n'}
[1.427678] (px4_msgs) StdoutLine: {'line': b'-- Up-to-date: /home/rudra/custom_flightmode/install/px4_msgs/include/px4_msgs/px4_msgs/msg/detail/internal_combustion_engine_status__functions.h\n'}
[1.427744] (px4_msgs) StdoutLine: {'line': b'-- Up-to-date: /home/rudra/custom_flightmode/install/px4_msgs/include/px4_msgs/px4_msgs/msg/detail/collision_constraints__type_support.h\n'}
[1.427810] (px4_msgs) StdoutLine: {'line': b'-- Up-to-date: /home/rudra/custom_flightmode/install/px4_msgs/include/px4_msgs/px4_msgs/msg/detail/goto_setpoint__functions.c\n'}
[1.427875] (px4_msgs) StdoutLine: {'line': b'-- Up-to-date: /home/rudra/custom_flightmode/install/px4_msgs/include/px4_msgs/px4_msgs/msg/detail/vehicle_rates_setpoint__functions.h\n'}
[1.427940] (px4_msgs) StdoutLine: {'line': b'-- Up-to-date: /home/rudra/custom_flightmode/install/px4_msgs/include/px4_msgs/px4_msgs/msg/detail/vte_aid_source3d__struct.h\n'}
[1.428003] (px4_msgs) StdoutLine: {'line': b'-- Up-to-date: /home/rudra/custom_flightmode/install/px4_msgs/include/px4_msgs/px4_msgs/msg/detail/estimator_bias3d__functions.c\n'}
[1.428067] (px4_msgs) StdoutLine: {'line': b'-- Up-to-date: /home/rudra/custom_flightmode/install/px4_msgs/include/px4_msgs/px4_msgs/msg/detail/rover_throttle_setpoint__functions.h\n'}
[1.428130] (px4_msgs) StdoutLine: {'line': b'-- Up-to-date: /home/rudra/custom_flightmode/install/px4_msgs/include/px4_msgs/px4_msgs/msg/detail/qshell_req__functions.c\n'}
[1.428193] (px4_msgs) StdoutLine: {'line': b'-- Up-to-date: /home/rudra/custom_flightmode/install/px4_msgs/include/px4_msgs/px4_msgs/msg/detail/sensor_accel_fifo__struct.h\n'}
[1.428258] (px4_msgs) StdoutLine: {'line': b'-- Up-to-date: /home/rudra/custom_flightmode/install/px4_msgs/include/px4_msgs/px4_msgs/msg/detail/vehicle_odometry__functions.h\n'}
[1.428323] (px4_msgs) StdoutLine: {'line': b'-- Up-to-date: /home/rudra/custom_flightmode/install/px4_msgs/include/px4_msgs/px4_msgs/msg/detail/fixed_wing_longitudinal_setpoint__functions.c\n'}
[1.428388] (px4_msgs) StdoutLine: {'line': b'-- Up-to-date: /home/rudra/custom_flightmode/install/px4_msgs/include/px4_msgs/px4_msgs/msg/detail/vehicle_thrust_setpoint__functions.h\n'}
[1.428452] (px4_msgs) StdoutLine: {'line': b'-- Up-to-date: /home/rudra/custom_flightmode/install/px4_msgs/include/px4_msgs/px4_msgs/msg/detail/vte_aid_source1d__struct.h\n'}
[1.428657] (px4_msgs) StdoutLine: {'line': b'-- Up-to-date: /home/rudra/custom_flightmode/install/px4_msgs/include/px4_msgs/px4_msgs/msg/detail/differential_pressure__type_support.h\n'}
[1.428742] (px4_msgs) StdoutLine: {'line': b'-- Up-to-date: /home/rudra/custom_flightmode/install/px4_msgs/include/px4_msgs/px4_msgs/msg/detail/power_monitor__functions.h\n'}
[1.428851] (px4_msgs) StdoutLine: {'line': b'-- Up-to-date: /home/rudra/custom_flightmode/install/px4_msgs/include/px4_msgs/px4_msgs/msg/detail/navigator_mission_item__struct.h\n'}
[1.428921] (px4_msgs) StdoutLine: {'line': b'-- Up-to-date: /home/rudra/custom_flightmode/install/px4_msgs/include/px4_msgs/px4_msgs/msg/detail/estimator_aid_source2d__type_support.h\n'}
[1.428987] (px4_msgs) StdoutLine: {'line': b'-- Up-to-date: /home/rudra/custom_flightmode/install/px4_msgs/include/px4_msgs/px4_msgs/msg/detail/failsafe_flags__functions.c\n'}
[1.429122] (px4_msgs) StdoutLine: {'line': b'-- Up-to-date: /home/rudra/custom_flightmode/install/px4_msgs/include/px4_msgs/px4_msgs/msg/detail/fixed_wing_runway_control__functions.h\n'}
[1.429191] (px4_msgs) StdoutLine: {'line': b'-- Up-to-date: /home/rudra/custom_flightmode/install/px4_msgs/include/px4_msgs/px4_msgs/msg/detail/vte_input__type_support.h\n'}
[1.429276] (px4_msgs) StdoutLine: {'line': b'-- Up-to-date: /home/rudra/custom_flightmode/install/px4_msgs/include/px4_msgs/px4_msgs/msg/detail/rc_parameter_map__type_support.h\n'}
[1.429354] (px4_msgs) StdoutLine: {'line': b'-- Up-to-date: /home/rudra/custom_flightmode/install/px4_msgs/include/px4_msgs/px4_msgs/msg/detail/gimbal_controls__functions.h\n'}
[1.429407] (px4_msgs) StdoutLine: {'line': b'-- Up-to-date: /home/rudra/custom_flightmode/install/px4_msgs/include/px4_msgs/px4_msgs/msg/detail/timesync_status__type_support.h\n'}
[1.429473] (px4_msgs) StdoutLine: {'line': b'-- Up-to-date: /home/rudra/custom_flightmode/install/px4_msgs/include/px4_msgs/px4_msgs/msg/detail/offboard_control_mode__type_support.h\n'}
[1.429663] (px4_msgs) StdoutLine: {'line': b'-- Up-to-date: /home/rudra/custom_flightmode/install/px4_msgs/include/px4_msgs/px4_msgs/msg/detail/vehicle_constraints__functions.h\n'}
[1.429745] (px4_msgs) StdoutLine: {'line': b'-- Up-to-date: /home/rudra/custom_flightmode/install/px4_msgs/include/px4_msgs/px4_msgs/msg/detail/battery_info__type_support.h\n'}
[1.429904] (px4_msgs) StdoutLine: {'line': b'-- Up-to-date: /home/rudra/custom_flightmode/install/px4_msgs/include/px4_msgs/px4_msgs/msg/detail/fixed_wing_runway_control__functions.c\n'}
[1.430053] (px4_msgs) StdoutLine: {'line': b'-- Up-to-date: /home/rudra/custom_flightmode/install/px4_msgs/include/px4_msgs/px4_msgs/msg/detail/debug_value__functions.h\n'}
[1.430125] (px4_msgs) StdoutLine: {'line': b'-- Up-to-date: /home/rudra/custom_flightmode/install/px4_msgs/include/px4_msgs/px4_msgs/msg/detail/esc_status__functions.h\n'}
[1.430194] (px4_msgs) StdoutLine: {'line': b'-- Up-to-date: /home/rudra/custom_flightmode/install/px4_msgs/include/px4_msgs/px4_msgs/msg/detail/vtol_vehicle_status__functions.h\n'}
[1.430259] (px4_msgs) StdoutLine: {'line': b'-- Up-to-date: /home/rudra/custom_flightmode/install/px4_msgs/include/px4_msgs/px4_msgs/msg/detail/launch_detection_status__struct.h\n'}
[1.430343] (px4_msgs) StdoutLine: {'line': b'-- Up-to-date: /home/rudra/custom_flightmode/install/px4_msgs/include/px4_msgs/px4_msgs/msg/detail/raptor_status__struct.h\n'}
[1.430409] (px4_msgs) StdoutLine: {'line': b'-- Up-to-date: /home/rudra/custom_flightmode/install/px4_msgs/include/px4_msgs/px4_msgs/msg/detail/rover_throttle_setpoint__struct.h\n'}
[1.430496] (px4_msgs) StdoutLine: {'line': b'-- Up-to-date: /home/rudra/custom_flightmode/install/px4_msgs/include/px4_msgs/px4_msgs/msg/detail/sensor_gps__functions.c\n'}
[1.430663] (px4_msgs) StdoutLine: {'line': b'-- Up-to-date: /home/rudra/custom_flightmode/install/px4_msgs/include/px4_msgs/px4_msgs/msg/detail/debug_array__type_support.h\n'}
[1.430788] (px4_msgs) StdoutLine: {'line': b'-- Up-to-date: /home/rudra/custom_flightmode/install/px4_msgs/include/px4_msgs/px4_msgs/msg/detail/px4io_status__struct.h\n'}
[1.430911] (px4_msgs) StdoutLine: {'line': b'-- Up-to-date: /home/rudra/custom_flightmode/install/px4_msgs/include/px4_msgs/px4_msgs/msg/detail/launch_detection_status__type_support.h\n'}
[1.431036] (px4_msgs) StdoutLine: {'line': b'-- Up-to-date: /home/rudra/custom_flightmode/install/px4_msgs/include/px4_msgs/px4_msgs/msg/detail/tune_control__struct.h\n'}
[1.431165] (px4_msgs) StdoutLine: {'line': b'-- Up-to-date: /home/rudra/custom_flightmode/install/px4_msgs/include/px4_msgs/px4_msgs/msg/detail/estimator_aid_source3d__functions.h\n'}
[1.431296] (px4_msgs) StdoutLine: {'line': b'-- Up-to-date: /home/rudra/custom_flightmode/install/px4_msgs/include/px4_msgs/px4_msgs/msg/detail/vte_aid_source1d__functions.h\n'}
[1.431378] (px4_msgs) StdoutLine: {'line': b'-- Up-to-date: /home/rudra/custom_flightmode/install/px4_msgs/include/px4_msgs/px4_msgs/msg/detail/radio_status__functions.c\n'}
[1.431503] (px4_msgs) StdoutLine: {'line': b'-- Up-to-date: /home/rudra/custom_flightmode/install/px4_msgs/include/px4_msgs/px4_msgs/msg/detail/sensor_uwb__functions.h\n'}
[1.431624] (px4_msgs) StdoutLine: {'line': b'-- Up-to-date: /home/rudra/custom_flightmode/install/px4_msgs/include/px4_msgs/px4_msgs/msg/detail/sensor_gps__type_support.h\n'}
[1.431740] (px4_msgs) StdoutLine: {'line': b'-- Up-to-date: /home/rudra/custom_flightmode/install/px4_msgs/include/px4_msgs/px4_msgs/msg/detail/position_setpoint__type_support.h\n'}
[1.431848] (px4_msgs) StdoutLine: {'line': b'-- Up-to-date: /home/rudra/custom_flightmode/install/px4_msgs/include/px4_msgs/px4_msgs/msg/detail/sensor_preflight_mag__functions.h\n'}
[1.431950] (px4_msgs) StdoutLine: {'line': b'-- Up-to-date: /home/rudra/custom_flightmode/install/px4_msgs/include/px4_msgs/px4_msgs/msg/detail/launch_detection_status__functions.h\n'}
[1.432065] (px4_msgs) StdoutLine: {'line': b'-- Up-to-date: /home/rudra/custom_flightmode/install/px4_msgs/include/px4_msgs/px4_msgs/msg/detail/gpio_in__functions.c\n'}
[1.432181] (px4_msgs) StdoutLine: {'line': b'-- Up-to-date: /home/rudra/custom_flightmode/install/px4_msgs/include/px4_msgs/px4_msgs/msg/detail/internal_combustion_engine_control__functions.h\n'}
[1.432293] (px4_msgs) StdoutLine: {'line': b'-- Up-to-date: /home/rudra/custom_flightmode/install/px4_msgs/include/px4_msgs/px4_msgs/msg/detail/battery_status__struct.h\n'}
[1.432409] (px4_msgs) StdoutLine: {'line': b'-- Up-to-date: /home/rudra/custom_flightmode/install/px4_msgs/include/px4_msgs/px4_msgs/msg/detail/rover_rate_status__struct.h\n'}
[1.432535] (px4_msgs) StdoutLine: {'line': b'-- Up-to-date: /home/rudra/custom_flightmode/install/px4_msgs/include/px4_msgs/px4_msgs/msg/detail/fixed_wing_lateral_setpoint__struct.h\n'}
[1.432679] (px4_msgs) StdoutLine: {'line': b'-- Up-to-date: /home/rudra/custom_flightmode/install/px4_msgs/include/px4_msgs/px4_msgs/msg/detail/estimator_innovations__type_support.h\n'}
[1.432795] (px4_msgs) StdoutLine: {'line': b'-- Up-to-date: /home/rudra/custom_flightmode/install/px4_msgs/include/px4_msgs/px4_msgs/msg/detail/estimator_aid_source1d__functions.h\n'}
[1.432902] (px4_msgs) StdoutLine: {'line': b'-- Up-to-date: /home/rudra/custom_flightmode/install/px4_msgs/include/px4_msgs/px4_msgs/msg/detail/estimator_bias3d__type_support.h\n'}
[1.432995] (px4_msgs) StdoutLine: {'line': b'-- Up-to-date: /home/rudra/custom_flightmode/install/px4_msgs/include/px4_msgs/px4_msgs/msg/detail/airspeed_validated__type_support.h\n'}
[1.433110] (px4_msgs) StdoutLine: {'line': b'-- Up-to-date: /home/rudra/custom_flightmode/install/px4_msgs/include/px4_msgs/px4_msgs/msg/detail/vehicle_acceleration__struct.h\n'}
[1.433216] (px4_msgs) StdoutLine: {'line': b'-- Up-to-date: /home/rudra/custom_flightmode/install/px4_msgs/include/px4_msgs/px4_msgs/msg/detail/estimator_selector_status__type_support.h\n'}
[1.433311] (px4_msgs) StdoutLine: {'line': b'-- Up-to-date: /home/rudra/custom_flightmode/install/px4_msgs/include/px4_msgs/px4_msgs/msg/detail/adc_report__functions.c\n'}
[1.433428] (px4_msgs) StdoutLine: {'line': b'-- Up-to-date: /home/rudra/custom_flightmode/install/px4_msgs/include/px4_msgs/px4_msgs/msg/detail/gimbal_manager_set_attitude__struct.h\n'}
[1.433551] (px4_msgs) StdoutLine: {'line': b'-- Up-to-date: /home/rudra/custom_flightmode/install/px4_msgs/include/px4_msgs/px4_msgs/msg/detail/device_information__struct.h\n'}
[1.433645] (px4_msgs) StdoutLine: {'line': b'-- Up-to-date: /home/rudra/custom_flightmode/install/px4_msgs/include/px4_msgs/px4_msgs/msg/detail/ping__type_support.h\n'}
[1.433777] (px4_msgs) StdoutLine: {'line': b'-- Up-to-date: /home/rudra/custom_flightmode/install/px4_msgs/include/px4_msgs/px4_msgs/msg/detail/setpoint_config_reply__functions.h\n'}
[1.433881] (px4_msgs) StdoutLine: {'line': b'-- Up-to-date: /home/rudra/custom_flightmode/install/px4_msgs/include/px4_msgs/px4_msgs/msg/detail/lateral_control_configuration__functions.h\n'}
[1.433983] (px4_msgs) StdoutLine: {'line': b'-- Up-to-date: /home/rudra/custom_flightmode/install/px4_msgs/include/px4_msgs/px4_msgs/msg/detail/navigator_mission_item__functions.c\n'}
[1.434086] (px4_msgs) StdoutLine: {'line': b'-- Up-to-date: /home/rudra/custom_flightmode/install/px4_msgs/include/px4_msgs/px4_msgs/msg/detail/vehicle_imu_status__functions.c\n'}
[1.434198] (px4_msgs) StdoutLine: {'line': b'-- Up-to-date: /home/rudra/custom_flightmode/install/px4_msgs/include/px4_msgs/px4_msgs/msg/detail/magnetometer_bias_estimate__struct.h\n'}
[1.434299] (px4_msgs) StdoutLine: {'line': b'-- Up-to-date: /home/rudra/custom_flightmode/install/px4_msgs/include/px4_msgs/px4_msgs/msg/detail/actuator_motors__functions.c\n'}
[1.434489] (px4_msgs) StdoutLine: {'line': b'-- Up-to-date: /home/rudra/custom_flightmode/install/px4_msgs/include/px4_msgs/px4_msgs/msg/detail/landing_gear__functions.h\n'}
[1.434595] (px4_msgs) StdoutLine: {'line': b'-- Up-to-date: /home/rudra/custom_flightmode/install/px4_msgs/include/px4_msgs/px4_msgs/msg/detail/pure_pursuit_status__struct.h\n'}
[1.434710] (px4_msgs) StdoutLine: {'line': b'-- Up-to-date: /home/rudra/custom_flightmode/install/px4_msgs/include/px4_msgs/px4_msgs/msg/detail/px4io_status__type_support.h\n'}
[1.434829] (px4_msgs) StdoutLine: {'line': b'-- Up-to-date: /home/rudra/custom_flightmode/install/px4_msgs/include/px4_msgs/px4_msgs/msg/detail/can_interface_status__functions.c\n'}
[1.434947] (px4_msgs) StdoutLine: {'line': b'-- Up-to-date: /home/rudra/custom_flightmode/install/px4_msgs/include/px4_msgs/px4_msgs/msg/detail/vehicle_attitude_setpoint__type_support.h\n'}
[1.435063] (px4_msgs) StdoutLine: {'line': b'-- Up-to-date: /home/rudra/custom_flightmode/install/px4_msgs/include/px4_msgs/px4_msgs/msg/detail/actuator_armed__functions.h\n'}
[1.435178] (px4_msgs) StdoutLine: {'line': b'-- Up-to-date: /home/rudra/custom_flightmode/install/px4_msgs/include/px4_msgs/px4_msgs/msg/detail/fixed_wing_lateral_guidance_status__struct.h\n'}
[1.435281] (px4_msgs) StdoutLine: {'line': b'-- Up-to-date: /home/rudra/custom_flightmode/install/px4_msgs/include/px4_msgs/px4_msgs/msg/detail/rover_attitude_status__type_support.h\n'}
[1.435361] (px4_msgs) StdoutLine: {'line': b'-- Up-to-date: /home/rudra/custom_flightmode/install/px4_msgs/include/px4_msgs/px4_msgs/msg/detail/sensor_gyro__functions.h\n'}
[1.435496] (px4_msgs) StdoutLine: {'line': b'-- Up-to-date: /home/rudra/custom_flightmode/install/px4_msgs/include/px4_msgs/px4_msgs/msg/detail/tiltrotor_extra_controls__struct.h\n'}
[1.435620] (px4_msgs) StdoutLine: {'line': b'-- Up-to-date: /home/rudra/custom_flightmode/install/px4_msgs/include/px4_msgs/px4_msgs/msg/detail/airspeed_validated__functions.h\n'}
[1.435728] (px4_msgs) StdoutLine: {'line': b'-- Up-to-date: /home/rudra/custom_flightmode/install/px4_msgs/include/px4_msgs/px4_msgs/msg/detail/estimator_status__functions.c\n'}
[1.435856] (px4_msgs) StdoutLine: {'line': b'-- Up-to-date: /home/rudra/custom_flightmode/install/px4_msgs/include/px4_msgs/px4_msgs/msg/detail/dronecan_node_status__functions.h\n'}
[1.435963] (px4_msgs) StdoutLine: {'line': b'-- Up-to-date: /home/rudra/custom_flightmode/install/px4_msgs/include/px4_msgs/px4_msgs/msg/detail/sensor_gnss_relative__type_support.h\n'}
[1.436086] (px4_msgs) StdoutLine: {'line': b'-- Up-to-date: /home/rudra/custom_flightmode/install/px4_msgs/include/px4_msgs/px4_msgs/msg/detail/cpuload__functions.h\n'}
[1.436215] (px4_msgs) StdoutLine: {'line': b'-- Up-to-date: /home/rudra/custom_flightmode/install/px4_msgs/include/px4_msgs/px4_msgs/msg/detail/neural_control__type_support.h\n'}
[1.436335] (px4_msgs) StdoutLine: {'line': b'-- Up-to-date: /home/rudra/custom_flightmode/install/px4_msgs/include/px4_msgs/px4_msgs/msg/detail/sensor_correction__struct.h\n'}
[1.436431] (px4_msgs) StdoutLine: {'line': b'-- Up-to-date: /home/rudra/custom_flightmode/install/px4_msgs/include/px4_msgs/px4_msgs/msg/detail/camera_trigger__type_support.h\n'}
[1.436578] (px4_msgs) StdoutLine: {'line': b'-- Up-to-date: /home/rudra/custom_flightmode/install/px4_msgs/include/px4_msgs/px4_msgs/msg/detail/raptor_status__functions.h\n'}
[1.436701] (px4_msgs) StdoutLine: {'line': b'-- Up-to-date: /home/rudra/custom_flightmode/install/px4_msgs/include/px4_msgs/px4_msgs/msg/detail/vehicle_torque_setpoint__functions.c\n'}
[1.436811] (px4_msgs) StdoutLine: {'line': b'-- Up-to-date: /home/rudra/custom_flightmode/install/px4_msgs/include/px4_msgs/px4_msgs/msg/detail/vehicle_land_detected__type_support.h\n'}
[1.436915] (px4_msgs) StdoutLine: {'line': b'-- Up-to-date: /home/rudra/custom_flightmode/install/px4_msgs/include/px4_msgs/px4_msgs/msg/detail/estimator_states__functions.c\n'}
[1.437022] (px4_msgs) StdoutLine: {'line': b'-- Up-to-date: /home/rudra/custom_flightmode/install/px4_msgs/include/px4_msgs/px4_msgs/msg/detail/failure_injection__struct.h\n'}
[1.437127] (px4_msgs) StdoutLine: {'line': b'-- Up-to-date: /home/rudra/custom_flightmode/install/px4_msgs/include/px4_msgs/px4_msgs/msg/detail/fixed_wing_runway_control__type_support.h\n'}
[1.437236] (px4_msgs) StdoutLine: {'line': b'-- Up-to-date: /home/rudra/custom_flightmode/install/px4_msgs/include/px4_msgs/px4_msgs/msg/detail/position_controller_landing_status__functions.h\n'}
[1.437353] (px4_msgs) StdoutLine: {'line': b'-- Up-to-date: /home/rudra/custom_flightmode/install/px4_msgs/include/px4_msgs/px4_msgs/msg/detail/vehicle_roi__type_support.h\n'}
[1.437459] (px4_msgs) StdoutLine: {'line': b'-- Up-to-date: /home/rudra/custom_flightmode/install/px4_msgs/include/px4_msgs/px4_msgs/msg/detail/prec_land_status__functions.h\n'}
[1.437589] (px4_msgs) StdoutLine: {'line': b'-- Up-to-date: /home/rudra/custom_flightmode/install/px4_msgs/include/px4_msgs/px4_msgs/msg/detail/message_format_request__functions.h\n'}
[1.437704] (px4_msgs) StdoutLine: {'line': b'-- Up-to-date: /home/rudra/custom_flightmode/install/px4_msgs/include/px4_msgs/px4_msgs/msg/detail/power_button_state__type_support.h\n'}
[1.437819] (px4_msgs) StdoutLine: {'line': b'-- Up-to-date: /home/rudra/custom_flightmode/install/px4_msgs/include/px4_msgs/px4_msgs/msg/detail/actuator_servos_trim__struct.h\n'}
[1.437923] (px4_msgs) StdoutLine: {'line': b'-- Up-to-date: /home/rudra/custom_flightmode/install/px4_msgs/include/px4_msgs/px4_msgs/msg/detail/sensor_preflight_mag__struct.h\n'}
[1.438034] (px4_msgs) StdoutLine: {'line': b'-- Up-to-date: /home/rudra/custom_flightmode/install/px4_msgs/include/px4_msgs/px4_msgs/msg/detail/vte_position__type_support.h\n'}
[1.438139] (px4_msgs) StdoutLine: {'line': b'-- Up-to-date: /home/rudra/custom_flightmode/install/px4_msgs/include/px4_msgs/px4_msgs/msg/detail/message_format_response__functions.h\n'}
[1.438254] (px4_msgs) StdoutLine: {'line': b'-- Up-to-date: /home/rudra/custom_flightmode/install/px4_msgs/include/px4_msgs/px4_msgs/msg/detail/collision_constraints__struct.h\n'}
[1.438358] (px4_msgs) StdoutLine: {'line': b'-- Up-to-date: /home/rudra/custom_flightmode/install/px4_msgs/include/px4_msgs/px4_msgs/msg/detail/airspeed_wind__functions.h\n'}
[1.438480] (px4_msgs) StdoutLine: {'line': b'-- Up-to-date: /home/rudra/custom_flightmode/install/px4_msgs/include/px4_msgs/px4_msgs/msg/detail/fixed_wing_lateral_status__functions.c\n'}
[1.438602] (px4_msgs) StdoutLine: {'line': b'-- Up-to-date: /home/rudra/custom_flightmode/install/px4_msgs/include/px4_msgs/px4_msgs/msg/detail/vehicle_magnetometer__type_support.h\n'}
[1.438720] (px4_msgs) StdoutLine: {'line': b'-- Up-to-date: /home/rudra/custom_flightmode/install/px4_msgs/include/px4_msgs/px4_msgs/msg/detail/mode_completed__struct.h\n'}
[1.438835] (px4_msgs) StdoutLine: {'line': b'-- Up-to-date: /home/rudra/custom_flightmode/install/px4_msgs/include/px4_msgs/px4_msgs/msg/detail/landing_gear__functions.c\n'}
[1.438954] (px4_msgs) StdoutLine: {'line': b'-- Up-to-date: /home/rudra/custom_flightmode/install/px4_msgs/include/px4_msgs/px4_msgs/msg/detail/yaw_estimator_status__functions.h\n'}
[1.439078] (px4_msgs) StdoutLine: {'line': b'-- Up-to-date: /home/rudra/custom_flightmode/install/px4_msgs/include/px4_msgs/px4_msgs/msg/detail/vehicle_imu__functions.c\n'}
[1.439203] (px4_msgs) StdoutLine: {'line': b'-- Up-to-date: /home/rudra/custom_flightmode/install/px4_msgs/include/px4_msgs/px4_msgs/msg/detail/vte_input__functions.c\n'}
[1.439310] (px4_msgs) StdoutLine: {'line': b'-- Up-to-date: /home/rudra/custom_flightmode/install/px4_msgs/include/px4_msgs/px4_msgs/msg/detail/geofence_result__functions.c\n'}
[1.439426] (px4_msgs) StdoutLine: {'line': b'-- Up-to-date: /home/rudra/custom_flightmode/install/px4_msgs/include/px4_msgs/px4_msgs/msg/detail/target_gnss__functions.c\n'}
[1.439563] (px4_msgs) StdoutLine: {'line': b'-- Up-to-date: /home/rudra/custom_flightmode/install/px4_msgs/include/px4_msgs/px4_msgs/msg/detail/autotune_attitude_control_status__functions.c\n'}
[1.439682] (px4_msgs) StdoutLine: {'line': b'-- Up-to-date: /home/rudra/custom_flightmode/install/px4_msgs/include/px4_msgs/px4_msgs/msg/detail/target_gnss__type_support.h\n'}
[1.439794] (px4_msgs) StdoutLine: {'line': b'-- Up-to-date: /home/rudra/custom_flightmode/install/px4_msgs/include/px4_msgs/px4_msgs/msg/detail/camera_status__type_support.h\n'}
[1.439891] (px4_msgs) StdoutLine: {'line': b'-- Up-to-date: /home/rudra/custom_flightmode/install/px4_msgs/include/px4_msgs/px4_msgs/msg/detail/airspeed_wind__functions.c\n'}
[1.439998] (px4_msgs) StdoutLine: {'line': b'-- Up-to-date: /home/rudra/custom_flightmode/install/px4_msgs/include/px4_msgs/px4_msgs/msg/detail/estimator_aid_source1d__struct.h\n'}
[1.440091] (px4_msgs) StdoutLine: {'line': b'-- Up-to-date: /home/rudra/custom_flightmode/install/px4_msgs/include/px4_msgs/px4_msgs/msg/detail/trajectory_setpoint__struct.h\n'}
[1.440202] (px4_msgs) StdoutLine: {'line': b'-- Up-to-date: /home/rudra/custom_flightmode/install/px4_msgs/include/px4_msgs/px4_msgs/msg/detail/qshell_retval__type_support.h\n'}
[1.440308] (px4_msgs) StdoutLine: {'line': b'-- Up-to-date: /home/rudra/custom_flightmode/install/px4_msgs/include/px4_msgs/px4_msgs/msg/detail/failsafe_flags__functions.h\n'}
[1.440407] (px4_msgs) StdoutLine: {'line': b'-- Up-to-date: /home/rudra/custom_flightmode/install/px4_msgs/include/px4_msgs/px4_msgs/msg/detail/figure_eight_status__struct.h\n'}
[1.440543] (px4_msgs) StdoutLine: {'line': b'-- Up-to-date: /home/rudra/custom_flightmode/install/px4_msgs/include/px4_msgs/px4_msgs/msg/detail/distance_sensor__type_support.h\n'}
[1.440653] (px4_msgs) StdoutLine: {'line': b'-- Up-to-date: /home/rudra/custom_flightmode/install/px4_msgs/include/px4_msgs/px4_msgs/msg/detail/autotune_attitude_control_status__type_support.h\n'}
[1.440760] (px4_msgs) StdoutLine: {'line': b'-- Up-to-date: /home/rudra/custom_flightmode/install/px4_msgs/include/px4_msgs/px4_msgs/msg/detail/orbit_status__functions.h\n'}
[1.440873] (px4_msgs) StdoutLine: {'line': b'-- Up-to-date: /home/rudra/custom_flightmode/install/px4_msgs/include/px4_msgs/px4_msgs/msg/detail/longitudinal_control_configuration__type_support.h\n'}
[1.440987] (px4_msgs) StdoutLine: {'line': b'-- Up-to-date: /home/rudra/custom_flightmode/install/px4_msgs/include/px4_msgs/px4_msgs/msg/detail/adc_report__type_support.h\n'}
[1.441102] (px4_msgs) StdoutLine: {'line': b'-- Up-to-date: /home/rudra/custom_flightmode/install/px4_msgs/include/px4_msgs/px4_msgs/msg/detail/vehicle_torque_setpoint__struct.h\n'}
[1.441207] (px4_msgs) StdoutLine: {'line': b'-- Up-to-date: /home/rudra/custom_flightmode/install/px4_msgs/include/px4_msgs/px4_msgs/msg/detail/sensor_gyro_fifo__type_support.h\n'}
[1.441316] (px4_msgs) StdoutLine: {'line': b'-- Up-to-date: /home/rudra/custom_flightmode/install/px4_msgs/include/px4_msgs/px4_msgs/msg/detail/parameter_set_value_response__functions.c\n'}
[1.441414] (px4_msgs) StdoutLine: {'line': b'-- Up-to-date: /home/rudra/custom_flightmode/install/px4_msgs/include/px4_msgs/px4_msgs/msg/detail/rover_speed_status__struct.h\n'}
[1.441539] (px4_msgs) StdoutLine: {'line': b'-- Up-to-date: /home/rudra/custom_flightmode/install/px4_msgs/include/px4_msgs/px4_msgs/msg/detail/telemetry_status__type_support.h\n'}
[1.441663] (px4_msgs) StdoutLine: {'line': b'-- Up-to-date: /home/rudra/custom_flightmode/install/px4_msgs/include/px4_msgs/px4_msgs/msg/detail/geofence_result__struct.h\n'}
[1.441777] (px4_msgs) StdoutLine: {'line': b'-- Up-to-date: /home/rudra/custom_flightmode/install/px4_msgs/include/px4_msgs/px4_msgs/msg/detail/camera_trigger__struct.h\n'}
[1.441876] (px4_msgs) StdoutLine: {'line': b'-- Up-to-date: /home/rudra/custom_flightmode/install/px4_msgs/include/px4_msgs/px4_msgs/msg/detail/landing_target_innovations__type_support.h\n'}
[1.441994] (px4_msgs) StdoutLine: {'line': b'-- Up-to-date: /home/rudra/custom_flightmode/install/px4_msgs/include/px4_msgs/px4_msgs/msg/detail/log_message__functions.h\n'}
[1.442106] (px4_msgs) StdoutLine: {'line': b'-- Up-to-date: /home/rudra/custom_flightmode/install/px4_msgs/include/px4_msgs/px4_msgs/msg/detail/rover_speed_setpoint__functions.h\n'}
[1.442186] (px4_msgs) StdoutLine: {'line': b'-- Up-to-date: /home/rudra/custom_flightmode/install/px4_msgs/include/px4_msgs/px4_msgs/msg/detail/timesync_status__struct.h\n'}
[1.442263] (px4_msgs) StdoutLine: {'line': b'-- Up-to-date: /home/rudra/custom_flightmode/install/px4_msgs/include/px4_msgs/px4_msgs/msg/detail/esc_eeprom_read__functions.c\n'}
[1.442398] (px4_msgs) StdoutLine: {'line': b'-- Up-to-date: /home/rudra/custom_flightmode/install/px4_msgs/include/px4_msgs/px4_msgs/msg/detail/vehicle_imu__functions.h\n'}
[1.442539] (px4_msgs) StdoutLine: {'line': b'-- Up-to-date: /home/rudra/custom_flightmode/install/px4_msgs/include/px4_msgs/px4_msgs/msg/detail/setpoint_config_reply__struct.h\n'}
[1.442638] (px4_msgs) StdoutLine: {'line': b'-- Up-to-date: /home/rudra/custom_flightmode/install/px4_msgs/include/px4_msgs/px4_msgs/msg/detail/debug_value__type_support.h\n'}
[1.442743] (px4_msgs) StdoutLine: {'line': b'-- Up-to-date: /home/rudra/custom_flightmode/install/px4_msgs/include/px4_msgs/px4_msgs/msg/detail/estimator_status_flags__functions.c\n'}
[1.442836] (px4_msgs) StdoutLine: {'line': b'-- Up-to-date: /home/rudra/custom_flightmode/install/px4_msgs/include/px4_msgs/px4_msgs/msg/detail/vehicle_status__type_support.h\n'}
[1.442910] (px4_msgs) StdoutLine: {'line': b'-- Up-to-date: /home/rudra/custom_flightmode/install/px4_msgs/include/px4_msgs/px4_msgs/msg/detail/vtol_vehicle_status__functions.c\n'}
[1.443003] (px4_msgs) StdoutLine: {'line': b'-- Up-to-date: /home/rudra/custom_flightmode/install/px4_msgs/include/px4_msgs/px4_msgs/msg/detail/vehicle_optical_flow_vel__functions.h\n'}
[1.443140] (px4_msgs) StdoutLine: {'line': b'-- Up-to-date: /home/rudra/custom_flightmode/install/px4_msgs/include/px4_msgs/px4_msgs/msg/detail/rover_attitude_setpoint__functions.h\n'}
[1.443236] (px4_msgs) StdoutLine: {'line': b'-- Up-to-date: /home/rudra/custom_flightmode/install/px4_msgs/include/px4_msgs/px4_msgs/msg/detail/vehicle_rates_setpoint__struct.h\n'}
[1.443313] (px4_msgs) StdoutLine: {'line': b'-- Up-to-date: /home/rudra/custom_flightmode/install/px4_msgs/include/px4_msgs/px4_msgs/msg/detail/button_event__type_support.h\n'}
[1.443425] (px4_msgs) StdoutLine: {'line': b'-- Up-to-date: /home/rudra/custom_flightmode/install/px4_msgs/include/px4_msgs/px4_msgs/msg/detail/landing_gear_wheel__functions.h\n'}
[1.443562] (px4_msgs) StdoutLine: {'line': b'-- Up-to-date: /home/rudra/custom_flightmode/install/px4_msgs/include/px4_msgs/px4_msgs/msg/detail/battery_info__functions.h\n'}
[1.443681] (px4_msgs) StdoutLine: {'line': b'-- Up-to-date: /home/rudra/custom_flightmode/install/px4_msgs/include/px4_msgs/px4_msgs/msg/detail/gpio_out__type_support.h\n'}
[1.443781] (px4_msgs) StdoutLine: {'line': b'-- Up-to-date: /home/rudra/custom_flightmode/install/px4_msgs/include/px4_msgs/px4_msgs/msg/detail/failure_detector_status__type_support.h\n'}
[1.443856] (px4_msgs) StdoutLine: {'line': b'-- Up-to-date: /home/rudra/custom_flightmode/install/px4_msgs/include/px4_msgs/px4_msgs/msg/detail/rate_ctrl_status__functions.h\n'}
[1.443945] (px4_msgs) StdoutLine: {'line': b'-- Up-to-date: /home/rudra/custom_flightmode/install/px4_msgs/include/px4_msgs/px4_msgs/msg/detail/estimator_states__type_support.h\n'}
[1.444075] (px4_msgs) StdoutLine: {'line': b'-- Up-to-date: /home/rudra/custom_flightmode/install/px4_msgs/include/px4_msgs/px4_msgs/msg/detail/sensor_optical_flow__functions.h\n'}
[1.444170] (px4_msgs) StdoutLine: {'line': b'-- Up-to-date: /home/rudra/custom_flightmode/install/px4_msgs/include/px4_msgs/px4_msgs/msg/detail/message_format_request__struct.h\n'}
[1.444274] (px4_msgs) StdoutLine: {'line': b'-- Up-to-date: /home/rudra/custom_flightmode/install/px4_msgs/include/px4_msgs/px4_msgs/msg/detail/rover_steering_setpoint__type_support.h\n'}
[1.444375] (px4_msgs) StdoutLine: {'line': b'-- Up-to-date: /home/rudra/custom_flightmode/install/px4_msgs/include/px4_msgs/px4_msgs/msg/detail/gimbal_manager_information__functions.h\n'}
[1.444484] (px4_msgs) StdoutLine: {'line': b'-- Up-to-date: /home/rudra/custom_flightmode/install/px4_msgs/include/px4_msgs/px4_msgs/msg/detail/esc_report__type_support.h\n'}
[1.444607] (px4_msgs) StdoutLine: {'line': b'-- Up-to-date: /home/rudra/custom_flightmode/install/px4_msgs/include/px4_msgs/px4_msgs/msg/detail/task_stack_info__struct.h\n'}
[1.444721] (px4_msgs) StdoutLine: {'line': b'-- Up-to-date: /home/rudra/custom_flightmode/install/px4_msgs/include/px4_msgs/px4_msgs/msg/detail/collision_constraints__functions.c\n'}
[1.444856] (px4_msgs) StdoutLine: {'line': b'-- Up-to-date: /home/rudra/custom_flightmode/install/px4_msgs/include/px4_msgs/px4_msgs/msg/detail/estimator_gps_status__struct.h\n'}
[1.444972] (px4_msgs) StdoutLine: {'line': b'-- Up-to-date: /home/rudra/custom_flightmode/install/px4_msgs/include/px4_msgs/px4_msgs/msg/detail/parameter_reset_request__functions.h\n'}
[1.445085] (px4_msgs) StdoutLine: {'line': b'-- Up-to-date: /home/rudra/custom_flightmode/install/px4_msgs/include/px4_msgs/px4_msgs/msg/detail/uavcan_parameter_value__functions.h\n'}
[1.445198] (px4_msgs) StdoutLine: {'line': b'-- Up-to-date: /home/rudra/custom_flightmode/install/px4_msgs/include/px4_msgs/px4_msgs/msg/detail/actuator_servos__functions.h\n'}
[1.445299] (px4_msgs) StdoutLine: {'line': b'-- Up-to-date: /home/rudra/custom_flightmode/install/px4_msgs/include/px4_msgs/px4_msgs/msg/detail/mode_completed__functions.h\n'}
[1.445390] (px4_msgs) StdoutLine: {'line': b'-- Up-to-date: /home/rudra/custom_flightmode/install/px4_msgs/include/px4_msgs/px4_msgs/msg/detail/esc_report__functions.c\n'}
[1.445509] (px4_msgs) StdoutLine: {'line': b'-- Up-to-date: /home/rudra/custom_flightmode/install/px4_msgs/include/px4_msgs/px4_msgs/msg/detail/landing_target_pose__struct.h\n'}
[1.445622] (px4_msgs) StdoutLine: {'line': b'-- Up-to-date: /home/rudra/custom_flightmode/install/px4_msgs/include/px4_msgs/px4_msgs/msg/detail/estimator_status__type_support.h\n'}
[1.445732] (px4_msgs) StdoutLine: {'line': b'-- Up-to-date: /home/rudra/custom_flightmode/install/px4_msgs/include/px4_msgs/px4_msgs/msg/detail/wheel_encoders__functions.c\n'}
[1.445834] (px4_msgs) StdoutLine: {'line': b'-- Up-to-date: /home/rudra/custom_flightmode/install/px4_msgs/include/px4_msgs/px4_msgs/msg/detail/sensor_accel__type_support.h\n'}
[1.445933] (px4_msgs) StdoutLine: {'line': b'-- Up-to-date: /home/rudra/custom_flightmode/install/px4_msgs/include/px4_msgs/px4_msgs/msg/detail/mavlink_tunnel__functions.c\n'}
[1.446045] (px4_msgs) StdoutLine: {'line': b'-- Up-to-date: /home/rudra/custom_flightmode/install/px4_msgs/include/px4_msgs/px4_msgs/msg/detail/gimbal_manager_set_manual_control__functions.c\n'}
[1.446163] (px4_msgs) StdoutLine: {'line': b'-- Up-to-date: /home/rudra/custom_flightmode/install/px4_msgs/include/px4_msgs/px4_msgs/msg/detail/input_rc__functions.c\n'}
[1.446261] (px4_msgs) StdoutLine: {'line': b'-- Up-to-date: /home/rudra/custom_flightmode/install/px4_msgs/include/px4_msgs/px4_msgs/msg/detail/open_drone_id_self_id__struct.h\n'}
[1.446354] (px4_msgs) StdoutLine: {'line': b'-- Up-to-date: /home/rudra/custom_flightmode/install/px4_msgs/include/px4_msgs/px4_msgs/msg/detail/mavlink_log__functions.h\n'}
[1.446476] (px4_msgs) StdoutLine: {'line': b'-- Up-to-date: /home/rudra/custom_flightmode/install/px4_msgs/include/px4_msgs/px4_msgs/msg/detail/vehicle_air_data__struct.h\n'}
[1.446605] (px4_msgs) StdoutLine: {'line': b'-- Up-to-date: /home/rudra/custom_flightmode/install/px4_msgs/include/px4_msgs/px4_msgs/msg/detail/health_report__functions.c\n'}
[1.446703] (px4_msgs) StdoutLine: {'line': b'-- Up-to-date: /home/rudra/custom_flightmode/install/px4_msgs/include/px4_msgs/px4_msgs/msg/detail/vte_orientation__struct.h\n'}
[1.446815] (px4_msgs) StdoutLine: {'line': b'-- Up-to-date: /home/rudra/custom_flightmode/install/px4_msgs/include/px4_msgs/px4_msgs/msg/detail/vehicle_optical_flow__functions.c\n'}
[1.446924] (px4_msgs) StdoutLine: {'line': b'-- Up-to-date: /home/rudra/custom_flightmode/install/px4_msgs/include/px4_msgs/px4_msgs/msg/detail/geofence_result__functions.h\n'}
[1.447036] (px4_msgs) StdoutLine: {'line': b'-- Up-to-date: /home/rudra/custom_flightmode/install/px4_msgs/include/px4_msgs/px4_msgs/msg/detail/sensor_gyro__functions.c\n'}
[1.447148] (px4_msgs) StdoutLine: {'line': b'-- Up-to-date: /home/rudra/custom_flightmode/install/px4_msgs/include/px4_msgs/px4_msgs/msg/detail/actuator_motors__type_support.h\n'}
[1.447264] (px4_msgs) StdoutLine: {'line': b'-- Up-to-date: /home/rudra/custom_flightmode/install/px4_msgs/include/px4_msgs/px4_msgs/msg/detail/vehicle_air_data__functions.c\n'}
[1.447374] (px4_msgs) StdoutLine: {'line': b'-- Up-to-date: /home/rudra/custom_flightmode/install/px4_msgs/include/px4_msgs/px4_msgs/msg/detail/distance_sensor__functions.h\n'}
[1.447498] (px4_msgs) StdoutLine: {'line': b'-- Up-to-date: /home/rudra/custom_flightmode/install/px4_msgs/include/px4_msgs/px4_msgs/msg/detail/position_controller_status__struct.h\n'}
[1.447634] (px4_msgs) StdoutLine: {'line': b'-- Up-to-date: /home/rudra/custom_flightmode/install/px4_msgs/include/px4_msgs/px4_msgs/msg/detail/battery_status__type_support.h\n'}
[1.447750] (px4_msgs) StdoutLine: {'line': b'-- Up-to-date: /home/rudra/custom_flightmode/install/px4_msgs/include/px4_msgs/px4_msgs/msg/detail/gps_dump__type_support.h\n'}
[1.447863] (px4_msgs) StdoutLine: {'line': b'-- Up-to-date: /home/rudra/custom_flightmode/install/px4_msgs/include/px4_msgs/px4_msgs/msg/detail/vehicle_local_position__functions.c\n'}
[1.447971] (px4_msgs) StdoutLine: {'line': b'-- Up-to-date: /home/rudra/custom_flightmode/install/px4_msgs/include/px4_msgs/px4_msgs/msg/detail/rc_parameter_map__struct.h\n'}
[1.448073] (px4_msgs) StdoutLine: {'line': b'-- Up-to-date: /home/rudra/custom_flightmode/install/px4_msgs/include/px4_msgs/px4_msgs/msg/detail/sensor_correction__functions.h\n'}
[1.448177] (px4_msgs) StdoutLine: {'line': b'-- Up-to-date: /home/rudra/custom_flightmode/install/px4_msgs/include/px4_msgs/px4_msgs/msg/detail/config_overrides__struct.h\n'}
[1.448291] (px4_msgs) StdoutLine: {'line': b'-- Up-to-date: /home/rudra/custom_flightmode/install/px4_msgs/include/px4_msgs/px4_msgs/msg/detail/arming_check_request__functions.c\n'}
[1.448395] (px4_msgs) StdoutLine: {'line': b'-- Up-to-date: /home/rudra/custom_flightmode/install/px4_msgs/include/px4_msgs/px4_msgs/msg/detail/orb_test__type_support.h\n'}
[1.448514] (px4_msgs) StdoutLine: {'line': b'-- Up-to-date: /home/rudra/custom_flightmode/install/px4_msgs/include/px4_msgs/px4_msgs/msg/detail/geofence_status__type_support.h\n'}
[1.448608] (px4_msgs) StdoutLine: {'line': b'-- Up-to-date: /home/rudra/custom_flightmode/install/px4_msgs/include/px4_msgs/px4_msgs/msg/detail/offboard_control_mode__functions.h\n'}
[1.448679] (px4_msgs) StdoutLine: {'line': b'-- Up-to-date: /home/rudra/custom_flightmode/install/px4_msgs/include/px4_msgs/px4_msgs/msg/detail/vehicle_command__struct.h\n'}
[1.448741] (px4_msgs) StdoutLine: {'line': b'-- Up-to-date: /home/rudra/custom_flightmode/install/px4_msgs/include/px4_msgs/px4_msgs/msg/detail/orb_test_medium__type_support.h\n'}
[1.448785] (px4_msgs) StdoutLine: {'line': b'-- Up-to-date: /home/rudra/custom_flightmode/install/px4_msgs/include/px4_msgs/px4_msgs/msg/detail/satellite_info__functions.c\n'}
[1.448826] (px4_msgs) StdoutLine: {'line': b'-- Up-to-date: /home/rudra/custom_flightmode/install/px4_msgs/include/px4_msgs/px4_msgs/msg/detail/sensor_hygrometer__struct.h\n'}
[1.448889] (px4_msgs) StdoutLine: {'line': b'-- Up-to-date: /home/rudra/custom_flightmode/install/px4_msgs/include/px4_msgs/px4_msgs/msg/detail/trajectory_setpoint6dof__type_support.h\n'}
[1.448966] (px4_msgs) StdoutLine: {'line': b'-- Up-to-date: /home/rudra/custom_flightmode/install/px4_msgs/include/px4_msgs/px4_msgs/msg/detail/vehicle_constraints__functions.c\n'}
[1.449064] (px4_msgs) StdoutLine: {'line': b'-- Up-to-date: /home/rudra/custom_flightmode/install/px4_msgs/include/px4_msgs/px4_msgs/msg/detail/register_ext_component_request__struct.h\n'}
[1.449177] (px4_msgs) StdoutLine: {'line': b'-- Up-to-date: /home/rudra/custom_flightmode/install/px4_msgs/include/px4_msgs/px4_msgs/msg/detail/orbit_status__type_support.h\n'}
[1.449280] (px4_msgs) StdoutLine: {'line': b'-- Up-to-date: /home/rudra/custom_flightmode/install/px4_msgs/include/px4_msgs/px4_msgs/msg/detail/mount_orientation__functions.h\n'}
[1.449376] (px4_msgs) StdoutLine: {'line': b'-- Up-to-date: /home/rudra/custom_flightmode/install/px4_msgs/include/px4_msgs/px4_msgs/msg/detail/adc_report__functions.h\n'}
[1.449483] (px4_msgs) StdoutLine: {'line': b'-- Up-to-date: /home/rudra/custom_flightmode/install/px4_msgs/include/px4_msgs/px4_msgs/msg/detail/estimator_aid_source3d__type_support.h\n'}
[1.449638] (px4_msgs) StdoutLine: {'line': b'-- Up-to-date: /home/rudra/custom_flightmode/install/px4_msgs/include/px4_msgs/px4_msgs/msg/detail/setpoint_config__struct.h\n'}
[1.449742] (px4_msgs) StdoutLine: {'line': b'-- Up-to-date: /home/rudra/custom_flightmode/install/px4_msgs/include/px4_msgs/px4_msgs/msg/detail/gimbal_device_set_attitude__functions.c\n'}
[1.449834] (px4_msgs) StdoutLine: {'line': b'-- Up-to-date: /home/rudra/custom_flightmode/install/px4_msgs/include/px4_msgs/px4_msgs/msg/detail/pwm_input__functions.h\n'}
[1.449935] (px4_msgs) StdoutLine: {'line': b'-- Up-to-date: /home/rudra/custom_flightmode/install/px4_msgs/include/px4_msgs/px4_msgs/msg/detail/open_drone_id_arm_status__functions.h\n'}
[1.450022] (px4_msgs) StdoutLine: {'line': b'-- Up-to-date: /home/rudra/custom_flightmode/install/px4_msgs/include/px4_msgs/px4_msgs/msg/detail/rtl_status__functions.h\n'}
[1.450096] (px4_msgs) StdoutLine: {'line': b'-- Up-to-date: /home/rudra/custom_flightmode/install/px4_msgs/include/px4_msgs/px4_msgs/msg/detail/camera_status__functions.h\n'}
[1.450223] (px4_msgs) StdoutLine: {'line': b'-- Up-to-date: /home/rudra/custom_flightmode/install/px4_msgs/include/px4_msgs/px4_msgs/msg/detail/setpoint_config__functions.c\n'}
[1.450323] (px4_msgs) StdoutLine: {'line': b'-- Up-to-date: /home/rudra/custom_flightmode/install/px4_msgs/include/px4_msgs/px4_msgs/msg/detail/gps_dump__functions.c\n'}
[1.450412] (px4_msgs) StdoutLine: {'line': b'-- Up-to-date: /home/rudra/custom_flightmode/install/px4_msgs/include/px4_msgs/px4_msgs/msg/detail/setpoint_config__type_support.h\n'}
[1.450495] (px4_msgs) StdoutLine: {'line': b'-- Up-to-date: /home/rudra/custom_flightmode/install/px4_msgs/include/px4_msgs/px4_msgs/msg/detail/actuator_armed__struct.h\n'}
[1.450617] (px4_msgs) StdoutLine: {'line': b'-- Up-to-date: /home/rudra/custom_flightmode/install/px4_msgs/include/px4_msgs/px4_msgs/msg/detail/mission_result__functions.h\n'}
[1.450709] (px4_msgs) StdoutLine: {'line': b'-- Up-to-date: /home/rudra/custom_flightmode/install/px4_msgs/include/px4_msgs/px4_msgs/msg/detail/irlock_report__type_support.h\n'}
[1.450785] (px4_msgs) StdoutLine: {'line': b'-- Up-to-date: /home/rudra/custom_flightmode/install/px4_msgs/include/px4_msgs/px4_msgs/msg/detail/dronecan_node_status__struct.h\n'}
[1.450868] (px4_msgs) StdoutLine: {'line': b'-- Up-to-date: /home/rudra/custom_flightmode/install/px4_msgs/include/px4_msgs/px4_msgs/msg/detail/navigator_mission_item__functions.h\n'}
[1.450972] (px4_msgs) StdoutLine: {'line': b'-- Up-to-date: /home/rudra/custom_flightmode/install/px4_msgs/include/px4_msgs/px4_msgs/msg/detail/tecs_status__functions.c\n'}
[1.451074] (px4_msgs) StdoutLine: {'line': b'-- Up-to-date: /home/rudra/custom_flightmode/install/px4_msgs/include/px4_msgs/px4_msgs/msg/detail/velocity_limits__type_support.h\n'}
[1.451166] (px4_msgs) StdoutLine: {'line': b'-- Up-to-date: /home/rudra/custom_flightmode/install/px4_msgs/include/px4_msgs/px4_msgs/msg/detail/dronecan_node_status__functions.c\n'}
[1.451241] (px4_msgs) StdoutLine: {'line': b'-- Up-to-date: /home/rudra/custom_flightmode/install/px4_msgs/include/px4_msgs/px4_msgs/msg/detail/vtol_vehicle_status__type_support.h\n'}
[1.451314] (px4_msgs) StdoutLine: {'line': b'-- Up-to-date: /home/rudra/custom_flightmode/install/px4_msgs/include/px4_msgs/px4_msgs/msg/detail/rc_channels__functions.h\n'}
[1.451386] (px4_msgs) StdoutLine: {'line': b'-- Up-to-date: /home/rudra/custom_flightmode/install/px4_msgs/include/px4_msgs/px4_msgs/msg/detail/orb_test_large__functions.h\n'}
[1.451470] (px4_msgs) StdoutLine: {'line': b'-- Up-to-date: /home/rudra/custom_flightmode/install/px4_msgs/include/px4_msgs/px4_msgs/msg/detail/action_request__functions.h\n'}
[1.451611] (px4_msgs) StdoutLine: {'line': b'-- Up-to-date: /home/rudra/custom_flightmode/install/px4_msgs/include/px4_msgs/px4_msgs/msg/detail/detect_and_avoid_most_urgent__type_support.h\n'}
[1.451712] (px4_msgs) StdoutLine: {'line': b'-- Up-to-date: /home/rudra/custom_flightmode/install/px4_msgs/include/px4_msgs/px4_msgs/msg/detail/landing_gear_wheel__struct.h\n'}
[1.451800] (px4_msgs) StdoutLine: {'line': b'-- Up-to-date: /home/rudra/custom_flightmode/install/px4_msgs/include/px4_msgs/px4_msgs/msg/detail/iridiumsbd_status__struct.h\n'}
[1.451898] (px4_msgs) StdoutLine: {'line': b'-- Up-to-date: /home/rudra/custom_flightmode/install/px4_msgs/include/px4_msgs/px4_msgs/msg/detail/actuator_test__struct.h\n'}
[1.451991] (px4_msgs) StdoutLine: {'line': b'-- Up-to-date: /home/rudra/custom_flightmode/install/px4_msgs/include/px4_msgs/px4_msgs/msg/detail/gpio_in__functions.h\n'}
[1.452089] (px4_msgs) StdoutLine: {'line': b'-- Up-to-date: /home/rudra/custom_flightmode/install/px4_msgs/include/px4_msgs/px4_msgs/msg/detail/distance_sensor__struct.h\n'}
[1.452153] (px4_msgs) StdoutLine: {'line': b'-- Up-to-date: /home/rudra/custom_flightmode/install/px4_msgs/include/px4_msgs/px4_msgs/msg/detail/sensor_temp__functions.c\n'}
[1.452217] (px4_msgs) StdoutLine: {'line': b'-- Up-to-date: /home/rudra/custom_flightmode/install/px4_msgs/include/px4_msgs/px4_msgs/msg/detail/gimbal_device_set_attitude__functions.h\n'}
[1.452328] (px4_msgs) StdoutLine: {'line': b'-- Up-to-date: /home/rudra/custom_flightmode/install/px4_msgs/include/px4_msgs/px4_msgs/msg/detail/vte_position__functions.c\n'}
[1.452423] (px4_msgs) StdoutLine: {'line': b'-- Up-to-date: /home/rudra/custom_flightmode/install/px4_msgs/include/px4_msgs/px4_msgs/msg/detail/mag_worker_data__type_support.h\n'}
[1.452530] (px4_msgs) StdoutLine: {'line': b'-- Up-to-date: /home/rudra/custom_flightmode/install/px4_msgs/include/px4_msgs/px4_msgs/msg/detail/rtcm_data__struct.h\n'}
[1.452620] (px4_msgs) StdoutLine: {'line': b'-- Up-to-date: /home/rudra/custom_flightmode/install/px4_msgs/include/px4_msgs/px4_msgs/msg/detail/rate_ctrl_status__struct.h\n'}
[1.452728] (px4_msgs) StdoutLine: {'line': b'-- Up-to-date: /home/rudra/custom_flightmode/install/px4_msgs/include/px4_msgs/px4_msgs/msg/detail/gripper__functions.c\n'}
[1.452824] (px4_msgs) StdoutLine: {'line': b'-- Up-to-date: /home/rudra/custom_flightmode/install/px4_msgs/include/px4_msgs/px4_msgs/msg/detail/navigator_status__struct.h\n'}
[1.452917] (px4_msgs) StdoutLine: {'line': b'-- Up-to-date: /home/rudra/custom_flightmode/install/px4_msgs/include/px4_msgs/px4_msgs/msg/detail/gpio_request__type_support.h\n'}
[1.453026] (px4_msgs) StdoutLine: {'line': b'-- Up-to-date: /home/rudra/custom_flightmode/install/px4_msgs/include/px4_msgs/px4_msgs/msg/detail/sensor_gyro_fft__type_support.h\n'}
[1.453135] (px4_msgs) StdoutLine: {'line': b'-- Up-to-date: /home/rudra/custom_flightmode/install/px4_msgs/include/px4_msgs/px4_msgs/msg/detail/sensor_gyro__struct.h\n'}
[1.453244] (px4_msgs) StdoutLine: {'line': b'-- Up-to-date: /home/rudra/custom_flightmode/install/px4_msgs/include/px4_msgs/px4_msgs/msg/detail/gimbal_manager_set_attitude__functions.h\n'}
[1.453341] (px4_msgs) StdoutLine: {'line': b'-- Up-to-date: /home/rudra/custom_flightmode/install/px4_msgs/include/px4_msgs/px4_msgs/msg/detail/power_button_state__struct.h\n'}
[1.453441] (px4_msgs) StdoutLine: {'line': b'-- Up-to-date: /home/rudra/custom_flightmode/install/px4_msgs/include/px4_msgs/px4_msgs/msg/detail/event__functions.c\n'}
[1.453549] (px4_msgs) StdoutLine: {'line': b'-- Up-to-date: /home/rudra/custom_flightmode/install/px4_msgs/include/px4_msgs/px4_msgs/msg/detail/hover_thrust_estimate__functions.c\n'}
[1.453657] (px4_msgs) StdoutLine: {'line': b'-- Up-to-date: /home/rudra/custom_flightmode/install/px4_msgs/include/px4_msgs/px4_msgs/msg/detail/vehicle_torque_setpoint__type_support.h\n'}
[1.453754] (px4_msgs) StdoutLine: {'line': b'-- Up-to-date: /home/rudra/custom_flightmode/install/px4_msgs/include/px4_msgs/px4_msgs/msg/detail/rtl_status__struct.h\n'}
[1.453841] (px4_msgs) StdoutLine: {'line': b'-- Up-to-date: /home/rudra/custom_flightmode/install/px4_msgs/include/px4_msgs/px4_msgs/msg/detail/normalized_unsigned_setpoint__struct.h\n'}
[1.453946] (px4_msgs) StdoutLine: {'line': b'-- Up-to-date: /home/rudra/custom_flightmode/install/px4_msgs/include/px4_msgs/px4_msgs/msg/detail/sensor_optical_flow__functions.c\n'}
[1.454039] (px4_msgs) StdoutLine: {'line': b'-- Up-to-date: /home/rudra/custom_flightmode/install/px4_msgs/include/px4_msgs/px4_msgs/msg/detail/arming_check_reply__struct.h\n'}
[1.454127] (px4_msgs) StdoutLine: {'line': b'-- Up-to-date: /home/rudra/custom_flightmode/install/px4_msgs/include/px4_msgs/px4_msgs/msg/detail/logger_status__struct.h\n'}
[1.454224] (px4_msgs) StdoutLine: {'line': b'-- Up-to-date: /home/rudra/custom_flightmode/install/px4_msgs/include/px4_msgs/px4_msgs/msg/detail/magnetometer_bias_estimate__functions.h\n'}
[1.454323] (px4_msgs) StdoutLine: {'line': b'-- Up-to-date: /home/rudra/custom_flightmode/install/px4_msgs/include/px4_msgs/px4_msgs/msg/detail/detect_and_avoid__struct.h\n'}
[1.454438] (px4_msgs) StdoutLine: {'line': b'-- Up-to-date: /home/rudra/custom_flightmode/install/px4_msgs/include/px4_msgs/px4_msgs/msg/detail/vehicle_thrust_setpoint__struct.h\n'}
[1.454557] (px4_msgs) StdoutLine: {'line': b'-- Up-to-date: /home/rudra/custom_flightmode/install/px4_msgs/include/px4_msgs/px4_msgs/msg/detail/vehicle_local_position__type_support.h\n'}
[1.454649] (px4_msgs) StdoutLine: {'line': b'-- Up-to-date: /home/rudra/custom_flightmode/install/px4_msgs/include/px4_msgs/px4_msgs/msg/detail/register_ext_component_request__type_support.h\n'}
[1.454765] (px4_msgs) StdoutLine: {'line': b'-- Up-to-date: /home/rudra/custom_flightmode/install/px4_msgs/include/px4_msgs/px4_msgs/msg/detail/goto_setpoint__functions.h\n'}
[1.454855] (px4_msgs) StdoutLine: {'line': b'-- Up-to-date: /home/rudra/custom_flightmode/install/px4_msgs/include/px4_msgs/px4_msgs/msg/detail/open_drone_id_operator_id__type_support.h\n'}
[1.454948] (px4_msgs) StdoutLine: {'line': b'-- Up-to-date: /home/rudra/custom_flightmode/install/px4_msgs/include/px4_msgs/px4_msgs/msg/detail/rover_speed_setpoint__struct.h\n'}
[1.455047] (px4_msgs) StdoutLine: {'line': b'-- Up-to-date: /home/rudra/custom_flightmode/install/px4_msgs/include/px4_msgs/px4_msgs/msg/detail/gripper__type_support.h\n'}
[1.455145] (px4_msgs) StdoutLine: {'line': b'-- Up-to-date: /home/rudra/custom_flightmode/install/px4_msgs/include/px4_msgs/px4_msgs/msg/detail/position_setpoint_triplet__functions.c\n'}
[1.455247] (px4_msgs) StdoutLine: {'line': b'-- Up-to-date: /home/rudra/custom_flightmode/install/px4_msgs/include/px4_msgs/px4_msgs/msg/detail/vte_aid_source1d__type_support.h\n'}
[1.455380] (px4_msgs) StdoutLine: {'line': b'-- Up-to-date: /home/rudra/custom_flightmode/install/px4_msgs/include/px4_msgs/px4_msgs/msg/detail/actuator_outputs__functions.c\n'}
[1.455489] (px4_msgs) StdoutLine: {'line': b'-- Up-to-date: /home/rudra/custom_flightmode/install/px4_msgs/include/px4_msgs/px4_msgs/msg/detail/vehicle_attitude__functions.h\n'}
[1.455598] (px4_msgs) StdoutLine: {'line': b'-- Up-to-date: /home/rudra/custom_flightmode/install/px4_msgs/include/px4_msgs/px4_msgs/msg/detail/tiltrotor_extra_controls__type_support.h\n'}
[1.455700] (px4_msgs) StdoutLine: {'line': b'-- Up-to-date: /home/rudra/custom_flightmode/install/px4_msgs/include/px4_msgs/px4_msgs/msg/detail/gimbal_manager_set_manual_control__struct.h\n'}
[1.455836] (px4_msgs) StdoutLine: {'line': b'-- Up-to-date: /home/rudra/custom_flightmode/install/px4_msgs/include/px4_msgs/px4_msgs/msg/detail/rtcm_data__functions.h\n'}
[1.455949] (px4_msgs) StdoutLine: {'line': b'-- Up-to-date: /home/rudra/custom_flightmode/install/px4_msgs/include/px4_msgs/px4_msgs/msg/detail/ekf2_timestamps__struct.h\n'}
[1.456142] (px4_msgs) StdoutLine: {'line': b'-- Up-to-date: /home/rudra/custom_flightmode/install/px4_msgs/include/px4_msgs/px4_msgs/msg/detail/fixed_wing_lateral_guidance_status__functions.h\n'}
[1.456246] (px4_msgs) StdoutLine: {'line': b'-- Up-to-date: /home/rudra/custom_flightmode/install/px4_msgs/include/px4_msgs/px4_msgs/msg/detail/hover_thrust_estimate__functions.h\n'}
[1.456336] (px4_msgs) StdoutLine: {'line': b'-- Up-to-date: /home/rudra/custom_flightmode/install/px4_msgs/include/px4_msgs/px4_msgs/msg/detail/arming_check_reply__functions.c\n'}
[1.456439] (px4_msgs) StdoutLine: {'line': b'-- Up-to-date: /home/rudra/custom_flightmode/install/px4_msgs/include/px4_msgs/px4_msgs/msg/detail/estimator_innovations__functions.c\n'}
[1.456564] (px4_msgs) StdoutLine: {'line': b'-- Up-to-date: /home/rudra/custom_flightmode/install/px4_msgs/include/px4_msgs/px4_msgs/msg/detail/rover_steering_setpoint__functions.c\n'}
[1.456673] (px4_msgs) StdoutLine: {'line': b'-- Up-to-date: /home/rudra/custom_flightmode/install/px4_msgs/include/px4_msgs/px4_msgs/msg/detail/gimbal_device_information__functions.c\n'}
[1.456773] (px4_msgs) StdoutLine: {'line': b'-- Up-to-date: /home/rudra/custom_flightmode/install/px4_msgs/include/px4_msgs/px4_msgs/msg/detail/parameter_set_value_request__type_support.h\n'}
[1.456872] (px4_msgs) StdoutLine: {'line': b'-- Up-to-date: /home/rudra/custom_flightmode/install/px4_msgs/include/px4_msgs/px4_msgs/msg/detail/landing_gear__type_support.h\n'}
[1.456988] (px4_msgs) StdoutLine: {'line': b'-- Up-to-date: /home/rudra/custom_flightmode/install/px4_msgs/include/px4_msgs/px4_msgs/msg/detail/config_overrides__type_support.h\n'}
[1.457064] (px4_msgs) StdoutLine: {'line': b'-- Up-to-date: /home/rudra/custom_flightmode/install/px4_msgs/include/px4_msgs/px4_msgs/msg/detail/position_setpoint_triplet__type_support.h\n'}
[1.457132] (px4_msgs) StdoutLine: {'line': b'-- Up-to-date: /home/rudra/custom_flightmode/install/px4_msgs/include/px4_msgs/px4_msgs/msg/detail/cellular_status__type_support.h\n'}
[1.457192] (px4_msgs) StdoutLine: {'line': b'-- Up-to-date: /home/rudra/custom_flightmode/install/px4_msgs/include/px4_msgs/px4_msgs/msg/detail/message_format_response__struct.h\n'}
[1.457248] (px4_msgs) StdoutLine: {'line': b'-- Up-to-date: /home/rudra/custom_flightmode/install/px4_msgs/include/px4_msgs/px4_msgs/msg/detail/wind__type_support.h\n'}
[1.457303] (px4_msgs) StdoutLine: {'line': b'-- Up-to-date: /home/rudra/custom_flightmode/install/px4_msgs/include/px4_msgs/px4_msgs/msg/detail/rc_parameter_map__functions.h\n'}
[1.457363] (px4_msgs) StdoutLine: {'line': b'-- Up-to-date: /home/rudra/custom_flightmode/install/px4_msgs/include/px4_msgs/px4_msgs/msg/detail/battery_status__functions.c\n'}
[1.457420] (px4_msgs) StdoutLine: {'line': b'-- Up-to-date: /home/rudra/custom_flightmode/install/px4_msgs/include/px4_msgs/px4_msgs/msg/detail/follow_target_status__type_support.h\n'}
[1.457501] (px4_msgs) StdoutLine: {'line': b'-- Up-to-date: /home/rudra/custom_flightmode/install/px4_msgs/include/px4_msgs/px4_msgs/msg/detail/mission_result__struct.h\n'}
[1.457571] (px4_msgs) StdoutLine: {'line': b'-- Up-to-date: /home/rudra/custom_flightmode/install/px4_msgs/include/px4_msgs/px4_msgs/msg/detail/input_rc__functions.h\n'}
[1.457643] (px4_msgs) StdoutLine: {'line': b'-- Up-to-date: /home/rudra/custom_flightmode/install/px4_msgs/include/px4_msgs/px4_msgs/msg/detail/vehicle_acceleration__functions.h\n'}
[1.457737] (px4_msgs) StdoutLine: {'line': b'-- Up-to-date: /home/rudra/custom_flightmode/install/px4_msgs/include/px4_msgs/px4_msgs/msg/detail/uavcan_parameter_value__struct.h\n'}
[1.457813] (px4_msgs) StdoutLine: {'line': b'-- Up-to-date: /home/rudra/custom_flightmode/install/px4_msgs/include/px4_msgs/px4_msgs/msg/detail/ping__struct.h\n'}
[1.457885] (px4_msgs) StdoutLine: {'line': b'-- Up-to-date: /home/rudra/custom_flightmode/install/px4_msgs/include/px4_msgs/px4_msgs/msg/detail/estimator_status_flags__type_support.h\n'}
[1.457964] (px4_msgs) StdoutLine: {'line': b'-- Up-to-date: /home/rudra/custom_flightmode/install/px4_msgs/include/px4_msgs/px4_msgs/msg/detail/parameter_update__struct.h\n'}
[1.458056] (px4_msgs) StdoutLine: {'line': b'-- Up-to-date: /home/rudra/custom_flightmode/install/px4_msgs/include/px4_msgs/px4_msgs/msg/detail/uavcan_parameter_request__struct.h\n'}
[1.458127] (px4_msgs) StdoutLine: {'line': b'-- Up-to-date: /home/rudra/custom_flightmode/install/px4_msgs/include/px4_msgs/px4_msgs/msg/detail/log_message__type_support.h\n'}
[1.458199] (px4_msgs) StdoutLine: {'line': b'-- Up-to-date: /home/rudra/custom_flightmode/install/px4_msgs/include/px4_msgs/px4_msgs/msg/detail/iridiumsbd_status__type_support.h\n'}
[1.458264] (px4_msgs) StdoutLine: {'line': b'-- Up-to-date: /home/rudra/custom_flightmode/install/px4_msgs/include/px4_msgs/px4_msgs/msg/detail/sensor_gyro_fifo__functions.h\n'}
[1.458309] (px4_msgs) StdoutLine: {'line': b'-- Up-to-date: /home/rudra/custom_flightmode/install/px4_msgs/include/px4_msgs/px4_msgs/msg/detail/gripper__struct.h\n'}
[1.458370] (px4_msgs) StdoutLine: {'line': b'-- Up-to-date: /home/rudra/custom_flightmode/install/px4_msgs/include/px4_msgs/px4_msgs/msg/detail/sensor_accel_fifo__functions.c\n'}
[1.458418] (px4_msgs) StdoutLine: {'line': b'-- Up-to-date: /home/rudra/custom_flightmode/install/px4_msgs/include/px4_msgs/px4_msgs/msg/detail/vte_bias_init_status__struct.h\n'}
[1.458499] (px4_msgs) StdoutLine: {'line': b'-- Up-to-date: /home/rudra/custom_flightmode/install/px4_msgs/include/px4_msgs/px4_msgs/msg/detail/unregister_ext_component__functions.c\n'}
[1.458559] (px4_msgs) StdoutLine: {'line': b'-- Up-to-date: /home/rudra/custom_flightmode/install/px4_msgs/include/px4_msgs/px4_msgs/msg/detail/gimbal_controls__type_support.h\n'}
[1.458605] (px4_msgs) StdoutLine: {'line': b'-- Up-to-date: /home/rudra/custom_flightmode/install/px4_msgs/include/px4_msgs/px4_msgs/msg/detail/uavcan_parameter_value__type_support.h\n'}
[1.458675] (px4_msgs) StdoutLine: {'line': b'-- Up-to-date: /home/rudra/custom_flightmode/install/px4_msgs/include/px4_msgs/px4_msgs/msg/detail/health_report__type_support.h\n'}
[1.458753] (px4_msgs) StdoutLine: {'line': b'-- Up-to-date: /home/rudra/custom_flightmode/install/px4_msgs/include/px4_msgs/px4_msgs/msg/detail/aux_global_position__functions.h\n'}
[1.458851] (px4_msgs) StdoutLine: {'line': b'-- Up-to-date: /home/rudra/custom_flightmode/install/px4_msgs/include/px4_msgs/px4_msgs/msg/detail/detect_and_avoid_most_urgent__functions.h\n'}
[1.458923] (px4_msgs) StdoutLine: {'line': b'-- Up-to-date: /home/rudra/custom_flightmode/install/px4_msgs/include/px4_msgs/px4_msgs/msg/detail/failure_detector_status__functions.h\n'}
[1.458991] (px4_msgs) StdoutLine: {'line': b'-- Up-to-date: /home/rudra/custom_flightmode/install/px4_msgs/include/px4_msgs/px4_msgs/msg/detail/mavlink_tunnel__type_support.h\n'}
[1.459069] (px4_msgs) StdoutLine: {'line': b'-- Up-to-date: /home/rudra/custom_flightmode/install/px4_msgs/include/px4_msgs/px4_msgs/msg/detail/gripper__functions.h\n'}
[1.459153] (px4_msgs) StdoutLine: {'line': b'-- Up-to-date: /home/rudra/custom_flightmode/install/px4_msgs/include/px4_msgs/px4_msgs/msg/detail/pwm_input__functions.c\n'}
[1.459228] (px4_msgs) StdoutLine: {'line': b'-- Up-to-date: /home/rudra/custom_flightmode/install/px4_msgs/include/px4_msgs/px4_msgs/msg/detail/estimator_event_flags__functions.c\n'}
[1.459333] (px4_msgs) StdoutLine: {'line': b'-- Up-to-date: /home/rudra/custom_flightmode/install/px4_msgs/include/px4_msgs/px4_msgs/msg/detail/position_setpoint__functions.c\n'}
[1.459407] (px4_msgs) StdoutLine: {'line': b'-- Up-to-date: /home/rudra/custom_flightmode/install/px4_msgs/include/px4_msgs/px4_msgs/msg/detail/vehicle_acceleration__functions.c\n'}
[1.459502] (px4_msgs) StdoutLine: {'line': b'-- Up-to-date: /home/rudra/custom_flightmode/install/px4_msgs/include/px4_msgs/px4_msgs/msg/detail/vehicle_angular_velocity__struct.h\n'}
[1.459590] (px4_msgs) StdoutLine: {'line': b'-- Up-to-date: /home/rudra/custom_flightmode/install/px4_msgs/include/px4_msgs/px4_msgs/msg/detail/health_report__struct.h\n'}
[1.459651] (px4_msgs) StdoutLine: {'line': b'-- Up-to-date: /home/rudra/custom_flightmode/install/px4_msgs/include/px4_msgs/px4_msgs/msg/detail/power_monitor__functions.c\n'}
[1.459708] (px4_msgs) StdoutLine: {'line': b'-- Up-to-date: /home/rudra/custom_flightmode/install/px4_msgs/include/px4_msgs/px4_msgs/msg/detail/landing_target_innovations__struct.h\n'}
[1.459766] (px4_msgs) StdoutLine: {'line': b'-- Up-to-date: /home/rudra/custom_flightmode/install/px4_msgs/include/px4_msgs/px4_msgs/msg/detail/power_button_state__functions.c\n'}
[1.459821] (px4_msgs) StdoutLine: {'line': b'-- Up-to-date: /home/rudra/custom_flightmode/install/px4_msgs/include/px4_msgs/px4_msgs/msg/detail/rate_ctrl_status__functions.c\n'}
[1.459881] (px4_msgs) StdoutLine: {'line': b'-- Up-to-date: /home/rudra/custom_flightmode/install/px4_msgs/include/px4_msgs/px4_msgs/msg/detail/fixed_wing_longitudinal_setpoint__struct.h\n'}
[1.459965] (px4_msgs) StdoutLine: {'line': b'-- Up-to-date: /home/rudra/custom_flightmode/install/px4_msgs/include/px4_msgs/px4_msgs/msg/detail/dataman_request__functions.c\n'}
[1.460061] (px4_msgs) StdoutLine: {'line': b'-- Up-to-date: /home/rudra/custom_flightmode/install/px4_msgs/include/px4_msgs/px4_msgs/msg/detail/manual_control_switches__functions.h\n'}
[1.460135] (px4_msgs) StdoutLine: {'line': b'-- Up-to-date: /home/rudra/custom_flightmode/install/px4_msgs/include/px4_msgs/px4_msgs/msg/detail/gimbal_device_attitude_status__type_support.h\n'}
[1.460211] (px4_msgs) StdoutLine: {'line': b'-- Up-to-date: /home/rudra/custom_flightmode/install/px4_msgs/include/px4_msgs/px4_msgs/msg/detail/rate_ctrl_status__type_support.h\n'}
[1.460284] (px4_msgs) StdoutLine: {'line': b'-- Up-to-date: /home/rudra/custom_flightmode/install/px4_msgs/include/px4_msgs/px4_msgs/msg/detail/fixed_wing_lateral_setpoint__functions.h\n'}
[1.460361] (px4_msgs) StdoutLine: {'line': b'-- Up-to-date: /home/rudra/custom_flightmode/install/px4_msgs/include/px4_msgs/px4_msgs/msg/detail/sensors_status_imu__struct.h\n'}
[1.460438] (px4_msgs) StdoutLine: {'line': b'-- Up-to-date: /home/rudra/custom_flightmode/install/px4_msgs/include/px4_msgs/px4_msgs/msg/detail/heater_status__functions.c\n'}
[1.460581] (px4_msgs) StdoutLine: {'line': b'-- Up-to-date: /home/rudra/custom_flightmode/install/px4_msgs/include/px4_msgs/px4_msgs/msg/detail/trajectory_setpoint__type_support.h\n'}
[1.460688] (px4_msgs) StdoutLine: {'line': b'-- Up-to-date: /home/rudra/custom_flightmode/install/px4_msgs/include/px4_msgs/px4_msgs/msg/detail/led_control__functions.h\n'}
[1.460792] (px4_msgs) StdoutLine: {'line': b'-- Up-to-date: /home/rudra/custom_flightmode/install/px4_msgs/include/px4_msgs/px4_msgs/msg/detail/home_position__struct.h\n'}
[1.460890] (px4_msgs) StdoutLine: {'line': b'-- Up-to-date: /home/rudra/custom_flightmode/install/px4_msgs/include/px4_msgs/px4_msgs/msg/detail/vehicle_global_position__struct.h\n'}
[1.460995] (px4_msgs) StdoutLine: {'line': b'-- Up-to-date: /home/rudra/custom_flightmode/install/px4_msgs/include/px4_msgs/px4_msgs/msg/detail/sensor_hygrometer__functions.c\n'}
[1.461100] (px4_msgs) StdoutLine: {'line': b'-- Up-to-date: /home/rudra/custom_flightmode/install/px4_msgs/include/px4_msgs/px4_msgs/msg/detail/estimator_gps_status__functions.c\n'}
[1.461214] (px4_msgs) StdoutLine: {'line': b'-- Up-to-date: /home/rudra/custom_flightmode/install/px4_msgs/include/px4_msgs/px4_msgs/msg/detail/sensor_preflight_mag__functions.c\n'}
[1.461320] (px4_msgs) StdoutLine: {'line': b'-- Up-to-date: /home/rudra/custom_flightmode/install/px4_msgs/include/px4_msgs/px4_msgs/msg/detail/heater_status__type_support.h\n'}
[1.461428] (px4_msgs) StdoutLine: {'line': b'-- Up-to-date: /home/rudra/custom_flightmode/install/px4_msgs/include/px4_msgs/px4_msgs/msg/detail/internal_combustion_engine_status__type_support.h\n'}
[1.461548] (px4_msgs) StdoutLine: {'line': b'-- Up-to-date: /home/rudra/custom_flightmode/install/px4_msgs/include/px4_msgs/px4_msgs/msg/detail/debug_vect__type_support.h\n'}
[1.461645] (px4_msgs) StdoutLine: {'line': b'-- Up-to-date: /home/rudra/custom_flightmode/install/px4_msgs/include/px4_msgs/px4_msgs/msg/detail/action_request__struct.h\n'}
[1.461756] (px4_msgs) StdoutLine: {'line': b'-- Up-to-date: /home/rudra/custom_flightmode/install/px4_msgs/include/px4_msgs/px4_msgs/msg/detail/position_controller_landing_status__functions.c\n'}
[1.461855] (px4_msgs) StdoutLine: {'line': b'-- Up-to-date: /home/rudra/custom_flightmode/install/px4_msgs/include/px4_msgs/px4_msgs/msg/detail/radio_status__struct.h\n'}
[1.461958] (px4_msgs) StdoutLine: {'line': b'-- Up-to-date: /home/rudra/custom_flightmode/install/px4_msgs/include/px4_msgs/px4_msgs/msg/detail/sensor_combined__functions.h\n'}
[1.462047] (px4_msgs) StdoutLine: {'line': b'-- Up-to-date: /home/rudra/custom_flightmode/install/px4_msgs/include/px4_msgs/px4_msgs/msg/detail/estimator_sensor_bias__struct.h\n'}
[1.462150] (px4_msgs) StdoutLine: {'line': b'-- Up-to-date: /home/rudra/custom_flightmode/install/px4_msgs/include/px4_msgs/px4_msgs/msg/detail/telemetry_status__functions.h\n'}
[1.462251] (px4_msgs) StdoutLine: {'line': b'-- Up-to-date: /home/rudra/custom_flightmode/install/px4_msgs/include/px4_msgs/px4_msgs/msg/detail/airspeed__struct.h\n'}
[1.462369] (px4_msgs) StdoutLine: {'line': b'-- Up-to-date: /home/rudra/custom_flightmode/install/px4_msgs/include/px4_msgs/px4_msgs/msg/detail/esc_eeprom_write__functions.h\n'}
[1.462492] (px4_msgs) StdoutLine: {'line': b'-- Up-to-date: /home/rudra/custom_flightmode/install/px4_msgs/include/px4_msgs/px4_msgs/msg/detail/fixed_wing_lateral_guidance_status__type_support.h\n'}
[1.462622] (px4_msgs) StdoutLine: {'line': b'-- Up-to-date: /home/rudra/custom_flightmode/install/px4_msgs/include/px4_msgs/px4_msgs/msg/detail/setpoint_config__functions.h\n'}
[1.462737] (px4_msgs) StdoutLine: {'line': b'-- Up-to-date: /home/rudra/custom_flightmode/install/px4_msgs/include/px4_msgs/px4_msgs/msg/detail/sensor_gyro_fft__struct.h\n'}
[1.462848] (px4_msgs) StdoutLine: {'line': b'-- Up-to-date: /home/rudra/custom_flightmode/install/px4_msgs/include/px4_msgs/px4_msgs/msg/detail/fuel_tank_status__type_support.h\n'}
[1.462957] (px4_msgs) StdoutLine: {'line': b'-- Up-to-date: /home/rudra/custom_flightmode/install/px4_msgs/include/px4_msgs/px4_msgs/msg/detail/vte_position__functions.h\n'}
[1.463046] (px4_msgs) StdoutLine: {'line': b'-- Up-to-date: /home/rudra/custom_flightmode/install/px4_msgs/include/px4_msgs/px4_msgs/msg/detail/arming_check_reply__type_support.h\n'}
[1.463161] (px4_msgs) StdoutLine: {'line': b'-- Up-to-date: /home/rudra/custom_flightmode/install/px4_msgs/include/px4_msgs/px4_msgs/msg/detail/home_position__type_support.h\n'}
[1.463237] (px4_msgs) StdoutLine: {'line': b'-- Up-to-date: /home/rudra/custom_flightmode/install/px4_msgs/include/px4_msgs/px4_msgs/msg/detail/vte_aid_source3d__type_support.h\n'}
[1.463310] (px4_msgs) StdoutLine: {'line': b'-- Up-to-date: /home/rudra/custom_flightmode/install/px4_msgs/include/px4_msgs/px4_msgs/msg/detail/actuator_controls_status__functions.c\n'}
[1.463419] (px4_msgs) StdoutLine: {'line': b'-- Up-to-date: /home/rudra/custom_flightmode/install/px4_msgs/include/px4_msgs/px4_msgs/msg/detail/vehicle_command_ack__type_support.h\n'}
[1.463549] (px4_msgs) StdoutLine: {'line': b'-- Up-to-date: /home/rudra/custom_flightmode/install/px4_msgs/include/px4_msgs/px4_msgs/msg/detail/sensor_correction__functions.c\n'}
[1.463648] (px4_msgs) StdoutLine: {'line': b'-- Up-to-date: /home/rudra/custom_flightmode/install/px4_msgs/include/px4_msgs/px4_msgs/msg/detail/camera_capture__functions.c\n'}
[1.463747] (px4_msgs) StdoutLine: {'line': b'-- Up-to-date: /home/rudra/custom_flightmode/install/px4_msgs/include/px4_msgs/px4_msgs/msg/detail/gpio_in__type_support.h\n'}
[1.463837] (px4_msgs) StdoutLine: {'line': b'-- Up-to-date: /home/rudra/custom_flightmode/install/px4_msgs/include/px4_msgs/px4_msgs/msg/detail/sensor_baro__type_support.h\n'}
[1.463946] (px4_msgs) StdoutLine: {'line': b'-- Up-to-date: /home/rudra/custom_flightmode/install/px4_msgs/include/px4_msgs/px4_msgs/msg/detail/normalized_unsigned_setpoint__type_support.h\n'}
[1.464047] (px4_msgs) StdoutLine: {'line': b'-- Up-to-date: /home/rudra/custom_flightmode/install/px4_msgs/include/px4_msgs/px4_msgs/msg/detail/raptor_input__functions.h\n'}
[1.464124] (px4_msgs) StdoutLine: {'line': b'-- Up-to-date: /home/rudra/custom_flightmode/install/px4_msgs/include/px4_msgs/px4_msgs/msg/detail/generator_status__functions.h\n'}
[1.464248] (px4_msgs) StdoutLine: {'line': b'-- Up-to-date: /home/rudra/custom_flightmode/install/px4_msgs/include/px4_msgs/px4_msgs/msg/detail/sensor_accel__functions.h\n'}
[1.464350] (px4_msgs) StdoutLine: {'line': b'-- Up-to-date: /home/rudra/custom_flightmode/install/px4_msgs/include/px4_msgs/px4_msgs/msg/detail/vehicle_rates_setpoint__functions.c\n'}
[1.464461] (px4_msgs) StdoutLine: {'line': b'-- Up-to-date: /home/rudra/custom_flightmode/install/px4_msgs/include/px4_msgs/px4_msgs/msg/detail/vehicle_command__functions.h\n'}
[1.464582] (px4_msgs) StdoutLine: {'line': b'-- Up-to-date: /home/rudra/custom_flightmode/install/px4_msgs/include/px4_msgs/px4_msgs/msg/detail/actuator_armed__type_support.h\n'}
[1.464658] (px4_msgs) StdoutLine: {'line': b'-- Up-to-date: /home/rudra/custom_flightmode/install/px4_msgs/include/px4_msgs/px4_msgs/msg/detail/vehicle_imu_status__type_support.h\n'}
[1.464731] (px4_msgs) StdoutLine: {'line': b'-- Up-to-date: /home/rudra/custom_flightmode/install/px4_msgs/include/px4_msgs/px4_msgs/msg/detail/irlock_report__struct.h\n'}
[1.464803] (px4_msgs) StdoutLine: {'line': b'-- Up-to-date: /home/rudra/custom_flightmode/install/px4_msgs/include/px4_msgs/px4_msgs/msg/detail/rover_position_setpoint__type_support.h\n'}
[1.464876] (px4_msgs) StdoutLine: {'line': b'-- Up-to-date: /home/rudra/custom_flightmode/install/px4_msgs/include/px4_msgs/px4_msgs/msg/detail/position_setpoint_triplet__functions.h\n'}
[1.464948] (px4_msgs) StdoutLine: {'line': b'-- Up-to-date: /home/rudra/custom_flightmode/install/px4_msgs/include/px4_msgs/px4_msgs/msg/detail/follow_target_estimator__functions.h\n'}
[1.465028] (px4_msgs) StdoutLine: {'line': b'-- Up-to-date: /home/rudra/custom_flightmode/install/px4_msgs/include/px4_msgs/px4_msgs/msg/detail/mavlink_log__functions.c\n'}
[1.465103] (px4_msgs) StdoutLine: {'line': b'-- Up-to-date: /home/rudra/custom_flightmode/install/px4_msgs/include/px4_msgs/px4_msgs/msg/detail/sensor_gnss_status__type_support.h\n'}
[1.465176] (px4_msgs) StdoutLine: {'line': b'-- Up-to-date: /home/rudra/custom_flightmode/install/px4_msgs/include/px4_msgs/px4_msgs/msg/detail/debug_key_value__struct.h\n'}
[1.465249] (px4_msgs) StdoutLine: {'line': b'-- Up-to-date: /home/rudra/custom_flightmode/install/px4_msgs/include/px4_msgs/px4_msgs/msg/detail/rover_attitude_status__struct.h\n'}
[1.465321] (px4_msgs) StdoutLine: {'line': b'-- Up-to-date: /home/rudra/custom_flightmode/install/px4_msgs/include/px4_msgs/px4_msgs/msg/detail/irlock_report__functions.c\n'}
[1.465392] (px4_msgs) StdoutLine: {'line': b'-- Up-to-date: /home/rudra/custom_flightmode/install/px4_msgs/include/px4_msgs/px4_msgs/msg/detail/sensor_selection__struct.h\n'}
[1.465464] (px4_msgs) StdoutLine: {'line': b'-- Up-to-date: /home/rudra/custom_flightmode/install/px4_msgs/include/px4_msgs/px4_msgs/msg/detail/landing_target_pose__functions.h\n'}
[1.465638] (px4_msgs) StdoutLine: {'line': b'-- Up-to-date: /home/rudra/custom_flightmode/install/px4_msgs/include/px4_msgs/px4_msgs/msg/detail/manual_control_setpoint__type_support.h\n'}
[1.465731] (px4_msgs) StdoutLine: {'line': b'-- Up-to-date: /home/rudra/custom_flightmode/install/px4_msgs/include/px4_msgs/px4_msgs/msg/detail/sensor_gps__struct.h\n'}
[1.465830] (px4_msgs) StdoutLine: {'line': b'-- Up-to-date: /home/rudra/custom_flightmode/install/px4_msgs/include/px4_msgs/px4_msgs/msg/detail/actuator_armed__functions.c\n'}
[1.465929] (px4_msgs) StdoutLine: {'line': b'-- Up-to-date: /home/rudra/custom_flightmode/install/px4_msgs/include/px4_msgs/px4_msgs/msg/detail/open_drone_id_basic_id__functions.c\n'}
[1.466042] (px4_msgs) StdoutLine: {'line': b'-- Up-to-date: /home/rudra/custom_flightmode/install/px4_msgs/include/px4_msgs/px4_msgs/msg/detail/task_stack_info__functions.h\n'}
[1.466142] (px4_msgs) StdoutLine: {'line': b'-- Up-to-date: /home/rudra/custom_flightmode/install/px4_msgs/include/px4_msgs/px4_msgs/msg/detail/gain_compression__functions.h\n'}
[1.466249] (px4_msgs) StdoutLine: {'line': b'-- Up-to-date: /home/rudra/custom_flightmode/install/px4_msgs/include/px4_msgs/px4_msgs/msg/detail/ulog_stream_ack__functions.h\n'}
[1.466349] (px4_msgs) StdoutLine: {'line': b'-- Up-to-date: /home/rudra/custom_flightmode/install/px4_msgs/include/px4_msgs/px4_msgs/msg/detail/debug_value__functions.c\n'}
[1.466455] (px4_msgs) StdoutLine: {'line': b'-- Up-to-date: /home/rudra/custom_flightmode/install/px4_msgs/include/px4_msgs/px4_msgs/msg/detail/rover_attitude_setpoint__functions.c\n'}
[1.466555] (px4_msgs) StdoutLine: {'line': b'-- Up-to-date: /home/rudra/custom_flightmode/install/px4_msgs/include/px4_msgs/px4_msgs/msg/detail/vehicle_optical_flow__functions.h\n'}
[1.466666] (px4_msgs) StdoutLine: {'line': b'-- Up-to-date: /home/rudra/custom_flightmode/install/px4_msgs/include/px4_msgs/px4_msgs/msg/detail/transponder_report__functions.h\n'}
[1.466763] (px4_msgs) StdoutLine: {'line': b'-- Up-to-date: /home/rudra/custom_flightmode/install/px4_msgs/include/px4_msgs/px4_msgs/msg/detail/failsafe_flags__struct.h\n'}
[1.466859] (px4_msgs) StdoutLine: {'line': b'-- Up-to-date: /home/rudra/custom_flightmode/install/px4_msgs/include/px4_msgs/px4_msgs/msg/detail/camera_status__functions.c\n'}
[1.466958] (px4_msgs) StdoutLine: {'line': b'-- Up-to-date: /home/rudra/custom_flightmode/install/px4_msgs/include/px4_msgs/px4_msgs/msg/detail/gimbal_controls__struct.h\n'}
[1.467057] (px4_msgs) StdoutLine: {'line': b'-- Up-to-date: /home/rudra/custom_flightmode/install/px4_msgs/include/px4_msgs/px4_msgs/msg/detail/position_controller_status__functions.c\n'}
[1.467154] (px4_msgs) StdoutLine: {'line': b'-- Up-to-date: /home/rudra/custom_flightmode/install/px4_msgs/include/px4_msgs/px4_msgs/msg/detail/rc_channels__functions.c\n'}
[1.467254] (px4_msgs) StdoutLine: {'line': b'-- Up-to-date: /home/rudra/custom_flightmode/install/px4_msgs/include/px4_msgs/px4_msgs/msg/detail/sensor_correction__type_support.h\n'}
[1.467351] (px4_msgs) StdoutLine: {'line': b'-- Up-to-date: /home/rudra/custom_flightmode/install/px4_msgs/include/px4_msgs/px4_msgs/msg/detail/cellular_status__struct.h\n'}
[1.467437] (px4_msgs) StdoutLine: {'line': b'-- Up-to-date: /home/rudra/custom_flightmode/install/px4_msgs/include/px4_msgs/px4_msgs/msg/detail/open_drone_id_operator_id__functions.h\n'}
[1.467556] (px4_msgs) StdoutLine: {'line': b'-- Up-to-date: /home/rudra/custom_flightmode/install/px4_msgs/include/px4_msgs/px4_msgs/msg/detail/manual_control_setpoint__struct.h\n'}
[1.467657] (px4_msgs) StdoutLine: {'line': b'-- Up-to-date: /home/rudra/custom_flightmode/install/px4_msgs/include/px4_msgs/px4_msgs/msg/detail/ulog_stream__type_support.h\n'}
[1.467757] (px4_msgs) StdoutLine: {'line': b'-- Up-to-date: /home/rudra/custom_flightmode/install/px4_msgs/include/px4_msgs/px4_msgs/msg/detail/parameter_set_used_request__functions.c\n'}
[1.467870] (px4_msgs) StdoutLine: {'line': b'-- Up-to-date: /home/rudra/custom_flightmode/install/px4_msgs/include/px4_msgs/px4_msgs/msg/detail/mavlink_tunnel__functions.h\n'}
[1.467972] (px4_msgs) StdoutLine: {'line': b'-- Up-to-date: /home/rudra/custom_flightmode/install/px4_msgs/include/px4_msgs/px4_msgs/msg/detail/rc_parameter_map__functions.c\n'}
[1.468090] (px4_msgs) StdoutLine: {'line': b'-- Up-to-date: /home/rudra/custom_flightmode/install/px4_msgs/include/px4_msgs/px4_msgs/msg/detail/esc_eeprom_read__struct.h\n'}
[1.468198] (px4_msgs) StdoutLine: {'line': b'-- Up-to-date: /home/rudra/custom_flightmode/install/px4_msgs/include/px4_msgs/px4_msgs/msg/detail/parameter_set_value_request__functions.h\n'}
[1.468298] (px4_msgs) StdoutLine: {'line': b'-- Up-to-date: /home/rudra/custom_flightmode/install/px4_msgs/include/px4_msgs/px4_msgs/msg/detail/message_format_response__functions.c\n'}
[1.468396] (px4_msgs) StdoutLine: {'line': b'-- Up-to-date: /home/rudra/custom_flightmode/install/px4_msgs/include/px4_msgs/px4_msgs/msg/detail/uavcan_parameter_request__type_support.h\n'}
[1.468513] (px4_msgs) StdoutLine: {'line': b'-- Up-to-date: /home/rudra/custom_flightmode/install/px4_msgs/include/px4_msgs/px4_msgs/msg/detail/vehicle_air_data__type_support.h\n'}
[1.468619] (px4_msgs) StdoutLine: {'line': b'-- Up-to-date: /home/rudra/custom_flightmode/install/px4_msgs/include/px4_msgs/px4_msgs/msg/detail/rover_attitude_status__functions.c\n'}
[1.468718] (px4_msgs) StdoutLine: {'line': b'-- Up-to-date: /home/rudra/custom_flightmode/install/px4_msgs/include/px4_msgs/px4_msgs/msg/detail/geofence_status__struct.h\n'}
[1.468834] (px4_msgs) StdoutLine: {'line': b'-- Up-to-date: /home/rudra/custom_flightmode/install/px4_msgs/include/px4_msgs/px4_msgs/msg/detail/manual_control_setpoint__functions.h\n'}
[1.468907] (px4_msgs) StdoutLine: {'line': b'-- Up-to-date: /home/rudra/custom_flightmode/install/px4_msgs/include/px4_msgs/px4_msgs/msg/detail/gimbal_manager_set_manual_control__functions.h\n'}
[1.468972] (px4_msgs) StdoutLine: {'line': b'-- Up-to-date: /home/rudra/custom_flightmode/install/px4_msgs/include/px4_msgs/px4_msgs/msg/detail/fiducial_marker_yaw_report__struct.h\n'}
[1.469020] (px4_msgs) StdoutLine: {'line': b'-- Up-to-date: /home/rudra/custom_flightmode/install/px4_msgs/include/px4_msgs/px4_msgs/msg/detail/gpio_request__functions.h\n'}
[1.469063] (px4_msgs) StdoutLine: {'line': b'-- Up-to-date: /home/rudra/custom_flightmode/install/px4_msgs/include/px4_msgs/px4_msgs/msg/detail/wind__struct.h\n'}
[1.469114] (px4_msgs) StdoutLine: {'line': b'-- Up-to-date: /home/rudra/custom_flightmode/install/px4_msgs/include/px4_msgs/px4_msgs/msg/detail/gain_compression__type_support.h\n'}
[1.469207] (px4_msgs) StdoutLine: {'line': b'-- Up-to-date: /home/rudra/custom_flightmode/install/px4_msgs/include/px4_msgs/px4_msgs/msg/detail/ranging_beacon__struct.h\n'}
[1.469302] (px4_msgs) StdoutLine: {'line': b'-- Up-to-date: /home/rudra/custom_flightmode/install/px4_msgs/include/px4_msgs/px4_msgs/msg/detail/wind__functions.c\n'}
[1.469402] (px4_msgs) StdoutLine: {'line': b'-- Up-to-date: /home/rudra/custom_flightmode/install/px4_msgs/include/px4_msgs/px4_msgs/msg/detail/yaw_estimator_status__functions.c\n'}
[1.469484] (px4_msgs) StdoutLine: {'line': b'-- Up-to-date: /home/rudra/custom_flightmode/install/px4_msgs/include/px4_msgs/px4_msgs/msg/detail/battery_status__functions.h\n'}
[1.469633] (px4_msgs) StdoutLine: {'line': b'-- Up-to-date: /home/rudra/custom_flightmode/install/px4_msgs/include/px4_msgs/px4_msgs/msg/detail/esc_eeprom_write__type_support.h\n'}
[1.469711] (px4_msgs) StdoutLine: {'line': b'-- Up-to-date: /home/rudra/custom_flightmode/install/px4_msgs/include/px4_msgs/px4_msgs/msg/detail/generator_status__type_support.h\n'}
[1.469786] (px4_msgs) StdoutLine: {'line': b'-- Up-to-date: /home/rudra/custom_flightmode/install/px4_msgs/include/px4_msgs/px4_msgs/msg/detail/vehicle_optical_flow__struct.h\n'}
[1.469860] (px4_msgs) StdoutLine: {'line': b'-- Up-to-date: /home/rudra/custom_flightmode/install/px4_msgs/include/px4_msgs/px4_msgs/msg/detail/sensor_selection__functions.h\n'}
[1.469963] (px4_msgs) StdoutLine: {'line': b'-- Up-to-date: /home/rudra/custom_flightmode/install/px4_msgs/include/px4_msgs/px4_msgs/msg/detail/actuator_controls_status__type_support.h\n'}
[1.470039] (px4_msgs) StdoutLine: {'line': b'-- Up-to-date: /home/rudra/custom_flightmode/install/px4_msgs/include/px4_msgs/px4_msgs/msg/detail/debug_array__struct.h\n'}
[1.470178] (px4_msgs) StdoutLine: {'line': b'-- Up-to-date: /home/rudra/custom_flightmode/install/px4_msgs/include/px4_msgs/px4_msgs/msg/detail/satellite_info__struct.h\n'}
[1.470295] (px4_msgs) StdoutLine: {'line': b'-- Up-to-date: /home/rudra/custom_flightmode/install/px4_msgs/include/px4_msgs/px4_msgs/msg/detail/dataman_response__type_support.h\n'}
[1.470374] (px4_msgs) StdoutLine: {'line': b'-- Up-to-date: /home/rudra/custom_flightmode/install/px4_msgs/include/px4_msgs/px4_msgs/msg/detail/vehicle_roi__struct.h\n'}
[1.470451] (px4_msgs) StdoutLine: {'line': b'-- Up-to-date: /home/rudra/custom_flightmode/install/px4_msgs/include/px4_msgs/px4_msgs/msg/detail/gimbal_device_information__functions.h\n'}
[1.470663] (px4_msgs) StdoutLine: {'line': b'-- Up-to-date: /home/rudra/custom_flightmode/install/px4_msgs/include/px4_msgs/px4_msgs/msg/detail/actuator_servos__struct.h\n'}
[1.470768] (px4_msgs) StdoutLine: {'line': b'-- Up-to-date: /home/rudra/custom_flightmode/install/px4_msgs/include/px4_msgs/px4_msgs/msg/detail/gimbal_manager_status__functions.c\n'}
[1.470839] (px4_msgs) StdoutLine: {'line': b'-- Up-to-date: /home/rudra/custom_flightmode/install/px4_msgs/include/px4_msgs/px4_msgs/msg/detail/event__functions.h\n'}
[1.470902] (px4_msgs) StdoutLine: {'line': b'-- Up-to-date: /home/rudra/custom_flightmode/install/px4_msgs/include/px4_msgs/px4_msgs/msg/detail/fiducial_marker_pos_report__functions.h\n'}
[1.470969] (px4_msgs) StdoutLine: {'line': b'-- Up-to-date: /home/rudra/custom_flightmode/install/px4_msgs/include/px4_msgs/px4_msgs/msg/detail/orb_test_medium__functions.h\n'}
[1.471041] (px4_msgs) StdoutLine: {'line': b'-- Up-to-date: /home/rudra/custom_flightmode/install/px4_msgs/include/px4_msgs/px4_msgs/msg/detail/debug_key_value__functions.c\n'}
[1.471109] (px4_msgs) StdoutLine: {'line': b'-- Up-to-date: /home/rudra/custom_flightmode/install/px4_msgs/include/px4_msgs/px4_msgs/msg/detail/ranging_beacon__type_support.h\n'}
[1.471170] (px4_msgs) StdoutLine: {'line': b'-- Up-to-date: /home/rudra/custom_flightmode/install/px4_msgs/include/px4_msgs/px4_msgs/msg/detail/follow_target_status__functions.h\n'}
[1.471229] (px4_msgs) StdoutLine: {'line': b'-- Up-to-date: /home/rudra/custom_flightmode/install/px4_msgs/include/px4_msgs/px4_msgs/msg/detail/sensor_uwb__type_support.h\n'}
[1.471289] (px4_msgs) StdoutLine: {'line': b'-- Up-to-date: /home/rudra/custom_flightmode/install/px4_msgs/include/px4_msgs/px4_msgs/msg/detail/rover_rate_setpoint__functions.h\n'}
[1.471347] (px4_msgs) StdoutLine: {'line': b'-- Up-to-date: /home/rudra/custom_flightmode/install/px4_msgs/include/px4_msgs/px4_msgs/msg/detail/estimator_aid_source2d__functions.c\n'}
[1.471409] (px4_msgs) StdoutLine: {'line': b'-- Up-to-date: /home/rudra/custom_flightmode/install/px4_msgs/include/px4_msgs/px4_msgs/msg/detail/actuator_test__type_support.h\n'}
[1.471480] (px4_msgs) StdoutLine: {'line': b'-- Up-to-date: /home/rudra/custom_flightmode/install/px4_msgs/include/px4_msgs/px4_msgs/msg/detail/parameter_set_value_request__functions.c\n'}
[1.471547] (px4_msgs) StdoutLine: {'line': b'-- Up-to-date: /home/rudra/custom_flightmode/install/px4_msgs/include/px4_msgs/px4_msgs/msg/detail/sensors_status__functions.h\n'}
[1.471602] (px4_msgs) StdoutLine: {'line': b'-- Up-to-date: /home/rudra/custom_flightmode/install/px4_msgs/include/px4_msgs/px4_msgs/msg/detail/mount_orientation__struct.h\n'}
[1.471681] (px4_msgs) StdoutLine: {'line': b'-- Up-to-date: /home/rudra/custom_flightmode/install/px4_msgs/include/px4_msgs/px4_msgs/msg/detail/dataman_response__functions.c\n'}
[1.471733] (px4_msgs) StdoutLine: {'line': b'-- Up-to-date: /home/rudra/custom_flightmode/install/px4_msgs/include/px4_msgs/px4_msgs/msg/detail/task_stack_info__functions.c\n'}
[1.471789] (px4_msgs) StdoutLine: {'line': b'-- Up-to-date: /home/rudra/custom_flightmode/install/px4_msgs/include/px4_msgs/px4_msgs/msg/detail/sensors_status__type_support.h\n'}
[1.471835] (px4_msgs) StdoutLine: {'line': b'-- Up-to-date: /home/rudra/custom_flightmode/install/px4_msgs/include/px4_msgs/px4_msgs/msg/detail/sensor_gps__functions.h\n'}
[1.471892] (px4_msgs) StdoutLine: {'line': b'-- Up-to-date: /home/rudra/custom_flightmode/install/px4_msgs/include/px4_msgs/px4_msgs/msg/detail/vehicle_command__type_support.h\n'}
[1.471943] (px4_msgs) StdoutLine: {'line': b'-- Up-to-date: /home/rudra/custom_flightmode/install/px4_msgs/include/px4_msgs/px4_msgs/msg/detail/transponder_report__type_support.h\n'}
[1.471993] (px4_msgs) StdoutLine: {'line': b'-- Up-to-date: /home/rudra/custom_flightmode/install/px4_msgs/include/px4_msgs/px4_msgs/msg/detail/ulog_stream_ack__functions.c\n'}
[1.472044] (px4_msgs) StdoutLine: {'line': b'-- Up-to-date: /home/rudra/custom_flightmode/install/px4_msgs/include/px4_msgs/px4_msgs/msg/detail/vehicle_attitude__type_support.h\n'}
[1.472133] (px4_msgs) StdoutLine: {'line': b'-- Up-to-date: /home/rudra/custom_flightmode/install/px4_msgs/include/px4_msgs/px4_msgs/msg/detail/position_setpoint_triplet__struct.h\n'}
[1.472187] (px4_msgs) StdoutLine: {'line': b'-- Up-to-date: /home/rudra/custom_flightmode/install/px4_msgs/include/px4_msgs/px4_msgs/msg/detail/sensor_mag__functions.h\n'}
[1.472238] (px4_msgs) StdoutLine: {'line': b'-- Up-to-date: /home/rudra/custom_flightmode/install/px4_msgs/include/px4_msgs/px4_msgs/msg/detail/dataman_request__struct.h\n'}
[1.472289] (px4_msgs) StdoutLine: {'line': b'-- Up-to-date: /home/rudra/custom_flightmode/install/px4_msgs/include/px4_msgs/px4_msgs/msg/detail/orbit_status__struct.h\n'}
[1.472341] (px4_msgs) StdoutLine: {'line': b'-- Up-to-date: /home/rudra/custom_flightmode/install/px4_msgs/include/px4_msgs/px4_msgs/msg/detail/raptor_status__functions.c\n'}
[1.472439] (px4_msgs) StdoutLine: {'line': b'-- Up-to-date: /home/rudra/custom_flightmode/install/px4_msgs/include/px4_msgs/px4_msgs/msg/detail/adc_report__struct.h\n'}
[1.472502] (px4_msgs) StdoutLine: {'line': b'-- Up-to-date: /home/rudra/custom_flightmode/install/px4_msgs/include/px4_msgs/px4_msgs/msg/detail/launch_detection_status__functions.c\n'}
[1.472553] (px4_msgs) StdoutLine: {'line': b'-- Up-to-date: /home/rudra/custom_flightmode/install/px4_msgs/include/px4_msgs/px4_msgs/msg/detail/mode_completed__functions.c\n'}
[1.472603] (px4_msgs) StdoutLine: {'line': b'-- Up-to-date: /home/rudra/custom_flightmode/install/px4_msgs/include/px4_msgs/px4_msgs/msg/detail/manual_control_switches__type_support.h\n'}
[1.472652] (px4_msgs) StdoutLine: {'line': b'-- Up-to-date: /home/rudra/custom_flightmode/install/px4_msgs/include/px4_msgs/px4_msgs/msg/detail/transponder_report__functions.c\n'}
[1.472702] (px4_msgs) StdoutLine: {'line': b'-- Up-to-date: /home/rudra/custom_flightmode/install/px4_msgs/include/px4_msgs/px4_msgs/msg/detail/vehicle_odometry__type_support.h\n'}
[1.472750] (px4_msgs) StdoutLine: {'line': b'-- Up-to-date: /home/rudra/custom_flightmode/install/px4_msgs/include/px4_msgs/px4_msgs/msg/detail/action_request__type_support.h\n'}
[1.472797] (px4_msgs) StdoutLine: {'line': b'-- Up-to-date: /home/rudra/custom_flightmode/install/px4_msgs/include/px4_msgs/px4_msgs/msg/detail/vte_input__functions.h\n'}
[1.472848] (px4_msgs) StdoutLine: {'line': b'-- Up-to-date: /home/rudra/custom_flightmode/install/px4_msgs/include/px4_msgs/px4_msgs/msg/detail/figure_eight_status__functions.h\n'}
[1.472897] (px4_msgs) StdoutLine: {'line': b'-- Up-to-date: /home/rudra/custom_flightmode/install/px4_msgs/include/px4_msgs/px4_msgs/msg/detail/actuator_motors__struct.h\n'}
[1.472945] (px4_msgs) StdoutLine: {'line': b'-- Up-to-date: /home/rudra/custom_flightmode/install/px4_msgs/include/px4_msgs/px4_msgs/msg/detail/estimator_states__struct.h\n'}
[1.472992] (px4_msgs) StdoutLine: {'line': b'-- Up-to-date: /home/rudra/custom_flightmode/install/px4_msgs/include/px4_msgs/px4_msgs/msg/detail/sensor_mag__functions.c\n'}
[1.473068] (px4_msgs) StdoutLine: {'line': b'-- Up-to-date: /home/rudra/custom_flightmode/install/px4_msgs/include/px4_msgs/px4_msgs/msg/detail/fuel_tank_status__struct.h\n'}
[1.473121] (px4_msgs) StdoutLine: {'line': b'-- Up-to-date: /home/rudra/custom_flightmode/install/px4_msgs/include/px4_msgs/px4_msgs/msg/detail/fixed_wing_lateral_setpoint__type_support.h\n'}
[1.473172] (px4_msgs) StdoutLine: {'line': b'-- Up-to-date: /home/rudra/custom_flightmode/install/px4_msgs/include/px4_msgs/px4_msgs/msg/detail/device_information__functions.h\n'}
[1.473223] (px4_msgs) StdoutLine: {'line': b'-- Up-to-date: /home/rudra/custom_flightmode/install/px4_msgs/include/px4_msgs/px4_msgs/msg/detail/actuator_test__functions.c\n'}
[1.473272] (px4_msgs) StdoutLine: {'line': b'-- Up-to-date: /home/rudra/custom_flightmode/install/px4_msgs/include/px4_msgs/px4_msgs/msg/detail/tune_control__functions.c\n'}
[1.473319] (px4_msgs) StdoutLine: {'line': b'-- Up-to-date: /home/rudra/custom_flightmode/install/px4_msgs/include/px4_msgs/px4_msgs/msg/detail/sensor_preflight_mag__type_support.h\n'}
[1.473415] (px4_msgs) StdoutLine: {'line': b'-- Up-to-date: /home/rudra/custom_flightmode/install/px4_msgs/include/px4_msgs/px4_msgs/msg/detail/sensor_combined__struct.h\n'}
[1.473478] (px4_msgs) StdoutLine: {'line': b'-- Up-to-date: /home/rudra/custom_flightmode/install/px4_msgs/include/px4_msgs/px4_msgs/msg/detail/offboard_control_mode__functions.c\n'}
[1.473601] (px4_msgs) StdoutLine: {'line': b'-- Up-to-date: /home/rudra/custom_flightmode/install/px4_msgs/include/px4_msgs/px4_msgs/msg/detail/vehicle_land_detected__struct.h\n'}
[1.473651] (px4_msgs) StdoutLine: {'line': b'-- Up-to-date: /home/rudra/custom_flightmode/install/px4_msgs/include/px4_msgs/px4_msgs/msg/detail/parameter_set_value_response__type_support.h\n'}
[1.473701] (px4_msgs) StdoutLine: {'line': b'-- Up-to-date: /home/rudra/custom_flightmode/install/px4_msgs/include/px4_msgs/px4_msgs/msg/detail/gpio_out__functions.c\n'}
[1.473749] (px4_msgs) StdoutLine: {'line': b'-- Up-to-date: /home/rudra/custom_flightmode/install/px4_msgs/include/px4_msgs/px4_msgs/msg/detail/pure_pursuit_status__functions.c\n'}
[1.473798] (px4_msgs) StdoutLine: {'line': b'-- Up-to-date: /home/rudra/custom_flightmode/install/px4_msgs/include/px4_msgs/px4_msgs/msg/detail/position_controller_status__functions.h\n'}
[1.473849] (px4_msgs) StdoutLine: {'line': b'-- Up-to-date: /home/rudra/custom_flightmode/install/px4_msgs/include/px4_msgs/px4_msgs/msg/detail/iridiumsbd_status__functions.h\n'}
[1.473897] (px4_msgs) StdoutLine: {'line': b'-- Up-to-date: /home/rudra/custom_flightmode/install/px4_msgs/include/px4_msgs/px4_msgs/msg/detail/sensor_gyro__type_support.h\n'}
[1.473944] (px4_msgs) StdoutLine: {'line': b'-- Up-to-date: /home/rudra/custom_flightmode/install/px4_msgs/include/px4_msgs/px4_msgs/msg/detail/fiducial_marker_yaw_report__functions.c\n'}
[1.473992] (px4_msgs) StdoutLine: {'line': b'-- Up-to-date: /home/rudra/custom_flightmode/install/px4_msgs/include/px4_msgs/px4_msgs/msg/detail/parameter_set_used_request__type_support.h\n'}
[1.474039] (px4_msgs) StdoutLine: {'line': b'-- Up-to-date: /home/rudra/custom_flightmode/install/px4_msgs/include/px4_msgs/px4_msgs/msg/detail/vte_position__struct.h\n'}
[1.474086] (px4_msgs) StdoutLine: {'line': b'-- Up-to-date: /home/rudra/custom_flightmode/install/px4_msgs/include/px4_msgs/px4_msgs/msg/detail/vehicle_thrust_setpoint__type_support.h\n'}
[1.474218] (px4_msgs) StdoutLine: {'line': b'-- Up-to-date: /home/rudra/custom_flightmode/install/px4_msgs/include/px4_msgs/px4_msgs/msg/detail/airspeed_validated__functions.c\n'}
[1.474304] (px4_msgs) StdoutLine: {'line': b'-- Up-to-date: /home/rudra/custom_flightmode/install/px4_msgs/include/px4_msgs/px4_msgs/msg/detail/gps_dump__struct.h\n'}
[1.474359] (px4_msgs) StdoutLine: {'line': b'-- Up-to-date: /home/rudra/custom_flightmode/install/px4_msgs/include/px4_msgs/px4_msgs/msg/detail/sensor_uwb__struct.h\n'}
[1.474455] (px4_msgs) StdoutLine: {'line': b'-- Up-to-date: /home/rudra/custom_flightmode/install/px4_msgs/include/px4_msgs/px4_msgs/msg/detail/yaw_estimator_status__struct.h\n'}
[1.474567] (px4_msgs) StdoutLine: {'line': b'-- Up-to-date: /home/rudra/custom_flightmode/install/px4_msgs/include/px4_msgs/px4_msgs/msg/detail/rpm__struct.h\n'}
[1.474625] (px4_msgs) StdoutLine: {'line': b'-- Up-to-date: /home/rudra/custom_flightmode/install/px4_msgs/include/px4_msgs/px4_msgs/msg/detail/satellite_info__functions.h\n'}
[1.474676] (px4_msgs) StdoutLine: {'line': b'-- Up-to-date: /home/rudra/custom_flightmode/install/px4_msgs/include/px4_msgs/px4_msgs/msg/detail/follow_target__struct.h\n'}
[1.474727] (px4_msgs) StdoutLine: {'line': b'-- Up-to-date: /home/rudra/custom_flightmode/install/px4_msgs/include/px4_msgs/px4_msgs/msg/detail/aux_global_position__functions.c\n'}
[1.474777] (px4_msgs) StdoutLine: {'line': b'-- Up-to-date: /home/rudra/custom_flightmode/install/px4_msgs/include/px4_msgs/px4_msgs/msg/detail/vehicle_imu_status__struct.h\n'}
[1.474824] (px4_msgs) StdoutLine: {'line': b'-- Up-to-date: /home/rudra/custom_flightmode/install/px4_msgs/include/px4_msgs/px4_msgs/msg/detail/vehicle_roi__functions.h\n'}
[1.474872] (px4_msgs) StdoutLine: {'line': b'-- Up-to-date: /home/rudra/custom_flightmode/install/px4_msgs/include/px4_msgs/px4_msgs/msg/detail/ekf2_timestamps__functions.h\n'}
[1.474964] (px4_msgs) StdoutLine: {'line': b'-- Up-to-date: /home/rudra/custom_flightmode/install/px4_msgs/include/px4_msgs/px4_msgs/msg/detail/landing_target_pose__type_support.h\n'}
[1.475041] (px4_msgs) StdoutLine: {'line': b'-- Up-to-date: /home/rudra/custom_flightmode/install/px4_msgs/include/px4_msgs/px4_msgs/msg/detail/debug_value__struct.h\n'}
[1.475096] (px4_msgs) StdoutLine: {'line': b'-- Up-to-date: /home/rudra/custom_flightmode/install/px4_msgs/include/px4_msgs/px4_msgs/msg/detail/rtl_time_estimate__struct.h\n'}
[1.475251] (px4_msgs) StdoutLine: {'line': b'-- Up-to-date: /home/rudra/custom_flightmode/install/px4_msgs/include/px4_msgs/px4_msgs/msg/detail/camera_capture__struct.h\n'}
[1.475385] (px4_msgs) StdoutLine: {'line': b'-- Up-to-date: /home/rudra/custom_flightmode/install/px4_msgs/include/px4_msgs/px4_msgs/msg/detail/rover_speed_setpoint__functions.c\n'}
[1.475454] (px4_msgs) StdoutLine: {'line': b'-- Up-to-date: /home/rudra/custom_flightmode/install/px4_msgs/include/px4_msgs/px4_msgs/msg/detail/vehicle_imu__struct.h\n'}
[1.475595] (px4_msgs) StdoutLine: {'line': b'-- Up-to-date: /home/rudra/custom_flightmode/install/px4_msgs/include/px4_msgs/px4_msgs/msg/detail/message_format_response__type_support.h\n'}
[1.475677] (px4_msgs) StdoutLine: {'line': b'-- Up-to-date: /home/rudra/custom_flightmode/install/px4_msgs/include/px4_msgs/px4_msgs/msg/detail/vehicle_attitude__functions.c\n'}
[1.475740] (px4_msgs) StdoutLine: {'line': b'-- Up-to-date: /home/rudra/custom_flightmode/install/px4_msgs/include/px4_msgs/px4_msgs/msg/detail/vehicle_optical_flow_vel__struct.h\n'}
[1.475800] (px4_msgs) StdoutLine: {'line': b'-- Up-to-date: /home/rudra/custom_flightmode/install/px4_msgs/include/px4_msgs/px4_msgs/msg/detail/sensor_temp__functions.h\n'}
[1.475858] (px4_msgs) StdoutLine: {'line': b'-- Up-to-date: /home/rudra/custom_flightmode/install/px4_msgs/include/px4_msgs/px4_msgs/msg/detail/vehicle_angular_velocity__functions.c\n'}
[1.476011] (px4_msgs) StdoutLine: {'line': b'-- Up-to-date: /home/rudra/custom_flightmode/install/px4_msgs/include/px4_msgs/px4_msgs/msg/detail/gimbal_device_set_attitude__type_support.h\n'}
[1.476184] (px4_msgs) StdoutLine: {'line': b'-- Up-to-date: /home/rudra/custom_flightmode/install/px4_msgs/include/px4_msgs/px4_msgs/msg/detail/tecs_status__functions.h\n'}
[1.476286] (px4_msgs) StdoutLine: {'line': b'-- Up-to-date: /home/rudra/custom_flightmode/install/px4_msgs/include/px4_msgs/px4_msgs/msg/detail/sensor_gyro_fifo__struct.h\n'}
[1.476351] (px4_msgs) StdoutLine: {'line': b'-- Up-to-date: /home/rudra/custom_flightmode/install/px4_msgs/include/px4_msgs/px4_msgs/msg/detail/takeoff_status__functions.h\n'}
[1.476410] (px4_msgs) StdoutLine: {'line': b'-- Up-to-date: /home/rudra/custom_flightmode/install/px4_msgs/include/px4_msgs/px4_msgs/msg/detail/sensor_gnss_relative__struct.h\n'}
[1.476591] (px4_msgs) StdoutLine: {'line': b'-- Up-to-date: /home/rudra/custom_flightmode/install/px4_msgs/include/px4_msgs/px4_msgs/msg/detail/differential_pressure__struct.h\n'}
[1.476680] (px4_msgs) StdoutLine: {'line': b'-- Up-to-date: /home/rudra/custom_flightmode/install/px4_msgs/include/px4_msgs/px4_msgs/msg/detail/landing_target_pose__functions.c\n'}
[1.476735] (px4_msgs) StdoutLine: {'line': b'-- Up-to-date: /home/rudra/custom_flightmode/install/px4_msgs/include/px4_msgs/px4_msgs/msg/detail/can_interface_status__functions.h\n'}
[1.476785] (px4_msgs) StdoutLine: {'line': b'-- Up-to-date: /home/rudra/custom_flightmode/install/px4_msgs/include/px4_msgs/px4_msgs/msg/detail/fixed_wing_lateral_guidance_status__functions.c\n'}
[1.476876] (px4_msgs) StdoutLine: {'line': b'-- Up-to-date: /home/rudra/custom_flightmode/install/px4_msgs/include/px4_msgs/px4_msgs/msg/detail/orb_test__functions.c\n'}
[1.476987] (px4_msgs) StdoutLine: {'line': b'-- Up-to-date: /home/rudra/custom_flightmode/install/px4_msgs/include/px4_msgs/px4_msgs/msg/detail/qshell_req__struct.h\n'}
[1.477044] (px4_msgs) StdoutLine: {'line': b'-- Up-to-date: /home/rudra/custom_flightmode/install/px4_msgs/include/px4_msgs/px4_msgs/msg/detail/arming_check_request__functions.h\n'}
[1.477094] (px4_msgs) StdoutLine: {'line': b'-- Up-to-date: /home/rudra/custom_flightmode/install/px4_msgs/include/px4_msgs/px4_msgs/msg/detail/cpuload__type_support.h\n'}
[1.477141] (px4_msgs) StdoutLine: {'line': b'-- Up-to-date: /home/rudra/custom_flightmode/install/px4_msgs/include/px4_msgs/px4_msgs/msg/detail/vehicle_local_position__struct.h\n'}
[1.477209] (px4_msgs) StdoutLine: {'line': b'-- Up-to-date: /home/rudra/custom_flightmode/install/px4_msgs/include/px4_msgs/px4_msgs/msg/detail/gimbal_manager_status__functions.h\n'}
[1.477263] (px4_msgs) StdoutLine: {'line': b'-- Up-to-date: /home/rudra/custom_flightmode/install/px4_msgs/include/px4_msgs/px4_msgs/msg/detail/sensor_baro__functions.h\n'}
[1.477311] (px4_msgs) StdoutLine: {'line': b'-- Up-to-date: /home/rudra/custom_flightmode/install/px4_msgs/include/px4_msgs/px4_msgs/msg/detail/task_stack_info__type_support.h\n'}
[1.477458] (px4_msgs) StdoutLine: {'line': b'-- Up-to-date: /home/rudra/custom_flightmode/install/px4_msgs/include/px4_msgs/px4_msgs/msg/detail/vte_orientation__type_support.h\n'}
[1.477596] (px4_msgs) StdoutLine: {'line': b'-- Up-to-date: /home/rudra/custom_flightmode/install/px4_msgs/include/px4_msgs/px4_msgs/msg/detail/estimator_fusion_control__functions.c\n'}
[1.477715] (px4_msgs) StdoutLine: {'line': b'-- Up-to-date: /home/rudra/custom_flightmode/install/px4_msgs/include/px4_msgs/px4_msgs/msg/detail/sensor_baro__struct.h\n'}
[1.477796] (px4_msgs) StdoutLine: {'line': b'-- Up-to-date: /home/rudra/custom_flightmode/install/px4_msgs/include/px4_msgs/px4_msgs/msg/detail/gimbal_manager_status__struct.h\n'}
[1.477948] (px4_msgs) StdoutLine: {'line': b'-- Up-to-date: /home/rudra/custom_flightmode/install/px4_msgs/include/px4_msgs/px4_msgs/msg/detail/flight_phase_estimation__functions.h\n'}
[1.478025] (px4_msgs) StdoutLine: {'line': b'-- Up-to-date: /home/rudra/custom_flightmode/install/px4_msgs/include/px4_msgs/px4_msgs/msg/detail/gpio_in__struct.h\n'}
[1.478081] (px4_msgs) StdoutLine: {'line': b'-- Up-to-date: /home/rudra/custom_flightmode/install/px4_msgs/include/px4_msgs/px4_msgs/msg/detail/rover_position_setpoint__functions.h\n'}
[1.478149] (px4_msgs) StdoutLine: {'line': b'-- Up-to-date: /home/rudra/custom_flightmode/install/px4_msgs/include/px4_msgs/px4_msgs/msg/detail/distance_sensor__functions.c\n'}
[1.478200] (px4_msgs) StdoutLine: {'line': b'-- Up-to-date: /home/rudra/custom_flightmode/install/px4_msgs/include/px4_msgs/px4_msgs/msg/detail/mission_result__functions.c\n'}
[1.478248] (px4_msgs) StdoutLine: {'line': b'-- Up-to-date: /home/rudra/custom_flightmode/install/px4_msgs/include/px4_msgs/px4_msgs/msg/detail/prec_land_status__type_support.h\n'}
[1.478296] (px4_msgs) StdoutLine: {'line': b'-- Up-to-date: /home/rudra/custom_flightmode/install/px4_msgs/include/px4_msgs/px4_msgs/msg/detail/autotune_attitude_control_status__functions.h\n'}
[1.478371] (px4_msgs) StdoutLine: {'line': b'-- Up-to-date: /home/rudra/custom_flightmode/install/px4_msgs/include/px4_msgs/px4_msgs/msg/detail/rover_speed_setpoint__type_support.h\n'}
[1.478421] (px4_msgs) StdoutLine: {'line': b'-- Up-to-date: /home/rudra/custom_flightmode/install/px4_msgs/include/px4_msgs/px4_msgs/msg/detail/debug_key_value__functions.h\n'}
[1.478541] (px4_msgs) StdoutLine: {'line': b'-- Up-to-date: /home/rudra/custom_flightmode/install/px4_msgs/include/px4_msgs/px4_msgs/msg/detail/vehicle_local_position_setpoint__struct.h\n'}
[1.478630] (px4_msgs) StdoutLine: {'line': b'-- Up-to-date: /home/rudra/custom_flightmode/install/px4_msgs/include/px4_msgs/px4_msgs/msg/detail/rover_position_setpoint__functions.c\n'}
[1.478681] (px4_msgs) StdoutLine: {'line': b'-- Up-to-date: /home/rudra/custom_flightmode/install/px4_msgs/include/px4_msgs/px4_msgs/msg/detail/landing_target_innovations__functions.h\n'}
[1.478729] (px4_msgs) StdoutLine: {'line': b'-- Up-to-date: /home/rudra/custom_flightmode/install/px4_msgs/include/px4_msgs/px4_msgs/msg/detail/log_message__functions.c\n'}
[1.478776] (px4_msgs) StdoutLine: {'line': b'-- Up-to-date: /home/rudra/custom_flightmode/install/px4_msgs/include/px4_msgs/px4_msgs/msg/detail/parameter_set_value_response__struct.h\n'}
[1.478824] (px4_msgs) StdoutLine: {'line': b'-- Up-to-date: /home/rudra/custom_flightmode/install/px4_msgs/include/px4_msgs/px4_msgs/msg/detail/vehicle_imu__type_support.h\n'}
[1.478871] (px4_msgs) StdoutLine: {'line': b'-- Up-to-date: /home/rudra/custom_flightmode/install/px4_msgs/include/px4_msgs/px4_msgs/msg/detail/raptor_input__struct.h\n'}
[1.478917] (px4_msgs) StdoutLine: {'line': b'-- Up-to-date: /home/rudra/custom_flightmode/install/px4_msgs/include/px4_msgs/px4_msgs/msg/detail/dataman_response__functions.h\n'}
[1.478963] (px4_msgs) StdoutLine: {'line': b'-- Up-to-date: /home/rudra/custom_flightmode/install/px4_msgs/include/px4_msgs/px4_msgs/msg/detail/estimator_event_flags__functions.h\n'}
[1.479028] (px4_msgs) StdoutLine: {'line': b'-- Up-to-date: /home/rudra/custom_flightmode/install/px4_msgs/include/px4_msgs/px4_msgs/msg/detail/esc_status__type_support.h\n'}
[1.479084] (px4_msgs) StdoutLine: {'line': b'-- Up-to-date: /home/rudra/custom_flightmode/install/px4_msgs/include/px4_msgs/px4_msgs/msg/detail/qshell_retval__functions.c\n'}
[1.479213] (px4_msgs) StdoutLine: {'line': b'-- Up-to-date: /home/rudra/custom_flightmode/install/px4_msgs/include/px4_msgs/px4_msgs/msg/detail/vehicle_acceleration__type_support.h\n'}
[1.479263] (px4_msgs) StdoutLine: {'line': b'-- Up-to-date: /home/rudra/custom_flightmode/install/px4_msgs/include/px4_msgs/px4_msgs/msg/detail/rover_speed_status__type_support.h\n'}
[1.479314] (px4_msgs) StdoutLine: {'line': b'-- Up-to-date: /home/rudra/custom_flightmode/install/px4_msgs/include/px4_msgs/px4_msgs/msg/detail/esc_eeprom_write__struct.h\n'}
[1.479361] (px4_msgs) StdoutLine: {'line': b'-- Up-to-date: /home/rudra/custom_flightmode/install/px4_msgs/include/px4_msgs/px4_msgs/msg/detail/ekf2_timestamps__type_support.h\n'}
[1.479407] (px4_msgs) StdoutLine: {'line': b'-- Up-to-date: /home/rudra/custom_flightmode/install/px4_msgs/include/px4_msgs/px4_msgs/msg/detail/sensor_accel_fifo__type_support.h\n'}
[1.479492] (px4_msgs) StdoutLine: {'line': b'-- Up-to-date: /home/rudra/custom_flightmode/install/px4_msgs/include/px4_msgs/px4_msgs/msg/detail/gpio_config__struct.h\n'}
[1.479688] (px4_msgs) StdoutLine: {'line': b'-- Up-to-date: /home/rudra/custom_flightmode/install/px4_msgs/include/px4_msgs/px4_msgs/msg/detail/figure_eight_status__functions.c\n'}
[1.479766] (px4_msgs) StdoutLine: {'line': b'-- Up-to-date: /home/rudra/custom_flightmode/install/px4_msgs/include/px4_msgs/px4_msgs/msg/detail/goto_setpoint__struct.h\n'}
[1.479831] (px4_msgs) StdoutLine: {'line': b'-- Up-to-date: /home/rudra/custom_flightmode/install/px4_msgs/include/px4_msgs/px4_msgs/msg/detail/takeoff_status__type_support.h\n'}
[1.479892] (px4_msgs) StdoutLine: {'line': b'-- Up-to-date: /home/rudra/custom_flightmode/install/px4_msgs/include/px4_msgs/px4_msgs/msg/detail/wheel_encoders__functions.h\n'}
[1.480013] (px4_msgs) StdoutLine: {'line': b'-- Up-to-date: /home/rudra/custom_flightmode/install/px4_msgs/include/px4_msgs/px4_msgs/msg/detail/gimbal_manager_status__type_support.h\n'}
[1.480075] (px4_msgs) StdoutLine: {'line': b'-- Up-to-date: /home/rudra/custom_flightmode/install/px4_msgs/include/px4_msgs/px4_msgs/msg/detail/pps_capture__type_support.h\n'}
[1.480136] (px4_msgs) StdoutLine: {'line': b'-- Up-to-date: /home/rudra/custom_flightmode/install/px4_msgs/include/px4_msgs/px4_msgs/msg/detail/vehicle_status__functions.c\n'}
[1.480195] (px4_msgs) StdoutLine: {'line': b'-- Up-to-date: /home/rudra/custom_flightmode/install/px4_msgs/include/px4_msgs/px4_msgs/msg/detail/system_power__struct.h\n'}
[1.480256] (px4_msgs) StdoutLine: {'line': b'-- Up-to-date: /home/rudra/custom_flightmode/install/px4_msgs/include/px4_msgs/px4_msgs/msg/detail/ulog_stream_ack__type_support.h\n'}
[1.480314] (px4_msgs) StdoutLine: {'line': b'-- Up-to-date: /home/rudra/custom_flightmode/install/px4_msgs/include/px4_msgs/px4_msgs/msg/detail/irlock_report__functions.h\n'}
[1.480371] (px4_msgs) StdoutLine: {'line': b'-- Up-to-date: /home/rudra/custom_flightmode/install/px4_msgs/include/px4_msgs/px4_msgs/msg/detail/manual_control_switches__functions.c\n'}
[1.480428] (px4_msgs) StdoutLine: {'line': b'-- Up-to-date: /home/rudra/custom_flightmode/install/px4_msgs/include/px4_msgs/px4_msgs/msg/detail/sensor_gnss_status__struct.h\n'}
[1.480500] (px4_msgs) StdoutLine: {'line': b'-- Up-to-date: /home/rudra/custom_flightmode/install/px4_msgs/include/px4_msgs/px4_msgs/msg/detail/manual_control_setpoint__functions.c\n'}
[1.480658] (px4_msgs) StdoutLine: {'line': b'-- Up-to-date: /home/rudra/custom_flightmode/install/px4_msgs/include/px4_msgs/px4_msgs/msg/detail/sensors_status__functions.c\n'}
[1.480713] (px4_msgs) StdoutLine: {'line': b'-- Up-to-date: /home/rudra/custom_flightmode/install/px4_msgs/include/px4_msgs/px4_msgs/msg/detail/normalized_unsigned_setpoint__functions.c\n'}
[1.480764] (px4_msgs) StdoutLine: {'line': b'-- Up-to-date: /home/rudra/custom_flightmode/install/px4_msgs/include/px4_msgs/px4_msgs/msg/detail/logger_status__functions.c\n'}
[1.480812] (px4_msgs) StdoutLine: {'line': b'-- Up-to-date: /home/rudra/custom_flightmode/install/px4_msgs/include/px4_msgs/px4_msgs/msg/detail/ulog_stream_ack__struct.h\n'}
[1.480860] (px4_msgs) StdoutLine: {'line': b'-- Up-to-date: /home/rudra/custom_flightmode/install/px4_msgs/include/px4_msgs/px4_msgs/msg/detail/vehicle_command_ack__functions.c\n'}
[1.480908] (px4_msgs) StdoutLine: {'line': b'-- Up-to-date: /home/rudra/custom_flightmode/install/px4_msgs/include/px4_msgs/px4_msgs/msg/detail/pure_pursuit_status__functions.h\n'}
[1.480955] (px4_msgs) StdoutLine: {'line': b'-- Up-to-date: /home/rudra/custom_flightmode/install/px4_msgs/include/px4_msgs/px4_msgs/msg/detail/onboard_computer_status__functions.h\n'}
[1.481001] (px4_msgs) StdoutLine: {'line': b'-- Up-to-date: /home/rudra/custom_flightmode/install/px4_msgs/include/px4_msgs/px4_msgs/msg/detail/rtl_time_estimate__functions.h\n'}
[1.481068] (px4_msgs) StdoutLine: {'line': b'-- Up-to-date: /home/rudra/custom_flightmode/install/px4_msgs/include/px4_msgs/px4_msgs/msg/detail/vehicle_rates_setpoint__type_support.h\n'}
[1.481122] (px4_msgs) StdoutLine: {'line': b'-- Up-to-date: /home/rudra/custom_flightmode/install/px4_msgs/include/px4_msgs/px4_msgs/msg/detail/vehicle_attitude_setpoint__struct.h\n'}
[1.481329] (px4_msgs) StdoutLine: {'line': b'-- Up-to-date: /home/rudra/custom_flightmode/install/px4_msgs/include/px4_msgs/px4_msgs/msg/detail/position_controller_landing_status__type_support.h\n'}
[1.481504] (px4_msgs) StdoutLine: {'line': b'-- Up-to-date: /home/rudra/custom_flightmode/install/px4_msgs/include/px4_msgs/px4_msgs/msg/detail/generator_status__struct.h\n'}
[1.481638] (px4_msgs) StdoutLine: {'line': b'-- Up-to-date: /home/rudra/custom_flightmode/install/px4_msgs/include/px4_msgs/px4_msgs/msg/detail/estimator_sensor_bias__functions.h\n'}
[1.481738] (px4_msgs) StdoutLine: {'line': b'-- Up-to-date: /home/rudra/custom_flightmode/install/px4_msgs/include/px4_msgs/px4_msgs/msg/detail/health_report__functions.h\n'}
[1.481791] (px4_msgs) StdoutLine: {'line': b'-- Up-to-date: /home/rudra/custom_flightmode/install/px4_msgs/include/px4_msgs/px4_msgs/msg/detail/satellite_info__type_support.h\n'}
[1.481839] (px4_msgs) StdoutLine: {'line': b'-- Up-to-date: /home/rudra/custom_flightmode/install/px4_msgs/include/px4_msgs/px4_msgs/msg/detail/raptor_input__type_support.h\n'}
[1.481890] (px4_msgs) StdoutLine: {'line': b'-- Up-to-date: /home/rudra/custom_flightmode/install/px4_msgs/include/px4_msgs/px4_msgs/msg/detail/mission__functions.c\n'}
[1.481938] (px4_msgs) StdoutLine: {'line': b'-- Up-to-date: /home/rudra/custom_flightmode/install/px4_msgs/include/px4_msgs/px4_msgs/msg/detail/navigator_status__functions.h\n'}
[1.481986] (px4_msgs) StdoutLine: {'line': b'-- Up-to-date: /home/rudra/custom_flightmode/install/px4_msgs/include/px4_msgs/px4_msgs/msg/detail/estimator_status_flags__functions.h\n'}
[1.482115] (px4_msgs) StdoutLine: {'line': b'-- Up-to-date: /home/rudra/custom_flightmode/install/px4_msgs/include/px4_msgs/px4_msgs/msg/detail/timesync_status__functions.c\n'}
[1.482201] (px4_msgs) StdoutLine: {'line': b'-- Up-to-date: /home/rudra/custom_flightmode/install/px4_msgs/include/px4_msgs/px4_msgs/msg/detail/failure_detector_status__struct.h\n'}
[1.482255] (px4_msgs) StdoutLine: {'line': b'-- Up-to-date: /home/rudra/custom_flightmode/install/px4_msgs/include/px4_msgs/px4_msgs/msg/detail/onboard_computer_status__functions.c\n'}
[1.482304] (px4_msgs) StdoutLine: {'line': b'-- Up-to-date: /home/rudra/custom_flightmode/install/px4_msgs/include/px4_msgs/px4_msgs/msg/detail/landing_gear_wheel__type_support.h\n'}
[1.482351] (px4_msgs) StdoutLine: {'line': b'-- Up-to-date: /home/rudra/custom_flightmode/install/px4_msgs/include/px4_msgs/px4_msgs/msg/detail/navigator_mission_item__type_support.h\n'}
[1.482398] (px4_msgs) StdoutLine: {'line': b'-- Up-to-date: /home/rudra/custom_flightmode/install/px4_msgs/include/px4_msgs/px4_msgs/msg/detail/lateral_control_configuration__functions.c\n'}
[1.482445] (px4_msgs) StdoutLine: {'line': b'-- Up-to-date: /home/rudra/custom_flightmode/install/px4_msgs/include/px4_msgs/px4_msgs/msg/detail/open_drone_id_arm_status__struct.h\n'}
[1.482524] (px4_msgs) StdoutLine: {'line': b'-- Up-to-date: /home/rudra/custom_flightmode/install/px4_msgs/include/px4_msgs/px4_msgs/msg/detail/airspeed__functions.h\n'}
[1.482576] (px4_msgs) StdoutLine: {'line': b'-- Up-to-date: /home/rudra/custom_flightmode/install/px4_msgs/include/px4_msgs/px4_msgs/msg/detail/unregister_ext_component__functions.h\n'}
[1.482622] (px4_msgs) StdoutLine: {'line': b'-- Up-to-date: /home/rudra/custom_flightmode/install/px4_msgs/include/px4_msgs/px4_msgs/msg/detail/fiducial_marker_yaw_report__functions.h\n'}
[1.482668] (px4_msgs) StdoutLine: {'line': b'-- Up-to-date: /home/rudra/custom_flightmode/install/px4_msgs/include/px4_msgs/px4_msgs/msg/detail/vtol_vehicle_status__struct.h\n'}
[1.482713] (px4_msgs) StdoutLine: {'line': b'-- Up-to-date: /home/rudra/custom_flightmode/install/px4_msgs/include/px4_msgs/px4_msgs/msg/detail/vehicle_local_position__functions.h\n'}
[1.482799] (px4_msgs) StdoutLine: {'line': b'-- Up-to-date: /home/rudra/custom_flightmode/install/px4_msgs/include/px4_msgs/px4_msgs/msg/detail/actuator_motors__functions.h\n'}
[1.482849] (px4_msgs) StdoutLine: {'line': b'-- Up-to-date: /home/rudra/custom_flightmode/install/px4_msgs/include/px4_msgs/px4_msgs/msg/detail/vte_aid_source1d__functions.c\n'}
[1.482901] (px4_msgs) StdoutLine: {'line': b'-- Up-to-date: /home/rudra/custom_flightmode/install/px4_msgs/include/px4_msgs/px4_msgs/msg/detail/trajectory_setpoint__functions.h\n'}
[1.482973] (px4_msgs) StdoutLine: {'line': b'-- Up-to-date: /home/rudra/custom_flightmode/install/px4_msgs/include/px4_msgs/px4_msgs/msg/detail/distance_sensor_mode_change_request__type_support.h\n'}
[1.483079] (px4_msgs) StdoutLine: {'line': b'-- Up-to-date: /home/rudra/custom_flightmode/install/px4_msgs/include/px4_msgs/px4_msgs/msg/detail/debug_vect__functions.c\n'}
[1.483241] (px4_msgs) StdoutLine: {'line': b'-- Up-to-date: /home/rudra/custom_flightmode/install/px4_msgs/include/px4_msgs/px4_msgs/msg/detail/velocity_limits__functions.c\n'}
[1.483404] (px4_msgs) StdoutLine: {'line': b'-- Up-to-date: /home/rudra/custom_flightmode/install/px4_msgs/include/px4_msgs/px4_msgs/msg/detail/can_interface_status__type_support.h\n'}
[1.483598] (px4_msgs) StdoutLine: {'line': b'-- Up-to-date: /home/rudra/custom_flightmode/install/px4_msgs/include/px4_msgs/px4_msgs/msg/detail/message_format_request__functions.c\n'}
[1.483766] (px4_msgs) StdoutLine: {'line': b'-- Up-to-date: /home/rudra/custom_flightmode/install/px4_msgs/include/px4_msgs/px4_msgs/msg/detail/sensor_optical_flow__type_support.h\n'}
[1.483893] (px4_msgs) StdoutLine: {'line': b'-- Up-to-date: /home/rudra/custom_flightmode/install/px4_msgs/include/px4_msgs/px4_msgs/msg/detail/obstacle_distance__functions.c\n'}
[1.483973] (px4_msgs) StdoutLine: {'line': b'-- Up-to-date: /home/rudra/custom_flightmode/install/px4_msgs/include/px4_msgs/px4_msgs/msg/detail/lateral_control_configuration__struct.h\n'}
[1.484024] (px4_msgs) StdoutLine: {'line': b'-- Up-to-date: /home/rudra/custom_flightmode/install/px4_msgs/include/px4_msgs/px4_msgs/msg/detail/neural_control__functions.c\n'}
[1.484071] (px4_msgs) StdoutLine: {'line': b'-- Up-to-date: /home/rudra/custom_flightmode/install/px4_msgs/include/px4_msgs/px4_msgs/msg/detail/estimator_innovations__struct.h\n'}
[1.484126] (px4_msgs) StdoutLine: {'line': b'-- Up-to-date: /home/rudra/custom_flightmode/install/px4_msgs/include/px4_msgs/px4_msgs/msg/detail/register_ext_component_reply__type_support.h\n'}
[1.484172] (px4_msgs) StdoutLine: {'line': b'-- Up-to-date: /home/rudra/custom_flightmode/install/px4_msgs/include/px4_msgs/px4_msgs/msg/detail/landing_target_innovations__functions.c\n'}
[1.484224] (px4_msgs) StdoutLine: {'line': b'-- Up-to-date: /home/rudra/custom_flightmode/install/px4_msgs/include/px4_msgs/px4_msgs/msg/detail/unregister_ext_component__type_support.h\n'}
[1.484371] (px4_msgs) StdoutLine: {'line': b'-- Up-to-date: /home/rudra/custom_flightmode/install/px4_msgs/include/px4_msgs/px4_msgs/msg/detail/sensor_baro__functions.c\n'}
[1.484462] (px4_msgs) StdoutLine: {'line': b'-- Up-to-date: /home/rudra/custom_flightmode/install/px4_msgs/include/px4_msgs/px4_msgs/msg/detail/orb_test__functions.h\n'}
[1.484626] (px4_msgs) StdoutLine: {'line': b'-- Up-to-date: /home/rudra/custom_flightmode/install/px4_msgs/include/px4_msgs/px4_msgs/msg/detail/sensor_combined__type_support.h\n'}
[1.484775] (px4_msgs) StdoutLine: {'line': b'-- Up-to-date: /home/rudra/custom_flightmode/install/px4_msgs/include/px4_msgs/px4_msgs/msg/detail/vehicle_status__functions.h\n'}
[1.484928] (px4_msgs) StdoutLine: {'line': b'-- Up-to-date: /home/rudra/custom_flightmode/install/px4_msgs/include/px4_msgs/px4_msgs/msg/detail/vehicle_magnetometer__functions.h\n'}
[1.485004] (px4_msgs) StdoutLine: {'line': b'-- Up-to-date: /home/rudra/custom_flightmode/install/px4_msgs/include/px4_msgs/px4_msgs/msg/detail/rc_channels__type_support.h\n'}
[1.485074] (px4_msgs) StdoutLine: {'line': b'-- Up-to-date: /home/rudra/custom_flightmode/install/px4_msgs/include/px4_msgs/px4_msgs/msg/detail/onboard_computer_status__struct.h\n'}
[1.485149] (px4_msgs) StdoutLine: {'line': b'-- Up-to-date: /home/rudra/custom_flightmode/install/px4_msgs/include/px4_msgs/px4_msgs/msg/detail/aux_global_position__type_support.h\n'}
[1.485201] (px4_msgs) StdoutLine: {'line': b'-- Up-to-date: /home/rudra/custom_flightmode/install/px4_msgs/include/px4_msgs/px4_msgs/msg/detail/vtx__struct.h\n'}
[1.485250] (px4_msgs) StdoutLine: {'line': b'-- Up-to-date: /home/rudra/custom_flightmode/install/px4_msgs/include/px4_msgs/px4_msgs/msg/detail/control_allocator_status__type_support.h\n'}
[1.485299] (px4_msgs) StdoutLine: {'line': b'-- Up-to-date: /home/rudra/custom_flightmode/install/px4_msgs/include/px4_msgs/px4_msgs/msg/detail/position_setpoint__functions.h\n'}
[1.485346] (px4_msgs) StdoutLine: {'line': b'-- Up-to-date: /home/rudra/custom_flightmode/install/px4_msgs/include/px4_msgs/px4_msgs/msg/detail/estimator_aid_source1d__type_support.h\n'}
[1.485600] (px4_msgs) StdoutLine: {'line': b'-- Up-to-date: /home/rudra/custom_flightmode/install/px4_msgs/include/px4_msgs/px4_msgs/msg/detail/orb_test_medium__functions.c\n'}
[1.485668] (px4_msgs) StdoutLine: {'line': b'-- Up-to-date: /home/rudra/custom_flightmode/install/px4_msgs/include/px4_msgs/px4_msgs/msg/detail/heater_status__struct.h\n'}
[1.485719] (px4_msgs) StdoutLine: {'line': b'-- Up-to-date: /home/rudra/custom_flightmode/install/px4_msgs/include/px4_msgs/px4_msgs/msg/detail/estimator_states__functions.h\n'}
[1.485768] (px4_msgs) StdoutLine: {'line': b'-- Up-to-date: /home/rudra/custom_flightmode/install/px4_msgs/include/px4_msgs/px4_msgs/msg/detail/estimator_fusion_control__struct.h\n'}
[1.485817] (px4_msgs) StdoutLine: {'line': b'-- Up-to-date: /home/rudra/custom_flightmode/install/px4_msgs/include/px4_msgs/px4_msgs/msg/detail/parameter_update__type_support.h\n'}
[1.485863] (px4_msgs) StdoutLine: {'line': b'-- Up-to-date: /home/rudra/custom_flightmode/install/px4_msgs/include/px4_msgs/px4_msgs/msg/detail/sensor_airflow__functions.h\n'}
[1.485909] (px4_msgs) StdoutLine: {'line': b'-- Up-to-date: /home/rudra/custom_flightmode/install/px4_msgs/include/px4_msgs/px4_msgs/msg/detail/button_event__struct.h\n'}
[1.485973] (px4_msgs) StdoutLine: {'line': b'-- Up-to-date: /home/rudra/custom_flightmode/install/px4_msgs/include/px4_msgs/px4_msgs/msg/detail/home_position__functions.c\n'}
[1.486027] (px4_msgs) StdoutLine: {'line': b'-- Up-to-date: /home/rudra/custom_flightmode/install/px4_msgs/include/px4_msgs/px4_msgs/msg/detail/qshell_req__type_support.h\n'}
[1.486075] (px4_msgs) StdoutLine: {'line': b'-- Up-to-date: /home/rudra/custom_flightmode/install/px4_msgs/include/px4_msgs/px4_msgs/msg/detail/vehicle_local_position_setpoint__functions.h\n'}
[1.486123] (px4_msgs) StdoutLine: {'line': b'-- Up-to-date: /home/rudra/custom_flightmode/install/px4_msgs/include/px4_msgs/px4_msgs/msg/detail/sensor_hygrometer__functions.h\n'}
[1.486170] (px4_msgs) StdoutLine: {'line': b'-- Up-to-date: /home/rudra/custom_flightmode/install/px4_msgs/include/px4_msgs/px4_msgs/msg/detail/gimbal_manager_information__struct.h\n'}
[1.486216] (px4_msgs) StdoutLine: {'line': b'-- Up-to-date: /home/rudra/custom_flightmode/install/px4_msgs/include/px4_msgs/px4_msgs/msg/detail/gain_compression__struct.h\n'}
[1.486265] (px4_msgs) StdoutLine: {'line': b'-- Up-to-date: /home/rudra/custom_flightmode/install/px4_msgs/include/px4_msgs/px4_msgs/msg/detail/wheel_encoders__type_support.h\n'}
[1.486310] (px4_msgs) StdoutLine: {'line': b'-- Up-to-date: /home/rudra/custom_flightmode/install/px4_msgs/include/px4_msgs/px4_msgs/msg/detail/lateral_control_configuration__type_support.h\n'}
[1.486357] (px4_msgs) StdoutLine: {'line': b'-- Up-to-date: /home/rudra/custom_flightmode/install/px4_msgs/include/px4_msgs/px4_msgs/msg/detail/parameter_reset_request__type_support.h\n'}
[1.486552] (px4_msgs) StdoutLine: {'line': b'-- Up-to-date: /home/rudra/custom_flightmode/install/px4_msgs/include/px4_msgs/px4_msgs/msg/detail/logger_status__functions.h\n'}
[1.486641] (px4_msgs) StdoutLine: {'line': b'-- Up-to-date: /home/rudra/custom_flightmode/install/px4_msgs/include/px4_msgs/px4_msgs/msg/detail/sensor_gyro_fft__functions.h\n'}
[1.486705] (px4_msgs) StdoutLine: {'line': b'-- Up-to-date: /home/rudra/custom_flightmode/install/px4_msgs/include/px4_msgs/px4_msgs/msg/detail/parameter_update__functions.h\n'}
[1.486757] (px4_msgs) StdoutLine: {'line': b'-- Up-to-date: /home/rudra/custom_flightmode/install/px4_msgs/include/px4_msgs/px4_msgs/msg/detail/sensor_airflow__struct.h\n'}
[1.486807] (px4_msgs) StdoutLine: {'line': b'-- Up-to-date: /home/rudra/custom_flightmode/install/px4_msgs/include/px4_msgs/px4_msgs/msg/detail/open_drone_id_arm_status__type_support.h\n'}
[1.486856] (px4_msgs) StdoutLine: {'line': b'-- Up-to-date: /home/rudra/custom_flightmode/install/px4_msgs/include/px4_msgs/px4_msgs/msg/detail/obstacle_distance__type_support.h\n'}
[1.486913] (px4_msgs) StdoutLine: {'line': b'-- Up-to-date: /home/rudra/custom_flightmode/install/px4_msgs/include/px4_msgs/px4_msgs/msg/detail/follow_target_status__functions.c\n'}
[1.486961] (px4_msgs) StdoutLine: {'line': b'-- Up-to-date: /home/rudra/custom_flightmode/install/px4_msgs/include/px4_msgs/px4_msgs/msg/detail/rover_rate_status__functions.c\n'}
[1.487008] (px4_msgs) StdoutLine: {'line': b'-- Up-to-date: /home/rudra/custom_flightmode/install/px4_msgs/include/px4_msgs/px4_msgs/msg/detail/fiducial_marker_pos_report__struct.h\n'}
[1.487057] (px4_msgs) StdoutLine: {'line': b'-- Up-to-date: /home/rudra/custom_flightmode/install/px4_msgs/include/px4_msgs/px4_msgs/msg/detail/distance_sensor_mode_change_request__functions.h\n'}
[1.487105] (px4_msgs) StdoutLine: {'line': b'-- Up-to-date: /home/rudra/custom_flightmode/install/px4_msgs/include/px4_msgs/px4_msgs/msg/detail/open_drone_id_operator_id__functions.c\n'}
[1.487153] (px4_msgs) StdoutLine: {'line': b'-- Up-to-date: /home/rudra/custom_flightmode/install/px4_msgs/include/px4_msgs/px4_msgs/msg/detail/debug_array__functions.c\n'}
[1.487200] (px4_msgs) StdoutLine: {'line': b'-- Up-to-date: /home/rudra/custom_flightmode/install/px4_msgs/include/px4_msgs/px4_msgs/msg/detail/fiducial_marker_yaw_report__type_support.h\n'}
[1.487248] (px4_msgs) StdoutLine: {'line': b'-- Up-to-date: /home/rudra/custom_flightmode/install/px4_msgs/include/px4_msgs/px4_msgs/msg/detail/open_drone_id_self_id__type_support.h\n'}
[1.487297] (px4_msgs) StdoutLine: {'line': b'-- Up-to-date: /home/rudra/custom_flightmode/install/px4_msgs/include/px4_msgs/px4_msgs/msg/detail/vehicle_command_ack__functions.h\n'}
[1.487346] (px4_msgs) StdoutLine: {'line': b'-- Up-to-date: /home/rudra/custom_flightmode/install/px4_msgs/include/px4_msgs/px4_msgs/msg/detail/estimator_aid_source3d__functions.c\n'}
[1.487392] (px4_msgs) StdoutLine: {'line': b'-- Up-to-date: /home/rudra/custom_flightmode/install/px4_msgs/include/px4_msgs/px4_msgs/msg/detail/fiducial_marker_pos_report__type_support.h\n'}
[1.487438] (px4_msgs) StdoutLine: {'line': b'-- Up-to-date: /home/rudra/custom_flightmode/install/px4_msgs/include/px4_msgs/px4_msgs/msg/detail/orbit_status__functions.c\n'}
[1.487586] (px4_msgs) StdoutLine: {'line': b'-- Up-to-date: /home/rudra/custom_flightmode/install/px4_msgs/include/px4_msgs/px4_msgs/msg/detail/geofence_result__type_support.h\n'}
[1.487668] (px4_msgs) StdoutLine: {'line': b'-- Up-to-date: /home/rudra/custom_flightmode/install/px4_msgs/include/px4_msgs/px4_msgs/msg/detail/aux_global_position__struct.h\n'}
[1.487737] (px4_msgs) StdoutLine: {'line': b'-- Up-to-date: /home/rudra/custom_flightmode/install/px4_msgs/include/px4_msgs/px4_msgs/msg/detail/led_control__struct.h\n'}
[1.487791] (px4_msgs) StdoutLine: {'line': b'-- Up-to-date: /home/rudra/custom_flightmode/install/px4_msgs/include/px4_msgs/px4_msgs/msg/detail/esc_eeprom_read__type_support.h\n'}
[1.487843] (px4_msgs) StdoutLine: {'line': b'-- Up-to-date: /home/rudra/custom_flightmode/install/px4_msgs/include/px4_msgs/px4_msgs/msg/detail/sensor_mag__struct.h\n'}
[1.487893] (px4_msgs) StdoutLine: {'line': b'-- Up-to-date: /home/rudra/custom_flightmode/install/px4_msgs/include/px4_msgs/px4_msgs/msg/detail/vehicle_constraints__struct.h\n'}
[1.487943] (px4_msgs) StdoutLine: {'line': b'-- Up-to-date: /home/rudra/custom_flightmode/install/px4_msgs/include/px4_msgs/px4_msgs/msg/detail/internal_combustion_engine_status__struct.h\n'}
[1.487992] (px4_msgs) StdoutLine: {'line': b'-- Up-to-date: /home/rudra/custom_flightmode/install/px4_msgs/include/px4_msgs/px4_msgs/msg/detail/hover_thrust_estimate__type_support.h\n'}
[1.488039] (px4_msgs) StdoutLine: {'line': b'-- Up-to-date: /home/rudra/custom_flightmode/install/px4_msgs/include/px4_msgs/px4_msgs/msg/detail/open_drone_id_system__functions.c\n'}
[1.488089] (px4_msgs) StdoutLine: {'line': b'-- Up-to-date: /home/rudra/custom_flightmode/install/px4_msgs/include/px4_msgs/px4_msgs/msg/detail/actuator_controls_status__functions.h\n'}
[1.488160] (px4_msgs) StdoutLine: {'line': b'-- Up-to-date: /home/rudra/custom_flightmode/install/px4_msgs/include/px4_msgs/px4_msgs/msg/detail/sensor_hygrometer__type_support.h\n'}
[1.488271] (px4_msgs) StdoutLine: {'line': b'-- Up-to-date: /home/rudra/custom_flightmode/install/px4_msgs/include/px4_msgs/px4_msgs/msg/detail/sensor_accel__functions.c\n'}
[1.488324] (px4_msgs) StdoutLine: {'line': b'-- Up-to-date: /home/rudra/custom_flightmode/install/px4_msgs/include/px4_msgs/px4_msgs/msg/detail/gimbal_device_information__struct.h\n'}
[1.488382] (px4_msgs) StdoutLine: {'line': b'-- Up-to-date: /home/rudra/custom_flightmode/install/px4_msgs/include/px4_msgs/px4_msgs/msg/detail/navigator_status__type_support.h\n'}
[1.488427] (px4_msgs) StdoutLine: {'line': b'-- Up-to-date: /home/rudra/custom_flightmode/install/px4_msgs/include/px4_msgs/px4_msgs/msg/detail/gpio_request__struct.h\n'}
[1.488475] (px4_msgs) StdoutLine: {'line': b'-- Up-to-date: /home/rudra/custom_flightmode/install/px4_msgs/include/px4_msgs/px4_msgs/msg/detail/dataman_request__functions.h\n'}
[1.488528] (px4_msgs) StdoutLine: {'line': b'-- Up-to-date: /home/rudra/custom_flightmode/install/px4_msgs/include/px4_msgs/px4_msgs/msg/detail/gpio_out__functions.h\n'}
[1.488571] (px4_msgs) StdoutLine: {'line': b'-- Up-to-date: /home/rudra/custom_flightmode/install/px4_msgs/include/px4_msgs/px4_msgs/msg/detail/vehicle_control_mode__struct.h\n'}
[1.488614] (px4_msgs) StdoutLine: {'line': b'-- Up-to-date: /home/rudra/custom_flightmode/install/px4_msgs/include/px4_msgs/px4_msgs/msg/detail/camera_trigger__functions.c\n'}
[1.488655] (px4_msgs) StdoutLine: {'line': b'-- Up-to-date: /home/rudra/custom_flightmode/install/px4_msgs/include/px4_msgs/px4_msgs/msg/detail/open_drone_id_arm_status__functions.c\n'}
[1.488699] (px4_msgs) StdoutLine: {'line': b'-- Up-to-date: /home/rudra/custom_flightmode/install/px4_msgs/include/px4_msgs/px4_msgs/msg/detail/navigator_status__functions.c\n'}
[1.488742] (px4_msgs) StdoutLine: {'line': b'-- Up-to-date: /home/rudra/custom_flightmode/install/px4_msgs/include/px4_msgs/px4_msgs/msg/detail/estimator_status__functions.h\n'}
[1.488784] (px4_msgs) StdoutLine: {'line': b'-- Up-to-date: /home/rudra/custom_flightmode/install/px4_msgs/include/px4_msgs/px4_msgs/msg/detail/system_power__type_support.h\n'}
[1.488827] (px4_msgs) StdoutLine: {'line': b'-- Up-to-date: /home/rudra/custom_flightmode/install/px4_msgs/include/px4_msgs/px4_msgs/msg/detail/position_controller_landing_status__struct.h\n'}
[1.488872] (px4_msgs) StdoutLine: {'line': b'-- Up-to-date: /home/rudra/custom_flightmode/install/px4_msgs/include/px4_msgs/px4_msgs/msg/detail/cellular_status__functions.h\n'}
[1.488915] (px4_msgs) StdoutLine: {'line': b'-- Up-to-date: /home/rudra/custom_flightmode/install/px4_msgs/include/px4_msgs/px4_msgs/msg/detail/battery_info__struct.h\n'}
[1.488958] (px4_msgs) StdoutLine: {'line': b'-- Up-to-date: /home/rudra/custom_flightmode/install/px4_msgs/include/px4_msgs/px4_msgs/msg/detail/wind__functions.h\n'}
[1.489000] (px4_msgs) StdoutLine: {'line': b'-- Up-to-date: /home/rudra/custom_flightmode/install/px4_msgs/include/px4_msgs/px4_msgs/msg/detail/differential_pressure__functions.c\n'}
[1.489042] (px4_msgs) StdoutLine: {'line': b'-- Up-to-date: /home/rudra/custom_flightmode/install/px4_msgs/include/px4_msgs/px4_msgs/msg/detail/rover_rate_setpoint__type_support.h\n'}
[1.489087] (px4_msgs) StdoutLine: {'line': b'-- Up-to-date: /home/rudra/custom_flightmode/install/px4_msgs/include/px4_msgs/px4_msgs/msg/detail/power_monitor__type_support.h\n'}
[1.489132] (px4_msgs) StdoutLine: {'line': b'-- Up-to-date: /home/rudra/custom_flightmode/install/px4_msgs/include/px4_msgs/px4_msgs/msg/detail/gimbal_manager_set_manual_control__type_support.h\n'}
[1.489197] (px4_msgs) StdoutLine: {'line': b'-- Up-to-date: /home/rudra/custom_flightmode/install/px4_msgs/include/px4_msgs/px4_msgs/msg/detail/normalized_unsigned_setpoint__functions.h\n'}
[1.489244] (px4_msgs) StdoutLine: {'line': b'-- Up-to-date: /home/rudra/custom_flightmode/install/px4_msgs/include/px4_msgs/px4_msgs/msg/detail/position_controller_status__type_support.h\n'}
[1.489287] (px4_msgs) StdoutLine: {'line': b'-- Up-to-date: /home/rudra/custom_flightmode/install/px4_msgs/include/px4_msgs/px4_msgs/msg/detail/orb_test_medium__struct.h\n'}
[1.489333] (px4_msgs) StdoutLine: {'line': b'-- Up-to-date: /home/rudra/custom_flightmode/install/px4_msgs/include/px4_msgs/px4_msgs/msg/detail/fuel_tank_status__functions.h\n'}
[1.489376] (px4_msgs) StdoutLine: {'line': b'-- Up-to-date: /home/rudra/custom_flightmode/install/px4_msgs/include/px4_msgs/px4_msgs/msg/detail/parameter_update__functions.c\n'}
[1.489416] (px4_msgs) StdoutLine: {'line': b'-- Up-to-date: /home/rudra/custom_flightmode/install/px4_msgs/include/px4_msgs/px4_msgs/msg/detail/pps_capture__struct.h\n'}
[1.489458] (px4_msgs) StdoutLine: {'line': b'-- Up-to-date: /home/rudra/custom_flightmode/install/px4_msgs/include/px4_msgs/px4_msgs/msg/detail/manual_control_switches__struct.h\n'}
[1.489516] (px4_msgs) StdoutLine: {'line': b'-- Up-to-date: /home/rudra/custom_flightmode/install/px4_msgs/include/px4_msgs/px4_msgs/msg/detail/estimator_aid_source2d__struct.h\n'}
[1.489561] (px4_msgs) StdoutLine: {'line': b'-- Up-to-date: /home/rudra/custom_flightmode/install/px4_msgs/include/px4_msgs/px4_msgs/msg/detail/estimator_status_flags__struct.h\n'}
[1.489607] (px4_msgs) StdoutLine: {'line': b'-- Up-to-date: /home/rudra/custom_flightmode/install/px4_msgs/include/px4_msgs/px4_msgs/msg/detail/failure_detector_status__functions.c\n'}
[1.489648] (px4_msgs) StdoutLine: {'line': b'-- Up-to-date: /home/rudra/custom_flightmode/install/px4_msgs/include/px4_msgs/px4_msgs/msg/detail/debug_key_value__type_support.h\n'}
[1.489688] (px4_msgs) StdoutLine: {'line': b'-- Up-to-date: /home/rudra/custom_flightmode/install/px4_msgs/include/px4_msgs/px4_msgs/msg/detail/differential_pressure__functions.h\n'}
[1.489730] (px4_msgs) StdoutLine: {'line': b'-- Up-to-date: /home/rudra/custom_flightmode/install/px4_msgs/include/px4_msgs/px4_msgs/msg/detail/ulog_stream__functions.c\n'}
[1.489783] (px4_msgs) StdoutLine: {'line': b'-- Up-to-date: /home/rudra/custom_flightmode/install/px4_msgs/include/px4_msgs/px4_msgs/msg/detail/wheel_encoders__struct.h\n'}
[1.489832] (px4_msgs) StdoutLine: {'line': b'-- Up-to-date: /home/rudra/custom_flightmode/install/px4_msgs/include/px4_msgs/px4_msgs/msg/detail/radio_status__functions.h\n'}
[1.489899] (px4_msgs) StdoutLine: {'line': b'-- Up-to-date: /home/rudra/custom_flightmode/install/px4_msgs/include/px4_msgs/px4_msgs/msg/detail/estimator_selector_status__struct.h\n'}
[1.489954] (px4_msgs) StdoutLine: {'line': b'-- Up-to-date: /home/rudra/custom_flightmode/install/px4_msgs/include/px4_msgs/px4_msgs/msg/detail/pps_capture__functions.c\n'}
[1.490000] (px4_msgs) StdoutLine: {'line': b'-- Up-to-date: /home/rudra/custom_flightmode/install/px4_msgs/include/px4_msgs/px4_msgs/msg/detail/rover_attitude_status__functions.h\n'}
[1.490054] (px4_msgs) StdoutLine: {'line': b'-- Up-to-date: /home/rudra/custom_flightmode/install/px4_msgs/include/px4_msgs/px4_msgs/msg/detail/estimator_bias__functions.c\n'}
[1.490124] (px4_msgs) StdoutLine: {'line': b'-- Up-to-date: /home/rudra/custom_flightmode/install/px4_msgs/include/px4_msgs/px4_msgs/msg/detail/estimator_bias__functions.h\n'}
[1.490169] (px4_msgs) StdoutLine: {'line': b'-- Up-to-date: /home/rudra/custom_flightmode/install/px4_msgs/include/px4_msgs/px4_msgs/msg/detail/logger_status__type_support.h\n'}
[1.490216] (px4_msgs) StdoutLine: {'line': b'-- Up-to-date: /home/rudra/custom_flightmode/install/px4_msgs/include/px4_msgs/px4_msgs/msg/detail/register_ext_component_reply__functions.h\n'}
[1.490262] (px4_msgs) StdoutLine: {'line': b'-- Up-to-date: /home/rudra/custom_flightmode/install/px4_msgs/include/px4_msgs/px4_msgs/msg/detail/setpoint_config_reply__type_support.h\n'}
[1.490307] (px4_msgs) StdoutLine: {'line': b'-- Up-to-date: /home/rudra/custom_flightmode/install/px4_msgs/include/px4_msgs/px4_msgs/msg/detail/system_power__functions.h\n'}
[1.490354] (px4_msgs) StdoutLine: {'line': b'-- Up-to-date: /home/rudra/custom_flightmode/install/px4_msgs/include/px4_msgs/px4_msgs/msg/detail/airspeed_wind__struct.h\n'}
[1.490426] (px4_msgs) StdoutLine: {'line': b'-- Up-to-date: /home/rudra/custom_flightmode/install/px4_msgs/include/px4_msgs/px4_msgs/msg/detail/sensor_mag__type_support.h\n'}
[1.490491] (px4_msgs) StdoutLine: {'line': b'-- Up-to-date: /home/rudra/custom_flightmode/install/px4_msgs/include/px4_msgs/px4_msgs/msg/detail/vehicle_control_mode__functions.h\n'}
[1.490544] (px4_msgs) StdoutLine: {'line': b'-- Up-to-date: /home/rudra/custom_flightmode/install/px4_msgs/include/px4_msgs/px4_msgs/msg/detail/mission__functions.h\n'}
[1.490590] (px4_msgs) StdoutLine: {'line': b'-- Up-to-date: /home/rudra/custom_flightmode/install/px4_msgs/include/px4_msgs/px4_msgs/msg/detail/sensor_airflow__type_support.h\n'}
[1.490633] (px4_msgs) StdoutLine: {'line': b'-- Up-to-date: /home/rudra/custom_flightmode/install/px4_msgs/include/px4_msgs/px4_msgs/msg/detail/follow_target__functions.c\n'}
[1.490684] (px4_msgs) StdoutLine: {'line': b'-- Up-to-date: /home/rudra/custom_flightmode/install/px4_msgs/include/px4_msgs/px4_msgs/msg/detail/cpuload__struct.h\n'}
[1.490729] (px4_msgs) StdoutLine: {'line': b'-- Up-to-date: /home/rudra/custom_flightmode/install/px4_msgs/include/px4_msgs/px4_msgs/msg/detail/led_control__functions.c\n'}
[1.490779] (px4_msgs) StdoutLine: {'line': b'-- Up-to-date: /home/rudra/custom_flightmode/install/px4_msgs/include/px4_msgs/px4_msgs/msg/detail/button_event__functions.c\n'}
[1.490823] (px4_msgs) StdoutLine: {'line': b'-- Up-to-date: /home/rudra/custom_flightmode/install/px4_msgs/include/px4_msgs/px4_msgs/msg/detail/sensors_status__struct.h\n'}
[1.490866] (px4_msgs) StdoutLine: {'line': b'-- Up-to-date: /home/rudra/custom_flightmode/install/px4_msgs/include/px4_msgs/px4_msgs/msg/detail/mission_result__type_support.h\n'}
[1.490907] (px4_msgs) StdoutLine: {'line': b'-- Up-to-date: /home/rudra/custom_flightmode/install/px4_msgs/include/px4_msgs/px4_msgs/msg/detail/fixed_wing_lateral_status__type_support.h\n'}
[1.490948] (px4_msgs) StdoutLine: {'line': b'-- Up-to-date: /home/rudra/custom_flightmode/install/px4_msgs/include/px4_msgs/px4_msgs/msg/detail/neural_control__functions.h\n'}
[1.490988] (px4_msgs) StdoutLine: {'line': b'-- Up-to-date: /home/rudra/custom_flightmode/install/px4_msgs/include/px4_msgs/px4_msgs/msg/detail/config_overrides__functions.h\n'}
[1.491029] (px4_msgs) StdoutLine: {'line': b'-- Up-to-date: /home/rudra/custom_flightmode/install/px4_msgs/include/px4_msgs/px4_msgs/msg/detail/orb_test_large__type_support.h\n'}
[1.491071] (px4_msgs) StdoutLine: {'line': b'-- Up-to-date: /home/rudra/custom_flightmode/install/px4_msgs/include/px4_msgs/px4_msgs/msg/detail/estimator_bias3d__functions.h\n'}
[1.491112] (px4_msgs) StdoutLine: {'line': b'-- Up-to-date: /home/rudra/custom_flightmode/install/px4_msgs/include/px4_msgs/px4_msgs/msg/detail/sensor_temp__struct.h\n'}
[1.491159] (px4_msgs) StdoutLine: {'line': b'-- Up-to-date: /home/rudra/custom_flightmode/install/px4_msgs/include/px4_msgs/px4_msgs/msg/detail/raptor_status__type_support.h\n'}
[1.491229] (px4_msgs) StdoutLine: {'line': b'-- Up-to-date: /home/rudra/custom_flightmode/install/px4_msgs/include/px4_msgs/px4_msgs/msg/detail/vehicle_attitude_setpoint__functions.h\n'}
[1.491295] (px4_msgs) StdoutLine: {'line': b'-- Up-to-date: /home/rudra/custom_flightmode/install/px4_msgs/include/px4_msgs/px4_msgs/msg/detail/power_monitor__struct.h\n'}
[1.491358] (px4_msgs) StdoutLine: {'line': b'-- Up-to-date: /home/rudra/custom_flightmode/install/px4_msgs/include/px4_msgs/px4_msgs/msg/detail/parameter_reset_request__struct.h\n'}
[1.491568] (px4_msgs) StdoutLine: {'line': b'-- Up-to-date: /home/rudra/custom_flightmode/install/px4_msgs/include/px4_msgs/px4_msgs/msg/detail/fixed_wing_longitudinal_setpoint__type_support.h\n'}
[1.491717] (px4_msgs) StdoutLine: {'line': b'-- Up-to-date: /home/rudra/custom_flightmode/install/px4_msgs/include/px4_msgs/px4_msgs/msg/detail/led_control__type_support.h\n'}
[1.491819] (px4_msgs) StdoutLine: {'line': b'-- Up-to-date: /home/rudra/custom_flightmode/install/px4_msgs/include/px4_msgs/px4_msgs/msg/detail/register_ext_component_reply__functions.c\n'}
[1.491889] (px4_msgs) StdoutLine: {'line': b'-- Up-to-date: /home/rudra/custom_flightmode/install/px4_msgs/include/px4_msgs/px4_msgs/msg/detail/uavcan_parameter_value__functions.c\n'}
[1.491987] (px4_msgs) StdoutLine: {'line': b'-- Up-to-date: /home/rudra/custom_flightmode/install/px4_msgs/include/px4_msgs/px4_msgs/msg/detail/mode_completed__type_support.h\n'}
[1.492054] (px4_msgs) StdoutLine: {'line': b'-- Up-to-date: /home/rudra/custom_flightmode/install/px4_msgs/include/px4_msgs/px4_msgs/msg/detail/rover_rate_status__functions.h\n'}
[1.492107] (px4_msgs) StdoutLine: {'line': b'-- Up-to-date: /home/rudra/custom_flightmode/install/px4_msgs/include/px4_msgs/px4_msgs/msg/detail/airspeed__functions.c\n'}
[1.492159] (px4_msgs) StdoutLine: {'line': b'-- Up-to-date: /home/rudra/custom_flightmode/install/px4_msgs/include/px4_msgs/px4_msgs/msg/detail/gain_compression__functions.c\n'}
[1.492208] (px4_msgs) StdoutLine: {'line': b'-- Up-to-date: /home/rudra/custom_flightmode/install/px4_msgs/include/px4_msgs/px4_msgs/msg/detail/dronecan_node_status__type_support.h\n'}
[1.492260] (px4_msgs) StdoutLine: {'line': b'-- Up-to-date: /home/rudra/custom_flightmode/install/px4_msgs/include/px4_msgs/px4_msgs/msg/detail/unregister_ext_component__struct.h\n'}
[1.492309] (px4_msgs) StdoutLine: {'line': b'-- Up-to-date: /home/rudra/custom_flightmode/install/px4_msgs/include/px4_msgs/px4_msgs/msg/detail/internal_combustion_engine_status__functions.c\n'}
[1.492356] (px4_msgs) StdoutLine: {'line': b'-- Up-to-date: /home/rudra/custom_flightmode/install/px4_msgs/include/px4_msgs/px4_msgs/msg/detail/iridiumsbd_status__functions.c\n'}
[1.492430] (px4_msgs) StdoutLine: {'line': b'-- Up-to-date: /home/rudra/custom_flightmode/install/px4_msgs/include/px4_msgs/px4_msgs/msg/detail/gimbal_manager_information__functions.c\n'}
[1.492555] (px4_msgs) StdoutLine: {'line': b'-- Up-to-date: /home/rudra/custom_flightmode/install/px4_msgs/include/px4_msgs/px4_msgs/msg/detail/tecs_status__struct.h\n'}
[1.492646] (px4_msgs) StdoutLine: {'line': b'-- Up-to-date: /home/rudra/custom_flightmode/install/px4_msgs/include/px4_msgs/px4_msgs/msg/detail/internal_combustion_engine_control__functions.c\n'}
[1.492707] (px4_msgs) StdoutLine: {'line': b'-- Up-to-date: /home/rudra/custom_flightmode/install/px4_msgs/include/px4_msgs/px4_msgs/msg/detail/longitudinal_control_configuration__functions.h\n'}
[1.492755] (px4_msgs) StdoutLine: {'line': b'-- Up-to-date: /home/rudra/custom_flightmode/install/px4_msgs/include/px4_msgs/px4_msgs/msg/detail/sensor_airflow__functions.c\n'}
[1.492802] (px4_msgs) StdoutLine: {'line': b'-- Up-to-date: /home/rudra/custom_flightmode/install/px4_msgs/include/px4_msgs/px4_msgs/msg/detail/register_ext_component_request__functions.h\n'}
[1.492849] (px4_msgs) StdoutLine: {'line': b'-- Up-to-date: /home/rudra/custom_flightmode/install/px4_msgs/include/px4_msgs/px4_msgs/msg/detail/vtx__functions.c\n'}
[1.492895] (px4_msgs) StdoutLine: {'line': b'-- Up-to-date: /home/rudra/custom_flightmode/install/px4_msgs/include/px4_msgs/px4_msgs/msg/detail/fixed_wing_lateral_setpoint__functions.c\n'}
[1.492941] (px4_msgs) StdoutLine: {'line': b'-- Up-to-date: /home/rudra/custom_flightmode/install/px4_msgs/include/px4_msgs/px4_msgs/msg/detail/mavlink_log__struct.h\n'}
[1.492985] (px4_msgs) StdoutLine: {'line': b'-- Up-to-date: /home/rudra/custom_flightmode/install/px4_msgs/include/px4_msgs/px4_msgs/msg/detail/px4io_status__functions.c\n'}
[1.493029] (px4_msgs) StdoutLine: {'line': b'-- Up-to-date: /home/rudra/custom_flightmode/install/px4_msgs/include/px4_msgs/px4_msgs/msg/detail/vehicle_local_position_setpoint__functions.c\n'}
[1.493073] (px4_msgs) StdoutLine: {'line': b'-- Up-to-date: /home/rudra/custom_flightmode/install/px4_msgs/include/px4_msgs/px4_msgs/msg/detail/esc_eeprom_read__functions.h\n'}
[1.493118] (px4_msgs) StdoutLine: {'line': b'-- Up-to-date: /home/rudra/custom_flightmode/install/px4_msgs/include/px4_msgs/px4_msgs/msg/detail/fixed_wing_longitudinal_setpoint__functions.h\n'}
[1.493162] (px4_msgs) StdoutLine: {'line': b'-- Up-to-date: /home/rudra/custom_flightmode/install/px4_msgs/include/px4_msgs/px4_msgs/msg/detail/longitudinal_control_configuration__struct.h\n'}
[1.493224] (px4_msgs) StdoutLine: {'line': b'-- Up-to-date: /home/rudra/custom_flightmode/install/px4_msgs/include/px4_msgs/px4_msgs/msg/detail/sensors_status_imu__functions.h\n'}
[1.493271] (px4_msgs) StdoutLine: {'line': b'-- Up-to-date: /home/rudra/custom_flightmode/install/px4_msgs/include/px4_msgs/px4_msgs/msg/detail/parameter_set_used_request__struct.h\n'}
[1.493316] (px4_msgs) StdoutLine: {'line': b'-- Up-to-date: /home/rudra/custom_flightmode/install/px4_msgs/include/px4_msgs/px4_msgs/msg/detail/gimbal_device_set_attitude__struct.h\n'}
[1.493361] (px4_msgs) StdoutLine: {'line': b'-- Up-to-date: /home/rudra/custom_flightmode/install/px4_msgs/include/px4_msgs/px4_msgs/msg/detail/estimator_bias__type_support.h\n'}
[1.493502] (px4_msgs) StdoutLine: {'line': b'-- Up-to-date: /home/rudra/custom_flightmode/install/px4_msgs/include/px4_msgs/px4_msgs/msg/detail/pwm_input__type_support.h\n'}
[1.493591] (px4_msgs) StdoutLine: {'line': b'-- Up-to-date: /home/rudra/custom_flightmode/install/px4_msgs/include/px4_msgs/px4_msgs/msg/detail/debug_vect__struct.h\n'}
[1.493640] (px4_msgs) StdoutLine: {'line': b'-- Up-to-date: /home/rudra/custom_flightmode/install/px4_msgs/include/px4_msgs/px4_msgs/msg/detail/action_request__functions.c\n'}
[1.493687] (px4_msgs) StdoutLine: {'line': b'-- Up-to-date: /home/rudra/custom_flightmode/install/px4_msgs/include/px4_msgs/px4_msgs/msg/detail/log_message__struct.h\n'}
[1.493732] (px4_msgs) StdoutLine: {'line': b'-- Up-to-date: /home/rudra/custom_flightmode/install/px4_msgs/include/px4_msgs/px4_msgs/msg/detail/radio_status__type_support.h\n'}
[1.493777] (px4_msgs) StdoutLine: {'line': b'-- Up-to-date: /home/rudra/custom_flightmode/install/px4_msgs/include/px4_msgs/px4_msgs/msg/detail/mount_orientation__type_support.h\n'}
[1.493821] (px4_msgs) StdoutLine: {'line': b'-- Up-to-date: /home/rudra/custom_flightmode/install/px4_msgs/include/px4_msgs/px4_msgs/msg/detail/magnetometer_bias_estimate__type_support.h\n'}
[1.493866] (px4_msgs) StdoutLine: {'line': b'-- Up-to-date: /home/rudra/custom_flightmode/install/px4_msgs/include/px4_msgs/px4_msgs/msg/detail/failure_injection__functions.c\n'}
[1.493910] (px4_msgs) StdoutLine: {'line': b'-- Up-to-date: /home/rudra/custom_flightmode/install/px4_msgs/include/px4_msgs/px4_msgs/msg/detail/tiltrotor_extra_controls__functions.h\n'}
[1.493953] (px4_msgs) StdoutLine: {'line': b'-- Up-to-date: /home/rudra/custom_flightmode/install/px4_msgs/include/px4_msgs/px4_msgs/msg/detail/telemetry_status__struct.h\n'}
[1.493997] (px4_msgs) StdoutLine: {'line': b'-- Up-to-date: /home/rudra/custom_flightmode/install/px4_msgs/include/px4_msgs/px4_msgs/msg/detail/hover_thrust_estimate__struct.h\n'}
[1.494042] (px4_msgs) StdoutLine: {'line': b'-- Up-to-date: /home/rudra/custom_flightmode/install/px4_msgs/include/px4_msgs/px4_msgs/msg/detail/vehicle_status__struct.h\n'}
[1.494100] (px4_msgs) StdoutLine: {'line': b'-- Up-to-date: /home/rudra/custom_flightmode/install/px4_msgs/include/px4_msgs/px4_msgs/msg/detail/estimator_gps_status__functions.h\n'}
[1.494194] (px4_msgs) StdoutLine: {'line': b'-- Up-to-date: /home/rudra/custom_flightmode/install/px4_msgs/include/px4_msgs/px4_msgs/msg/detail/actuator_test__functions.h\n'}
[1.494243] (px4_msgs) StdoutLine: {'line': b'-- Up-to-date: /home/rudra/custom_flightmode/install/px4_msgs/include/px4_msgs/px4_msgs/msg/detail/config_overrides__functions.c\n'}
[1.494288] (px4_msgs) StdoutLine: {'line': b'-- Up-to-date: /home/rudra/custom_flightmode/install/px4_msgs/include/px4_msgs/px4_msgs/msg/detail/esc_eeprom_write__functions.c\n'}
[1.494332] (px4_msgs) StdoutLine: {'line': b'-- Up-to-date: /home/rudra/custom_flightmode/install/px4_msgs/include/px4_msgs/px4_msgs/msg/detail/mag_worker_data__functions.h\n'}
[1.494377] (px4_msgs) StdoutLine: {'line': b'-- Up-to-date: /home/rudra/custom_flightmode/install/px4_msgs/include/px4_msgs/px4_msgs/msg/detail/failure_injection__type_support.h\n'}
[1.494424] (px4_msgs) StdoutLine: {'line': b'-- Up-to-date: /home/rudra/custom_flightmode/install/px4_msgs/include/px4_msgs/px4_msgs/msg/detail/vehicle_constraints__type_support.h\n'}
[1.494548] (px4_msgs) StdoutLine: {'line': b'-- Up-to-date: /home/rudra/custom_flightmode/install/px4_msgs/include/px4_msgs/px4_msgs/msg/detail/gimbal_controls__functions.c\n'}
[1.494621] (px4_msgs) StdoutLine: {'line': b'-- Up-to-date: /home/rudra/custom_flightmode/install/px4_msgs/include/px4_msgs/px4_msgs/msg/detail/cellular_status__functions.c\n'}
[1.494679] (px4_msgs) StdoutLine: {'line': b'-- Up-to-date: /home/rudra/custom_flightmode/install/px4_msgs/include/px4_msgs/px4_msgs/msg/detail/pps_capture__functions.h\n'}
[1.494765] (px4_msgs) StdoutLine: {'line': b'-- Up-to-date: /home/rudra/custom_flightmode/install/px4_msgs/include/px4_msgs/px4_msgs/msg/detail/open_drone_id_basic_id__struct.h\n'}
[1.494838] (px4_msgs) StdoutLine: {'line': b'-- Up-to-date: /home/rudra/custom_flightmode/install/px4_msgs/include/px4_msgs/px4_msgs/msg/detail/detect_and_avoid_most_urgent__functions.c\n'}
[1.494894] (px4_msgs) StdoutLine: {'line': b'-- Up-to-date: /home/rudra/custom_flightmode/install/px4_msgs/include/px4_msgs/px4_msgs/msg/detail/mavlink_log__type_support.h\n'}
[1.494968] (px4_msgs) StdoutLine: {'line': b'-- Up-to-date: /home/rudra/custom_flightmode/install/px4_msgs/include/px4_msgs/px4_msgs/msg/detail/gimbal_device_attitude_status__struct.h\n'}
[1.495036] (px4_msgs) StdoutLine: {'line': b'-- Up-to-date: /home/rudra/custom_flightmode/install/px4_msgs/include/px4_msgs/px4_msgs/msg/detail/cpuload__functions.c\n'}
[1.495116] (px4_msgs) StdoutLine: {'line': b'-- Up-to-date: /home/rudra/custom_flightmode/install/px4_msgs/include/px4_msgs/px4_msgs/msg/detail/failure_injection__functions.h\n'}
[1.495201] (px4_msgs) StdoutLine: {'line': b'-- Up-to-date: /home/rudra/custom_flightmode/install/px4_msgs/include/px4_msgs/px4_msgs/msg/detail/estimator_aid_source3d__struct.h\n'}
[1.495283] (px4_msgs) StdoutLine: {'line': b'-- Up-to-date: /home/rudra/custom_flightmode/install/px4_msgs/include/px4_msgs/px4_msgs/msg/detail/rpm__type_support.h\n'}
[1.495396] (px4_msgs) StdoutLine: {'line': b'-- Up-to-date: /home/rudra/custom_flightmode/install/px4_msgs/include/px4_msgs/px4_msgs/msg/detail/rover_steering_setpoint__struct.h\n'}
[1.495510] (px4_msgs) StdoutLine: {'line': b'-- Up-to-date: /home/rudra/custom_flightmode/install/px4_msgs/include/px4_msgs/px4_msgs/msg/detail/sensor_selection__functions.c\n'}
[1.495645] (px4_msgs) StdoutLine: {'line': b'-- Up-to-date: /home/rudra/custom_flightmode/install/px4_msgs/include/px4_msgs/px4_msgs/msg/detail/vehicle_optical_flow_vel__functions.c\n'}
[1.495713] (px4_msgs) StdoutLine: {'line': b'-- Up-to-date: /home/rudra/custom_flightmode/install/px4_msgs/include/px4_msgs/px4_msgs/msg/detail/dataman_request__type_support.h\n'}
[1.495776] (px4_msgs) StdoutLine: {'line': b'-- Up-to-date: /home/rudra/custom_flightmode/install/px4_msgs/include/px4_msgs/px4_msgs/msg/detail/gimbal_device_attitude_status__functions.c\n'}
[1.495883] (px4_msgs) StdoutLine: {'line': b'-- Up-to-date: /home/rudra/custom_flightmode/install/px4_msgs/include/px4_msgs/px4_msgs/msg/detail/estimator_bias3d__struct.h\n'}
[1.495947] (px4_msgs) StdoutLine: {'line': b'-- Up-to-date: /home/rudra/custom_flightmode/install/px4_msgs/include/px4_msgs/px4_msgs/msg/detail/detect_and_avoid_most_urgent__struct.h\n'}
[1.496009] (px4_msgs) StdoutLine: {'line': b'-- Up-to-date: /home/rudra/custom_flightmode/install/px4_msgs/include/px4_msgs/px4_msgs/msg/detail/home_position__functions.h\n'}
[1.496071] (px4_msgs) StdoutLine: {'line': b'-- Up-to-date: /home/rudra/custom_flightmode/install/px4_msgs/include/px4_msgs/px4_msgs/msg/detail/estimator_sensor_bias__type_support.h\n'}
[1.496131] (px4_msgs) StdoutLine: {'line': b'-- Up-to-date: /home/rudra/custom_flightmode/install/px4_msgs/include/px4_msgs/px4_msgs/msg/detail/transponder_report__struct.h\n'}
[1.496192] (px4_msgs) StdoutLine: {'line': b'-- Up-to-date: /home/rudra/custom_flightmode/install/px4_msgs/include/px4_msgs/px4_msgs/msg/detail/sensor_optical_flow__struct.h\n'}
[1.496254] (px4_msgs) StdoutLine: {'line': b'-- Up-to-date: /home/rudra/custom_flightmode/install/px4_msgs/include/px4_msgs/px4_msgs/msg/detail/vehicle_attitude__struct.h\n'}
[1.496337] (px4_msgs) StdoutLine: {'line': b'-- Up-to-date: /home/rudra/custom_flightmode/install/px4_msgs/include/px4_msgs/px4_msgs/msg/detail/vehicle_optical_flow_vel__type_support.h\n'}
[1.496455] (px4_msgs) StdoutLine: {'line': b'-- Up-to-date: /home/rudra/custom_flightmode/install/px4_msgs/include/px4_msgs/px4_msgs/msg/detail/rtcm_data__functions.c\n'}
[1.496602] (px4_msgs) StdoutLine: {'line': b'-- Up-to-date: /home/rudra/custom_flightmode/install/px4_msgs/include/px4_msgs/px4_msgs/msg/detail/rtl_time_estimate__type_support.h\n'}
[1.496716] (px4_msgs) StdoutLine: {'line': b'-- Up-to-date: /home/rudra/custom_flightmode/install/px4_msgs/include/px4_msgs/px4_msgs/msg/detail/velocity_limits__struct.h\n'}
[1.496783] (px4_msgs) StdoutLine: {'line': b'-- Up-to-date: /home/rudra/custom_flightmode/install/px4_msgs/include/px4_msgs/px4_msgs/msg/detail/open_drone_id_operator_id__struct.h\n'}
[1.496849] (px4_msgs) StdoutLine: {'line': b'-- Up-to-date: /home/rudra/custom_flightmode/install/px4_msgs/include/px4_msgs/px4_msgs/msg/detail/gpio_out__struct.h\n'}
[1.496913] (px4_msgs) StdoutLine: {'line': b'-- Up-to-date: /home/rudra/custom_flightmode/install/px4_msgs/include/px4_msgs/px4_msgs/msg/detail/actuator_servos__functions.c\n'}
[1.496976] (px4_msgs) StdoutLine: {'line': b'-- Up-to-date: /home/rudra/custom_flightmode/install/px4_msgs/include/px4_msgs/px4_msgs/msg/detail/open_drone_id_system__type_support.h\n'}
[1.497037] (px4_msgs) StdoutLine: {'line': b'-- Up-to-date: /home/rudra/custom_flightmode/install/px4_msgs/include/px4_msgs/px4_msgs/msg/detail/camera_trigger__functions.h\n'}
[1.497125] (px4_msgs) StdoutLine: {'line': b'-- Up-to-date: /home/rudra/custom_flightmode/install/px4_msgs/include/px4_msgs/px4_msgs/msg/detail/fixed_wing_runway_control__struct.h\n'}
[1.497191] (px4_msgs) StdoutLine: {'line': b'-- Up-to-date: /home/rudra/custom_flightmode/install/px4_msgs/include/px4_msgs/px4_msgs/msg/detail/ping__functions.h\n'}
[1.497237] (px4_msgs) StdoutLine: {'line': b'-- Up-to-date: /home/rudra/custom_flightmode/install/px4_msgs/include/px4_msgs/px4_msgs/msg/detail/estimator_sensor_bias__functions.c\n'}
[1.497316] (px4_msgs) StdoutLine: {'line': b'-- Up-to-date: /home/rudra/custom_flightmode/install/px4_msgs/include/px4_msgs/px4_msgs/msg/detail/vehicle_control_mode__type_support.h\n'}
[1.497395] (px4_msgs) StdoutLine: {'line': b'-- Up-to-date: /home/rudra/custom_flightmode/install/px4_msgs/include/px4_msgs/px4_msgs/msg/detail/sensor_gnss_relative__functions.h\n'}
[1.497463] (px4_msgs) StdoutLine: {'line': b'-- Up-to-date: /home/rudra/custom_flightmode/install/px4_msgs/include/px4_msgs/px4_msgs/msg/detail/open_drone_id_system__functions.h\n'}
[1.497549] (px4_msgs) StdoutLine: {'line': b'-- Up-to-date: /home/rudra/custom_flightmode/install/px4_msgs/include/px4_msgs/px4_msgs/msg/detail/rtl_status__type_support.h\n'}
[1.497598] (px4_msgs) StdoutLine: {'line': b'-- Up-to-date: /home/rudra/custom_flightmode/install/px4_msgs/include/px4_msgs/px4_msgs/msg/detail/estimator_innovations__functions.h\n'}
[1.497648] (px4_msgs) StdoutLine: {'line': b'-- Up-to-date: /home/rudra/custom_flightmode/install/px4_msgs/include/px4_msgs/px4_msgs/msg/detail/detect_and_avoid__type_support.h\n'}
[1.497694] (px4_msgs) StdoutLine: {'line': b'-- Up-to-date: /home/rudra/custom_flightmode/install/px4_msgs/include/px4_msgs/px4_msgs/msg/detail/internal_combustion_engine_control__type_support.h\n'}
[1.497739] (px4_msgs) StdoutLine: {'line': b'-- Up-to-date: /home/rudra/custom_flightmode/install/px4_msgs/include/px4_msgs/px4_msgs/msg/detail/sensors_status_imu__functions.c\n'}
[1.497815] (px4_msgs) StdoutLine: {'line': b'-- Up-to-date: /home/rudra/custom_flightmode/install/px4_msgs/include/px4_msgs/px4_msgs/msg/detail/flight_phase_estimation__struct.h\n'}
[1.497938] (px4_msgs) StdoutLine: {'line': b'-- Up-to-date: /home/rudra/custom_flightmode/install/px4_msgs/include/px4_msgs/px4_msgs/msg/detail/flight_phase_estimation__functions.c\n'}
[1.498049] (px4_msgs) StdoutLine: {'line': b'-- Up-to-date: /home/rudra/custom_flightmode/install/px4_msgs/include/px4_msgs/px4_msgs/msg/detail/gimbal_manager_information__type_support.h\n'}
[1.498115] (px4_msgs) StdoutLine: {'line': b'-- Up-to-date: /home/rudra/custom_flightmode/install/px4_msgs/include/px4_msgs/px4_msgs/msg/detail/estimator_fusion_control__type_support.h\n'}
[1.498181] (px4_msgs) StdoutLine: {'line': b'-- Up-to-date: /home/rudra/custom_flightmode/install/px4_msgs/include/px4_msgs/px4_msgs/msg/detail/power_button_state__functions.h\n'}
[1.498280] (px4_msgs) StdoutLine: {'line': b'-- Up-to-date: /home/rudra/custom_flightmode/install/px4_msgs/include/px4_msgs/px4_msgs/msg/detail/fuel_tank_status__functions.c\n'}
[1.498346] (px4_msgs) StdoutLine: {'line': b'-- Up-to-date: /home/rudra/custom_flightmode/install/px4_msgs/include/px4_msgs/px4_msgs/msg/detail/rtl_time_estimate__functions.c\n'}
[1.498409] (px4_msgs) StdoutLine: {'line': b'-- Up-to-date: /home/rudra/custom_flightmode/install/px4_msgs/include/px4_msgs/px4_msgs/msg/detail/parameter_set_value_request__struct.h\n'}
[1.498478] (px4_msgs) StdoutLine: {'line': b'-- Up-to-date: /home/rudra/custom_flightmode/install/px4_msgs/include/px4_msgs/px4_msgs/msg/detail/prec_land_status__functions.c\n'}
[1.498605] (px4_msgs) StdoutLine: {'line': b'-- Up-to-date: /home/rudra/custom_flightmode/install/px4_msgs/include/px4_msgs/px4_msgs/msg/detail/goto_setpoint__type_support.h\n'}
[1.498716] (px4_msgs) StdoutLine: {'line': b'-- Up-to-date: /home/rudra/custom_flightmode/install/px4_msgs/include/px4_msgs/px4_msgs/msg/detail/estimator_event_flags__struct.h\n'}
[1.498784] (px4_msgs) StdoutLine: {'line': b'-- Up-to-date: /home/rudra/custom_flightmode/install/px4_msgs/include/px4_msgs/px4_msgs/msg/detail/event__type_support.h\n'}
[1.498849] (px4_msgs) StdoutLine: {'line': b'-- Up-to-date: /home/rudra/custom_flightmode/install/px4_msgs/include/px4_msgs/px4_msgs/msg/detail/sensor_gnss_status__functions.h\n'}
[1.498913] (px4_msgs) StdoutLine: {'line': b'-- Up-to-date: /home/rudra/custom_flightmode/install/px4_msgs/include/px4_msgs/px4_msgs/msg/detail/estimator_fusion_control__functions.h\n'}
[1.498974] (px4_msgs) StdoutLine: {'line': b'-- Up-to-date: /home/rudra/custom_flightmode/install/px4_msgs/include/px4_msgs/px4_msgs/msg/detail/vte_aid_source3d__functions.c\n'}
[1.499037] (px4_msgs) StdoutLine: {'line': b'-- Up-to-date: /home/rudra/custom_flightmode/install/px4_msgs/include/px4_msgs/px4_msgs/msg/detail/gps_dump__functions.h\n'}
[1.499099] (px4_msgs) StdoutLine: {'line': b'-- Up-to-date: /home/rudra/custom_flightmode/install/px4_msgs/include/px4_msgs/px4_msgs/msg/detail/px4io_status__functions.h\n'}
[1.499162] (px4_msgs) StdoutLine: {'line': b'-- Up-to-date: /home/rudra/custom_flightmode/install/px4_msgs/include/px4_msgs/px4_msgs/msg/detail/timesync_status__functions.h\n'}
[1.499223] (px4_msgs) StdoutLine: {'line': b'-- Up-to-date: /home/rudra/custom_flightmode/install/px4_msgs/include/px4_msgs/px4_msgs/msg/detail/esc_status__struct.h\n'}
[1.499284] (px4_msgs) StdoutLine: {'line': b'-- Up-to-date: /home/rudra/custom_flightmode/install/px4_msgs/include/px4_msgs/px4_msgs/msg/detail/estimator_event_flags__type_support.h\n'}
[1.499345] (px4_msgs) StdoutLine: {'line': b'-- Up-to-date: /home/rudra/custom_flightmode/install/px4_msgs/include/px4_msgs/px4_msgs/msg/detail/vehicle_global_position__functions.c\n'}
[1.499427] (px4_msgs) StdoutLine: {'line': b'-- Up-to-date: /home/rudra/custom_flightmode/install/px4_msgs/include/px4_msgs/px4_msgs/msg/detail/autotune_attitude_control_status__struct.h\n'}
[1.499568] (px4_msgs) StdoutLine: {'line': b'-- Up-to-date: /home/rudra/custom_flightmode/install/px4_msgs/include/px4_msgs/px4_msgs/msg/detail/device_information__functions.c\n'}
[1.499678] (px4_msgs) StdoutLine: {'line': b'-- Up-to-date: /home/rudra/custom_flightmode/install/px4_msgs/include/px4_msgs/px4_msgs/msg/detail/telemetry_status__functions.c\n'}
[1.499743] (px4_msgs) StdoutLine: {'line': b'-- Up-to-date: /home/rudra/custom_flightmode/install/px4_msgs/include/px4_msgs/px4_msgs/msg/detail/target_gnss__struct.h\n'}
[1.499855] (px4_msgs) StdoutLine: {'line': b'-- Up-to-date: /home/rudra/custom_flightmode/install/px4_msgs/include/px4_msgs/px4_msgs/msg/detail/uavcan_parameter_request__functions.h\n'}
[1.499920] (px4_msgs) StdoutLine: {'line': b'-- Up-to-date: /home/rudra/custom_flightmode/install/px4_msgs/include/px4_msgs/px4_msgs/msg/detail/sensor_gnss_relative__functions.c\n'}
[1.499983] (px4_msgs) StdoutLine: {'line': b'-- Up-to-date: /home/rudra/custom_flightmode/install/px4_msgs/include/px4_msgs/px4_msgs/msg/detail/flight_phase_estimation__type_support.h\n'}
[1.500045] (px4_msgs) StdoutLine: {'line': b'-- Up-to-date: /home/rudra/custom_flightmode/install/px4_msgs/include/px4_msgs/px4_msgs/msg/detail/message_format_request__type_support.h\n'}
[1.500105] (px4_msgs) StdoutLine: {'line': b'-- Up-to-date: /home/rudra/custom_flightmode/install/px4_msgs/include/px4_msgs/px4_msgs/msg/detail/rtl_status__functions.c\n'}
[1.500166] (px4_msgs) StdoutLine: {'line': b'-- Up-to-date: /home/rudra/custom_flightmode/install/px4_msgs/include/px4_msgs/px4_msgs/msg/detail/vehicle_torque_setpoint__functions.h\n'}
[1.500226] (px4_msgs) StdoutLine: {'line': b'-- Up-to-date: /home/rudra/custom_flightmode/install/px4_msgs/include/px4_msgs/px4_msgs/msg/detail/arming_check_request__type_support.h\n'}
[1.500367] (px4_msgs) StdoutLine: {'line': b'-- Up-to-date: /home/rudra/custom_flightmode/install/px4_msgs/include/px4_msgs/px4_msgs/msg/detail/actuator_outputs__struct.h\n'}
[1.500432] (px4_msgs) StdoutLine: {'line': b'-- Up-to-date: /home/rudra/custom_flightmode/install/px4_msgs/include/px4_msgs/px4_msgs/msg/detail/rover_rate_setpoint__struct.h\n'}
[1.500546] (px4_msgs) StdoutLine: {'line': b'-- Up-to-date: /home/rudra/custom_flightmode/install/px4_msgs/include/px4_msgs/px4_msgs/msg/detail/qshell_req__functions.h\n'}
[1.500664] (px4_msgs) StdoutLine: {'line': b'-- Up-to-date: /home/rudra/custom_flightmode/install/px4_msgs/include/px4_msgs/px4_msgs/msg/detail/vehicle_optical_flow__type_support.h\n'}
[1.500729] (px4_msgs) StdoutLine: {'line': b'-- Up-to-date: /home/rudra/custom_flightmode/install/px4_msgs/include/px4_msgs/px4_msgs/msg/detail/parameter_reset_request__functions.c\n'}
[1.500823] (px4_msgs) StdoutLine: {'line': b'-- Up-to-date: /home/rudra/custom_flightmode/install/px4_msgs/include/px4_msgs/px4_msgs/msg/detail/takeoff_status__functions.c\n'}
[1.500921] (px4_msgs) StdoutLine: {'line': b'-- Up-to-date: /home/rudra/custom_flightmode/install/px4_msgs/include/px4_msgs/px4_msgs/msg/detail/ranging_beacon__functions.c\n'}
[1.501025] (px4_msgs) StdoutLine: {'line': b'-- Up-to-date: /home/rudra/custom_flightmode/install/px4_msgs/include/px4_msgs/px4_msgs/msg/detail/vte_input__struct.h\n'}
[1.501123] (px4_msgs) StdoutLine: {'line': b'-- Up-to-date: /home/rudra/custom_flightmode/install/px4_msgs/include/px4_msgs/px4_msgs/msg/detail/estimator_aid_source1d__functions.c\n'}
[1.501188] (px4_msgs) StdoutLine: {'line': b'-- Up-to-date: /home/rudra/custom_flightmode/install/px4_msgs/include/px4_msgs/px4_msgs/msg/detail/vte_bias_init_status__functions.h\n'}
[1.501252] (px4_msgs) StdoutLine: {'line': b'-- Up-to-date: /home/rudra/custom_flightmode/install/px4_msgs/include/px4_msgs/px4_msgs/msg/detail/estimator_bias__struct.h\n'}
[1.501315] (px4_msgs) StdoutLine: {'line': b'-- Up-to-date: /home/rudra/custom_flightmode/install/px4_msgs/include/px4_msgs/px4_msgs/msg/detail/setpoint_config_reply__functions.c\n'}
[1.501378] (px4_msgs) StdoutLine: {'line': b'-- Up-to-date: /home/rudra/custom_flightmode/install/px4_msgs/include/px4_msgs/px4_msgs/msg/detail/rpm__functions.c\n'}
[1.501440] (px4_msgs) StdoutLine: {'line': b'-- Up-to-date: /home/rudra/custom_flightmode/install/px4_msgs/include/px4_msgs/px4_msgs/msg/detail/vte_bias_init_status__type_support.h\n'}
[1.501599] (px4_msgs) StdoutLine: {'line': b'-- Up-to-date: /home/rudra/custom_flightmode/install/px4_msgs/include/px4_msgs/px4_msgs/msg/detail/position_setpoint__struct.h\n'}
[1.501694] (px4_msgs) StdoutLine: {'line': b'-- Up-to-date: /home/rudra/custom_flightmode/install/px4_msgs/include/px4_msgs/px4_msgs/msg/detail/failsafe_flags__type_support.h\n'}
[1.501791] (px4_msgs) StdoutLine: {'line': b'-- Up-to-date: /home/rudra/custom_flightmode/install/px4_msgs/include/px4_msgs/px4_msgs/msg/detail/target_gnss__functions.h\n'}
[1.501855] (px4_msgs) StdoutLine: {'line': b'-- Up-to-date: /home/rudra/custom_flightmode/install/px4_msgs/include/px4_msgs/px4_msgs/msg/detail/mission__type_support.h\n'}
[1.501919] (px4_msgs) StdoutLine: {'line': b'-- Up-to-date: /home/rudra/custom_flightmode/install/px4_msgs/include/px4_msgs/px4_msgs/msg/detail/actuator_servos__type_support.h\n'}
[1.501983] (px4_msgs) StdoutLine: {'line': b'-- Up-to-date: /home/rudra/custom_flightmode/install/px4_msgs/include/px4_msgs/px4_msgs/msg/detail/follow_target_estimator__type_support.h\n'}
[1.502062] (px4_msgs) StdoutLine: {'line': b'-- Up-to-date: /home/rudra/custom_flightmode/install/px4_msgs/include/px4_msgs/px4_msgs/msg/detail/camera_capture__type_support.h\n'}
[1.502202] (px4_msgs) StdoutLine: {'line': b'-- Up-to-date: /home/rudra/custom_flightmode/install/px4_msgs/include/px4_msgs/px4_msgs/msg/detail/vehicle_control_mode__functions.c\n'}
[1.502267] (px4_msgs) StdoutLine: {'line': b'-- Up-to-date: /home/rudra/custom_flightmode/install/px4_msgs/include/px4_msgs/px4_msgs/msg/detail/ekf2_timestamps__functions.c\n'}
[1.502329] (px4_msgs) StdoutLine: {'line': b'-- Up-to-date: /home/rudra/custom_flightmode/install/px4_msgs/include/px4_msgs/px4_msgs/msg/detail/pure_pursuit_status__type_support.h\n'}
[1.502391] (px4_msgs) StdoutLine: {'line': b'-- Up-to-date: /home/rudra/custom_flightmode/install/px4_msgs/include/px4_msgs/px4_msgs/msg/detail/rtcm_data__type_support.h\n'}
[1.502451] (px4_msgs) StdoutLine: {'line': b'-- Up-to-date: /home/rudra/custom_flightmode/install/px4_msgs/include/px4_msgs/px4_msgs/msg/detail/tune_control__functions.h\n'}
[1.502592] (px4_msgs) StdoutLine: {'line': b'-- Up-to-date: /home/rudra/custom_flightmode/install/px4_msgs/include/px4_msgs/px4_msgs/msg/detail/parameter_set_used_request__functions.h\n'}
[1.502727] (px4_msgs) StdoutLine: {'line': b'-- Up-to-date: /home/rudra/custom_flightmode/install/px4_msgs/include/px4_msgs/px4_msgs/msg/detail/vehicle_air_data__functions.h\n'}
[1.502824] (px4_msgs) StdoutLine: {'line': b'-- Up-to-date: /home/rudra/custom_flightmode/install/px4_msgs/include/px4_msgs/px4_msgs/msg/detail/sensor_selection__type_support.h\n'}
[1.502896] (px4_msgs) StdoutLine: {'line': b'-- Up-to-date: /home/rudra/custom_flightmode/install/px4_msgs/include/px4_msgs/px4_msgs/msg/detail/rover_throttle_setpoint__type_support.h\n'}
[1.502961] (px4_msgs) StdoutLine: {'line': b'-- Up-to-date: /home/rudra/custom_flightmode/install/px4_msgs/include/px4_msgs/px4_msgs/msg/detail/sensor_accel__struct.h\n'}
[1.503024] (px4_msgs) StdoutLine: {'line': b'-- Up-to-date: /home/rudra/custom_flightmode/install/px4_msgs/include/px4_msgs/px4_msgs/msg/detail/collision_constraints__functions.h\n'}
[1.503166] (px4_msgs) StdoutLine: {'line': b'-- Up-to-date: /home/rudra/custom_flightmode/install/px4_msgs/include/px4_msgs/px4_msgs/msg/detail/uavcan_parameter_request__functions.c\n'}
[1.503268] (px4_msgs) StdoutLine: {'line': b'-- Up-to-date: /home/rudra/custom_flightmode/install/px4_msgs/include/px4_msgs/px4_msgs/msg/detail/trajectory_setpoint6dof__functions.c\n'}
[1.503337] (px4_msgs) StdoutLine: {'line': b'-- Up-to-date: /home/rudra/custom_flightmode/install/px4_msgs/include/px4_msgs/px4_msgs/msg/detail/qshell_retval__functions.h\n'}
[1.503401] (px4_msgs) StdoutLine: {'line': b'-- Up-to-date: /home/rudra/custom_flightmode/install/px4_msgs/include/px4_msgs/px4_msgs/msg/detail/esc_status__functions.c\n'}
[1.503509] (px4_msgs) StdoutLine: {'line': b'-- Up-to-date: /home/rudra/custom_flightmode/install/px4_msgs/include/px4_msgs/px4_msgs/msg/detail/rover_attitude_setpoint__type_support.h\n'}
[1.503661] (px4_msgs) StdoutLine: {'line': b'-- Up-to-date: /home/rudra/custom_flightmode/install/px4_msgs/include/px4_msgs/px4_msgs/msg/detail/rover_attitude_setpoint__struct.h\n'}
[1.503728] (px4_msgs) StdoutLine: {'line': b'-- Up-to-date: /home/rudra/custom_flightmode/install/px4_msgs/include/px4_msgs/px4_msgs/msg/detail/device_information__type_support.h\n'}
[1.503848] (px4_msgs) StdoutLine: {'line': b'-- Up-to-date: /home/rudra/custom_flightmode/install/px4_msgs/include/px4_msgs/px4_msgs/msg/detail/landing_gear_wheel__functions.c\n'}
[1.503912] (px4_msgs) StdoutLine: {'line': b'-- Up-to-date: /home/rudra/custom_flightmode/install/px4_msgs/include/px4_msgs/px4_msgs/msg/detail/follow_target_estimator__functions.c\n'}
[1.503975] (px4_msgs) StdoutLine: {'line': b'-- Up-to-date: /home/rudra/custom_flightmode/install/px4_msgs/include/px4_msgs/px4_msgs/msg/detail/onboard_computer_status__type_support.h\n'}
[1.504037] (px4_msgs) StdoutLine: {'line': b'-- Up-to-date: /home/rudra/custom_flightmode/install/px4_msgs/include/px4_msgs/px4_msgs/msg/detail/magnetometer_bias_estimate__functions.c\n'}
[1.504099] (px4_msgs) StdoutLine: {'line': b'-- Up-to-date: /home/rudra/custom_flightmode/install/px4_msgs/include/px4_msgs/px4_msgs/msg/detail/rover_speed_status__functions.h\n'}
[1.504160] (px4_msgs) StdoutLine: {'line': b'-- Up-to-date: /home/rudra/custom_flightmode/install/px4_msgs/include/px4_msgs/px4_msgs/msg/detail/geofence_status__functions.c\n'}
[1.504222] (px4_msgs) StdoutLine: {'line': b'-- Up-to-date: /home/rudra/custom_flightmode/install/px4_msgs/include/px4_msgs/px4_msgs/msg/detail/fiducial_marker_pos_report__functions.c\n'}
[1.504282] (px4_msgs) StdoutLine: {'line': b'-- Up-to-date: /home/rudra/custom_flightmode/install/px4_msgs/include/px4_msgs/px4_msgs/msg/detail/mag_worker_data__struct.h\n'}
[1.504343] (px4_msgs) StdoutLine: {'line': b'-- Up-to-date: /home/rudra/custom_flightmode/install/px4_msgs/include/px4_msgs/px4_msgs/msg/detail/distance_sensor_mode_change_request__struct.h\n'}
[1.504405] (px4_msgs) StdoutLine: {'line': b'-- Up-to-date: /home/rudra/custom_flightmode/install/px4_msgs/include/px4_msgs/px4_msgs/msg/detail/fixed_wing_lateral_status__struct.h\n'}
[1.504473] (px4_msgs) StdoutLine: {'line': b'-- Up-to-date: /home/rudra/custom_flightmode/install/px4_msgs/include/px4_msgs/px4_msgs/msg/detail/rover_rate_status__type_support.h\n'}
[1.504645] (-) TimerEvent: {}
[1.504828] (px4_msgs) StdoutLine: {'line': b'-- Up-to-date: /home/rudra/custom_flightmode/install/px4_msgs/include/px4_msgs/px4_msgs/msg/detail/open_drone_id_basic_id__functions.h\n'}
[1.504949] (px4_msgs) StdoutLine: {'line': b'-- Up-to-date: /home/rudra/custom_flightmode/install/px4_msgs/include/px4_msgs/px4_msgs/msg/detail/pwm_input__struct.h\n'}
[1.505016] (px4_msgs) StdoutLine: {'line': b'-- Up-to-date: /home/rudra/custom_flightmode/install/px4_msgs/include/px4_msgs/px4_msgs/msg/detail/rover_throttle_setpoint__functions.c\n'}
[1.505117] (px4_msgs) StdoutLine: {'line': b'-- Up-to-date: /home/rudra/custom_flightmode/install/px4_msgs/include/px4_msgs/px4_msgs/msg/detail/obstacle_distance__functions.h\n'}
[1.505182] (px4_msgs) StdoutLine: {'line': b'-- Up-to-date: /home/rudra/custom_flightmode/install/px4_msgs/include/px4_msgs/px4_msgs/msg/detail/orb_test_large__functions.c\n'}
[1.505246] (px4_msgs) StdoutLine: {'line': b'-- Up-to-date: /home/rudra/custom_flightmode/install/px4_msgs/include/px4_msgs/px4_msgs/msg/detail/tiltrotor_extra_controls__functions.c\n'}
[1.505310] (px4_msgs) StdoutLine: {'line': b'-- Up-to-date: /home/rudra/custom_flightmode/install/px4_msgs/include/px4_msgs/px4_msgs/msg/detail/actuator_servos_trim__functions.c\n'}
[1.505373] (px4_msgs) StdoutLine: {'line': b'-- Up-to-date: /home/rudra/custom_flightmode/install/px4_msgs/include/px4_msgs/px4_msgs/msg/detail/actuator_controls_status__struct.h\n'}
[1.505437] (px4_msgs) StdoutLine: {'line': b'-- Up-to-date: /home/rudra/custom_flightmode/install/px4_msgs/include/px4_msgs/px4_msgs/msg/detail/prec_land_status__struct.h\n'}
[1.505568] (px4_msgs) StdoutLine: {'line': b'-- Up-to-date: /home/rudra/custom_flightmode/install/px4_msgs/include/px4_msgs/px4_msgs/msg/detail/control_allocator_status__struct.h\n'}
[1.505663] (px4_msgs) StdoutLine: {'line': b'-- Up-to-date: /home/rudra/custom_flightmode/install/px4_msgs/include/px4_msgs/px4_msgs/msg/detail/battery_info__functions.c\n'}
[1.505756] (px4_msgs) StdoutLine: {'line': b'-- Up-to-date: /home/rudra/custom_flightmode/install/px4_msgs/include/px4_msgs/px4_msgs/msg/detail/vehicle_global_position__functions.h\n'}
[1.505822] (px4_msgs) StdoutLine: {'line': b'-- Up-to-date: /home/rudra/custom_flightmode/install/px4_msgs/include/px4_msgs/px4_msgs/msg/detail/vehicle_local_position_setpoint__type_support.h\n'}
[1.505948] (px4_msgs) StdoutLine: {'line': b'-- Up-to-date: /home/rudra/custom_flightmode/install/px4_msgs/include/px4_msgs/px4_msgs/msg/detail/actuator_servos_trim__functions.h\n'}
[1.506030] (px4_msgs) StdoutLine: {'line': b'-- Up-to-date: /home/rudra/custom_flightmode/install/px4_msgs/include/px4_msgs/px4_msgs/msg/detail/sensor_combined__functions.c\n'}
[1.506135] (px4_msgs) StdoutLine: {'line': b'-- Up-to-date: /home/rudra/custom_flightmode/install/px4_msgs/include/px4_msgs/px4_msgs/msg/detail/sensor_gyro_fifo__functions.c\n'}
[1.506204] (px4_msgs) StdoutLine: {'line': b'-- Up-to-date: /home/rudra/custom_flightmode/install/px4_msgs/include/px4_msgs/px4_msgs/msg/detail/estimator_gps_status__type_support.h\n'}
[1.506268] (px4_msgs) StdoutLine: {'line': b'-- Up-to-date: /home/rudra/custom_flightmode/install/px4_msgs/include/px4_msgs/px4_msgs/msg/detail/vehicle_angular_velocity__functions.h\n'}
[1.506330] (px4_msgs) StdoutLine: {'line': b'-- Up-to-date: /home/rudra/custom_flightmode/install/px4_msgs/include/px4_msgs/px4_msgs/msg/detail/actuator_outputs__functions.h\n'}
[1.506411] (px4_msgs) StdoutLine: {'line': b'-- Up-to-date: /home/rudra/custom_flightmode/install/px4_msgs/include/px4_msgs/px4_msgs/msg/detail/vte_bias_init_status__functions.c\n'}
[1.506481] (px4_msgs) StdoutLine: {'line': b'-- Up-to-date: /home/rudra/custom_flightmode/install/px4_msgs/include/px4_msgs/px4_msgs/msg/detail/trajectory_setpoint6dof__functions.h\n'}
[1.506760] (px4_msgs) StdoutLine: {'line': b'-- Up-to-date: /home/rudra/custom_flightmode/install/px4_msgs/include/px4_msgs/px4_msgs/msg/detail/control_allocator_status__functions.h\n'}
[1.506830] (px4_msgs) StdoutLine: {'line': b'-- Up-to-date: /home/rudra/custom_flightmode/install/px4_msgs/include/px4_msgs/px4_msgs/msg/detail/ranging_beacon__functions.h\n'}
[1.506894] (px4_msgs) StdoutLine: {'line': b'-- Up-to-date: /home/rudra/custom_flightmode/install/px4_msgs/include/px4_msgs/px4_msgs/msg/detail/trajectory_setpoint__functions.c\n'}
[1.506954] (px4_msgs) StdoutLine: {'line': b'-- Up-to-date: /home/rudra/custom_flightmode/install/px4_msgs/include/px4_msgs/px4_msgs/msg/detail/vehicle_attitude_setpoint__functions.c\n'}
[1.507011] (px4_msgs) StdoutLine: {'line': b'-- Up-to-date: /home/rudra/custom_flightmode/install/px4_msgs/include/px4_msgs/px4_msgs/msg/detail/longitudinal_control_configuration__functions.c\n'}
[1.507070] (px4_msgs) StdoutLine: {'line': b'-- Up-to-date: /home/rudra/custom_flightmode/install/px4_msgs/include/px4_msgs/px4_msgs/msg/detail/control_allocator_status__functions.c\n'}
[1.507129] (px4_msgs) StdoutLine: {'line': b'-- Up-to-date: /home/rudra/custom_flightmode/install/px4_msgs/include/px4_msgs/px4_msgs/msg/detail/generator_status__functions.c\n'}
[1.507186] (px4_msgs) StdoutLine: {'line': b'-- Up-to-date: /home/rudra/custom_flightmode/install/px4_msgs/include/px4_msgs/px4_msgs/msg/detail/raptor_input__functions.c\n'}
[1.507244] (px4_msgs) StdoutLine: {'line': b'-- Up-to-date: /home/rudra/custom_flightmode/install/px4_msgs/include/px4_msgs/px4_msgs/msg/detail/internal_combustion_engine_control__struct.h\n'}
[1.507300] (px4_msgs) StdoutLine: {'line': b'-- Up-to-date: /home/rudra/custom_flightmode/install/px4_msgs/include/px4_msgs/px4_msgs/msg/detail/gpio_request__functions.c\n'}
[1.507357] (px4_msgs) StdoutLine: {'line': b'-- Up-to-date: /home/rudra/custom_flightmode/install/px4_msgs/include/px4_msgs/px4_msgs/msg/detail/can_interface_status__struct.h\n'}
[1.507412] (px4_msgs) StdoutLine: {'line': b'-- Up-to-date: /home/rudra/custom_flightmode/install/px4_msgs/include/px4_msgs/px4_msgs/msg/detail/airspeed_validated__struct.h\n'}
[1.507484] (px4_msgs) StdoutLine: {'line': b'-- Up-to-date: /home/rudra/custom_flightmode/install/px4_msgs/include/px4_msgs/px4_msgs/msg/detail/open_drone_id_self_id__functions.c\n'}
[1.507565] (px4_msgs) StdoutLine: {'line': b'-- Up-to-date: /home/rudra/custom_flightmode/install/px4_msgs/include/px4_msgs/px4_msgs/msg/detail/vehicle_land_detected__functions.c\n'}
[1.507630] (px4_msgs) StdoutLine: {'line': b'-- Up-to-date: /home/rudra/custom_flightmode/install/px4_msgs/include/px4_msgs/px4_msgs/msg/detail/neural_control__struct.h\n'}
[1.507687] (px4_msgs) StdoutLine: {'line': b'-- Up-to-date: /home/rudra/custom_flightmode/install/px4_msgs/include/px4_msgs/px4_msgs/msg/detail/rpm__functions.h\n'}
[1.507745] (px4_msgs) StdoutLine: {'line': b'-- Up-to-date: /home/rudra/custom_flightmode/install/px4_msgs/include/px4_msgs/px4_msgs/msg/detail/vehicle_land_detected__functions.h\n'}
[1.507801] (px4_msgs) StdoutLine: {'line': b'-- Up-to-date: /home/rudra/custom_flightmode/install/px4_msgs/include/px4_msgs/px4_msgs/msg/detail/esc_report__struct.h\n'}
[1.507859] (px4_msgs) StdoutLine: {'line': b'-- Up-to-date: /home/rudra/custom_flightmode/install/px4_msgs/include/px4_msgs/px4_msgs/msg/detail/obstacle_distance__struct.h\n'}
[1.507916] (px4_msgs) StdoutLine: {'line': b'-- Up-to-date: /home/rudra/custom_flightmode/install/px4_msgs/include/px4_msgs/px4_msgs/msg/detail/vehicle_angular_velocity__type_support.h\n'}
[1.507980] (px4_msgs) StdoutLine: {'line': b'-- Up-to-date: /home/rudra/custom_flightmode/install/px4_msgs/include/px4_msgs/px4_msgs/msg/detail/arming_check_reply__functions.h\n'}
[1.508168] (px4_msgs) StdoutLine: {'line': b'-- Up-to-date: /home/rudra/custom_flightmode/install/px4_msgs/include/px4_msgs/px4_msgs/msg/detail/vehicle_odometry__struct.h\n'}
[1.508256] (px4_msgs) StdoutLine: {'line': b'-- Up-to-date: /home/rudra/custom_flightmode/install/px4_msgs/include/px4_msgs/px4_msgs/msg/detail/tune_control__type_support.h\n'}
[1.508339] (px4_msgs) StdoutLine: {'line': b'-- Up-to-date: /home/rudra/custom_flightmode/install/px4_msgs/include/px4_msgs/px4_msgs/msg/detail/follow_target__functions.h\n'}
[1.508403] (px4_msgs) StdoutLine: {'line': b'-- Up-to-date: /home/rudra/custom_flightmode/install/px4_msgs/include/px4_msgs/px4_msgs/msg/detail/estimator_status__struct.h\n'}
[1.508477] (px4_msgs) StdoutLine: {'line': b'-- Up-to-date: /home/rudra/custom_flightmode/install/px4_msgs/include/px4_msgs/px4_msgs/msg/detail/rover_position_setpoint__struct.h\n'}
[1.508553] (px4_msgs) StdoutLine: {'line': b'-- Up-to-date: /home/rudra/custom_flightmode/install/px4_msgs/include/px4_msgs/px4_msgs/msg/detail/vehicle_thrust_setpoint__functions.c\n'}
[1.508616] (px4_msgs) StdoutLine: {'line': b'-- Up-to-date: /home/rudra/custom_flightmode/install/px4_msgs/include/px4_msgs/px4_msgs/msg/detail/parameter_set_value_response__functions.h\n'}
[1.508677] (px4_msgs) StdoutLine: {'line': b'-- Up-to-date: /home/rudra/custom_flightmode/install/px4_msgs/include/px4_msgs/px4_msgs/msg/detail/mag_worker_data__functions.c\n'}
[1.508736] (px4_msgs) StdoutLine: {'line': b'-- Up-to-date: /home/rudra/custom_flightmode/install/px4_msgs/include/px4_msgs/px4_msgs/msg/detail/geofence_status__functions.h\n'}
[1.508797] (px4_msgs) StdoutLine: {'line': b'-- Up-to-date: /home/rudra/custom_flightmode/install/px4_msgs/include/px4_msgs/px4_msgs/msg/detail/heater_status__functions.h\n'}
[1.508856] (px4_msgs) StdoutLine: {'line': b'-- Up-to-date: /home/rudra/custom_flightmode/install/px4_msgs/include/px4_msgs/px4_msgs/msg/detail/landing_gear__struct.h\n'}
[1.508913] (px4_msgs) StdoutLine: {'line': b'-- Up-to-date: /home/rudra/custom_flightmode/install/px4_msgs/include/px4_msgs/px4_msgs/msg/detail/vehicle_roi__functions.c\n'}
[1.508970] (px4_msgs) StdoutLine: {'line': b'-- Up-to-date: /home/rudra/custom_flightmode/install/px4_msgs/include/px4_msgs/px4_msgs/msg/detail/rc_channels__struct.h\n'}
[1.509027] (px4_msgs) StdoutLine: {'line': b'-- Up-to-date: /home/rudra/custom_flightmode/install/px4_msgs/include/px4_msgs/px4_msgs/msg/detail/sensor_uwb__functions.c\n'}
[1.509083] (px4_msgs) StdoutLine: {'line': b'-- Up-to-date: /home/rudra/custom_flightmode/install/px4_msgs/include/px4_msgs/px4_msgs/msg/detail/detect_and_avoid__functions.h\n'}
[1.509148] (px4_msgs) StdoutLine: {'line': b'-- Up-to-date: /home/rudra/custom_flightmode/install/px4_msgs/include/px4_msgs/px4_msgs/msg/detail/camera_capture__functions.h\n'}
[1.509206] (px4_msgs) StdoutLine: {'line': b'-- Up-to-date: /home/rudra/custom_flightmode/install/px4_msgs/include/px4_msgs/px4_msgs/msg/detail/rover_rate_setpoint__functions.c\n'}
[1.509264] (px4_msgs) StdoutLine: {'line': b'-- Up-to-date: /home/rudra/custom_flightmode/install/px4_msgs/include/px4_msgs/px4_msgs/msg/detail/vehicle_imu_status__functions.h\n'}
[1.509321] (px4_msgs) StdoutLine: {'line': b'-- Up-to-date: /home/rudra/custom_flightmode/install/px4_msgs/include/px4_msgs/px4_msgs/msg/landing_target_pose.h\n'}
[1.509378] (px4_msgs) StdoutLine: {'line': b'-- Up-to-date: /home/rudra/custom_flightmode/install/px4_msgs/include/px4_msgs/px4_msgs/msg/manual_control_setpoint.h\n'}
[1.509435] (px4_msgs) StdoutLine: {'line': b'-- Up-to-date: /home/rudra/custom_flightmode/install/px4_msgs/include/px4_msgs/px4_msgs/msg/sensor_combined.h\n'}
[1.509509] (px4_msgs) StdoutLine: {'line': b'-- Up-to-date: /home/rudra/custom_flightmode/install/px4_msgs/include/px4_msgs/px4_msgs/msg/device_information.h\n'}
[1.509572] (px4_msgs) StdoutLine: {'line': b'-- Up-to-date: /home/rudra/custom_flightmode/install/px4_msgs/include/px4_msgs/px4_msgs/msg/vte_aid_source1d.h\n'}
[1.509630] (px4_msgs) StdoutLine: {'line': b'-- Up-to-date: /home/rudra/custom_flightmode/install/px4_msgs/include/px4_msgs/px4_msgs/msg/action_request.h\n'}
[1.509688] (px4_msgs) StdoutLine: {'line': b'-- Up-to-date: /home/rudra/custom_flightmode/install/px4_msgs/include/px4_msgs/px4_msgs/msg/estimator_status_flags.h\n'}
[1.509749] (px4_msgs) StdoutLine: {'line': b'-- Up-to-date: /home/rudra/custom_flightmode/install/px4_msgs/include/px4_msgs/px4_msgs/msg/qshell_req.h\n'}
[1.509805] (px4_msgs) StdoutLine: {'line': b'-- Up-to-date: /home/rudra/custom_flightmode/install/px4_msgs/include/px4_msgs/px4_msgs/msg/rover_attitude_status.h\n'}
[1.509861] (px4_msgs) StdoutLine: {'line': b'-- Up-to-date: /home/rudra/custom_flightmode/install/px4_msgs/include/px4_msgs/px4_msgs/msg/raptor_status.h\n'}
[1.509917] (px4_msgs) StdoutLine: {'line': b'-- Up-to-date: /home/rudra/custom_flightmode/install/px4_msgs/include/px4_msgs/px4_msgs/msg/rover_throttle_setpoint.h\n'}
[1.509971] (px4_msgs) StdoutLine: {'line': b'-- Up-to-date: /home/rudra/custom_flightmode/install/px4_msgs/include/px4_msgs/px4_msgs/msg/rc_parameter_map.h\n'}
[1.510025] (px4_msgs) StdoutLine: {'line': b'-- Up-to-date: /home/rudra/custom_flightmode/install/px4_msgs/include/px4_msgs/px4_msgs/msg/input_rc.h\n'}
[1.510080] (px4_msgs) StdoutLine: {'line': b'-- Up-to-date: /home/rudra/custom_flightmode/install/px4_msgs/include/px4_msgs/px4_msgs/msg/gps_dump.h\n'}
[1.510134] (px4_msgs) StdoutLine: {'line': b'-- Up-to-date: /home/rudra/custom_flightmode/install/px4_msgs/include/px4_msgs/px4_msgs/msg/sensor_correction.h\n'}
[1.510189] (px4_msgs) StdoutLine: {'line': b'-- Up-to-date: /home/rudra/custom_flightmode/install/px4_msgs/include/px4_msgs/px4_msgs/msg/vehicle_land_detected.h\n'}
[1.510252] (px4_msgs) StdoutLine: {'line': b'-- Up-to-date: /home/rudra/custom_flightmode/install/px4_msgs/include/px4_msgs/px4_msgs/msg/sensor_accel.h\n'}
[1.510310] (px4_msgs) StdoutLine: {'line': b'-- Up-to-date: /home/rudra/custom_flightmode/install/px4_msgs/include/px4_msgs/px4_msgs/msg/vehicle_acceleration.h\n'}
[1.510377] (px4_msgs) StdoutLine: {'line': b'-- Up-to-date: /home/rudra/custom_flightmode/install/px4_msgs/include/px4_msgs/px4_msgs/msg/estimator_aid_source3d.h\n'}
[1.510434] (px4_msgs) StdoutLine: {'line': b'-- Up-to-date: /home/rudra/custom_flightmode/install/px4_msgs/include/px4_msgs/px4_msgs/msg/follow_target.h\n'}
[1.510501] (px4_msgs) StdoutLine: {'line': b'-- Up-to-date: /home/rudra/custom_flightmode/install/px4_msgs/include/px4_msgs/px4_msgs/msg/yaw_estimator_status.h\n'}
[1.510563] (px4_msgs) StdoutLine: {'line': b'-- Up-to-date: /home/rudra/custom_flightmode/install/px4_msgs/include/px4_msgs/px4_msgs/msg/ekf2_timestamps.h\n'}
[1.510627] (px4_msgs) StdoutLine: {'line': b'-- Up-to-date: /home/rudra/custom_flightmode/install/px4_msgs/include/px4_msgs/px4_msgs/msg/esc_status.h\n'}
[1.510683] (px4_msgs) StdoutLine: {'line': b'-- Up-to-date: /home/rudra/custom_flightmode/install/px4_msgs/include/px4_msgs/px4_msgs/msg/debug_vect.h\n'}
[1.510739] (px4_msgs) StdoutLine: {'line': b'-- Up-to-date: /home/rudra/custom_flightmode/install/px4_msgs/include/px4_msgs/px4_msgs/msg/pwm_input.h\n'}
[1.510794] (px4_msgs) StdoutLine: {'line': b'-- Up-to-date: /home/rudra/custom_flightmode/install/px4_msgs/include/px4_msgs/px4_msgs/msg/rpm.h\n'}
[1.510851] (px4_msgs) StdoutLine: {'line': b'-- Up-to-date: /home/rudra/custom_flightmode/install/px4_msgs/include/px4_msgs/px4_msgs/msg/gimbal_manager_information.h\n'}
[1.510908] (px4_msgs) StdoutLine: {'line': b'-- Up-to-date: /home/rudra/custom_flightmode/install/px4_msgs/include/px4_msgs/px4_msgs/msg/estimator_states.h\n'}
[1.510962] (px4_msgs) StdoutLine: {'line': b'-- Up-to-date: /home/rudra/custom_flightmode/install/px4_msgs/include/px4_msgs/px4_msgs/msg/qshell_retval.h\n'}
[1.511015] (px4_msgs) StdoutLine: {'line': b'-- Up-to-date: /home/rudra/custom_flightmode/install/px4_msgs/include/px4_msgs/px4_msgs/msg/fuel_tank_status.h\n'}
[1.511072] (px4_msgs) StdoutLine: {'line': b'-- Up-to-date: /home/rudra/custom_flightmode/install/px4_msgs/include/px4_msgs/px4_msgs/msg/rover_rate_setpoint.h\n'}
[1.511128] (px4_msgs) StdoutLine: {'line': b'-- Up-to-date: /home/rudra/custom_flightmode/install/px4_msgs/include/px4_msgs/px4_msgs/msg/setpoint_config_reply.h\n'}
[1.511183] (px4_msgs) StdoutLine: {'line': b'-- Up-to-date: /home/rudra/custom_flightmode/install/px4_msgs/include/px4_msgs/px4_msgs/msg/estimator_gps_status.h\n'}
[1.511240] (px4_msgs) StdoutLine: {'line': b'-- Up-to-date: /home/rudra/custom_flightmode/install/px4_msgs/include/px4_msgs/px4_msgs/msg/mavlink_tunnel.h\n'}
[1.511297] (px4_msgs) StdoutLine: {'line': b'-- Up-to-date: /home/rudra/custom_flightmode/install/px4_msgs/include/px4_msgs/px4_msgs/msg/satellite_info.h\n'}
[1.511354] (px4_msgs) StdoutLine: {'line': b'-- Up-to-date: /home/rudra/custom_flightmode/install/px4_msgs/include/px4_msgs/px4_msgs/msg/camera_capture.h\n'}
[1.511409] (px4_msgs) StdoutLine: {'line': b'-- Up-to-date: /home/rudra/custom_flightmode/install/px4_msgs/include/px4_msgs/px4_msgs/msg/sensor_preflight_mag.h\n'}
[1.511464] (px4_msgs) StdoutLine: {'line': b'-- Up-to-date: /home/rudra/custom_flightmode/install/px4_msgs/include/px4_msgs/px4_msgs/msg/actuator_servos.h\n'}
[1.511542] (px4_msgs) StdoutLine: {'line': b'-- Up-to-date: /home/rudra/custom_flightmode/install/px4_msgs/include/px4_msgs/px4_msgs/msg/unregister_ext_component.h\n'}
[1.511598] (px4_msgs) StdoutLine: {'line': b'-- Up-to-date: /home/rudra/custom_flightmode/install/px4_msgs/include/px4_msgs/px4_msgs/msg/estimator_event_flags.h\n'}
[1.511653] (px4_msgs) StdoutLine: {'line': b'-- Up-to-date: /home/rudra/custom_flightmode/install/px4_msgs/include/px4_msgs/px4_msgs/msg/detect_and_avoid_most_urgent.h\n'}
[1.511707] (px4_msgs) StdoutLine: {'line': b'-- Up-to-date: /home/rudra/custom_flightmode/install/px4_msgs/include/px4_msgs/px4_msgs/msg/manual_control_switches.h\n'}
[1.511760] (px4_msgs) StdoutLine: {'line': b'-- Up-to-date: /home/rudra/custom_flightmode/install/px4_msgs/include/px4_msgs/px4_msgs/msg/sensor_gnss_status.h\n'}
[1.511811] (px4_msgs) StdoutLine: {'line': b'-- Up-to-date: /home/rudra/custom_flightmode/install/px4_msgs/include/px4_msgs/px4_msgs/msg/rover_attitude_setpoint.h\n'}
[1.511863] (px4_msgs) StdoutLine: {'line': b'-- Up-to-date: /home/rudra/custom_flightmode/install/px4_msgs/include/px4_msgs/px4_msgs/msg/figure_eight_status.h\n'}
[1.511920] (px4_msgs) StdoutLine: {'line': b'-- Up-to-date: /home/rudra/custom_flightmode/install/px4_msgs/include/px4_msgs/px4_msgs/msg/gripper.h\n'}
[1.511975] (px4_msgs) StdoutLine: {'line': b'-- Up-to-date: /home/rudra/custom_flightmode/install/px4_msgs/include/px4_msgs/px4_msgs/msg/gimbal_manager_status.h\n'}
[1.512037] (px4_msgs) StdoutLine: {'line': b'-- Up-to-date: /home/rudra/custom_flightmode/install/px4_msgs/include/px4_msgs/px4_msgs/msg/cellular_status.h\n'}
[1.512103] (px4_msgs) StdoutLine: {'line': b'-- Up-to-date: /home/rudra/custom_flightmode/install/px4_msgs/include/px4_msgs/px4_msgs/msg/internal_combustion_engine_status.h\n'}
[1.512164] (px4_msgs) StdoutLine: {'line': b'-- Up-to-date: /home/rudra/custom_flightmode/install/px4_msgs/include/px4_msgs/px4_msgs/msg/system_power.h\n'}
[1.512226] (px4_msgs) StdoutLine: {'line': b'-- Up-to-date: /home/rudra/custom_flightmode/install/px4_msgs/include/px4_msgs/px4_msgs/msg/hover_thrust_estimate.h\n'}
[1.512283] (px4_msgs) StdoutLine: {'line': b'-- Up-to-date: /home/rudra/custom_flightmode/install/px4_msgs/include/px4_msgs/px4_msgs/msg/led_control.h\n'}
[1.512337] (px4_msgs) StdoutLine: {'line': b'-- Up-to-date: /home/rudra/custom_flightmode/install/px4_msgs/include/px4_msgs/px4_msgs/msg/follow_target_status.h\n'}
[1.512396] (px4_msgs) StdoutLine: {'line': b'-- Up-to-date: /home/rudra/custom_flightmode/install/px4_msgs/include/px4_msgs/px4_msgs/msg/heater_status.h\n'}
[1.512454] (px4_msgs) StdoutLine: {'line': b'-- Up-to-date: /home/rudra/custom_flightmode/install/px4_msgs/include/px4_msgs/px4_msgs/msg/tecs_status.h\n'}
[1.512549] (px4_msgs) StdoutLine: {'line': b'-- Up-to-date: /home/rudra/custom_flightmode/install/px4_msgs/include/px4_msgs/px4_msgs/msg/wheel_encoders.h\n'}
[1.512608] (px4_msgs) StdoutLine: {'line': b'-- Up-to-date: /home/rudra/custom_flightmode/install/px4_msgs/include/px4_msgs/px4_msgs/msg/tune_control.h\n'}
[1.512662] (px4_msgs) StdoutLine: {'line': b'-- Up-to-date: /home/rudra/custom_flightmode/install/px4_msgs/include/px4_msgs/px4_msgs/msg/vehicle_command_ack.h\n'}
[1.512717] (px4_msgs) StdoutLine: {'line': b'-- Up-to-date: /home/rudra/custom_flightmode/install/px4_msgs/share/px4_msgs/environment/library_path.sh\n'}
[1.512771] (px4_msgs) StdoutLine: {'line': b'-- Up-to-date: /home/rudra/custom_flightmode/install/px4_msgs/share/px4_msgs/environment/library_path.dsv\n'}
[1.512825] (px4_msgs) StdoutLine: {'line': b'-- Up-to-date: /home/rudra/custom_flightmode/install/px4_msgs/lib/libpx4_msgs__rosidl_generator_c.so\n'}
[1.512878] (px4_msgs) StdoutLine: {'line': b'-- Up-to-date: /home/rudra/custom_flightmode/install/px4_msgs/include/px4_msgs/px4_msgs\n'}
[1.512931] (px4_msgs) StdoutLine: {'line': b'-- Up-to-date: /home/rudra/custom_flightmode/install/px4_msgs/include/px4_msgs/px4_msgs/srv\n'}
[1.512985] (px4_msgs) StdoutLine: {'line': b'-- Up-to-date: /home/rudra/custom_flightmode/install/px4_msgs/include/px4_msgs/px4_msgs/srv/detail\n'}
[1.513040] (px4_msgs) StdoutLine: {'line': b'-- Up-to-date: /home/rudra/custom_flightmode/install/px4_msgs/include/px4_msgs/px4_msgs/srv/detail/vehicle_command__rosidl_typesupport_fastrtps_c.h\n'}
[1.513095] (px4_msgs) StdoutLine: {'line': b'-- Up-to-date: /home/rudra/custom_flightmode/install/px4_msgs/include/px4_msgs/px4_msgs/msg\n'}
[1.513149] (px4_msgs) StdoutLine: {'line': b'-- Up-to-date: /home/rudra/custom_flightmode/install/px4_msgs/include/px4_msgs/px4_msgs/msg/rosidl_typesupport_fastrtps_c__visibility_control.h\n'}
[1.513204] (px4_msgs) StdoutLine: {'line': b'-- Up-to-date: /home/rudra/custom_flightmode/install/px4_msgs/include/px4_msgs/px4_msgs/msg/detail\n'}
[1.513257] (px4_msgs) StdoutLine: {'line': b'-- Up-to-date: /home/rudra/custom_flightmode/install/px4_msgs/include/px4_msgs/px4_msgs/msg/detail/sensor_uwb__rosidl_typesupport_fastrtps_c.h\n'}
[1.513313] (px4_msgs) StdoutLine: {'line': b'-- Up-to-date: /home/rudra/custom_flightmode/install/px4_msgs/include/px4_msgs/px4_msgs/msg/detail/follow_target_estimator__rosidl_typesupport_fastrtps_c.h\n'}
[1.513368] (px4_msgs) StdoutLine: {'line': b'-- Up-to-date: /home/rudra/custom_flightmode/install/px4_msgs/include/px4_msgs/px4_msgs/msg/detail/navigator_status__rosidl_typesupport_fastrtps_c.h\n'}
[1.513425] (px4_msgs) StdoutLine: {'line': b'-- Up-to-date: /home/rudra/custom_flightmode/install/px4_msgs/include/px4_msgs/px4_msgs/msg/detail/mode_completed__rosidl_typesupport_fastrtps_c.h\n'}
[1.513507] (px4_msgs) StdoutLine: {'line': b'-- Up-to-date: /home/rudra/custom_flightmode/install/px4_msgs/include/px4_msgs/px4_msgs/msg/detail/internal_combustion_engine_control__rosidl_typesupport_fastrtps_c.h\n'}
[1.513574] (px4_msgs) StdoutLine: {'line': b'-- Up-to-date: /home/rudra/custom_flightmode/install/px4_msgs/include/px4_msgs/px4_msgs/msg/detail/vehicle_imu_status__rosidl_typesupport_fastrtps_c.h\n'}
[1.513630] (px4_msgs) StdoutLine: {'line': b'-- Up-to-date: /home/rudra/custom_flightmode/install/px4_msgs/include/px4_msgs/px4_msgs/msg/detail/vte_position__rosidl_typesupport_fastrtps_c.h\n'}
[1.513684] (px4_msgs) StdoutLine: {'line': b'-- Up-to-date: /home/rudra/custom_flightmode/install/px4_msgs/include/px4_msgs/px4_msgs/msg/detail/wind__rosidl_typesupport_fastrtps_c.h\n'}
[1.513740] (px4_msgs) StdoutLine: {'line': b'-- Up-to-date: /home/rudra/custom_flightmode/install/px4_msgs/include/px4_msgs/px4_msgs/msg/detail/rover_speed_status__rosidl_typesupport_fastrtps_c.h\n'}
[1.513795] (px4_msgs) StdoutLine: {'line': b'-- Up-to-date: /home/rudra/custom_flightmode/install/px4_msgs/include/px4_msgs/px4_msgs/msg/detail/fiducial_marker_yaw_report__rosidl_typesupport_fastrtps_c.h\n'}
[1.513850] (px4_msgs) StdoutLine: {'line': b'-- Up-to-date: /home/rudra/custom_flightmode/install/px4_msgs/include/px4_msgs/px4_msgs/msg/detail/px4io_status__rosidl_typesupport_fastrtps_c.h\n'}
[1.513905] (px4_msgs) StdoutLine: {'line': b'-- Up-to-date: /home/rudra/custom_flightmode/install/px4_msgs/include/px4_msgs/px4_msgs/msg/detail/estimator_event_flags__rosidl_typesupport_fastrtps_c.h\n'}
[1.513967] (px4_msgs) StdoutLine: {'line': b'-- Up-to-date: /home/rudra/custom_flightmode/install/px4_msgs/include/px4_msgs/px4_msgs/msg/detail/orb_test__rosidl_typesupport_fastrtps_c.h\n'}
[1.514024] (px4_msgs) StdoutLine: {'line': b'-- Up-to-date: /home/rudra/custom_flightmode/install/px4_msgs/include/px4_msgs/px4_msgs/msg/detail/vehicle_command__rosidl_typesupport_fastrtps_c.h\n'}
[1.514084] (px4_msgs) StdoutLine: {'line': b'-- Up-to-date: /home/rudra/custom_flightmode/install/px4_msgs/include/px4_msgs/px4_msgs/msg/detail/camera_status__rosidl_typesupport_fastrtps_c.h\n'}
[1.514139] (px4_msgs) StdoutLine: {'line': b'-- Up-to-date: /home/rudra/custom_flightmode/install/px4_msgs/include/px4_msgs/px4_msgs/msg/detail/rover_rate_setpoint__rosidl_typesupport_fastrtps_c.h\n'}
[1.514194] (px4_msgs) StdoutLine: {'line': b'-- Up-to-date: /home/rudra/custom_flightmode/install/px4_msgs/include/px4_msgs/px4_msgs/msg/detail/system_power__rosidl_typesupport_fastrtps_c.h\n'}
[1.514248] (px4_msgs) StdoutLine: {'line': b'-- Up-to-date: /home/rudra/custom_flightmode/install/px4_msgs/include/px4_msgs/px4_msgs/msg/detail/autotune_attitude_control_status__rosidl_typesupport_fastrtps_c.h\n'}
[1.514315] (px4_msgs) StdoutLine: {'line': b'-- Up-to-date: /home/rudra/custom_flightmode/install/px4_msgs/include/px4_msgs/px4_msgs/msg/detail/gpio_out__rosidl_typesupport_fastrtps_c.h\n'}
[1.514370] (px4_msgs) StdoutLine: {'line': b'-- Up-to-date: /home/rudra/custom_flightmode/install/px4_msgs/include/px4_msgs/px4_msgs/msg/detail/detect_and_avoid__rosidl_typesupport_fastrtps_c.h\n'}
[1.514426] (px4_msgs) StdoutLine: {'line': b'-- Up-to-date: /home/rudra/custom_flightmode/install/px4_msgs/include/px4_msgs/px4_msgs/msg/detail/trajectory_setpoint__rosidl_typesupport_fastrtps_c.h\n'}
[1.514510] (px4_msgs) StdoutLine: {'line': b'-- Up-to-date: /home/rudra/custom_flightmode/install/px4_msgs/include/px4_msgs/px4_msgs/msg/detail/estimator_aid_source2d__rosidl_typesupport_fastrtps_c.h\n'}
[1.514582] (px4_msgs) StdoutLine: {'line': b'-- Up-to-date: /home/rudra/custom_flightmode/install/px4_msgs/include/px4_msgs/px4_msgs/msg/detail/landing_target_innovations__rosidl_typesupport_fastrtps_c.h\n'}
[1.514641] (px4_msgs) StdoutLine: {'line': b'-- Up-to-date: /home/rudra/custom_flightmode/install/px4_msgs/include/px4_msgs/px4_msgs/msg/detail/open_drone_id_self_id__rosidl_typesupport_fastrtps_c.h\n'}
[1.514698] (px4_msgs) StdoutLine: {'line': b'-- Up-to-date: /home/rudra/custom_flightmode/install/px4_msgs/include/px4_msgs/px4_msgs/msg/detail/estimator_gps_status__rosidl_typesupport_fastrtps_c.h\n'}
[1.514761] (px4_msgs) StdoutLine: {'line': b'-- Up-to-date: /home/rudra/custom_flightmode/install/px4_msgs/include/px4_msgs/px4_msgs/msg/detail/goto_setpoint__rosidl_typesupport_fastrtps_c.h\n'}
[1.514816] (px4_msgs) StdoutLine: {'line': b'-- Up-to-date: /home/rudra/custom_flightmode/install/px4_msgs/include/px4_msgs/px4_msgs/msg/detail/tune_control__rosidl_typesupport_fastrtps_c.h\n'}
[1.514871] (px4_msgs) StdoutLine: {'line': b'-- Up-to-date: /home/rudra/custom_flightmode/install/px4_msgs/include/px4_msgs/px4_msgs/msg/detail/sensor_preflight_mag__rosidl_typesupport_fastrtps_c.h\n'}
[1.514926] (px4_msgs) StdoutLine: {'line': b'-- Up-to-date: /home/rudra/custom_flightmode/install/px4_msgs/include/px4_msgs/px4_msgs/msg/detail/estimator_selector_status__rosidl_typesupport_fastrtps_c.h\n'}
[1.514982] (px4_msgs) StdoutLine: {'line': b'-- Up-to-date: /home/rudra/custom_flightmode/install/px4_msgs/include/px4_msgs/px4_msgs/msg/detail/debug_vect__rosidl_typesupport_fastrtps_c.h\n'}
[1.515040] (px4_msgs) StdoutLine: {'line': b'-- Up-to-date: /home/rudra/custom_flightmode/install/px4_msgs/include/px4_msgs/px4_msgs/msg/detail/transponder_report__rosidl_typesupport_fastrtps_c.h\n'}
[1.515097] (px4_msgs) StdoutLine: {'line': b'-- Up-to-date: /home/rudra/custom_flightmode/install/px4_msgs/include/px4_msgs/px4_msgs/msg/detail/wheel_encoders__rosidl_typesupport_fastrtps_c.h\n'}
[1.515151] (px4_msgs) StdoutLine: {'line': b'-- Up-to-date: /home/rudra/custom_flightmode/install/px4_msgs/include/px4_msgs/px4_msgs/msg/detail/input_rc__rosidl_typesupport_fastrtps_c.h\n'}
[1.515206] (px4_msgs) StdoutLine: {'line': b'-- Up-to-date: /home/rudra/custom_flightmode/install/px4_msgs/include/px4_msgs/px4_msgs/msg/detail/sensor_temp__rosidl_typesupport_fastrtps_c.h\n'}
[1.515263] (px4_msgs) StdoutLine: {'line': b'-- Up-to-date: /home/rudra/custom_flightmode/install/px4_msgs/include/px4_msgs/px4_msgs/msg/detail/figure_eight_status__rosidl_typesupport_fastrtps_c.h\n'}
[1.515318] (px4_msgs) StdoutLine: {'line': b'-- Up-to-date: /home/rudra/custom_flightmode/install/px4_msgs/include/px4_msgs/px4_msgs/msg/detail/debug_array__rosidl_typesupport_fastrtps_c.h\n'}
[1.515373] (px4_msgs) StdoutLine: {'line': b'-- Up-to-date: /home/rudra/custom_flightmode/install/px4_msgs/include/px4_msgs/px4_msgs/msg/detail/rover_speed_setpoint__rosidl_typesupport_fastrtps_c.h\n'}
[1.515430] (px4_msgs) StdoutLine: {'line': b'-- Up-to-date: /home/rudra/custom_flightmode/install/px4_msgs/include/px4_msgs/px4_msgs/msg/detail/rover_steering_setpoint__rosidl_typesupport_fastrtps_c.h\n'}
[1.515508] (px4_msgs) StdoutLine: {'line': b'-- Up-to-date: /home/rudra/custom_flightmode/install/px4_msgs/include/px4_msgs/px4_msgs/msg/detail/vehicle_land_detected__rosidl_typesupport_fastrtps_c.h\n'}
[1.515575] (px4_msgs) StdoutLine: {'line': b'-- Up-to-date: /home/rudra/custom_flightmode/install/px4_msgs/include/px4_msgs/px4_msgs/msg/detail/trajectory_setpoint6dof__rosidl_typesupport_fastrtps_c.h\n'}
[1.515636] (px4_msgs) StdoutLine: {'line': b'-- Up-to-date: /home/rudra/custom_flightmode/install/px4_msgs/include/px4_msgs/px4_msgs/msg/detail/vehicle_roi__rosidl_typesupport_fastrtps_c.h\n'}
[1.515695] (px4_msgs) StdoutLine: {'line': b'-- Up-to-date: /home/rudra/custom_flightmode/install/px4_msgs/include/px4_msgs/px4_msgs/msg/detail/led_control__rosidl_typesupport_fastrtps_c.h\n'}
[1.515753] (px4_msgs) StdoutLine: {'line': b'-- Up-to-date: /home/rudra/custom_flightmode/install/px4_msgs/include/px4_msgs/px4_msgs/msg/detail/esc_eeprom_read__rosidl_typesupport_fastrtps_c.h\n'}
[1.515812] (px4_msgs) StdoutLine: {'line': b'-- Up-to-date: /home/rudra/custom_flightmode/install/px4_msgs/include/px4_msgs/px4_msgs/msg/detail/unregister_ext_component__rosidl_typesupport_fastrtps_c.h\n'}
[1.515877] (px4_msgs) StdoutLine: {'line': b'-- Up-to-date: /home/rudra/custom_flightmode/install/px4_msgs/include/px4_msgs/px4_msgs/msg/detail/event__rosidl_typesupport_fastrtps_c.h\n'}
[1.515967] (px4_msgs) StdoutLine: {'line': b'-- Up-to-date: /home/rudra/custom_flightmode/install/px4_msgs/include/px4_msgs/px4_msgs/msg/detail/estimator_fusion_control__rosidl_typesupport_fastrtps_c.h\n'}
[1.516033] (px4_msgs) StdoutLine: {'line': b'-- Up-to-date: /home/rudra/custom_flightmode/install/px4_msgs/include/px4_msgs/px4_msgs/msg/detail/register_ext_component_reply__rosidl_typesupport_fastrtps_c.h\n'}
[1.516093] (px4_msgs) StdoutLine: {'line': b'-- Up-to-date: /home/rudra/custom_flightmode/install/px4_msgs/include/px4_msgs/px4_msgs/msg/detail/device_information__rosidl_typesupport_fastrtps_c.h\n'}
[1.516155] (px4_msgs) StdoutLine: {'line': b'-- Up-to-date: /home/rudra/custom_flightmode/install/px4_msgs/include/px4_msgs/px4_msgs/msg/detail/rtl_status__rosidl_typesupport_fastrtps_c.h\n'}
[1.516210] (px4_msgs) StdoutLine: {'line': b'-- Up-to-date: /home/rudra/custom_flightmode/install/px4_msgs/include/px4_msgs/px4_msgs/msg/detail/mount_orientation__rosidl_typesupport_fastrtps_c.h\n'}
[1.516252] (px4_msgs) StdoutLine: {'line': b'-- Up-to-date: /home/rudra/custom_flightmode/install/px4_msgs/include/px4_msgs/px4_msgs/msg/detail/setpoint_config__rosidl_typesupport_fastrtps_c.h\n'}
[1.516294] (px4_msgs) StdoutLine: {'line': b'-- Up-to-date: /home/rudra/custom_flightmode/install/px4_msgs/include/px4_msgs/px4_msgs/msg/detail/follow_target_status__rosidl_typesupport_fastrtps_c.h\n'}
[1.516337] (px4_msgs) StdoutLine: {'line': b'-- Up-to-date: /home/rudra/custom_flightmode/install/px4_msgs/include/px4_msgs/px4_msgs/msg/detail/vehicle_imu__rosidl_typesupport_fastrtps_c.h\n'}
[1.516380] (px4_msgs) StdoutLine: {'line': b'-- Up-to-date: /home/rudra/custom_flightmode/install/px4_msgs/include/px4_msgs/px4_msgs/msg/detail/radio_status__rosidl_typesupport_fastrtps_c.h\n'}
[1.516424] (px4_msgs) StdoutLine: {'line': b'-- Up-to-date: /home/rudra/custom_flightmode/install/px4_msgs/include/px4_msgs/px4_msgs/msg/detail/failure_injection__rosidl_typesupport_fastrtps_c.h\n'}
[1.516477] (px4_msgs) StdoutLine: {'line': b'-- Up-to-date: /home/rudra/custom_flightmode/install/px4_msgs/include/px4_msgs/px4_msgs/msg/detail/irlock_report__rosidl_typesupport_fastrtps_c.h\n'}
[1.516538] (px4_msgs) StdoutLine: {'line': b'-- Up-to-date: /home/rudra/custom_flightmode/install/px4_msgs/include/px4_msgs/px4_msgs/msg/detail/manual_control_switches__rosidl_typesupport_fastrtps_c.h\n'}
[1.516586] (px4_msgs) StdoutLine: {'line': b'-- Up-to-date: /home/rudra/custom_flightmode/install/px4_msgs/include/px4_msgs/px4_msgs/msg/detail/rover_position_setpoint__rosidl_typesupport_fastrtps_c.h\n'}
[1.516630] (px4_msgs) StdoutLine: {'line': b'-- Up-to-date: /home/rudra/custom_flightmode/install/px4_msgs/include/px4_msgs/px4_msgs/msg/detail/raptor_status__rosidl_typesupport_fastrtps_c.h\n'}
[1.516675] (px4_msgs) StdoutLine: {'line': b'-- Up-to-date: /home/rudra/custom_flightmode/install/px4_msgs/include/px4_msgs/px4_msgs/msg/detail/gimbal_device_attitude_status__rosidl_typesupport_fastrtps_c.h\n'}
[1.516722] (px4_msgs) StdoutLine: {'line': b'-- Up-to-date: /home/rudra/custom_flightmode/install/px4_msgs/include/px4_msgs/px4_msgs/msg/detail/qshell_retval__rosidl_typesupport_fastrtps_c.h\n'}
[1.516768] (px4_msgs) StdoutLine: {'line': b'-- Up-to-date: /home/rudra/custom_flightmode/install/px4_msgs/include/px4_msgs/px4_msgs/msg/detail/tiltrotor_extra_controls__rosidl_typesupport_fastrtps_c.h\n'}
[1.516860] (px4_msgs) StdoutLine: {'line': b'-- Up-to-date: /home/rudra/custom_flightmode/install/px4_msgs/include/px4_msgs/px4_msgs/msg/detail/sensor_gyro_fifo__rosidl_typesupport_fastrtps_c.h\n'}
[1.516914] (px4_msgs) StdoutLine: {'line': b'-- Up-to-date: /home/rudra/custom_flightmode/install/px4_msgs/include/px4_msgs/px4_msgs/msg/detail/sensor_baro__rosidl_typesupport_fastrtps_c.h\n'}
[1.517068] (px4_msgs) StdoutLine: {'line': b'-- Up-to-date: /home/rudra/custom_flightmode/install/px4_msgs/include/px4_msgs/px4_msgs/msg/detail/parameter_reset_request__rosidl_typesupport_fastrtps_c.h\n'}
[1.517122] (px4_msgs) StdoutLine: {'line': b'-- Up-to-date: /home/rudra/custom_flightmode/install/px4_msgs/include/px4_msgs/px4_msgs/msg/detail/gimbal_device_information__rosidl_typesupport_fastrtps_c.h\n'}
[1.517368] (px4_msgs) StdoutLine: {'line': b'-- Up-to-date: /home/rudra/custom_flightmode/install/px4_msgs/include/px4_msgs/px4_msgs/msg/detail/cellular_status__rosidl_typesupport_fastrtps_c.h\n'}
[1.517419] (px4_msgs) StdoutLine: {'line': b'-- Up-to-date: /home/rudra/custom_flightmode/install/px4_msgs/include/px4_msgs/px4_msgs/msg/detail/power_monitor__rosidl_typesupport_fastrtps_c.h\n'}
[1.517477] (px4_msgs) StdoutLine: {'line': b'-- Up-to-date: /home/rudra/custom_flightmode/install/px4_msgs/include/px4_msgs/px4_msgs/msg/detail/vte_orientation__rosidl_typesupport_fastrtps_c.h\n'}
[1.517702] (px4_msgs) StdoutLine: {'line': b'-- Up-to-date: /home/rudra/custom_flightmode/install/px4_msgs/include/px4_msgs/px4_msgs/msg/detail/position_setpoint_triplet__rosidl_typesupport_fastrtps_c.h\n'}
[1.517797] (px4_msgs) StdoutLine: {'line': b'-- Up-to-date: /home/rudra/custom_flightmode/install/px4_msgs/include/px4_msgs/px4_msgs/msg/detail/cpuload__rosidl_typesupport_fastrtps_c.h\n'}
[1.517846] (px4_msgs) StdoutLine: {'line': b'-- Up-to-date: /home/rudra/custom_flightmode/install/px4_msgs/include/px4_msgs/px4_msgs/msg/detail/vte_aid_source1d__rosidl_typesupport_fastrtps_c.h\n'}
[1.518017] (px4_msgs) StdoutLine: {'line': b'-- Up-to-date: /home/rudra/custom_flightmode/install/px4_msgs/include/px4_msgs/px4_msgs/msg/detail/sensor_combined__rosidl_typesupport_fastrtps_c.h\n'}
[1.518092] (px4_msgs) StdoutLine: {'line': b'-- Up-to-date: /home/rudra/custom_flightmode/install/px4_msgs/include/px4_msgs/px4_msgs/msg/detail/vehicle_magnetometer__rosidl_typesupport_fastrtps_c.h\n'}
[1.518150] (px4_msgs) StdoutLine: {'line': b'-- Up-to-date: /home/rudra/custom_flightmode/install/px4_msgs/include/px4_msgs/px4_msgs/msg/detail/prec_land_status__rosidl_typesupport_fastrtps_c.h\n'}
[1.518257] (px4_msgs) StdoutLine: {'line': b'-- Up-to-date: /home/rudra/custom_flightmode/install/px4_msgs/include/px4_msgs/px4_msgs/msg/detail/flight_phase_estimation__rosidl_typesupport_fastrtps_c.h\n'}
[1.518390] (px4_msgs) StdoutLine: {'line': b'-- Up-to-date: /home/rudra/custom_flightmode/install/px4_msgs/include/px4_msgs/px4_msgs/msg/detail/open_drone_id_system__rosidl_typesupport_fastrtps_c.h\n'}
[1.518448] (px4_msgs) StdoutLine: {'line': b'-- Up-to-date: /home/rudra/custom_flightmode/install/px4_msgs/include/px4_msgs/px4_msgs/msg/detail/sensor_accel__rosidl_typesupport_fastrtps_c.h\n'}
[1.518541] (px4_msgs) StdoutLine: {'line': b'-- Up-to-date: /home/rudra/custom_flightmode/install/px4_msgs/include/px4_msgs/px4_msgs/msg/detail/rc_parameter_map__rosidl_typesupport_fastrtps_c.h\n'}
[1.518598] (px4_msgs) StdoutLine: {'line': b'-- Up-to-date: /home/rudra/custom_flightmode/install/px4_msgs/include/px4_msgs/px4_msgs/msg/detail/sensor_optical_flow__rosidl_typesupport_fastrtps_c.h\n'}
[1.518649] (px4_msgs) StdoutLine: {'line': b'-- Up-to-date: /home/rudra/custom_flightmode/install/px4_msgs/include/px4_msgs/px4_msgs/msg/detail/setpoint_config_reply__rosidl_typesupport_fastrtps_c.h\n'}
[1.518697] (px4_msgs) StdoutLine: {'line': b'-- Up-to-date: /home/rudra/custom_flightmode/install/px4_msgs/include/px4_msgs/px4_msgs/msg/detail/sensor_hygrometer__rosidl_typesupport_fastrtps_c.h\n'}
[1.518852] (px4_msgs) StdoutLine: {'line': b'-- Up-to-date: /home/rudra/custom_flightmode/install/px4_msgs/include/px4_msgs/px4_msgs/msg/detail/raptor_input__rosidl_typesupport_fastrtps_c.h\n'}
[1.518932] (px4_msgs) StdoutLine: {'line': b'-- Up-to-date: /home/rudra/custom_flightmode/install/px4_msgs/include/px4_msgs/px4_msgs/msg/detail/gimbal_manager_information__rosidl_typesupport_fastrtps_c.h\n'}
[1.518986] (px4_msgs) StdoutLine: {'line': b'-- Up-to-date: /home/rudra/custom_flightmode/install/px4_msgs/include/px4_msgs/px4_msgs/msg/detail/actuator_controls_status__rosidl_typesupport_fastrtps_c.h\n'}
[1.519068] (px4_msgs) StdoutLine: {'line': b'-- Up-to-date: /home/rudra/custom_flightmode/install/px4_msgs/include/px4_msgs/px4_msgs/msg/detail/longitudinal_control_configuration__rosidl_typesupport_fastrtps_c.h\n'}
[1.519138] (px4_msgs) StdoutLine: {'line': b'-- Up-to-date: /home/rudra/custom_flightmode/install/px4_msgs/include/px4_msgs/px4_msgs/msg/detail/tecs_status__rosidl_typesupport_fastrtps_c.h\n'}
[1.519188] (px4_msgs) StdoutLine: {'line': b'-- Up-to-date: /home/rudra/custom_flightmode/install/px4_msgs/include/px4_msgs/px4_msgs/msg/detail/estimator_status_flags__rosidl_typesupport_fastrtps_c.h\n'}
[1.519251] (px4_msgs) StdoutLine: {'line': b'-- Up-to-date: /home/rudra/custom_flightmode/install/px4_msgs/include/px4_msgs/px4_msgs/msg/detail/dronecan_node_status__rosidl_typesupport_fastrtps_c.h\n'}
[1.519340] (px4_msgs) StdoutLine: {'line': b'-- Up-to-date: /home/rudra/custom_flightmode/install/px4_msgs/include/px4_msgs/px4_msgs/msg/detail/lateral_control_configuration__rosidl_typesupport_fastrtps_c.h\n'}
[1.519392] (px4_msgs) StdoutLine: {'line': b'-- Up-to-date: /home/rudra/custom_flightmode/install/px4_msgs/include/px4_msgs/px4_msgs/msg/detail/ekf2_timestamps__rosidl_typesupport_fastrtps_c.h\n'}
[1.519492] (px4_msgs) StdoutLine: {'line': b'-- Up-to-date: /home/rudra/custom_flightmode/install/px4_msgs/include/px4_msgs/px4_msgs/msg/detail/obstacle_distance__rosidl_typesupport_fastrtps_c.h\n'}
[1.519611] (px4_msgs) StdoutLine: {'line': b'-- Up-to-date: /home/rudra/custom_flightmode/install/px4_msgs/include/px4_msgs/px4_msgs/msg/detail/sensor_gnss_status__rosidl_typesupport_fastrtps_c.h\n'}
[1.519665] (px4_msgs) StdoutLine: {'line': b'-- Up-to-date: /home/rudra/custom_flightmode/install/px4_msgs/include/px4_msgs/px4_msgs/msg/detail/dataman_response__rosidl_typesupport_fastrtps_c.h\n'}
[1.519714] (px4_msgs) StdoutLine: {'line': b'-- Up-to-date: /home/rudra/custom_flightmode/install/px4_msgs/include/px4_msgs/px4_msgs/msg/detail/takeoff_status__rosidl_typesupport_fastrtps_c.h\n'}
[1.519794] (px4_msgs) StdoutLine: {'line': b'-- Up-to-date: /home/rudra/custom_flightmode/install/px4_msgs/include/px4_msgs/px4_msgs/msg/detail/actuator_motors__rosidl_typesupport_fastrtps_c.h\n'}
[1.519934] (px4_msgs) StdoutLine: {'line': b'-- Up-to-date: /home/rudra/custom_flightmode/install/px4_msgs/include/px4_msgs/px4_msgs/msg/detail/health_report__rosidl_typesupport_fastrtps_c.h\n'}
[1.520003] (px4_msgs) StdoutLine: {'line': b'-- Up-to-date: /home/rudra/custom_flightmode/install/px4_msgs/include/px4_msgs/px4_msgs/msg/detail/arming_check_reply__rosidl_typesupport_fastrtps_c.h\n'}
[1.520079] (px4_msgs) StdoutLine: {'line': b'-- Up-to-date: /home/rudra/custom_flightmode/install/px4_msgs/include/px4_msgs/px4_msgs/msg/detail/onboard_computer_status__rosidl_typesupport_fastrtps_c.h\n'}
[1.520159] (px4_msgs) StdoutLine: {'line': b'-- Up-to-date: /home/rudra/custom_flightmode/install/px4_msgs/include/px4_msgs/px4_msgs/msg/detail/navigator_mission_item__rosidl_typesupport_fastrtps_c.h\n'}
[1.520227] (px4_msgs) StdoutLine: {'line': b'-- Up-to-date: /home/rudra/custom_flightmode/install/px4_msgs/include/px4_msgs/px4_msgs/msg/detail/neural_control__rosidl_typesupport_fastrtps_c.h\n'}
[1.520306] (px4_msgs) StdoutLine: {'line': b'-- Up-to-date: /home/rudra/custom_flightmode/install/px4_msgs/include/px4_msgs/px4_msgs/msg/detail/vehicle_status__rosidl_typesupport_fastrtps_c.h\n'}
[1.520376] (px4_msgs) StdoutLine: {'line': b'-- Up-to-date: /home/rudra/custom_flightmode/install/px4_msgs/include/px4_msgs/px4_msgs/msg/detail/vehicle_optical_flow_vel__rosidl_typesupport_fastrtps_c.h\n'}
[1.520449] (px4_msgs) StdoutLine: {'line': b'-- Up-to-date: /home/rudra/custom_flightmode/install/px4_msgs/include/px4_msgs/px4_msgs/msg/detail/orb_test_medium__rosidl_typesupport_fastrtps_c.h\n'}
[1.520537] (px4_msgs) StdoutLine: {'line': b'-- Up-to-date: /home/rudra/custom_flightmode/install/px4_msgs/include/px4_msgs/px4_msgs/msg/detail/rc_channels__rosidl_typesupport_fastrtps_c.h\n'}
[1.520617] (px4_msgs) StdoutLine: {'line': b'-- Up-to-date: /home/rudra/custom_flightmode/install/px4_msgs/include/px4_msgs/px4_msgs/msg/detail/ulog_stream_ack__rosidl_typesupport_fastrtps_c.h\n'}
[1.520686] (px4_msgs) StdoutLine: {'line': b'-- Up-to-date: /home/rudra/custom_flightmode/install/px4_msgs/include/px4_msgs/px4_msgs/msg/detail/esc_status__rosidl_typesupport_fastrtps_c.h\n'}
[1.520751] (px4_msgs) StdoutLine: {'line': b'-- Up-to-date: /home/rudra/custom_flightmode/install/px4_msgs/include/px4_msgs/px4_msgs/msg/detail/sensors_status_imu__rosidl_typesupport_fastrtps_c.h\n'}
[1.520818] (px4_msgs) StdoutLine: {'line': b'-- Up-to-date: /home/rudra/custom_flightmode/install/px4_msgs/include/px4_msgs/px4_msgs/msg/detail/hover_thrust_estimate__rosidl_typesupport_fastrtps_c.h\n'}
[1.520874] (px4_msgs) StdoutLine: {'line': b'-- Up-to-date: /home/rudra/custom_flightmode/install/px4_msgs/include/px4_msgs/px4_msgs/msg/detail/airspeed_validated__rosidl_typesupport_fastrtps_c.h\n'}
[1.520927] (px4_msgs) StdoutLine: {'line': b'-- Up-to-date: /home/rudra/custom_flightmode/install/px4_msgs/include/px4_msgs/px4_msgs/msg/detail/offboard_control_mode__rosidl_typesupport_fastrtps_c.h\n'}
[1.520980] (px4_msgs) StdoutLine: {'line': b'-- Up-to-date: /home/rudra/custom_flightmode/install/px4_msgs/include/px4_msgs/px4_msgs/msg/detail/landing_gear_wheel__rosidl_typesupport_fastrtps_c.h\n'}
[1.521059] (px4_msgs) StdoutLine: {'line': b'-- Up-to-date: /home/rudra/custom_flightmode/install/px4_msgs/include/px4_msgs/px4_msgs/msg/detail/fixed_wing_longitudinal_setpoint__rosidl_typesupport_fastrtps_c.h\n'}
[1.521116] (px4_msgs) StdoutLine: {'line': b'-- Up-to-date: /home/rudra/custom_flightmode/install/px4_msgs/include/px4_msgs/px4_msgs/msg/detail/gpio_config__rosidl_typesupport_fastrtps_c.h\n'}
[1.521173] (px4_msgs) StdoutLine: {'line': b'-- Up-to-date: /home/rudra/custom_flightmode/install/px4_msgs/include/px4_msgs/px4_msgs/msg/detail/camera_capture__rosidl_typesupport_fastrtps_c.h\n'}
[1.521259] (px4_msgs) StdoutLine: {'line': b'-- Up-to-date: /home/rudra/custom_flightmode/install/px4_msgs/include/px4_msgs/px4_msgs/msg/detail/landing_target_pose__rosidl_typesupport_fastrtps_c.h\n'}
[1.521319] (px4_msgs) StdoutLine: {'line': b'-- Up-to-date: /home/rudra/custom_flightmode/install/px4_msgs/include/px4_msgs/px4_msgs/msg/detail/qshell_req__rosidl_typesupport_fastrtps_c.h\n'}
[1.521394] (px4_msgs) StdoutLine: {'line': b'-- Up-to-date: /home/rudra/custom_flightmode/install/px4_msgs/include/px4_msgs/px4_msgs/msg/detail/gpio_in__rosidl_typesupport_fastrtps_c.h\n'}
[1.521449] (px4_msgs) StdoutLine: {'line': b'-- Up-to-date: /home/rudra/custom_flightmode/install/px4_msgs/include/px4_msgs/px4_msgs/msg/detail/battery_status__rosidl_typesupport_fastrtps_c.h\n'}
[1.521539] (px4_msgs) StdoutLine: {'line': b'-- Up-to-date: /home/rudra/custom_flightmode/install/px4_msgs/include/px4_msgs/px4_msgs/msg/detail/parameter_update__rosidl_typesupport_fastrtps_c.h\n'}
[1.521608] (px4_msgs) StdoutLine: {'line': b'-- Up-to-date: /home/rudra/custom_flightmode/install/px4_msgs/include/px4_msgs/px4_msgs/msg/detail/fuel_tank_status__rosidl_typesupport_fastrtps_c.h\n'}
[1.521677] (px4_msgs) StdoutLine: {'line': b'-- Up-to-date: /home/rudra/custom_flightmode/install/px4_msgs/include/px4_msgs/px4_msgs/msg/detail/estimator_states__rosidl_typesupport_fastrtps_c.h\n'}
[1.521748] (px4_msgs) StdoutLine: {'line': b'-- Up-to-date: /home/rudra/custom_flightmode/install/px4_msgs/include/px4_msgs/px4_msgs/msg/detail/rate_ctrl_status__rosidl_typesupport_fastrtps_c.h\n'}
[1.521803] (px4_msgs) StdoutLine: {'line': b'-- Up-to-date: /home/rudra/custom_flightmode/install/px4_msgs/include/px4_msgs/px4_msgs/msg/detail/airspeed__rosidl_typesupport_fastrtps_c.h\n'}
[1.521882] (px4_msgs) StdoutLine: {'line': b'-- Up-to-date: /home/rudra/custom_flightmode/install/px4_msgs/include/px4_msgs/px4_msgs/msg/detail/can_interface_status__rosidl_typesupport_fastrtps_c.h\n'}
[1.521937] (px4_msgs) StdoutLine: {'line': b'-- Up-to-date: /home/rudra/custom_flightmode/install/px4_msgs/include/px4_msgs/px4_msgs/msg/detail/rtcm_data__rosidl_typesupport_fastrtps_c.h\n'}
[1.521991] (px4_msgs) StdoutLine: {'line': b'-- Up-to-date: /home/rudra/custom_flightmode/install/px4_msgs/include/px4_msgs/px4_msgs/msg/detail/telemetry_status__rosidl_typesupport_fastrtps_c.h\n'}
[1.522068] (px4_msgs) StdoutLine: {'line': b'-- Up-to-date: /home/rudra/custom_flightmode/install/px4_msgs/include/px4_msgs/px4_msgs/msg/detail/satellite_info__rosidl_typesupport_fastrtps_c.h\n'}
[1.522139] (px4_msgs) StdoutLine: {'line': b'-- Up-to-date: /home/rudra/custom_flightmode/install/px4_msgs/include/px4_msgs/px4_msgs/msg/detail/rover_attitude_status__rosidl_typesupport_fastrtps_c.h\n'}
[1.522195] (px4_msgs) StdoutLine: {'line': b'-- Up-to-date: /home/rudra/custom_flightmode/install/px4_msgs/include/px4_msgs/px4_msgs/msg/detail/magnetometer_bias_estimate__rosidl_typesupport_fastrtps_c.h\n'}
[1.522249] (px4_msgs) StdoutLine: {'line': b'-- Up-to-date: /home/rudra/custom_flightmode/install/px4_msgs/include/px4_msgs/px4_msgs/msg/detail/gpio_request__rosidl_typesupport_fastrtps_c.h\n'}
[1.522301] (px4_msgs) StdoutLine: {'line': b'-- Up-to-date: /home/rudra/custom_flightmode/install/px4_msgs/include/px4_msgs/px4_msgs/msg/detail/fixed_wing_lateral_guidance_status__rosidl_typesupport_fastrtps_c.h\n'}
[1.522377] (px4_msgs) StdoutLine: {'line': b'-- Up-to-date: /home/rudra/custom_flightmode/install/px4_msgs/include/px4_msgs/px4_msgs/msg/detail/airspeed_wind__rosidl_typesupport_fastrtps_c.h\n'}
[1.522432] (px4_msgs) StdoutLine: {'line': b'-- Up-to-date: /home/rudra/custom_flightmode/install/px4_msgs/include/px4_msgs/px4_msgs/msg/detail/rtl_time_estimate__rosidl_typesupport_fastrtps_c.h\n'}
[1.522517] (px4_msgs) StdoutLine: {'line': b'-- Up-to-date: /home/rudra/custom_flightmode/install/px4_msgs/include/px4_msgs/px4_msgs/msg/detail/vehicle_angular_velocity__rosidl_typesupport_fastrtps_c.h\n'}
[1.522601] (px4_msgs) StdoutLine: {'line': b'-- Up-to-date: /home/rudra/custom_flightmode/install/px4_msgs/include/px4_msgs/px4_msgs/msg/detail/distance_sensor_mode_change_request__rosidl_typesupport_fastrtps_c.h\n'}
[1.522658] (px4_msgs) StdoutLine: {'line': b'-- Up-to-date: /home/rudra/custom_flightmode/install/px4_msgs/include/px4_msgs/px4_msgs/msg/detail/mavlink_log__rosidl_typesupport_fastrtps_c.h\n'}
[1.522722] (px4_msgs) StdoutLine: {'line': b'-- Up-to-date: /home/rudra/custom_flightmode/install/px4_msgs/include/px4_msgs/px4_msgs/msg/detail/debug_key_value__rosidl_typesupport_fastrtps_c.h\n'}
[1.522792] (px4_msgs) StdoutLine: {'line': b'-- Up-to-date: /home/rudra/custom_flightmode/install/px4_msgs/include/px4_msgs/px4_msgs/msg/detail/open_drone_id_operator_id__rosidl_typesupport_fastrtps_c.h\n'}
[1.522856] (px4_msgs) StdoutLine: {'line': b'-- Up-to-date: /home/rudra/custom_flightmode/install/px4_msgs/include/px4_msgs/px4_msgs/msg/detail/collision_constraints__rosidl_typesupport_fastrtps_c.h\n'}
[1.522926] (px4_msgs) StdoutLine: {'line': b'-- Up-to-date: /home/rudra/custom_flightmode/install/px4_msgs/include/px4_msgs/px4_msgs/msg/detail/ping__rosidl_typesupport_fastrtps_c.h\n'}
[1.522987] (px4_msgs) StdoutLine: {'line': b'-- Up-to-date: /home/rudra/custom_flightmode/install/px4_msgs/include/px4_msgs/px4_msgs/msg/detail/fixed_wing_runway_control__rosidl_typesupport_fastrtps_c.h\n'}
[1.523043] (px4_msgs) StdoutLine: {'line': b'-- Up-to-date: /home/rudra/custom_flightmode/install/px4_msgs/include/px4_msgs/px4_msgs/msg/detail/power_button_state__rosidl_typesupport_fastrtps_c.h\n'}
[1.523096] (px4_msgs) StdoutLine: {'line': b'-- Up-to-date: /home/rudra/custom_flightmode/install/px4_msgs/include/px4_msgs/px4_msgs/msg/detail/vte_bias_init_status__rosidl_typesupport_fastrtps_c.h\n'}
[1.523148] (px4_msgs) StdoutLine: {'line': b'-- Up-to-date: /home/rudra/custom_flightmode/install/px4_msgs/include/px4_msgs/px4_msgs/msg/detail/vehicle_attitude__rosidl_typesupport_fastrtps_c.h\n'}
[1.523201] (px4_msgs) StdoutLine: {'line': b'-- Up-to-date: /home/rudra/custom_flightmode/install/px4_msgs/include/px4_msgs/px4_msgs/msg/detail/distance_sensor__rosidl_typesupport_fastrtps_c.h\n'}
[1.523253] (px4_msgs) StdoutLine: {'line': b'-- Up-to-date: /home/rudra/custom_flightmode/install/px4_msgs/include/px4_msgs/px4_msgs/msg/detail/actuator_outputs__rosidl_typesupport_fastrtps_c.h\n'}
[1.523328] (px4_msgs) StdoutLine: {'line': b'-- Up-to-date: /home/rudra/custom_flightmode/install/px4_msgs/include/px4_msgs/px4_msgs/msg/detail/config_overrides__rosidl_typesupport_fastrtps_c.h\n'}
[1.523442] (px4_msgs) StdoutLine: {'line': b'-- Up-to-date: /home/rudra/custom_flightmode/install/px4_msgs/include/px4_msgs/px4_msgs/msg/detail/open_drone_id_arm_status__rosidl_typesupport_fastrtps_c.h\n'}
[1.523534] (px4_msgs) StdoutLine: {'line': b'-- Up-to-date: /home/rudra/custom_flightmode/install/px4_msgs/include/px4_msgs/px4_msgs/msg/detail/ranging_beacon__rosidl_typesupport_fastrtps_c.h\n'}
[1.523603] (px4_msgs) StdoutLine: {'line': b'-- Up-to-date: /home/rudra/custom_flightmode/install/px4_msgs/include/px4_msgs/px4_msgs/msg/detail/actuator_servos__rosidl_typesupport_fastrtps_c.h\n'}
[1.523687] (px4_msgs) StdoutLine: {'line': b'-- Up-to-date: /home/rudra/custom_flightmode/install/px4_msgs/include/px4_msgs/px4_msgs/msg/detail/rover_throttle_setpoint__rosidl_typesupport_fastrtps_c.h\n'}
[1.523743] (px4_msgs) StdoutLine: {'line': b'-- Up-to-date: /home/rudra/custom_flightmode/install/px4_msgs/include/px4_msgs/px4_msgs/msg/detail/internal_combustion_engine_status__rosidl_typesupport_fastrtps_c.h\n'}
[1.523815] (px4_msgs) StdoutLine: {'line': b'-- Up-to-date: /home/rudra/custom_flightmode/install/px4_msgs/include/px4_msgs/px4_msgs/msg/detail/position_controller_landing_status__rosidl_typesupport_fastrtps_c.h\n'}
[1.523897] (px4_msgs) StdoutLine: {'line': b'-- Up-to-date: /home/rudra/custom_flightmode/install/px4_msgs/include/px4_msgs/px4_msgs/msg/detail/vehicle_odometry__rosidl_typesupport_fastrtps_c.h\n'}
[1.523967] (px4_msgs) StdoutLine: {'line': b'-- Up-to-date: /home/rudra/custom_flightmode/install/px4_msgs/include/px4_msgs/px4_msgs/msg/detail/parameter_set_value_request__rosidl_typesupport_fastrtps_c.h\n'}
[1.524022] (px4_msgs) StdoutLine: {'line': b'-- Up-to-date: /home/rudra/custom_flightmode/install/px4_msgs/include/px4_msgs/px4_msgs/msg/detail/vehicle_rates_setpoint__rosidl_typesupport_fastrtps_c.h\n'}
[1.524078] (px4_msgs) StdoutLine: {'line': b'-- Up-to-date: /home/rudra/custom_flightmode/install/px4_msgs/include/px4_msgs/px4_msgs/msg/detail/estimator_sensor_bias__rosidl_typesupport_fastrtps_c.h\n'}
[1.524132] (px4_msgs) StdoutLine: {'line': b'-- Up-to-date: /home/rudra/custom_flightmode/install/px4_msgs/include/px4_msgs/px4_msgs/msg/detail/action_request__rosidl_typesupport_fastrtps_c.h\n'}
[1.524186] (px4_msgs) StdoutLine: {'line': b'-- Up-to-date: /home/rudra/custom_flightmode/install/px4_msgs/include/px4_msgs/px4_msgs/msg/detail/pwm_input__rosidl_typesupport_fastrtps_c.h\n'}
[1.524276] (px4_msgs) StdoutLine: {'line': b'-- Up-to-date: /home/rudra/custom_flightmode/install/px4_msgs/include/px4_msgs/px4_msgs/msg/detail/generator_status__rosidl_typesupport_fastrtps_c.h\n'}
[1.524344] (px4_msgs) StdoutLine: {'line': b'-- Up-to-date: /home/rudra/custom_flightmode/install/px4_msgs/include/px4_msgs/px4_msgs/msg/detail/manual_control_setpoint__rosidl_typesupport_fastrtps_c.h\n'}
[1.524401] (px4_msgs) StdoutLine: {'line': b'-- Up-to-date: /home/rudra/custom_flightmode/install/px4_msgs/include/px4_msgs/px4_msgs/msg/detail/estimator_status__rosidl_typesupport_fastrtps_c.h\n'}
[1.524491] (px4_msgs) StdoutLine: {'line': b'-- Up-to-date: /home/rudra/custom_flightmode/install/px4_msgs/include/px4_msgs/px4_msgs/msg/detail/geofence_result__rosidl_typesupport_fastrtps_c.h\n'}
[1.524614] (px4_msgs) StdoutLine: {'line': b'-- Up-to-date: /home/rudra/custom_flightmode/install/px4_msgs/include/px4_msgs/px4_msgs/msg/detail/fixed_wing_lateral_setpoint__rosidl_typesupport_fastrtps_c.h\n'}
[1.524725] (px4_msgs) StdoutLine: {'line': b'-- Up-to-date: /home/rudra/custom_flightmode/install/px4_msgs/include/px4_msgs/px4_msgs/msg/detail/register_ext_component_request__rosidl_typesupport_fastrtps_c.h\n'}
[1.524817] (px4_msgs) StdoutLine: {'line': b'-- Up-to-date: /home/rudra/custom_flightmode/install/px4_msgs/include/px4_msgs/px4_msgs/msg/detail/dataman_request__rosidl_typesupport_fastrtps_c.h\n'}
[1.524890] (px4_msgs) StdoutLine: {'line': b'-- Up-to-date: /home/rudra/custom_flightmode/install/px4_msgs/include/px4_msgs/px4_msgs/msg/detail/camera_trigger__rosidl_typesupport_fastrtps_c.h\n'}
[1.524955] (px4_msgs) StdoutLine: {'line': b'-- Up-to-date: /home/rudra/custom_flightmode/install/px4_msgs/include/px4_msgs/px4_msgs/msg/detail/position_controller_status__rosidl_typesupport_fastrtps_c.h\n'}
[1.525055] (px4_msgs) StdoutLine: {'line': b'-- Up-to-date: /home/rudra/custom_flightmode/install/px4_msgs/include/px4_msgs/px4_msgs/msg/detail/follow_target__rosidl_typesupport_fastrtps_c.h\n'}
[1.525148] (px4_msgs) StdoutLine: {'line': b'-- Up-to-date: /home/rudra/custom_flightmode/install/px4_msgs/include/px4_msgs/px4_msgs/msg/detail/actuator_test__rosidl_typesupport_fastrtps_c.h\n'}
[1.525236] (px4_msgs) StdoutLine: {'line': b'-- Up-to-date: /home/rudra/custom_flightmode/install/px4_msgs/include/px4_msgs/px4_msgs/msg/detail/geofence_status__rosidl_typesupport_fastrtps_c.h\n'}
[1.525290] (px4_msgs) StdoutLine: {'line': b'-- Up-to-date: /home/rudra/custom_flightmode/install/px4_msgs/include/px4_msgs/px4_msgs/msg/detail/rover_rate_status__rosidl_typesupport_fastrtps_c.h\n'}
[1.525340] (px4_msgs) StdoutLine: {'line': b'-- Up-to-date: /home/rudra/custom_flightmode/install/px4_msgs/include/px4_msgs/px4_msgs/msg/detail/gimbal_manager_set_attitude__rosidl_typesupport_fastrtps_c.h\n'}
[1.525388] (px4_msgs) StdoutLine: {'line': b'-- Up-to-date: /home/rudra/custom_flightmode/install/px4_msgs/include/px4_msgs/px4_msgs/msg/detail/adc_report__rosidl_typesupport_fastrtps_c.h\n'}
[1.525436] (px4_msgs) StdoutLine: {'line': b'-- Up-to-date: /home/rudra/custom_flightmode/install/px4_msgs/include/px4_msgs/px4_msgs/msg/detail/message_format_request__rosidl_typesupport_fastrtps_c.h\n'}
[1.525540] (px4_msgs) StdoutLine: {'line': b'-- Up-to-date: /home/rudra/custom_flightmode/install/px4_msgs/include/px4_msgs/px4_msgs/msg/detail/differential_pressure__rosidl_typesupport_fastrtps_c.h\n'}
[1.525601] (px4_msgs) StdoutLine: {'line': b'-- Up-to-date: /home/rudra/custom_flightmode/install/px4_msgs/include/px4_msgs/px4_msgs/msg/detail/rover_attitude_setpoint__rosidl_typesupport_fastrtps_c.h\n'}
[1.525667] (px4_msgs) StdoutLine: {'line': b'-- Up-to-date: /home/rudra/custom_flightmode/install/px4_msgs/include/px4_msgs/px4_msgs/msg/detail/estimator_innovations__rosidl_typesupport_fastrtps_c.h\n'}
[1.525792] (px4_msgs) StdoutLine: {'line': b'-- Up-to-date: /home/rudra/custom_flightmode/install/px4_msgs/include/px4_msgs/px4_msgs/msg/detail/aux_global_position__rosidl_typesupport_fastrtps_c.h\n'}
[1.525883] (px4_msgs) StdoutLine: {'line': b'-- Up-to-date: /home/rudra/custom_flightmode/install/px4_msgs/include/px4_msgs/px4_msgs/msg/detail/log_message__rosidl_typesupport_fastrtps_c.h\n'}
[1.525986] (px4_msgs) StdoutLine: {'line': b'-- Up-to-date: /home/rudra/custom_flightmode/install/px4_msgs/include/px4_msgs/px4_msgs/msg/detail/gain_compression__rosidl_typesupport_fastrtps_c.h\n'}
[1.526041] (px4_msgs) StdoutLine: {'line': b'-- Up-to-date: /home/rudra/custom_flightmode/install/px4_msgs/include/px4_msgs/px4_msgs/msg/detail/sensor_gnss_relative__rosidl_typesupport_fastrtps_c.h\n'}
[1.526127] (px4_msgs) StdoutLine: {'line': b'-- Up-to-date: /home/rudra/custom_flightmode/install/px4_msgs/include/px4_msgs/px4_msgs/msg/detail/actuator_servos_trim__rosidl_typesupport_fastrtps_c.h\n'}
[1.526190] (px4_msgs) StdoutLine: {'line': b'-- Up-to-date: /home/rudra/custom_flightmode/install/px4_msgs/include/px4_msgs/px4_msgs/msg/detail/normalized_unsigned_setpoint__rosidl_typesupport_fastrtps_c.h\n'}
[1.526267] (px4_msgs) StdoutLine: {'line': b'-- Up-to-date: /home/rudra/custom_flightmode/install/px4_msgs/include/px4_msgs/px4_msgs/msg/detail/parameter_set_value_response__rosidl_typesupport_fastrtps_c.h\n'}
[1.526361] (px4_msgs) StdoutLine: {'line': b'-- Up-to-date: /home/rudra/custom_flightmode/install/px4_msgs/include/px4_msgs/px4_msgs/msg/detail/vehicle_thrust_setpoint__rosidl_typesupport_fastrtps_c.h\n'}
[1.526464] (px4_msgs) StdoutLine: {'line': b'-- Up-to-date: /home/rudra/custom_flightmode/install/px4_msgs/include/px4_msgs/px4_msgs/msg/detail/fiducial_marker_pos_report__rosidl_typesupport_fastrtps_c.h\n'}
[1.526555] (px4_msgs) StdoutLine: {'line': b'-- Up-to-date: /home/rudra/custom_flightmode/install/px4_msgs/include/px4_msgs/px4_msgs/msg/detail/estimator_bias__rosidl_typesupport_fastrtps_c.h\n'}
[1.526608] (px4_msgs) StdoutLine: {'line': b'-- Up-to-date: /home/rudra/custom_flightmode/install/px4_msgs/include/px4_msgs/px4_msgs/msg/detail/home_position__rosidl_typesupport_fastrtps_c.h\n'}
[1.526657] (px4_msgs) StdoutLine: {'line': b'-- Up-to-date: /home/rudra/custom_flightmode/install/px4_msgs/include/px4_msgs/px4_msgs/msg/detail/pps_capture__rosidl_typesupport_fastrtps_c.h\n'}
[1.526706] (px4_msgs) StdoutLine: {'line': b'-- Up-to-date: /home/rudra/custom_flightmode/install/px4_msgs/include/px4_msgs/px4_msgs/msg/detail/gimbal_device_set_attitude__rosidl_typesupport_fastrtps_c.h\n'}
[1.526784] (px4_msgs) StdoutLine: {'line': b'-- Up-to-date: /home/rudra/custom_flightmode/install/px4_msgs/include/px4_msgs/px4_msgs/msg/detail/debug_value__rosidl_typesupport_fastrtps_c.h\n'}
[1.526841] (px4_msgs) StdoutLine: {'line': b'-- Up-to-date: /home/rudra/custom_flightmode/install/px4_msgs/include/px4_msgs/px4_msgs/msg/detail/arming_check_request__rosidl_typesupport_fastrtps_c.h\n'}
[1.526889] (px4_msgs) StdoutLine: {'line': b'-- Up-to-date: /home/rudra/custom_flightmode/install/px4_msgs/include/px4_msgs/px4_msgs/msg/detail/vehicle_air_data__rosidl_typesupport_fastrtps_c.h\n'}
[1.526938] (px4_msgs) StdoutLine: {'line': b'-- Up-to-date: /home/rudra/custom_flightmode/install/px4_msgs/include/px4_msgs/px4_msgs/msg/detail/actuator_armed__rosidl_typesupport_fastrtps_c.h\n'}
[1.526988] (px4_msgs) StdoutLine: {'line': b'-- Up-to-date: /home/rudra/custom_flightmode/install/px4_msgs/include/px4_msgs/px4_msgs/msg/detail/logger_status__rosidl_typesupport_fastrtps_c.h\n'}
[1.527064] (px4_msgs) StdoutLine: {'line': b'-- Up-to-date: /home/rudra/custom_flightmode/install/px4_msgs/include/px4_msgs/px4_msgs/msg/detail/vte_input__rosidl_typesupport_fastrtps_c.h\n'}
[1.527129] (px4_msgs) StdoutLine: {'line': b'-- Up-to-date: /home/rudra/custom_flightmode/install/px4_msgs/include/px4_msgs/px4_msgs/msg/detail/vehicle_acceleration__rosidl_typesupport_fastrtps_c.h\n'}
[1.527181] (px4_msgs) StdoutLine: {'line': b'-- Up-to-date: /home/rudra/custom_flightmode/install/px4_msgs/include/px4_msgs/px4_msgs/msg/detail/sensor_gps__rosidl_typesupport_fastrtps_c.h\n'}
[1.527231] (px4_msgs) StdoutLine: {'line': b'-- Up-to-date: /home/rudra/custom_flightmode/install/px4_msgs/include/px4_msgs/px4_msgs/msg/detail/position_setpoint__rosidl_typesupport_fastrtps_c.h\n'}
[1.527280] (px4_msgs) StdoutLine: {'line': b'-- Up-to-date: /home/rudra/custom_flightmode/install/px4_msgs/include/px4_msgs/px4_msgs/msg/detail/button_event__rosidl_typesupport_fastrtps_c.h\n'}
[1.527327] (px4_msgs) StdoutLine: {'line': b'-- Up-to-date: /home/rudra/custom_flightmode/install/px4_msgs/include/px4_msgs/px4_msgs/msg/detail/iridiumsbd_status__rosidl_typesupport_fastrtps_c.h\n'}
[1.527375] (px4_msgs) StdoutLine: {'line': b'-- Up-to-date: /home/rudra/custom_flightmode/install/px4_msgs/include/px4_msgs/px4_msgs/msg/detail/target_gnss__rosidl_typesupport_fastrtps_c.h\n'}
[1.527424] (px4_msgs) StdoutLine: {'line': b'-- Up-to-date: /home/rudra/custom_flightmode/install/px4_msgs/include/px4_msgs/px4_msgs/msg/detail/battery_info__rosidl_typesupport_fastrtps_c.h\n'}
[1.527479] (px4_msgs) StdoutLine: {'line': b'-- Up-to-date: /home/rudra/custom_flightmode/install/px4_msgs/include/px4_msgs/px4_msgs/msg/detail/open_drone_id_basic_id__rosidl_typesupport_fastrtps_c.h\n'}
[1.527589] (px4_msgs) StdoutLine: {'line': b'-- Up-to-date: /home/rudra/custom_flightmode/install/px4_msgs/include/px4_msgs/px4_msgs/msg/detail/esc_report__rosidl_typesupport_fastrtps_c.h\n'}
[1.527642] (px4_msgs) StdoutLine: {'line': b'-- Up-to-date: /home/rudra/custom_flightmode/install/px4_msgs/include/px4_msgs/px4_msgs/msg/detail/vehicle_local_position_setpoint__rosidl_typesupport_fastrtps_c.h\n'}
[1.527717] (px4_msgs) StdoutLine: {'line': b'-- Up-to-date: /home/rudra/custom_flightmode/install/px4_msgs/include/px4_msgs/px4_msgs/msg/detail/vtol_vehicle_status__rosidl_typesupport_fastrtps_c.h\n'}
[1.527786] (px4_msgs) StdoutLine: {'line': b'-- Up-to-date: /home/rudra/custom_flightmode/install/px4_msgs/include/px4_msgs/px4_msgs/msg/detail/ulog_stream__rosidl_typesupport_fastrtps_c.h\n'}
[1.527837] (px4_msgs) StdoutLine: {'line': b'-- Up-to-date: /home/rudra/custom_flightmode/install/px4_msgs/include/px4_msgs/px4_msgs/msg/detail/gimbal_manager_status__rosidl_typesupport_fastrtps_c.h\n'}
[1.527886] (px4_msgs) StdoutLine: {'line': b'-- Up-to-date: /home/rudra/custom_flightmode/install/px4_msgs/include/px4_msgs/px4_msgs/msg/detail/control_allocator_status__rosidl_typesupport_fastrtps_c.h\n'}
[1.527934] (px4_msgs) StdoutLine: {'line': b'-- Up-to-date: /home/rudra/custom_flightmode/install/px4_msgs/include/px4_msgs/px4_msgs/msg/detail/vehicle_control_mode__rosidl_typesupport_fastrtps_c.h\n'}
[1.528007] (px4_msgs) StdoutLine: {'line': b'-- Up-to-date: /home/rudra/custom_flightmode/install/px4_msgs/include/px4_msgs/px4_msgs/msg/detail/fixed_wing_lateral_status__rosidl_typesupport_fastrtps_c.h\n'}
[1.528070] (px4_msgs) StdoutLine: {'line': b'-- Up-to-date: /home/rudra/custom_flightmode/install/px4_msgs/include/px4_msgs/px4_msgs/msg/detail/gimbal_manager_set_manual_control__rosidl_typesupport_fastrtps_c.h\n'}
[1.528120] (px4_msgs) StdoutLine: {'line': b'-- Up-to-date: /home/rudra/custom_flightmode/install/px4_msgs/include/px4_msgs/px4_msgs/msg/detail/gps_dump__rosidl_typesupport_fastrtps_c.h\n'}
[1.528165] (px4_msgs) StdoutLine: {'line': b'-- Up-to-date: /home/rudra/custom_flightmode/install/px4_msgs/include/px4_msgs/px4_msgs/msg/detail/vehicle_local_position__rosidl_typesupport_fastrtps_c.h\n'}
[1.528237] (px4_msgs) StdoutLine: {'line': b'-- Up-to-date: /home/rudra/custom_flightmode/install/px4_msgs/include/px4_msgs/px4_msgs/msg/detail/detect_and_avoid_most_urgent__rosidl_typesupport_fastrtps_c.h\n'}
[1.528289] (px4_msgs) StdoutLine: {'line': b'-- Up-to-date: /home/rudra/custom_flightmode/install/px4_msgs/include/px4_msgs/px4_msgs/msg/detail/parameter_set_used_request__rosidl_typesupport_fastrtps_c.h\n'}
[1.528339] (px4_msgs) StdoutLine: {'line': b'-- Up-to-date: /home/rudra/custom_flightmode/install/px4_msgs/include/px4_msgs/px4_msgs/msg/detail/orb_test_large__rosidl_typesupport_fastrtps_c.h\n'}
[1.528386] (px4_msgs) StdoutLine: {'line': b'-- Up-to-date: /home/rudra/custom_flightmode/install/px4_msgs/include/px4_msgs/px4_msgs/msg/detail/launch_detection_status__rosidl_typesupport_fastrtps_c.h\n'}
[1.528434] (px4_msgs) StdoutLine: {'line': b'-- Up-to-date: /home/rudra/custom_flightmode/install/px4_msgs/include/px4_msgs/px4_msgs/msg/detail/task_stack_info__rosidl_typesupport_fastrtps_c.h\n'}
[1.528513] (px4_msgs) StdoutLine: {'line': b'-- Up-to-date: /home/rudra/custom_flightmode/install/px4_msgs/include/px4_msgs/px4_msgs/msg/detail/mission__rosidl_typesupport_fastrtps_c.h\n'}
[1.528568] (px4_msgs) StdoutLine: {'line': b'-- Up-to-date: /home/rudra/custom_flightmode/install/px4_msgs/include/px4_msgs/px4_msgs/msg/detail/sensor_gyro__rosidl_typesupport_fastrtps_c.h\n'}
[1.528618] (px4_msgs) StdoutLine: {'line': b'-- Up-to-date: /home/rudra/custom_flightmode/install/px4_msgs/include/px4_msgs/px4_msgs/msg/detail/mission_result__rosidl_typesupport_fastrtps_c.h\n'}
[1.528664] (px4_msgs) StdoutLine: {'line': b'-- Up-to-date: /home/rudra/custom_flightmode/install/px4_msgs/include/px4_msgs/px4_msgs/msg/detail/vte_aid_source3d__rosidl_typesupport_fastrtps_c.h\n'}
[1.528709] (px4_msgs) StdoutLine: {'line': b'-- Up-to-date: /home/rudra/custom_flightmode/install/px4_msgs/include/px4_msgs/px4_msgs/msg/detail/vehicle_attitude_setpoint__rosidl_typesupport_fastrtps_c.h\n'}
[1.528754] (px4_msgs) StdoutLine: {'line': b'-- Up-to-date: /home/rudra/custom_flightmode/install/px4_msgs/include/px4_msgs/px4_msgs/msg/detail/estimator_aid_source3d__rosidl_typesupport_fastrtps_c.h\n'}
[1.528800] (px4_msgs) StdoutLine: {'line': b'-- Up-to-date: /home/rudra/custom_flightmode/install/px4_msgs/include/px4_msgs/px4_msgs/msg/detail/esc_eeprom_write__rosidl_typesupport_fastrtps_c.h\n'}
[1.528871] (px4_msgs) StdoutLine: {'line': b'-- Up-to-date: /home/rudra/custom_flightmode/install/px4_msgs/include/px4_msgs/px4_msgs/msg/detail/vehicle_optical_flow__rosidl_typesupport_fastrtps_c.h\n'}
[1.528966] (px4_msgs) StdoutLine: {'line': b'-- Up-to-date: /home/rudra/custom_flightmode/install/px4_msgs/include/px4_msgs/px4_msgs/msg/detail/rpm__rosidl_typesupport_fastrtps_c.h\n'}
[1.529015] (px4_msgs) StdoutLine: {'line': b'-- Up-to-date: /home/rudra/custom_flightmode/install/px4_msgs/include/px4_msgs/px4_msgs/msg/detail/pure_pursuit_status__rosidl_typesupport_fastrtps_c.h\n'}
[1.529061] (px4_msgs) StdoutLine: {'line': b'-- Up-to-date: /home/rudra/custom_flightmode/install/px4_msgs/include/px4_msgs/px4_msgs/msg/detail/message_format_response__rosidl_typesupport_fastrtps_c.h\n'}
[1.529108] (px4_msgs) StdoutLine: {'line': b'-- Up-to-date: /home/rudra/custom_flightmode/install/px4_msgs/include/px4_msgs/px4_msgs/msg/detail/timesync_status__rosidl_typesupport_fastrtps_c.h\n'}
[1.529154] (px4_msgs) StdoutLine: {'line': b'-- Up-to-date: /home/rudra/custom_flightmode/install/px4_msgs/include/px4_msgs/px4_msgs/msg/detail/heater_status__rosidl_typesupport_fastrtps_c.h\n'}
[1.529255] (px4_msgs) StdoutLine: {'line': b'-- Up-to-date: /home/rudra/custom_flightmode/install/px4_msgs/include/px4_msgs/px4_msgs/msg/detail/estimator_bias3d__rosidl_typesupport_fastrtps_c.h\n'}
[1.529304] (px4_msgs) StdoutLine: {'line': b'-- Up-to-date: /home/rudra/custom_flightmode/install/px4_msgs/include/px4_msgs/px4_msgs/msg/detail/vehicle_constraints__rosidl_typesupport_fastrtps_c.h\n'}
[1.529350] (px4_msgs) StdoutLine: {'line': b'-- Up-to-date: /home/rudra/custom_flightmode/install/px4_msgs/include/px4_msgs/px4_msgs/msg/detail/mag_worker_data__rosidl_typesupport_fastrtps_c.h\n'}
[1.529396] (px4_msgs) StdoutLine: {'line': b'-- Up-to-date: /home/rudra/custom_flightmode/install/px4_msgs/include/px4_msgs/px4_msgs/msg/detail/sensor_gyro_fft__rosidl_typesupport_fastrtps_c.h\n'}
[1.529443] (px4_msgs) StdoutLine: {'line': b'-- Up-to-date: /home/rudra/custom_flightmode/install/px4_msgs/include/px4_msgs/px4_msgs/msg/detail/uavcan_parameter_request__rosidl_typesupport_fastrtps_c.h\n'}
[1.529546] (px4_msgs) StdoutLine: {'line': b'-- Up-to-date: /home/rudra/custom_flightmode/install/px4_msgs/include/px4_msgs/px4_msgs/msg/detail/sensor_mag__rosidl_typesupport_fastrtps_c.h\n'}
[1.529640] (px4_msgs) StdoutLine: {'line': b'-- Up-to-date: /home/rudra/custom_flightmode/install/px4_msgs/include/px4_msgs/px4_msgs/msg/detail/estimator_aid_source1d__rosidl_typesupport_fastrtps_c.h\n'}
[1.529715] (px4_msgs) StdoutLine: {'line': b'-- Up-to-date: /home/rudra/custom_flightmode/install/px4_msgs/include/px4_msgs/px4_msgs/msg/detail/velocity_limits__rosidl_typesupport_fastrtps_c.h\n'}
[1.529795] (px4_msgs) StdoutLine: {'line': b'-- Up-to-date: /home/rudra/custom_flightmode/install/px4_msgs/include/px4_msgs/px4_msgs/msg/detail/sensor_airflow__rosidl_typesupport_fastrtps_c.h\n'}
[1.529861] (px4_msgs) StdoutLine: {'line': b'-- Up-to-date: /home/rudra/custom_flightmode/install/px4_msgs/include/px4_msgs/px4_msgs/msg/detail/gimbal_controls__rosidl_typesupport_fastrtps_c.h\n'}
[1.529910] (px4_msgs) StdoutLine: {'line': b'-- Up-to-date: /home/rudra/custom_flightmode/install/px4_msgs/include/px4_msgs/px4_msgs/msg/detail/landing_gear__rosidl_typesupport_fastrtps_c.h\n'}
[1.529957] (px4_msgs) StdoutLine: {'line': b'-- Up-to-date: /home/rudra/custom_flightmode/install/px4_msgs/include/px4_msgs/px4_msgs/msg/detail/uavcan_parameter_value__rosidl_typesupport_fastrtps_c.h\n'}
[1.530003] (px4_msgs) StdoutLine: {'line': b'-- Up-to-date: /home/rudra/custom_flightmode/install/px4_msgs/include/px4_msgs/px4_msgs/msg/detail/sensors_status__rosidl_typesupport_fastrtps_c.h\n'}
[1.530046] (px4_msgs) StdoutLine: {'line': b'-- Up-to-date: /home/rudra/custom_flightmode/install/px4_msgs/include/px4_msgs/px4_msgs/msg/detail/vtx__rosidl_typesupport_fastrtps_c.h\n'}
[1.530091] (px4_msgs) StdoutLine: {'line': b'-- Up-to-date: /home/rudra/custom_flightmode/install/px4_msgs/include/px4_msgs/px4_msgs/msg/detail/vehicle_torque_setpoint__rosidl_typesupport_fastrtps_c.h\n'}
[1.530157] (px4_msgs) StdoutLine: {'line': b'-- Up-to-date: /home/rudra/custom_flightmode/install/px4_msgs/include/px4_msgs/px4_msgs/msg/detail/vehicle_command_ack__rosidl_typesupport_fastrtps_c.h\n'}
[1.530205] (px4_msgs) StdoutLine: {'line': b'-- Up-to-date: /home/rudra/custom_flightmode/install/px4_msgs/include/px4_msgs/px4_msgs/msg/detail/gripper__rosidl_typesupport_fastrtps_c.h\n'}
[1.530250] (px4_msgs) StdoutLine: {'line': b'-- Up-to-date: /home/rudra/custom_flightmode/install/px4_msgs/include/px4_msgs/px4_msgs/msg/detail/mavlink_tunnel__rosidl_typesupport_fastrtps_c.h\n'}
[1.530296] (px4_msgs) StdoutLine: {'line': b'-- Up-to-date: /home/rudra/custom_flightmode/install/px4_msgs/include/px4_msgs/px4_msgs/msg/detail/failure_detector_status__rosidl_typesupport_fastrtps_c.h\n'}
[1.530342] (px4_msgs) StdoutLine: {'line': b'-- Up-to-date: /home/rudra/custom_flightmode/install/px4_msgs/include/px4_msgs/px4_msgs/msg/detail/sensor_correction__rosidl_typesupport_fastrtps_c.h\n'}
[1.530387] (px4_msgs) StdoutLine: {'line': b'-- Up-to-date: /home/rudra/custom_flightmode/install/px4_msgs/include/px4_msgs/px4_msgs/msg/detail/sensor_selection__rosidl_typesupport_fastrtps_c.h\n'}
[1.530433] (px4_msgs) StdoutLine: {'line': b'-- Up-to-date: /home/rudra/custom_flightmode/install/px4_msgs/include/px4_msgs/px4_msgs/msg/detail/vehicle_global_position__rosidl_typesupport_fastrtps_c.h\n'}
[1.530548] (px4_msgs) StdoutLine: {'line': b'-- Up-to-date: /home/rudra/custom_flightmode/install/px4_msgs/include/px4_msgs/px4_msgs/msg/detail/failsafe_flags__rosidl_typesupport_fastrtps_c.h\n'}
[1.530631] (px4_msgs) StdoutLine: {'line': b'-- Up-to-date: /home/rudra/custom_flightmode/install/px4_msgs/include/px4_msgs/px4_msgs/msg/detail/yaw_estimator_status__rosidl_typesupport_fastrtps_c.h\n'}
[1.530681] (px4_msgs) StdoutLine: {'line': b'-- Up-to-date: /home/rudra/custom_flightmode/install/px4_msgs/include/px4_msgs/px4_msgs/msg/detail/sensor_accel_fifo__rosidl_typesupport_fastrtps_c.h\n'}
[1.530729] (px4_msgs) StdoutLine: {'line': b'-- Up-to-date: /home/rudra/custom_flightmode/install/px4_msgs/include/px4_msgs/px4_msgs/msg/detail/orbit_status__rosidl_typesupport_fastrtps_c.h\n'}
[1.530776] (px4_msgs) StdoutLine: {'line': b'-- Up-to-date: /home/rudra/custom_flightmode/install/px4_msgs/lib/libpx4_msgs__rosidl_typesupport_fastrtps_c.so\n'}
[1.530822] (px4_msgs) StdoutLine: {'line': b'-- Up-to-date: /home/rudra/custom_flightmode/install/px4_msgs/include/px4_msgs/px4_msgs\n'}
[1.530928] (px4_msgs) StdoutLine: {'line': b'-- Up-to-date: /home/rudra/custom_flightmode/install/px4_msgs/include/px4_msgs/px4_msgs/srv\n'}
[1.530978] (px4_msgs) StdoutLine: {'line': b'-- Up-to-date: /home/rudra/custom_flightmode/install/px4_msgs/include/px4_msgs/px4_msgs/srv/detail\n'}
[1.531025] (px4_msgs) StdoutLine: {'line': b'-- Up-to-date: /home/rudra/custom_flightmode/install/px4_msgs/include/px4_msgs/px4_msgs/srv/detail/vehicle_command__type_support.c\n'}
[1.531070] (px4_msgs) StdoutLine: {'line': b'-- Up-to-date: /home/rudra/custom_flightmode/install/px4_msgs/include/px4_msgs/px4_msgs/srv/detail/vehicle_command__rosidl_typesupport_introspection_c.h\n'}
[1.531115] (px4_msgs) StdoutLine: {'line': b'-- Up-to-date: /home/rudra/custom_flightmode/install/px4_msgs/include/px4_msgs/px4_msgs/msg\n'}
[1.531159] (px4_msgs) StdoutLine: {'line': b'-- Up-to-date: /home/rudra/custom_flightmode/install/px4_msgs/include/px4_msgs/px4_msgs/msg/rosidl_typesupport_introspection_c__visibility_control.h\n'}
[1.531204] (px4_msgs) StdoutLine: {'line': b'-- Up-to-date: /home/rudra/custom_flightmode/install/px4_msgs/include/px4_msgs/px4_msgs/msg/detail\n'}
[1.531249] (px4_msgs) StdoutLine: {'line': b'-- Up-to-date: /home/rudra/custom_flightmode/install/px4_msgs/include/px4_msgs/px4_msgs/msg/detail/camera_capture__type_support.c\n'}
[1.531309] (px4_msgs) StdoutLine: {'line': b'-- Up-to-date: /home/rudra/custom_flightmode/install/px4_msgs/include/px4_msgs/px4_msgs/msg/detail/sensor_selection__type_support.c\n'}
[1.531360] (px4_msgs) StdoutLine: {'line': b'-- Up-to-date: /home/rudra/custom_flightmode/install/px4_msgs/include/px4_msgs/px4_msgs/msg/detail/rover_position_setpoint__rosidl_typesupport_introspection_c.h\n'}
[1.531546] (px4_msgs) StdoutLine: {'line': b'-- Up-to-date: /home/rudra/custom_flightmode/install/px4_msgs/include/px4_msgs/px4_msgs/msg/detail/unregister_ext_component__rosidl_typesupport_introspection_c.h\n'}
[1.531681] (px4_msgs) StdoutLine: {'line': b'-- Up-to-date: /home/rudra/custom_flightmode/install/px4_msgs/include/px4_msgs/px4_msgs/msg/detail/system_power__rosidl_typesupport_introspection_c.h\n'}
[1.531773] (px4_msgs) StdoutLine: {'line': b'-- Up-to-date: /home/rudra/custom_flightmode/install/px4_msgs/include/px4_msgs/px4_msgs/msg/detail/fiducial_marker_pos_report__type_support.c\n'}
[1.531825] (px4_msgs) StdoutLine: {'line': b'-- Up-to-date: /home/rudra/custom_flightmode/install/px4_msgs/include/px4_msgs/px4_msgs/msg/detail/estimator_states__type_support.c\n'}
[1.531873] (px4_msgs) StdoutLine: {'line': b'-- Up-to-date: /home/rudra/custom_flightmode/install/px4_msgs/include/px4_msgs/px4_msgs/msg/detail/irlock_report__type_support.c\n'}
[1.531920] (px4_msgs) StdoutLine: {'line': b'-- Up-to-date: /home/rudra/custom_flightmode/install/px4_msgs/include/px4_msgs/px4_msgs/msg/detail/goto_setpoint__type_support.c\n'}
[1.531965] (px4_msgs) StdoutLine: {'line': b'-- Up-to-date: /home/rudra/custom_flightmode/install/px4_msgs/include/px4_msgs/px4_msgs/msg/detail/gimbal_manager_information__rosidl_typesupport_introspection_c.h\n'}
[1.532010] (px4_msgs) StdoutLine: {'line': b'-- Up-to-date: /home/rudra/custom_flightmode/install/px4_msgs/include/px4_msgs/px4_msgs/msg/detail/actuator_servos_trim__rosidl_typesupport_introspection_c.h\n'}
[1.532055] (px4_msgs) StdoutLine: {'line': b'-- Up-to-date: /home/rudra/custom_flightmode/install/px4_msgs/include/px4_msgs/px4_msgs/msg/detail/fixed_wing_longitudinal_setpoint__rosidl_typesupport_introspection_c.h\n'}
[1.532118] (px4_msgs) StdoutLine: {'line': b'-- Up-to-date: /home/rudra/custom_flightmode/install/px4_msgs/include/px4_msgs/px4_msgs/msg/detail/parameter_update__type_support.c\n'}
[1.532165] (px4_msgs) StdoutLine: {'line': b'-- Up-to-date: /home/rudra/custom_flightmode/install/px4_msgs/include/px4_msgs/px4_msgs/msg/detail/goto_setpoint__rosidl_typesupport_introspection_c.h\n'}
[1.532211] (px4_msgs) StdoutLine: {'line': b'-- Up-to-date: /home/rudra/custom_flightmode/install/px4_msgs/include/px4_msgs/px4_msgs/msg/detail/obstacle_distance__rosidl_typesupport_introspection_c.h\n'}
[1.532257] (px4_msgs) StdoutLine: {'line': b'-- Up-to-date: /home/rudra/custom_flightmode/install/px4_msgs/include/px4_msgs/px4_msgs/msg/detail/flight_phase_estimation__type_support.c\n'}
[1.532375] (px4_msgs) StdoutLine: {'line': b'-- Up-to-date: /home/rudra/custom_flightmode/install/px4_msgs/include/px4_msgs/px4_msgs/msg/detail/gripper__rosidl_typesupport_introspection_c.h\n'}
[1.532557] (px4_msgs) StdoutLine: {'line': b'-- Up-to-date: /home/rudra/custom_flightmode/install/px4_msgs/include/px4_msgs/px4_msgs/msg/detail/estimator_bias3d__rosidl_typesupport_introspection_c.h\n'}
[1.532623] (px4_msgs) StdoutLine: {'line': b'-- Up-to-date: /home/rudra/custom_flightmode/install/px4_msgs/include/px4_msgs/px4_msgs/msg/detail/qshell_retval__rosidl_typesupport_introspection_c.h\n'}
[1.532675] (px4_msgs) StdoutLine: {'line': b'-- Up-to-date: /home/rudra/custom_flightmode/install/px4_msgs/include/px4_msgs/px4_msgs/msg/detail/offboard_control_mode__rosidl_typesupport_introspection_c.h\n'}
[1.532724] (px4_msgs) StdoutLine: {'line': b'-- Up-to-date: /home/rudra/custom_flightmode/install/px4_msgs/include/px4_msgs/px4_msgs/msg/detail/follow_target__rosidl_typesupport_introspection_c.h\n'}
[1.532773] (px4_msgs) StdoutLine: {'line': b'-- Up-to-date: /home/rudra/custom_flightmode/install/px4_msgs/include/px4_msgs/px4_msgs/msg/detail/ping__rosidl_typesupport_introspection_c.h\n'}
[1.532862] (px4_msgs) StdoutLine: {'line': b'-- Up-to-date: /home/rudra/custom_flightmode/install/px4_msgs/include/px4_msgs/px4_msgs/msg/detail/autotune_attitude_control_status__type_support.c\n'}
[1.532929] (px4_msgs) StdoutLine: {'line': b'-- Up-to-date: /home/rudra/custom_flightmode/install/px4_msgs/include/px4_msgs/px4_msgs/msg/detail/rover_rate_status__type_support.c\n'}
[1.532999] (px4_msgs) StdoutLine: {'line': b'-- Up-to-date: /home/rudra/custom_flightmode/install/px4_msgs/include/px4_msgs/px4_msgs/msg/detail/camera_trigger__rosidl_typesupport_introspection_c.h\n'}
[1.533067] (px4_msgs) StdoutLine: {'line': b'-- Up-to-date: /home/rudra/custom_flightmode/install/px4_msgs/include/px4_msgs/px4_msgs/msg/detail/rc_channels__rosidl_typesupport_introspection_c.h\n'}
[1.533157] (px4_msgs) StdoutLine: {'line': b'-- Up-to-date: /home/rudra/custom_flightmode/install/px4_msgs/include/px4_msgs/px4_msgs/msg/detail/sensor_combined__type_support.c\n'}
[1.533269] (px4_msgs) StdoutLine: {'line': b'-- Up-to-date: /home/rudra/custom_flightmode/install/px4_msgs/include/px4_msgs/px4_msgs/msg/detail/vehicle_odometry__type_support.c\n'}
[1.533365] (px4_msgs) StdoutLine: {'line': b'-- Up-to-date: /home/rudra/custom_flightmode/install/px4_msgs/include/px4_msgs/px4_msgs/msg/detail/vtol_vehicle_status__rosidl_typesupport_introspection_c.h\n'}
[1.533460] (px4_msgs) StdoutLine: {'line': b'-- Up-to-date: /home/rudra/custom_flightmode/install/px4_msgs/include/px4_msgs/px4_msgs/msg/detail/trajectory_setpoint6dof__rosidl_typesupport_introspection_c.h\n'}
[1.533571] (px4_msgs) StdoutLine: {'line': b'-- Up-to-date: /home/rudra/custom_flightmode/install/px4_msgs/include/px4_msgs/px4_msgs/msg/detail/setpoint_config__rosidl_typesupport_introspection_c.h\n'}
[1.533624] (px4_msgs) StdoutLine: {'line': b'-- Up-to-date: /home/rudra/custom_flightmode/install/px4_msgs/include/px4_msgs/px4_msgs/msg/detail/estimator_bias__rosidl_typesupport_introspection_c.h\n'}
[1.533674] (px4_msgs) StdoutLine: {'line': b'-- Up-to-date: /home/rudra/custom_flightmode/install/px4_msgs/include/px4_msgs/px4_msgs/msg/detail/sensor_selection__rosidl_typesupport_introspection_c.h\n'}
[1.533721] (px4_msgs) StdoutLine: {'line': b'-- Up-to-date: /home/rudra/custom_flightmode/install/px4_msgs/include/px4_msgs/px4_msgs/msg/detail/vehicle_attitude__rosidl_typesupport_introspection_c.h\n'}
[1.533769] (px4_msgs) StdoutLine: {'line': b'-- Up-to-date: /home/rudra/custom_flightmode/install/px4_msgs/include/px4_msgs/px4_msgs/msg/detail/sensor_airflow__type_support.c\n'}
[1.533816] (px4_msgs) StdoutLine: {'line': b'-- Up-to-date: /home/rudra/custom_flightmode/install/px4_msgs/include/px4_msgs/px4_msgs/msg/detail/arming_check_reply__type_support.c\n'}
[1.533864] (px4_msgs) StdoutLine: {'line': b'-- Up-to-date: /home/rudra/custom_flightmode/install/px4_msgs/include/px4_msgs/px4_msgs/msg/detail/tiltrotor_extra_controls__type_support.c\n'}
[1.533910] (px4_msgs) StdoutLine: {'line': b'-- Up-to-date: /home/rudra/custom_flightmode/install/px4_msgs/include/px4_msgs/px4_msgs/msg/detail/logger_status__rosidl_typesupport_introspection_c.h\n'}
[1.533956] (px4_msgs) StdoutLine: {'line': b'-- Up-to-date: /home/rudra/custom_flightmode/install/px4_msgs/include/px4_msgs/px4_msgs/msg/detail/rover_throttle_setpoint__type_support.c\n'}
[1.534004] (px4_msgs) StdoutLine: {'line': b'-- Up-to-date: /home/rudra/custom_flightmode/install/px4_msgs/include/px4_msgs/px4_msgs/msg/detail/open_drone_id_operator_id__type_support.c\n'}
[1.534051] (px4_msgs) StdoutLine: {'line': b'-- Up-to-date: /home/rudra/custom_flightmode/install/px4_msgs/include/px4_msgs/px4_msgs/msg/detail/failure_detector_status__rosidl_typesupport_introspection_c.h\n'}
[1.534098] (px4_msgs) StdoutLine: {'line': b'-- Up-to-date: /home/rudra/custom_flightmode/install/px4_msgs/include/px4_msgs/px4_msgs/msg/detail/actuator_outputs__rosidl_typesupport_introspection_c.h\n'}
[1.534145] (px4_msgs) StdoutLine: {'line': b'-- Up-to-date: /home/rudra/custom_flightmode/install/px4_msgs/include/px4_msgs/px4_msgs/msg/detail/navigator_status__type_support.c\n'}
[1.534193] (px4_msgs) StdoutLine: {'line': b'-- Up-to-date: /home/rudra/custom_flightmode/install/px4_msgs/include/px4_msgs/px4_msgs/msg/detail/can_interface_status__type_support.c\n'}
[1.534261] (px4_msgs) StdoutLine: {'line': b'-- Up-to-date: /home/rudra/custom_flightmode/install/px4_msgs/include/px4_msgs/px4_msgs/msg/detail/camera_trigger__type_support.c\n'}
[1.534404] (px4_msgs) StdoutLine: {'line': b'-- Up-to-date: /home/rudra/custom_flightmode/install/px4_msgs/include/px4_msgs/px4_msgs/msg/detail/satellite_info__type_support.c\n'}
[1.534454] (px4_msgs) StdoutLine: {'line': b'-- Up-to-date: /home/rudra/custom_flightmode/install/px4_msgs/include/px4_msgs/px4_msgs/msg/detail/geofence_result__rosidl_typesupport_introspection_c.h\n'}
[1.534517] (px4_msgs) StdoutLine: {'line': b'-- Up-to-date: /home/rudra/custom_flightmode/install/px4_msgs/include/px4_msgs/px4_msgs/msg/detail/ulog_stream__rosidl_typesupport_introspection_c.h\n'}
[1.534566] (px4_msgs) StdoutLine: {'line': b'-- Up-to-date: /home/rudra/custom_flightmode/install/px4_msgs/include/px4_msgs/px4_msgs/msg/detail/dataman_request__rosidl_typesupport_introspection_c.h\n'}
[1.534613] (px4_msgs) StdoutLine: {'line': b'-- Up-to-date: /home/rudra/custom_flightmode/install/px4_msgs/include/px4_msgs/px4_msgs/msg/detail/sensor_mag__type_support.c\n'}
[1.534659] (px4_msgs) StdoutLine: {'line': b'-- Up-to-date: /home/rudra/custom_flightmode/install/px4_msgs/include/px4_msgs/px4_msgs/msg/detail/sensor_accel__type_support.c\n'}
[1.534779] (px4_msgs) StdoutLine: {'line': b'-- Up-to-date: /home/rudra/custom_flightmode/install/px4_msgs/include/px4_msgs/px4_msgs/msg/detail/mount_orientation__type_support.c\n'}
[1.534829] (px4_msgs) StdoutLine: {'line': b'-- Up-to-date: /home/rudra/custom_flightmode/install/px4_msgs/include/px4_msgs/px4_msgs/msg/detail/landing_target_innovations__rosidl_typesupport_introspection_c.h\n'}
[1.534875] (px4_msgs) StdoutLine: {'line': b'-- Up-to-date: /home/rudra/custom_flightmode/install/px4_msgs/include/px4_msgs/px4_msgs/msg/detail/flight_phase_estimation__rosidl_typesupport_introspection_c.h\n'}
[1.534954] (px4_msgs) StdoutLine: {'line': b'-- Up-to-date: /home/rudra/custom_flightmode/install/px4_msgs/include/px4_msgs/px4_msgs/msg/detail/battery_status__rosidl_typesupport_introspection_c.h\n'}
[1.535006] (px4_msgs) StdoutLine: {'line': b'-- Up-to-date: /home/rudra/custom_flightmode/install/px4_msgs/include/px4_msgs/px4_msgs/msg/detail/distance_sensor__rosidl_typesupport_introspection_c.h\n'}
[1.535054] (px4_msgs) StdoutLine: {'line': b'-- Up-to-date: /home/rudra/custom_flightmode/install/px4_msgs/include/px4_msgs/px4_msgs/msg/detail/mavlink_tunnel__type_support.c\n'}
[1.535101] (px4_msgs) StdoutLine: {'line': b'-- Up-to-date: /home/rudra/custom_flightmode/install/px4_msgs/include/px4_msgs/px4_msgs/msg/detail/uavcan_parameter_value__rosidl_typesupport_introspection_c.h\n'}
[1.535147] (px4_msgs) StdoutLine: {'line': b'-- Up-to-date: /home/rudra/custom_flightmode/install/px4_msgs/include/px4_msgs/px4_msgs/msg/detail/vehicle_attitude_setpoint__rosidl_typesupport_introspection_c.h\n'}
[1.535192] (px4_msgs) StdoutLine: {'line': b'-- Up-to-date: /home/rudra/custom_flightmode/install/px4_msgs/include/px4_msgs/px4_msgs/msg/detail/gpio_config__rosidl_typesupport_introspection_c.h\n'}
[1.535255] (px4_msgs) StdoutLine: {'line': b'-- Up-to-date: /home/rudra/custom_flightmode/install/px4_msgs/include/px4_msgs/px4_msgs/msg/detail/vehicle_constraints__rosidl_typesupport_introspection_c.h\n'}
[1.535303] (px4_msgs) StdoutLine: {'line': b'-- Up-to-date: /home/rudra/custom_flightmode/install/px4_msgs/include/px4_msgs/px4_msgs/msg/detail/gimbal_controls__rosidl_typesupport_introspection_c.h\n'}
[1.535349] (px4_msgs) StdoutLine: {'line': b'-- Up-to-date: /home/rudra/custom_flightmode/install/px4_msgs/include/px4_msgs/px4_msgs/msg/detail/sensor_correction__rosidl_typesupport_introspection_c.h\n'}
[1.535394] (px4_msgs) StdoutLine: {'line': b'-- Up-to-date: /home/rudra/custom_flightmode/install/px4_msgs/include/px4_msgs/px4_msgs/msg/detail/longitudinal_control_configuration__rosidl_typesupport_introspection_c.h\n'}
[1.535440] (px4_msgs) StdoutLine: {'line': b'-- Up-to-date: /home/rudra/custom_flightmode/install/px4_msgs/include/px4_msgs/px4_msgs/msg/detail/power_monitor__rosidl_typesupport_introspection_c.h\n'}
[1.536131] (px4_msgs) StdoutLine: {'line': b'-- Up-to-date: /home/rudra/custom_flightmode/install/px4_msgs/include/px4_msgs/px4_msgs/msg/detail/mag_worker_data__rosidl_typesupport_introspection_c.h\n'}
[1.536198] (px4_msgs) StdoutLine: {'line': b'-- Up-to-date: /home/rudra/custom_flightmode/install/px4_msgs/include/px4_msgs/px4_msgs/msg/detail/setpoint_config_reply__type_support.c\n'}
[1.536247] (px4_msgs) StdoutLine: {'line': b'-- Up-to-date: /home/rudra/custom_flightmode/install/px4_msgs/include/px4_msgs/px4_msgs/msg/detail/adc_report__rosidl_typesupport_introspection_c.h\n'}
[1.536294] (px4_msgs) StdoutLine: {'line': b'-- Up-to-date: /home/rudra/custom_flightmode/install/px4_msgs/include/px4_msgs/px4_msgs/msg/detail/gimbal_device_attitude_status__type_support.c\n'}
[1.536340] (px4_msgs) StdoutLine: {'line': b'-- Up-to-date: /home/rudra/custom_flightmode/install/px4_msgs/include/px4_msgs/px4_msgs/msg/detail/vehicle_angular_velocity__rosidl_typesupport_introspection_c.h\n'}
[1.536386] (px4_msgs) StdoutLine: {'line': b'-- Up-to-date: /home/rudra/custom_flightmode/install/px4_msgs/include/px4_msgs/px4_msgs/msg/detail/dronecan_node_status__type_support.c\n'}
[1.536431] (px4_msgs) StdoutLine: {'line': b'-- Up-to-date: /home/rudra/custom_flightmode/install/px4_msgs/include/px4_msgs/px4_msgs/msg/detail/rover_rate_status__rosidl_typesupport_introspection_c.h\n'}
[1.536520] (px4_msgs) StdoutLine: {'line': b'-- Up-to-date: /home/rudra/custom_flightmode/install/px4_msgs/include/px4_msgs/px4_msgs/msg/detail/vehicle_air_data__type_support.c\n'}
[1.536576] (px4_msgs) StdoutLine: {'line': b'-- Up-to-date: /home/rudra/custom_flightmode/install/px4_msgs/include/px4_msgs/px4_msgs/msg/detail/gain_compression__rosidl_typesupport_introspection_c.h\n'}
[1.536620] (px4_msgs) StdoutLine: {'line': b'-- Up-to-date: /home/rudra/custom_flightmode/install/px4_msgs/include/px4_msgs/px4_msgs/msg/detail/ulog_stream_ack__rosidl_typesupport_introspection_c.h\n'}
[1.536661] (px4_msgs) StdoutLine: {'line': b'-- Up-to-date: /home/rudra/custom_flightmode/install/px4_msgs/include/px4_msgs/px4_msgs/msg/detail/sensors_status__type_support.c\n'}
[1.536705] (px4_msgs) StdoutLine: {'line': b'-- Up-to-date: /home/rudra/custom_flightmode/install/px4_msgs/include/px4_msgs/px4_msgs/msg/detail/sensor_mag__rosidl_typesupport_introspection_c.h\n'}
[1.536747] (px4_msgs) StdoutLine: {'line': b'-- Up-to-date: /home/rudra/custom_flightmode/install/px4_msgs/include/px4_msgs/px4_msgs/msg/detail/obstacle_distance__type_support.c\n'}
[1.536797] (px4_msgs) StdoutLine: {'line': b'-- Up-to-date: /home/rudra/custom_flightmode/install/px4_msgs/include/px4_msgs/px4_msgs/msg/detail/actuator_controls_status__type_support.c\n'}
[1.536843] (px4_msgs) StdoutLine: {'line': b'-- Up-to-date: /home/rudra/custom_flightmode/install/px4_msgs/include/px4_msgs/px4_msgs/msg/detail/gimbal_device_attitude_status__rosidl_typesupport_introspection_c.h\n'}
[1.536913] (px4_msgs) StdoutLine: {'line': b'-- Up-to-date: /home/rudra/custom_flightmode/install/px4_msgs/include/px4_msgs/px4_msgs/msg/detail/esc_eeprom_write__type_support.c\n'}
[1.536965] (px4_msgs) StdoutLine: {'line': b'-- Up-to-date: /home/rudra/custom_flightmode/install/px4_msgs/include/px4_msgs/px4_msgs/msg/detail/gpio_out__type_support.c\n'}
[1.537012] (px4_msgs) StdoutLine: {'line': b'-- Up-to-date: /home/rudra/custom_flightmode/install/px4_msgs/include/px4_msgs/px4_msgs/msg/detail/estimator_fusion_control__type_support.c\n'}
[1.537060] (px4_msgs) StdoutLine: {'line': b'-- Up-to-date: /home/rudra/custom_flightmode/install/px4_msgs/include/px4_msgs/px4_msgs/msg/detail/mavlink_tunnel__rosidl_typesupport_introspection_c.h\n'}
[1.537106] (px4_msgs) StdoutLine: {'line': b'-- Up-to-date: /home/rudra/custom_flightmode/install/px4_msgs/include/px4_msgs/px4_msgs/msg/detail/target_gnss__type_support.c\n'}
[1.537152] (px4_msgs) StdoutLine: {'line': b'-- Up-to-date: /home/rudra/custom_flightmode/install/px4_msgs/include/px4_msgs/px4_msgs/msg/detail/sensor_correction__type_support.c\n'}
[1.537198] (px4_msgs) StdoutLine: {'line': b'-- Up-to-date: /home/rudra/custom_flightmode/install/px4_msgs/include/px4_msgs/px4_msgs/msg/detail/vte_aid_source3d__rosidl_typesupport_introspection_c.h\n'}
[1.537274] (px4_msgs) StdoutLine: {'line': b'-- Up-to-date: /home/rudra/custom_flightmode/install/px4_msgs/include/px4_msgs/px4_msgs/msg/detail/estimator_status_flags__type_support.c\n'}
[1.537321] (px4_msgs) StdoutLine: {'line': b'-- Up-to-date: /home/rudra/custom_flightmode/install/px4_msgs/include/px4_msgs/px4_msgs/msg/detail/onboard_computer_status__rosidl_typesupport_introspection_c.h\n'}
[1.537367] (px4_msgs) StdoutLine: {'line': b'-- Up-to-date: /home/rudra/custom_flightmode/install/px4_msgs/include/px4_msgs/px4_msgs/msg/detail/target_gnss__rosidl_typesupport_introspection_c.h\n'}
[1.537412] (px4_msgs) StdoutLine: {'line': b'-- Up-to-date: /home/rudra/custom_flightmode/install/px4_msgs/include/px4_msgs/px4_msgs/msg/detail/failsafe_flags__type_support.c\n'}
[1.537458] (px4_msgs) StdoutLine: {'line': b'-- Up-to-date: /home/rudra/custom_flightmode/install/px4_msgs/include/px4_msgs/px4_msgs/msg/detail/tecs_status__rosidl_typesupport_introspection_c.h\n'}
[1.537582] (px4_msgs) StdoutLine: {'line': b'-- Up-to-date: /home/rudra/custom_flightmode/install/px4_msgs/include/px4_msgs/px4_msgs/msg/detail/satellite_info__rosidl_typesupport_introspection_c.h\n'}
[1.537637] (px4_msgs) StdoutLine: {'line': b'-- Up-to-date: /home/rudra/custom_flightmode/install/px4_msgs/include/px4_msgs/px4_msgs/msg/detail/mode_completed__type_support.c\n'}
[1.537684] (px4_msgs) StdoutLine: {'line': b'-- Up-to-date: /home/rudra/custom_flightmode/install/px4_msgs/include/px4_msgs/px4_msgs/msg/detail/airspeed_validated__type_support.c\n'}
[1.537731] (px4_msgs) StdoutLine: {'line': b'-- Up-to-date: /home/rudra/custom_flightmode/install/px4_msgs/include/px4_msgs/px4_msgs/msg/detail/detect_and_avoid_most_urgent__type_support.c\n'}
[1.537777] (px4_msgs) StdoutLine: {'line': b'-- Up-to-date: /home/rudra/custom_flightmode/install/px4_msgs/include/px4_msgs/px4_msgs/msg/detail/rtcm_data__rosidl_typesupport_introspection_c.h\n'}
[1.537823] (px4_msgs) StdoutLine: {'line': b'-- Up-to-date: /home/rudra/custom_flightmode/install/px4_msgs/include/px4_msgs/px4_msgs/msg/detail/estimator_status_flags__rosidl_typesupport_introspection_c.h\n'}
[1.537868] (px4_msgs) StdoutLine: {'line': b'-- Up-to-date: /home/rudra/custom_flightmode/install/px4_msgs/include/px4_msgs/px4_msgs/msg/detail/tune_control__rosidl_typesupport_introspection_c.h\n'}
[1.537914] (px4_msgs) StdoutLine: {'line': b'-- Up-to-date: /home/rudra/custom_flightmode/install/px4_msgs/include/px4_msgs/px4_msgs/msg/detail/arming_check_request__type_support.c\n'}
[1.537959] (px4_msgs) StdoutLine: {'line': b'-- Up-to-date: /home/rudra/custom_flightmode/install/px4_msgs/include/px4_msgs/px4_msgs/msg/detail/onboard_computer_status__type_support.c\n'}
[1.538004] (px4_msgs) StdoutLine: {'line': b'-- Up-to-date: /home/rudra/custom_flightmode/install/px4_msgs/include/px4_msgs/px4_msgs/msg/detail/sensors_status__rosidl_typesupport_introspection_c.h\n'}
[1.538049] (px4_msgs) StdoutLine: {'line': b'-- Up-to-date: /home/rudra/custom_flightmode/install/px4_msgs/include/px4_msgs/px4_msgs/msg/detail/follow_target_estimator__type_support.c\n'}
[1.538094] (px4_msgs) StdoutLine: {'line': b'-- Up-to-date: /home/rudra/custom_flightmode/install/px4_msgs/include/px4_msgs/px4_msgs/msg/detail/neural_control__rosidl_typesupport_introspection_c.h\n'}
[1.538139] (px4_msgs) StdoutLine: {'line': b'-- Up-to-date: /home/rudra/custom_flightmode/install/px4_msgs/include/px4_msgs/px4_msgs/msg/detail/estimator_aid_source3d__rosidl_typesupport_introspection_c.h\n'}
[1.538183] (px4_msgs) StdoutLine: {'line': b'-- Up-to-date: /home/rudra/custom_flightmode/install/px4_msgs/include/px4_msgs/px4_msgs/msg/detail/sensor_temp__rosidl_typesupport_introspection_c.h\n'}
[1.538228] (px4_msgs) StdoutLine: {'line': b'-- Up-to-date: /home/rudra/custom_flightmode/install/px4_msgs/include/px4_msgs/px4_msgs/msg/detail/parameter_set_used_request__rosidl_typesupport_introspection_c.h\n'}
[1.538342] (px4_msgs) StdoutLine: {'line': b'-- Up-to-date: /home/rudra/custom_flightmode/install/px4_msgs/include/px4_msgs/px4_msgs/msg/detail/power_button_state__rosidl_typesupport_introspection_c.h\n'}
[1.538438] (px4_msgs) StdoutLine: {'line': b'-- Up-to-date: /home/rudra/custom_flightmode/install/px4_msgs/include/px4_msgs/px4_msgs/msg/detail/power_monitor__type_support.c\n'}
[1.538553] (px4_msgs) StdoutLine: {'line': b'-- Up-to-date: /home/rudra/custom_flightmode/install/px4_msgs/include/px4_msgs/px4_msgs/msg/detail/vehicle_roi__rosidl_typesupport_introspection_c.h\n'}
[1.538635] (px4_msgs) StdoutLine: {'line': b'-- Up-to-date: /home/rudra/custom_flightmode/install/px4_msgs/include/px4_msgs/px4_msgs/msg/detail/battery_info__type_support.c\n'}
[1.538826] (px4_msgs) StdoutLine: {'line': b'-- Up-to-date: /home/rudra/custom_flightmode/install/px4_msgs/include/px4_msgs/px4_msgs/msg/detail/raptor_input__rosidl_typesupport_introspection_c.h\n'}
[1.538928] (px4_msgs) StdoutLine: {'line': b'-- Up-to-date: /home/rudra/custom_flightmode/install/px4_msgs/include/px4_msgs/px4_msgs/msg/detail/pure_pursuit_status__type_support.c\n'}
[1.538988] (px4_msgs) StdoutLine: {'line': b'-- Up-to-date: /home/rudra/custom_flightmode/install/px4_msgs/include/px4_msgs/px4_msgs/msg/detail/gps_dump__type_support.c\n'}
[1.539040] (px4_msgs) StdoutLine: {'line': b'-- Up-to-date: /home/rudra/custom_flightmode/install/px4_msgs/include/px4_msgs/px4_msgs/msg/detail/takeoff_status__type_support.c\n'}
[1.539090] (px4_msgs) StdoutLine: {'line': b'-- Up-to-date: /home/rudra/custom_flightmode/install/px4_msgs/include/px4_msgs/px4_msgs/msg/detail/airspeed_validated__rosidl_typesupport_introspection_c.h\n'}
[1.539139] (px4_msgs) StdoutLine: {'line': b'-- Up-to-date: /home/rudra/custom_flightmode/install/px4_msgs/include/px4_msgs/px4_msgs/msg/detail/navigator_status__rosidl_typesupport_introspection_c.h\n'}
[1.539251] (px4_msgs) StdoutLine: {'line': b'-- Up-to-date: /home/rudra/custom_flightmode/install/px4_msgs/include/px4_msgs/px4_msgs/msg/detail/vehicle_torque_setpoint__rosidl_typesupport_introspection_c.h\n'}
[1.539308] (px4_msgs) StdoutLine: {'line': b'-- Up-to-date: /home/rudra/custom_flightmode/install/px4_msgs/include/px4_msgs/px4_msgs/msg/detail/vehicle_command_ack__type_support.c\n'}
[1.539359] (px4_msgs) StdoutLine: {'line': b'-- Up-to-date: /home/rudra/custom_flightmode/install/px4_msgs/include/px4_msgs/px4_msgs/msg/detail/transponder_report__type_support.c\n'}
[1.539407] (px4_msgs) StdoutLine: {'line': b'-- Up-to-date: /home/rudra/custom_flightmode/install/px4_msgs/include/px4_msgs/px4_msgs/msg/detail/position_setpoint_triplet__type_support.c\n'}
[1.539457] (px4_msgs) StdoutLine: {'line': b'-- Up-to-date: /home/rudra/custom_flightmode/install/px4_msgs/include/px4_msgs/px4_msgs/msg/detail/landing_gear__type_support.c\n'}
[1.539542] (px4_msgs) StdoutLine: {'line': b'-- Up-to-date: /home/rudra/custom_flightmode/install/px4_msgs/include/px4_msgs/px4_msgs/msg/detail/neural_control__type_support.c\n'}
[1.539643] (px4_msgs) StdoutLine: {'line': b'-- Up-to-date: /home/rudra/custom_flightmode/install/px4_msgs/include/px4_msgs/px4_msgs/msg/detail/estimator_event_flags__type_support.c\n'}
[1.539696] (px4_msgs) StdoutLine: {'line': b'-- Up-to-date: /home/rudra/custom_flightmode/install/px4_msgs/include/px4_msgs/px4_msgs/msg/detail/orb_test_large__type_support.c\n'}
[1.539790] (px4_msgs) StdoutLine: {'line': b'-- Up-to-date: /home/rudra/custom_flightmode/install/px4_msgs/include/px4_msgs/px4_msgs/msg/detail/debug_array__type_support.c\n'}
[1.539844] (px4_msgs) StdoutLine: {'line': b'-- Up-to-date: /home/rudra/custom_flightmode/install/px4_msgs/include/px4_msgs/px4_msgs/msg/detail/position_setpoint__rosidl_typesupport_introspection_c.h\n'}
[1.539896] (px4_msgs) StdoutLine: {'line': b'-- Up-to-date: /home/rudra/custom_flightmode/install/px4_msgs/include/px4_msgs/px4_msgs/msg/detail/vehicle_imu__rosidl_typesupport_introspection_c.h\n'}
[1.539946] (px4_msgs) StdoutLine: {'line': b'-- Up-to-date: /home/rudra/custom_flightmode/install/px4_msgs/include/px4_msgs/px4_msgs/msg/detail/sensor_gnss_relative__rosidl_typesupport_introspection_c.h\n'}
[1.540043] (px4_msgs) StdoutLine: {'line': b'-- Up-to-date: /home/rudra/custom_flightmode/install/px4_msgs/include/px4_msgs/px4_msgs/msg/detail/device_information__rosidl_typesupport_introspection_c.h\n'}
[1.540095] (px4_msgs) StdoutLine: {'line': b'-- Up-to-date: /home/rudra/custom_flightmode/install/px4_msgs/include/px4_msgs/px4_msgs/msg/detail/esc_report__type_support.c\n'}
[1.540144] (px4_msgs) StdoutLine: {'line': b'-- Up-to-date: /home/rudra/custom_flightmode/install/px4_msgs/include/px4_msgs/px4_msgs/msg/detail/actuator_outputs__type_support.c\n'}
[1.540194] (px4_msgs) StdoutLine: {'line': b'-- Up-to-date: /home/rudra/custom_flightmode/install/px4_msgs/include/px4_msgs/px4_msgs/msg/detail/rover_attitude_setpoint__rosidl_typesupport_introspection_c.h\n'}
[1.540262] (px4_msgs) StdoutLine: {'line': b'-- Up-to-date: /home/rudra/custom_flightmode/install/px4_msgs/include/px4_msgs/px4_msgs/msg/detail/vehicle_local_position_setpoint__rosidl_typesupport_introspection_c.h\n'}
[1.540368] (px4_msgs) StdoutLine: {'line': b'-- Up-to-date: /home/rudra/custom_flightmode/install/px4_msgs/include/px4_msgs/px4_msgs/msg/detail/failure_injection__rosidl_typesupport_introspection_c.h\n'}
[1.540469] (px4_msgs) StdoutLine: {'line': b'-- Up-to-date: /home/rudra/custom_flightmode/install/px4_msgs/include/px4_msgs/px4_msgs/msg/detail/message_format_response__type_support.c\n'}
[1.540572] (px4_msgs) StdoutLine: {'line': b'-- Up-to-date: /home/rudra/custom_flightmode/install/px4_msgs/include/px4_msgs/px4_msgs/msg/detail/fuel_tank_status__type_support.c\n'}
[1.540626] (px4_msgs) StdoutLine: {'line': b'-- Up-to-date: /home/rudra/custom_flightmode/install/px4_msgs/include/px4_msgs/px4_msgs/msg/detail/rover_position_setpoint__type_support.c\n'}
[1.540676] (px4_msgs) StdoutLine: {'line': b'-- Up-to-date: /home/rudra/custom_flightmode/install/px4_msgs/include/px4_msgs/px4_msgs/msg/detail/yaw_estimator_status__rosidl_typesupport_introspection_c.h\n'}
[1.540726] (px4_msgs) StdoutLine: {'line': b'-- Up-to-date: /home/rudra/custom_flightmode/install/px4_msgs/include/px4_msgs/px4_msgs/msg/detail/battery_status__type_support.c\n'}
[1.540775] (px4_msgs) StdoutLine: {'line': b'-- Up-to-date: /home/rudra/custom_flightmode/install/px4_msgs/include/px4_msgs/px4_msgs/msg/detail/open_drone_id_self_id__rosidl_typesupport_introspection_c.h\n'}
[1.540824] (px4_msgs) StdoutLine: {'line': b'-- Up-to-date: /home/rudra/custom_flightmode/install/px4_msgs/include/px4_msgs/px4_msgs/msg/detail/sensors_status_imu__rosidl_typesupport_introspection_c.h\n'}
[1.540872] (px4_msgs) StdoutLine: {'line': b'-- Up-to-date: /home/rudra/custom_flightmode/install/px4_msgs/include/px4_msgs/px4_msgs/msg/detail/sensor_gyro__type_support.c\n'}
[1.540921] (px4_msgs) StdoutLine: {'line': b'-- Up-to-date: /home/rudra/custom_flightmode/install/px4_msgs/include/px4_msgs/px4_msgs/msg/detail/airspeed__type_support.c\n'}
[1.540969] (px4_msgs) StdoutLine: {'line': b'-- Up-to-date: /home/rudra/custom_flightmode/install/px4_msgs/include/px4_msgs/px4_msgs/msg/detail/sensor_optical_flow__type_support.c\n'}
[1.541018] (px4_msgs) StdoutLine: {'line': b'-- Up-to-date: /home/rudra/custom_flightmode/install/px4_msgs/include/px4_msgs/px4_msgs/msg/detail/aux_global_position__type_support.c\n'}
[1.541063] (px4_msgs) StdoutLine: {'line': b'-- Up-to-date: /home/rudra/custom_flightmode/install/px4_msgs/include/px4_msgs/px4_msgs/msg/detail/camera_capture__rosidl_typesupport_introspection_c.h\n'}
[1.541111] (px4_msgs) StdoutLine: {'line': b'-- Up-to-date: /home/rudra/custom_flightmode/install/px4_msgs/include/px4_msgs/px4_msgs/msg/detail/rtl_status__type_support.c\n'}
[1.541158] (px4_msgs) StdoutLine: {'line': b'-- Up-to-date: /home/rudra/custom_flightmode/install/px4_msgs/include/px4_msgs/px4_msgs/msg/detail/telemetry_status__rosidl_typesupport_introspection_c.h\n'}
[1.541225] (px4_msgs) StdoutLine: {'line': b'-- Up-to-date: /home/rudra/custom_flightmode/install/px4_msgs/include/px4_msgs/px4_msgs/msg/detail/manual_control_setpoint__rosidl_typesupport_introspection_c.h\n'}
[1.541314] (px4_msgs) StdoutLine: {'line': b'-- Up-to-date: /home/rudra/custom_flightmode/install/px4_msgs/include/px4_msgs/px4_msgs/msg/detail/sensor_airflow__rosidl_typesupport_introspection_c.h\n'}
[1.541361] (px4_msgs) StdoutLine: {'line': b'-- Up-to-date: /home/rudra/custom_flightmode/install/px4_msgs/include/px4_msgs/px4_msgs/msg/detail/airspeed_wind__rosidl_typesupport_introspection_c.h\n'}
[1.541407] (px4_msgs) StdoutLine: {'line': b'-- Up-to-date: /home/rudra/custom_flightmode/install/px4_msgs/include/px4_msgs/px4_msgs/msg/detail/actuator_servos__type_support.c\n'}
[1.541451] (px4_msgs) StdoutLine: {'line': b'-- Up-to-date: /home/rudra/custom_flightmode/install/px4_msgs/include/px4_msgs/px4_msgs/msg/detail/mission_result__rosidl_typesupport_introspection_c.h\n'}
[1.541508] (px4_msgs) StdoutLine: {'line': b'-- Up-to-date: /home/rudra/custom_flightmode/install/px4_msgs/include/px4_msgs/px4_msgs/msg/detail/sensor_accel_fifo__type_support.c\n'}
[1.541556] (px4_msgs) StdoutLine: {'line': b'-- Up-to-date: /home/rudra/custom_flightmode/install/px4_msgs/include/px4_msgs/px4_msgs/msg/detail/fiducial_marker_yaw_report__rosidl_typesupport_introspection_c.h\n'}
[1.541599] (px4_msgs) StdoutLine: {'line': b'-- Up-to-date: /home/rudra/custom_flightmode/install/px4_msgs/include/px4_msgs/px4_msgs/msg/detail/ulog_stream_ack__type_support.c\n'}
[1.541643] (px4_msgs) StdoutLine: {'line': b'-- Up-to-date: /home/rudra/custom_flightmode/install/px4_msgs/include/px4_msgs/px4_msgs/msg/detail/tune_control__type_support.c\n'}
[1.541686] (px4_msgs) StdoutLine: {'line': b'-- Up-to-date: /home/rudra/custom_flightmode/install/px4_msgs/include/px4_msgs/px4_msgs/msg/detail/estimator_aid_source1d__rosidl_typesupport_introspection_c.h\n'}
[1.541736] (px4_msgs) StdoutLine: {'line': b'-- Up-to-date: /home/rudra/custom_flightmode/install/px4_msgs/include/px4_msgs/px4_msgs/msg/detail/follow_target_estimator__rosidl_typesupport_introspection_c.h\n'}
[1.541785] (px4_msgs) StdoutLine: {'line': b'-- Up-to-date: /home/rudra/custom_flightmode/install/px4_msgs/include/px4_msgs/px4_msgs/msg/detail/estimator_gps_status__rosidl_typesupport_introspection_c.h\n'}
[1.541885] (px4_msgs) StdoutLine: {'line': b'-- Up-to-date: /home/rudra/custom_flightmode/install/px4_msgs/include/px4_msgs/px4_msgs/msg/detail/log_message__type_support.c\n'}
[1.541939] (px4_msgs) StdoutLine: {'line': b'-- Up-to-date: /home/rudra/custom_flightmode/install/px4_msgs/include/px4_msgs/px4_msgs/msg/detail/follow_target__type_support.c\n'}
[1.541990] (px4_msgs) StdoutLine: {'line': b'-- Up-to-date: /home/rudra/custom_flightmode/install/px4_msgs/include/px4_msgs/px4_msgs/msg/detail/rtl_status__rosidl_typesupport_introspection_c.h\n'}
[1.542071] (px4_msgs) StdoutLine: {'line': b'-- Up-to-date: /home/rudra/custom_flightmode/install/px4_msgs/include/px4_msgs/px4_msgs/msg/detail/orbit_status__rosidl_typesupport_introspection_c.h\n'}
[1.542139] (px4_msgs) StdoutLine: {'line': b'-- Up-to-date: /home/rudra/custom_flightmode/install/px4_msgs/include/px4_msgs/px4_msgs/msg/detail/mount_orientation__rosidl_typesupport_introspection_c.h\n'}
[1.542189] (px4_msgs) StdoutLine: {'line': b'-- Up-to-date: /home/rudra/custom_flightmode/install/px4_msgs/include/px4_msgs/px4_msgs/msg/detail/vehicle_command__type_support.c\n'}
[1.542238] (px4_msgs) StdoutLine: {'line': b'-- Up-to-date: /home/rudra/custom_flightmode/install/px4_msgs/include/px4_msgs/px4_msgs/msg/detail/orb_test_medium__rosidl_typesupport_introspection_c.h\n'}
[1.542285] (px4_msgs) StdoutLine: {'line': b'-- Up-to-date: /home/rudra/custom_flightmode/install/px4_msgs/include/px4_msgs/px4_msgs/msg/detail/sensor_gps__rosidl_typesupport_introspection_c.h\n'}
[1.542332] (px4_msgs) StdoutLine: {'line': b'-- Up-to-date: /home/rudra/custom_flightmode/install/px4_msgs/include/px4_msgs/px4_msgs/msg/detail/mode_completed__rosidl_typesupport_introspection_c.h\n'}
[1.542380] (px4_msgs) StdoutLine: {'line': b'-- Up-to-date: /home/rudra/custom_flightmode/install/px4_msgs/include/px4_msgs/px4_msgs/msg/detail/fixed_wing_runway_control__rosidl_typesupport_introspection_c.h\n'}
[1.542439] (px4_msgs) StdoutLine: {'line': b'-- Up-to-date: /home/rudra/custom_flightmode/install/px4_msgs/include/px4_msgs/px4_msgs/msg/detail/vehicle_air_data__rosidl_typesupport_introspection_c.h\n'}
[1.542536] (px4_msgs) StdoutLine: {'line': b'-- Up-to-date: /home/rudra/custom_flightmode/install/px4_msgs/include/px4_msgs/px4_msgs/msg/detail/internal_combustion_engine_control__rosidl_typesupport_introspection_c.h\n'}
[1.542609] (px4_msgs) StdoutLine: {'line': b'-- Up-to-date: /home/rudra/custom_flightmode/install/px4_msgs/include/px4_msgs/px4_msgs/msg/detail/cpuload__type_support.c\n'}
[1.542661] (px4_msgs) StdoutLine: {'line': b'-- Up-to-date: /home/rudra/custom_flightmode/install/px4_msgs/include/px4_msgs/px4_msgs/msg/detail/estimator_aid_source1d__type_support.c\n'}
[1.542712] (px4_msgs) StdoutLine: {'line': b'-- Up-to-date: /home/rudra/custom_flightmode/install/px4_msgs/include/px4_msgs/px4_msgs/msg/detail/vehicle_imu_status__type_support.c\n'}
[1.542762] (px4_msgs) StdoutLine: {'line': b'-- Up-to-date: /home/rudra/custom_flightmode/install/px4_msgs/include/px4_msgs/px4_msgs/msg/detail/vehicle_status__rosidl_typesupport_introspection_c.h\n'}
[1.542811] (px4_msgs) StdoutLine: {'line': b'-- Up-to-date: /home/rudra/custom_flightmode/install/px4_msgs/include/px4_msgs/px4_msgs/msg/detail/sensor_baro__type_support.c\n'}
[1.542860] (px4_msgs) StdoutLine: {'line': b'-- Up-to-date: /home/rudra/custom_flightmode/install/px4_msgs/include/px4_msgs/px4_msgs/msg/detail/debug_value__type_support.c\n'}
[1.542909] (px4_msgs) StdoutLine: {'line': b'-- Up-to-date: /home/rudra/custom_flightmode/install/px4_msgs/include/px4_msgs/px4_msgs/msg/detail/message_format_request__rosidl_typesupport_introspection_c.h\n'}
[1.542956] (px4_msgs) StdoutLine: {'line': b'-- Up-to-date: /home/rudra/custom_flightmode/install/px4_msgs/include/px4_msgs/px4_msgs/msg/detail/manual_control_switches__type_support.c\n'}
[1.543015] (px4_msgs) StdoutLine: {'line': b'-- Up-to-date: /home/rudra/custom_flightmode/install/px4_msgs/include/px4_msgs/px4_msgs/msg/detail/actuator_armed__type_support.c\n'}
[1.543068] (px4_msgs) StdoutLine: {'line': b'-- Up-to-date: /home/rudra/custom_flightmode/install/px4_msgs/include/px4_msgs/px4_msgs/msg/detail/vte_position__rosidl_typesupport_introspection_c.h\n'}
[1.543117] (px4_msgs) StdoutLine: {'line': b'-- Up-to-date: /home/rudra/custom_flightmode/install/px4_msgs/include/px4_msgs/px4_msgs/msg/detail/vehicle_roi__type_support.c\n'}
[1.543164] (px4_msgs) StdoutLine: {'line': b'-- Up-to-date: /home/rudra/custom_flightmode/install/px4_msgs/include/px4_msgs/px4_msgs/msg/detail/figure_eight_status__type_support.c\n'}
[1.543212] (px4_msgs) StdoutLine: {'line': b'-- Up-to-date: /home/rudra/custom_flightmode/install/px4_msgs/include/px4_msgs/px4_msgs/msg/detail/parameter_set_value_request__type_support.c\n'}
[1.543259] (px4_msgs) StdoutLine: {'line': b'-- Up-to-date: /home/rudra/custom_flightmode/install/px4_msgs/include/px4_msgs/px4_msgs/msg/detail/orb_test_large__rosidl_typesupport_introspection_c.h\n'}
[1.543340] (px4_msgs) StdoutLine: {'line': b'-- Up-to-date: /home/rudra/custom_flightmode/install/px4_msgs/include/px4_msgs/px4_msgs/msg/detail/pwm_input__rosidl_typesupport_introspection_c.h\n'}
[1.543393] (px4_msgs) StdoutLine: {'line': b'-- Up-to-date: /home/rudra/custom_flightmode/install/px4_msgs/include/px4_msgs/px4_msgs/msg/detail/internal_combustion_engine_control__type_support.c\n'}
[1.543442] (px4_msgs) StdoutLine: {'line': b'-- Up-to-date: /home/rudra/custom_flightmode/install/px4_msgs/include/px4_msgs/px4_msgs/msg/detail/vehicle_thrust_setpoint__rosidl_typesupport_introspection_c.h\n'}
[1.543555] (px4_msgs) StdoutLine: {'line': b'-- Up-to-date: /home/rudra/custom_flightmode/install/px4_msgs/include/px4_msgs/px4_msgs/msg/detail/follow_target_status__rosidl_typesupport_introspection_c.h\n'}
[1.543630] (px4_msgs) StdoutLine: {'line': b'-- Up-to-date: /home/rudra/custom_flightmode/install/px4_msgs/include/px4_msgs/px4_msgs/msg/detail/distance_sensor_mode_change_request__rosidl_typesupport_introspection_c.h\n'}
[1.543723] (px4_msgs) StdoutLine: {'line': b'-- Up-to-date: /home/rudra/custom_flightmode/install/px4_msgs/include/px4_msgs/px4_msgs/msg/detail/pps_capture__type_support.c\n'}
[1.543786] (px4_msgs) StdoutLine: {'line': b'-- Up-to-date: /home/rudra/custom_flightmode/install/px4_msgs/include/px4_msgs/px4_msgs/msg/detail/orb_test_medium__type_support.c\n'}
[1.543838] (px4_msgs) StdoutLine: {'line': b'-- Up-to-date: /home/rudra/custom_flightmode/install/px4_msgs/include/px4_msgs/px4_msgs/msg/detail/esc_eeprom_read__type_support.c\n'}
[1.543932] (px4_msgs) StdoutLine: {'line': b'-- Up-to-date: /home/rudra/custom_flightmode/install/px4_msgs/include/px4_msgs/px4_msgs/msg/detail/collision_constraints__type_support.c\n'}
[1.543987] (px4_msgs) StdoutLine: {'line': b'-- Up-to-date: /home/rudra/custom_flightmode/install/px4_msgs/include/px4_msgs/px4_msgs/msg/detail/detect_and_avoid__rosidl_typesupport_introspection_c.h\n'}
[1.544084] (px4_msgs) StdoutLine: {'line': b'-- Up-to-date: /home/rudra/custom_flightmode/install/px4_msgs/include/px4_msgs/px4_msgs/msg/detail/px4io_status__type_support.c\n'}
[1.544135] (px4_msgs) StdoutLine: {'line': b'-- Up-to-date: /home/rudra/custom_flightmode/install/px4_msgs/include/px4_msgs/px4_msgs/msg/detail/vehicle_command_ack__rosidl_typesupport_introspection_c.h\n'}
[1.544185] (px4_msgs) StdoutLine: {'line': b'-- Up-to-date: /home/rudra/custom_flightmode/install/px4_msgs/include/px4_msgs/px4_msgs/msg/detail/telemetry_status__type_support.c\n'}
[1.544234] (px4_msgs) StdoutLine: {'line': b'-- Up-to-date: /home/rudra/custom_flightmode/install/px4_msgs/include/px4_msgs/px4_msgs/msg/detail/rover_attitude_status__rosidl_typesupport_introspection_c.h\n'}
[1.544283] (px4_msgs) StdoutLine: {'line': b'-- Up-to-date: /home/rudra/custom_flightmode/install/px4_msgs/include/px4_msgs/px4_msgs/msg/detail/vehicle_status__type_support.c\n'}
[1.544355] (px4_msgs) StdoutLine: {'line': b'-- Up-to-date: /home/rudra/custom_flightmode/install/px4_msgs/include/px4_msgs/px4_msgs/msg/detail/gimbal_manager_set_attitude__rosidl_typesupport_introspection_c.h\n'}
[1.544408] (px4_msgs) StdoutLine: {'line': b'-- Up-to-date: /home/rudra/custom_flightmode/install/px4_msgs/include/px4_msgs/px4_msgs/msg/detail/fixed_wing_runway_control__type_support.c\n'}
[1.544455] (px4_msgs) StdoutLine: {'line': b'-- Up-to-date: /home/rudra/custom_flightmode/install/px4_msgs/include/px4_msgs/px4_msgs/msg/detail/vte_orientation__type_support.c\n'}
[1.544603] (px4_msgs) StdoutLine: {'line': b'-- Up-to-date: /home/rudra/custom_flightmode/install/px4_msgs/include/px4_msgs/px4_msgs/msg/detail/power_button_state__type_support.c\n'}
[1.544691] (px4_msgs) StdoutLine: {'line': b'-- Up-to-date: /home/rudra/custom_flightmode/install/px4_msgs/include/px4_msgs/px4_msgs/msg/detail/vehicle_thrust_setpoint__type_support.c\n'}
[1.544770] (px4_msgs) StdoutLine: {'line': b'-- Up-to-date: /home/rudra/custom_flightmode/install/px4_msgs/include/px4_msgs/px4_msgs/msg/detail/cpuload__rosidl_typesupport_introspection_c.h\n'}
[1.544823] (px4_msgs) StdoutLine: {'line': b'-- Up-to-date: /home/rudra/custom_flightmode/install/px4_msgs/include/px4_msgs/px4_msgs/msg/detail/debug_vect__type_support.c\n'}
[1.544890] (px4_msgs) StdoutLine: {'line': b'-- Up-to-date: /home/rudra/custom_flightmode/install/px4_msgs/include/px4_msgs/px4_msgs/msg/detail/gripper__type_support.c\n'}
[1.544943] (px4_msgs) StdoutLine: {'line': b'-- Up-to-date: /home/rudra/custom_flightmode/install/px4_msgs/include/px4_msgs/px4_msgs/msg/detail/timesync_status__rosidl_typesupport_introspection_c.h\n'}
[1.545015] (px4_msgs) StdoutLine: {'line': b'-- Up-to-date: /home/rudra/custom_flightmode/install/px4_msgs/include/px4_msgs/px4_msgs/msg/detail/position_controller_status__rosidl_typesupport_introspection_c.h\n'}
[1.545069] (px4_msgs) StdoutLine: {'line': b'-- Up-to-date: /home/rudra/custom_flightmode/install/px4_msgs/include/px4_msgs/px4_msgs/msg/detail/home_position__rosidl_typesupport_introspection_c.h\n'}
[1.545167] (px4_msgs) StdoutLine: {'line': b'-- Up-to-date: /home/rudra/custom_flightmode/install/px4_msgs/include/px4_msgs/px4_msgs/msg/detail/esc_status__type_support.c\n'}
[1.545365] (px4_msgs) StdoutLine: {'line': b'-- Up-to-date: /home/rudra/custom_flightmode/install/px4_msgs/include/px4_msgs/px4_msgs/msg/detail/parameter_update__rosidl_typesupport_introspection_c.h\n'}
[1.545432] (px4_msgs) StdoutLine: {'line': b'-- Up-to-date: /home/rudra/custom_flightmode/install/px4_msgs/include/px4_msgs/px4_msgs/msg/detail/vehicle_imu__type_support.c\n'}
[1.545577] (px4_msgs) StdoutLine: {'line': b'-- Up-to-date: /home/rudra/custom_flightmode/install/px4_msgs/include/px4_msgs/px4_msgs/msg/detail/position_setpoint_triplet__rosidl_typesupport_introspection_c.h\n'}
[1.545664] (px4_msgs) StdoutLine: {'line': b'-- Up-to-date: /home/rudra/custom_flightmode/install/px4_msgs/include/px4_msgs/px4_msgs/msg/detail/gpio_in__rosidl_typesupport_introspection_c.h\n'}
[1.545721] (px4_msgs) StdoutLine: {'line': b'-- Up-to-date: /home/rudra/custom_flightmode/install/px4_msgs/include/px4_msgs/px4_msgs/msg/detail/button_event__rosidl_typesupport_introspection_c.h\n'}
[1.545773] (px4_msgs) StdoutLine: {'line': b'-- Up-to-date: /home/rudra/custom_flightmode/install/px4_msgs/include/px4_msgs/px4_msgs/msg/detail/message_format_response__rosidl_typesupport_introspection_c.h\n'}
[1.545824] (px4_msgs) StdoutLine: {'line': b'-- Up-to-date: /home/rudra/custom_flightmode/install/px4_msgs/include/px4_msgs/px4_msgs/msg/detail/actuator_motors__rosidl_typesupport_introspection_c.h\n'}
[1.545964] (px4_msgs) StdoutLine: {'line': b'-- Up-to-date: /home/rudra/custom_flightmode/install/px4_msgs/include/px4_msgs/px4_msgs/msg/detail/estimator_selector_status__rosidl_typesupport_introspection_c.h\n'}
[1.546030] (px4_msgs) StdoutLine: {'line': b'-- Up-to-date: /home/rudra/custom_flightmode/install/px4_msgs/include/px4_msgs/px4_msgs/msg/detail/home_position__type_support.c\n'}
[1.546099] (px4_msgs) StdoutLine: {'line': b'-- Up-to-date: /home/rudra/custom_flightmode/install/px4_msgs/include/px4_msgs/px4_msgs/msg/detail/open_drone_id_self_id__type_support.c\n'}
[1.546153] (px4_msgs) StdoutLine: {'line': b'-- Up-to-date: /home/rudra/custom_flightmode/install/px4_msgs/include/px4_msgs/px4_msgs/msg/detail/estimator_aid_source3d__type_support.c\n'}
[1.546231] (px4_msgs) StdoutLine: {'line': b'-- Up-to-date: /home/rudra/custom_flightmode/install/px4_msgs/include/px4_msgs/px4_msgs/msg/detail/vehicle_control_mode__rosidl_typesupport_introspection_c.h\n'}
[1.546309] (px4_msgs) StdoutLine: {'line': b'-- Up-to-date: /home/rudra/custom_flightmode/install/px4_msgs/include/px4_msgs/px4_msgs/msg/detail/position_setpoint__type_support.c\n'}
[1.546385] (px4_msgs) StdoutLine: {'line': b'-- Up-to-date: /home/rudra/custom_flightmode/install/px4_msgs/include/px4_msgs/px4_msgs/msg/detail/control_allocator_status__rosidl_typesupport_introspection_c.h\n'}
[1.546460] (px4_msgs) StdoutLine: {'line': b'-- Up-to-date: /home/rudra/custom_flightmode/install/px4_msgs/include/px4_msgs/px4_msgs/msg/detail/differential_pressure__rosidl_typesupport_introspection_c.h\n'}
[1.546581] (px4_msgs) StdoutLine: {'line': b'-- Up-to-date: /home/rudra/custom_flightmode/install/px4_msgs/include/px4_msgs/px4_msgs/msg/detail/ekf2_timestamps__rosidl_typesupport_introspection_c.h\n'}
[1.546649] (px4_msgs) StdoutLine: {'line': b'-- Up-to-date: /home/rudra/custom_flightmode/install/px4_msgs/include/px4_msgs/px4_msgs/msg/detail/takeoff_status__rosidl_typesupport_introspection_c.h\n'}
[1.546717] (px4_msgs) StdoutLine: {'line': b'-- Up-to-date: /home/rudra/custom_flightmode/install/px4_msgs/include/px4_msgs/px4_msgs/msg/detail/pps_capture__rosidl_typesupport_introspection_c.h\n'}
[1.546779] (px4_msgs) StdoutLine: {'line': b'-- Up-to-date: /home/rudra/custom_flightmode/install/px4_msgs/include/px4_msgs/px4_msgs/msg/detail/lateral_control_configuration__rosidl_typesupport_introspection_c.h\n'}
[1.546845] (px4_msgs) StdoutLine: {'line': b'-- Up-to-date: /home/rudra/custom_flightmode/install/px4_msgs/include/px4_msgs/px4_msgs/msg/detail/esc_eeprom_read__rosidl_typesupport_introspection_c.h\n'}
[1.546910] (px4_msgs) StdoutLine: {'line': b'-- Up-to-date: /home/rudra/custom_flightmode/install/px4_msgs/include/px4_msgs/px4_msgs/msg/detail/health_report__rosidl_typesupport_introspection_c.h\n'}
[1.546981] (px4_msgs) StdoutLine: {'line': b'-- Up-to-date: /home/rudra/custom_flightmode/install/px4_msgs/include/px4_msgs/px4_msgs/msg/detail/rover_attitude_status__type_support.c\n'}
[1.547041] (px4_msgs) StdoutLine: {'line': b'-- Up-to-date: /home/rudra/custom_flightmode/install/px4_msgs/include/px4_msgs/px4_msgs/msg/detail/arming_check_reply__rosidl_typesupport_introspection_c.h\n'}
[1.547119] (px4_msgs) StdoutLine: {'line': b'-- Up-to-date: /home/rudra/custom_flightmode/install/px4_msgs/include/px4_msgs/px4_msgs/msg/detail/position_controller_status__type_support.c\n'}
[1.547192] (px4_msgs) StdoutLine: {'line': b'-- Up-to-date: /home/rudra/custom_flightmode/install/px4_msgs/include/px4_msgs/px4_msgs/msg/detail/control_allocator_status__type_support.c\n'}
[1.547268] (px4_msgs) StdoutLine: {'line': b'-- Up-to-date: /home/rudra/custom_flightmode/install/px4_msgs/include/px4_msgs/px4_msgs/msg/detail/velocity_limits__rosidl_typesupport_introspection_c.h\n'}
[1.547374] (px4_msgs) StdoutLine: {'line': b'-- Up-to-date: /home/rudra/custom_flightmode/install/px4_msgs/include/px4_msgs/px4_msgs/msg/detail/vehicle_land_detected__type_support.c\n'}
[1.547454] (px4_msgs) StdoutLine: {'line': b'-- Up-to-date: /home/rudra/custom_flightmode/install/px4_msgs/include/px4_msgs/px4_msgs/msg/detail/rtl_time_estimate__type_support.c\n'}
[1.547535] (px4_msgs) StdoutLine: {'line': b'-- Up-to-date: /home/rudra/custom_flightmode/install/px4_msgs/include/px4_msgs/px4_msgs/msg/detail/vehicle_imu_status__rosidl_typesupport_introspection_c.h\n'}
[1.547595] (px4_msgs) StdoutLine: {'line': b'-- Up-to-date: /home/rudra/custom_flightmode/install/px4_msgs/include/px4_msgs/px4_msgs/msg/detail/sensor_gyro_fifo__rosidl_typesupport_introspection_c.h\n'}
[1.547688] (px4_msgs) StdoutLine: {'line': b'-- Up-to-date: /home/rudra/custom_flightmode/install/px4_msgs/include/px4_msgs/px4_msgs/msg/detail/prec_land_status__type_support.c\n'}
[1.547770] (px4_msgs) StdoutLine: {'line': b'-- Up-to-date: /home/rudra/custom_flightmode/install/px4_msgs/include/px4_msgs/px4_msgs/msg/detail/rate_ctrl_status__rosidl_typesupport_introspection_c.h\n'}
[1.547847] (px4_msgs) StdoutLine: {'line': b'-- Up-to-date: /home/rudra/custom_flightmode/install/px4_msgs/include/px4_msgs/px4_msgs/msg/detail/cellular_status__type_support.c\n'}
[1.547901] (px4_msgs) StdoutLine: {'line': b'-- Up-to-date: /home/rudra/custom_flightmode/install/px4_msgs/include/px4_msgs/px4_msgs/msg/detail/vehicle_acceleration__rosidl_typesupport_introspection_c.h\n'}
[1.548029] (px4_msgs) StdoutLine: {'line': b'-- Up-to-date: /home/rudra/custom_flightmode/install/px4_msgs/include/px4_msgs/px4_msgs/msg/detail/wheel_encoders__type_support.c\n'}
[1.548085] (px4_msgs) StdoutLine: {'line': b'-- Up-to-date: /home/rudra/custom_flightmode/install/px4_msgs/include/px4_msgs/px4_msgs/msg/detail/failure_injection__type_support.c\n'}
[1.548137] (px4_msgs) StdoutLine: {'line': b'-- Up-to-date: /home/rudra/custom_flightmode/install/px4_msgs/include/px4_msgs/px4_msgs/msg/detail/logger_status__type_support.c\n'}
[1.548187] (px4_msgs) StdoutLine: {'line': b'-- Up-to-date: /home/rudra/custom_flightmode/install/px4_msgs/include/px4_msgs/px4_msgs/msg/detail/wind__rosidl_typesupport_introspection_c.h\n'}
[1.548237] (px4_msgs) StdoutLine: {'line': b'-- Up-to-date: /home/rudra/custom_flightmode/install/px4_msgs/include/px4_msgs/px4_msgs/msg/detail/open_drone_id_basic_id__rosidl_typesupport_introspection_c.h\n'}
[1.548287] (px4_msgs) StdoutLine: {'line': b'-- Up-to-date: /home/rudra/custom_flightmode/install/px4_msgs/include/px4_msgs/px4_msgs/msg/detail/vehicle_magnetometer__rosidl_typesupport_introspection_c.h\n'}
[1.548337] (px4_msgs) StdoutLine: {'line': b'-- Up-to-date: /home/rudra/custom_flightmode/install/px4_msgs/include/px4_msgs/px4_msgs/msg/detail/internal_combustion_engine_status__rosidl_typesupport_introspection_c.h\n'}
[1.548387] (px4_msgs) StdoutLine: {'line': b'-- Up-to-date: /home/rudra/custom_flightmode/install/px4_msgs/include/px4_msgs/px4_msgs/msg/detail/failsafe_flags__rosidl_typesupport_introspection_c.h\n'}
[1.548519] (px4_msgs) StdoutLine: {'line': b'-- Up-to-date: /home/rudra/custom_flightmode/install/px4_msgs/include/px4_msgs/px4_msgs/msg/detail/vehicle_acceleration__type_support.c\n'}
[1.548581] (px4_msgs) StdoutLine: {'line': b'-- Up-to-date: /home/rudra/custom_flightmode/install/px4_msgs/include/px4_msgs/px4_msgs/msg/detail/landing_target_pose__type_support.c\n'}
[1.548634] (px4_msgs) StdoutLine: {'line': b'-- Up-to-date: /home/rudra/custom_flightmode/install/px4_msgs/include/px4_msgs/px4_msgs/msg/detail/landing_target_innovations__type_support.c\n'}
[1.548683] (px4_msgs) StdoutLine: {'line': b'-- Up-to-date: /home/rudra/custom_flightmode/install/px4_msgs/include/px4_msgs/px4_msgs/msg/detail/magnetometer_bias_estimate__type_support.c\n'}
[1.548731] (px4_msgs) StdoutLine: {'line': b'-- Up-to-date: /home/rudra/custom_flightmode/install/px4_msgs/include/px4_msgs/px4_msgs/msg/detail/position_controller_landing_status__type_support.c\n'}
[1.548781] (px4_msgs) StdoutLine: {'line': b'-- Up-to-date: /home/rudra/custom_flightmode/install/px4_msgs/include/px4_msgs/px4_msgs/msg/detail/failure_detector_status__type_support.c\n'}
[1.548830] (px4_msgs) StdoutLine: {'line': b'-- Up-to-date: /home/rudra/custom_flightmode/install/px4_msgs/include/px4_msgs/px4_msgs/msg/detail/fixed_wing_lateral_setpoint__type_support.c\n'}
[1.548879] (px4_msgs) StdoutLine: {'line': b'-- Up-to-date: /home/rudra/custom_flightmode/install/px4_msgs/include/px4_msgs/px4_msgs/msg/detail/esc_status__rosidl_typesupport_introspection_c.h\n'}
[1.548928] (px4_msgs) StdoutLine: {'line': b'-- Up-to-date: /home/rudra/custom_flightmode/install/px4_msgs/include/px4_msgs/px4_msgs/msg/detail/fixed_wing_lateral_setpoint__rosidl_typesupport_introspection_c.h\n'}
[1.548977] (px4_msgs) StdoutLine: {'line': b'-- Up-to-date: /home/rudra/custom_flightmode/install/px4_msgs/include/px4_msgs/px4_msgs/msg/detail/airspeed_wind__type_support.c\n'}
[1.549024] (px4_msgs) StdoutLine: {'line': b'-- Up-to-date: /home/rudra/custom_flightmode/install/px4_msgs/include/px4_msgs/px4_msgs/msg/detail/gpio_config__type_support.c\n'}
[1.549094] (px4_msgs) StdoutLine: {'line': b'-- Up-to-date: /home/rudra/custom_flightmode/install/px4_msgs/include/px4_msgs/px4_msgs/msg/detail/vehicle_attitude_setpoint__type_support.c\n'}
[1.549149] (px4_msgs) StdoutLine: {'line': b'-- Up-to-date: /home/rudra/custom_flightmode/install/px4_msgs/include/px4_msgs/px4_msgs/msg/detail/ekf2_timestamps__type_support.c\n'}
[1.549201] (px4_msgs) StdoutLine: {'line': b'-- Up-to-date: /home/rudra/custom_flightmode/install/px4_msgs/include/px4_msgs/px4_msgs/msg/detail/hover_thrust_estimate__type_support.c\n'}
[1.549249] (px4_msgs) StdoutLine: {'line': b'-- Up-to-date: /home/rudra/custom_flightmode/install/px4_msgs/include/px4_msgs/px4_msgs/msg/detail/radio_status__rosidl_typesupport_introspection_c.h\n'}
[1.549297] (px4_msgs) StdoutLine: {'line': b'-- Up-to-date: /home/rudra/custom_flightmode/install/px4_msgs/include/px4_msgs/px4_msgs/msg/detail/vehicle_torque_setpoint__type_support.c\n'}
[1.549346] (px4_msgs) StdoutLine: {'line': b'-- Up-to-date: /home/rudra/custom_flightmode/install/px4_msgs/include/px4_msgs/px4_msgs/msg/detail/sensor_baro__rosidl_typesupport_introspection_c.h\n'}
[1.549395] (px4_msgs) StdoutLine: {'line': b'-- Up-to-date: /home/rudra/custom_flightmode/install/px4_msgs/include/px4_msgs/px4_msgs/msg/detail/heater_status__type_support.c\n'}
[1.549444] (px4_msgs) StdoutLine: {'line': b'-- Up-to-date: /home/rudra/custom_flightmode/install/px4_msgs/include/px4_msgs/px4_msgs/msg/detail/device_information__type_support.c\n'}
[1.549565] (px4_msgs) StdoutLine: {'line': b'-- Up-to-date: /home/rudra/custom_flightmode/install/px4_msgs/include/px4_msgs/px4_msgs/msg/detail/mag_worker_data__type_support.c\n'}
[1.549707] (px4_msgs) StdoutLine: {'line': b'-- Up-to-date: /home/rudra/custom_flightmode/install/px4_msgs/include/px4_msgs/px4_msgs/msg/detail/vtx__type_support.c\n'}
[1.549814] (px4_msgs) StdoutLine: {'line': b'-- Up-to-date: /home/rudra/custom_flightmode/install/px4_msgs/include/px4_msgs/px4_msgs/msg/detail/gimbal_manager_set_attitude__type_support.c\n'}
[1.549868] (px4_msgs) StdoutLine: {'line': b'-- Up-to-date: /home/rudra/custom_flightmode/install/px4_msgs/include/px4_msgs/px4_msgs/msg/detail/gimbal_manager_set_manual_control__rosidl_typesupport_introspection_c.h\n'}
[1.549919] (px4_msgs) StdoutLine: {'line': b'-- Up-to-date: /home/rudra/custom_flightmode/install/px4_msgs/include/px4_msgs/px4_msgs/msg/detail/manual_control_setpoint__type_support.c\n'}
[1.549968] (px4_msgs) StdoutLine: {'line': b'-- Up-to-date: /home/rudra/custom_flightmode/install/px4_msgs/include/px4_msgs/px4_msgs/msg/detail/sensor_gnss_status__rosidl_typesupport_introspection_c.h\n'}
[1.550018] (px4_msgs) StdoutLine: {'line': b'-- Up-to-date: /home/rudra/custom_flightmode/install/px4_msgs/include/px4_msgs/px4_msgs/msg/detail/gimbal_device_information__type_support.c\n'}
[1.550068] (px4_msgs) StdoutLine: {'line': b'-- Up-to-date: /home/rudra/custom_flightmode/install/px4_msgs/include/px4_msgs/px4_msgs/msg/detail/gimbal_manager_status__type_support.c\n'}
[1.550116] (px4_msgs) StdoutLine: {'line': b'-- Up-to-date: /home/rudra/custom_flightmode/install/px4_msgs/include/px4_msgs/px4_msgs/msg/detail/button_event__type_support.c\n'}
[1.550166] (px4_msgs) StdoutLine: {'line': b'-- Up-to-date: /home/rudra/custom_flightmode/install/px4_msgs/include/px4_msgs/px4_msgs/msg/detail/dataman_response__type_support.c\n'}
[1.550215] (px4_msgs) StdoutLine: {'line': b'-- Up-to-date: /home/rudra/custom_flightmode/install/px4_msgs/include/px4_msgs/px4_msgs/msg/detail/ping__type_support.c\n'}
[1.550265] (px4_msgs) StdoutLine: {'line': b'-- Up-to-date: /home/rudra/custom_flightmode/install/px4_msgs/include/px4_msgs/px4_msgs/msg/detail/fiducial_marker_pos_report__rosidl_typesupport_introspection_c.h\n'}
[1.550314] (px4_msgs) StdoutLine: {'line': b'-- Up-to-date: /home/rudra/custom_flightmode/install/px4_msgs/include/px4_msgs/px4_msgs/msg/detail/vehicle_optical_flow_vel__rosidl_typesupport_introspection_c.h\n'}
[1.550363] (px4_msgs) StdoutLine: {'line': b'-- Up-to-date: /home/rudra/custom_flightmode/install/px4_msgs/include/px4_msgs/px4_msgs/msg/detail/mission_result__type_support.c\n'}
[1.550413] (px4_msgs) StdoutLine: {'line': b'-- Up-to-date: /home/rudra/custom_flightmode/install/px4_msgs/include/px4_msgs/px4_msgs/msg/detail/action_request__rosidl_typesupport_introspection_c.h\n'}
[1.550462] (px4_msgs) StdoutLine: {'line': b'-- Up-to-date: /home/rudra/custom_flightmode/install/px4_msgs/include/px4_msgs/px4_msgs/msg/detail/unregister_ext_component__type_support.c\n'}
[1.550549] (px4_msgs) StdoutLine: {'line': b'-- Up-to-date: /home/rudra/custom_flightmode/install/px4_msgs/include/px4_msgs/px4_msgs/msg/detail/vehicle_odometry__rosidl_typesupport_introspection_c.h\n'}
[1.550603] (px4_msgs) StdoutLine: {'line': b'-- Up-to-date: /home/rudra/custom_flightmode/install/px4_msgs/include/px4_msgs/px4_msgs/msg/detail/vehicle_magnetometer__type_support.c\n'}
[1.550653] (px4_msgs) StdoutLine: {'line': b'-- Up-to-date: /home/rudra/custom_flightmode/install/px4_msgs/include/px4_msgs/px4_msgs/msg/detail/can_interface_status__rosidl_typesupport_introspection_c.h\n'}
[1.550808] (px4_msgs) StdoutLine: {'line': b'-- Up-to-date: /home/rudra/custom_flightmode/install/px4_msgs/include/px4_msgs/px4_msgs/msg/detail/vehicle_global_position__rosidl_typesupport_introspection_c.h\n'}
[1.550871] (px4_msgs) StdoutLine: {'line': b'-- Up-to-date: /home/rudra/custom_flightmode/install/px4_msgs/include/px4_msgs/px4_msgs/msg/detail/gps_dump__rosidl_typesupport_introspection_c.h\n'}
[1.550925] (px4_msgs) StdoutLine: {'line': b'-- Up-to-date: /home/rudra/custom_flightmode/install/px4_msgs/include/px4_msgs/px4_msgs/msg/detail/mavlink_log__rosidl_typesupport_introspection_c.h\n'}
[1.550976] (px4_msgs) StdoutLine: {'line': b'-- Up-to-date: /home/rudra/custom_flightmode/install/px4_msgs/include/px4_msgs/px4_msgs/msg/detail/estimator_status__type_support.c\n'}
[1.551079] (px4_msgs) StdoutLine: {'line': b'-- Up-to-date: /home/rudra/custom_flightmode/install/px4_msgs/include/px4_msgs/px4_msgs/msg/detail/estimator_states__rosidl_typesupport_introspection_c.h\n'}
[1.551132] (px4_msgs) StdoutLine: {'line': b'-- Up-to-date: /home/rudra/custom_flightmode/install/px4_msgs/include/px4_msgs/px4_msgs/msg/detail/figure_eight_status__rosidl_typesupport_introspection_c.h\n'}
[1.551182] (px4_msgs) StdoutLine: {'line': b'-- Up-to-date: /home/rudra/custom_flightmode/install/px4_msgs/include/px4_msgs/px4_msgs/msg/detail/log_message__rosidl_typesupport_introspection_c.h\n'}
[1.551232] (px4_msgs) StdoutLine: {'line': b'-- Up-to-date: /home/rudra/custom_flightmode/install/px4_msgs/include/px4_msgs/px4_msgs/msg/detail/transponder_report__rosidl_typesupport_introspection_c.h\n'}
[1.551282] (px4_msgs) StdoutLine: {'line': b'-- Up-to-date: /home/rudra/custom_flightmode/install/px4_msgs/include/px4_msgs/px4_msgs/msg/detail/longitudinal_control_configuration__type_support.c\n'}
[1.551330] (px4_msgs) StdoutLine: {'line': b'-- Up-to-date: /home/rudra/custom_flightmode/install/px4_msgs/include/px4_msgs/px4_msgs/msg/detail/vtol_vehicle_status__type_support.c\n'}
[1.551379] (px4_msgs) StdoutLine: {'line': b'-- Up-to-date: /home/rudra/custom_flightmode/install/px4_msgs/include/px4_msgs/px4_msgs/msg/detail/gain_compression__type_support.c\n'}
[1.551616] (px4_msgs) StdoutLine: {'line': b'-- Up-to-date: /home/rudra/custom_flightmode/install/px4_msgs/include/px4_msgs/px4_msgs/msg/detail/rover_speed_setpoint__rosidl_typesupport_introspection_c.h\n'}
[1.551769] (px4_msgs) StdoutLine: {'line': b'-- Up-to-date: /home/rudra/custom_flightmode/install/px4_msgs/include/px4_msgs/px4_msgs/msg/detail/debug_vect__rosidl_typesupport_introspection_c.h\n'}
[1.551863] (px4_msgs) StdoutLine: {'line': b'-- Up-to-date: /home/rudra/custom_flightmode/install/px4_msgs/include/px4_msgs/px4_msgs/msg/detail/gimbal_device_information__rosidl_typesupport_introspection_c.h\n'}
[1.551941] (px4_msgs) StdoutLine: {'line': b'-- Up-to-date: /home/rudra/custom_flightmode/install/px4_msgs/include/px4_msgs/px4_msgs/msg/detail/hover_thrust_estimate__rosidl_typesupport_introspection_c.h\n'}
[1.552017] (px4_msgs) StdoutLine: {'line': b'-- Up-to-date: /home/rudra/custom_flightmode/install/px4_msgs/include/px4_msgs/px4_msgs/msg/detail/iridiumsbd_status__rosidl_typesupport_introspection_c.h\n'}
[1.552092] (px4_msgs) StdoutLine: {'line': b'-- Up-to-date: /home/rudra/custom_flightmode/install/px4_msgs/include/px4_msgs/px4_msgs/msg/detail/camera_status__type_support.c\n'}
[1.552168] (px4_msgs) StdoutLine: {'line': b'-- Up-to-date: /home/rudra/custom_flightmode/install/px4_msgs/include/px4_msgs/px4_msgs/msg/detail/input_rc__type_support.c\n'}
[1.552243] (px4_msgs) StdoutLine: {'line': b'-- Up-to-date: /home/rudra/custom_flightmode/install/px4_msgs/include/px4_msgs/px4_msgs/msg/detail/fiducial_marker_yaw_report__type_support.c\n'}
[1.552341] (px4_msgs) StdoutLine: {'line': b'-- Up-to-date: /home/rudra/custom_flightmode/install/px4_msgs/include/px4_msgs/px4_msgs/msg/detail/mission__rosidl_typesupport_introspection_c.h\n'}
[1.552419] (px4_msgs) StdoutLine: {'line': b'-- Up-to-date: /home/rudra/custom_flightmode/install/px4_msgs/include/px4_msgs/px4_msgs/msg/detail/vehicle_optical_flow__type_support.c\n'}
[1.552583] (px4_msgs) StdoutLine: {'line': b'-- Up-to-date: /home/rudra/custom_flightmode/install/px4_msgs/include/px4_msgs/px4_msgs/msg/detail/collision_constraints__rosidl_typesupport_introspection_c.h\n'}
[1.552728] (px4_msgs) StdoutLine: {'line': b'-- Up-to-date: /home/rudra/custom_flightmode/install/px4_msgs/include/px4_msgs/px4_msgs/msg/detail/dataman_request__type_support.c\n'}
[1.552808] (px4_msgs) StdoutLine: {'line': b'-- Up-to-date: /home/rudra/custom_flightmode/install/px4_msgs/include/px4_msgs/px4_msgs/msg/detail/rpm__type_support.c\n'}
[1.552931] (px4_msgs) StdoutLine: {'line': b'-- Up-to-date: /home/rudra/custom_flightmode/install/px4_msgs/include/px4_msgs/px4_msgs/msg/detail/task_stack_info__rosidl_typesupport_introspection_c.h\n'}
[1.553050] (px4_msgs) StdoutLine: {'line': b'-- Up-to-date: /home/rudra/custom_flightmode/install/px4_msgs/include/px4_msgs/px4_msgs/msg/detail/prec_land_status__rosidl_typesupport_introspection_c.h\n'}
[1.553158] (px4_msgs) StdoutLine: {'line': b'-- Up-to-date: /home/rudra/custom_flightmode/install/px4_msgs/include/px4_msgs/px4_msgs/msg/detail/vte_bias_init_status__rosidl_typesupport_introspection_c.h\n'}
[1.553275] (px4_msgs) StdoutLine: {'line': b'-- Up-to-date: /home/rudra/custom_flightmode/install/px4_msgs/include/px4_msgs/px4_msgs/msg/detail/launch_detection_status__type_support.c\n'}
[1.553380] (px4_msgs) StdoutLine: {'line': b'-- Up-to-date: /home/rudra/custom_flightmode/install/px4_msgs/include/px4_msgs/px4_msgs/msg/detail/generator_status__rosidl_typesupport_introspection_c.h\n'}
[1.553500] (px4_msgs) StdoutLine: {'line': b'-- Up-to-date: /home/rudra/custom_flightmode/install/px4_msgs/include/px4_msgs/px4_msgs/msg/detail/vehicle_rates_setpoint__rosidl_typesupport_introspection_c.h\n'}
[1.553598] (px4_msgs) StdoutLine: {'line': b'-- Up-to-date: /home/rudra/custom_flightmode/install/px4_msgs/include/px4_msgs/px4_msgs/msg/detail/estimator_bias3d__type_support.c\n'}
[1.553703] (px4_msgs) StdoutLine: {'line': b'-- Up-to-date: /home/rudra/custom_flightmode/install/px4_msgs/include/px4_msgs/px4_msgs/msg/detail/generator_status__type_support.c\n'}
[1.553825] (px4_msgs) StdoutLine: {'line': b'-- Up-to-date: /home/rudra/custom_flightmode/install/px4_msgs/include/px4_msgs/px4_msgs/msg/detail/sensors_status_imu__type_support.c\n'}
[1.553903] (px4_msgs) StdoutLine: {'line': b'-- Up-to-date: /home/rudra/custom_flightmode/install/px4_msgs/include/px4_msgs/px4_msgs/msg/detail/vte_aid_source3d__type_support.c\n'}
[1.553975] (px4_msgs) StdoutLine: {'line': b'-- Up-to-date: /home/rudra/custom_flightmode/install/px4_msgs/include/px4_msgs/px4_msgs/msg/detail/estimator_sensor_bias__type_support.c\n'}
[1.554024] (px4_msgs) StdoutLine: {'line': b'-- Up-to-date: /home/rudra/custom_flightmode/install/px4_msgs/include/px4_msgs/px4_msgs/msg/detail/sensor_gyro_fft__rosidl_typesupport_introspection_c.h\n'}
[1.554068] (px4_msgs) StdoutLine: {'line': b'-- Up-to-date: /home/rudra/custom_flightmode/install/px4_msgs/include/px4_msgs/px4_msgs/msg/detail/airspeed__rosidl_typesupport_introspection_c.h\n'}
[1.554113] (px4_msgs) StdoutLine: {'line': b'-- Up-to-date: /home/rudra/custom_flightmode/install/px4_msgs/include/px4_msgs/px4_msgs/msg/detail/actuator_controls_status__rosidl_typesupport_introspection_c.h\n'}
[1.554167] (px4_msgs) StdoutLine: {'line': b'-- Up-to-date: /home/rudra/custom_flightmode/install/px4_msgs/include/px4_msgs/px4_msgs/msg/detail/rover_speed_status__type_support.c\n'}
[1.554243] (px4_msgs) StdoutLine: {'line': b'-- Up-to-date: /home/rudra/custom_flightmode/install/px4_msgs/include/px4_msgs/px4_msgs/msg/detail/vehicle_local_position__type_support.c\n'}
[1.554376] (px4_msgs) StdoutLine: {'line': b'-- Up-to-date: /home/rudra/custom_flightmode/install/px4_msgs/include/px4_msgs/px4_msgs/msg/detail/message_format_request__type_support.c\n'}
[1.554519] (px4_msgs) StdoutLine: {'line': b'-- Up-to-date: /home/rudra/custom_flightmode/install/px4_msgs/include/px4_msgs/px4_msgs/msg/detail/raptor_status__type_support.c\n'}
[1.554651] (px4_msgs) StdoutLine: {'line': b'-- Up-to-date: /home/rudra/custom_flightmode/install/px4_msgs/include/px4_msgs/px4_msgs/msg/detail/estimator_aid_source2d__type_support.c\n'}
[1.554744] (px4_msgs) StdoutLine: {'line': b'-- Up-to-date: /home/rudra/custom_flightmode/install/px4_msgs/include/px4_msgs/px4_msgs/msg/detail/estimator_gps_status__type_support.c\n'}
[1.554822] (px4_msgs) StdoutLine: {'line': b'-- Up-to-date: /home/rudra/custom_flightmode/install/px4_msgs/include/px4_msgs/px4_msgs/msg/detail/led_control__type_support.c\n'}
[1.554899] (px4_msgs) StdoutLine: {'line': b'-- Up-to-date: /home/rudra/custom_flightmode/install/px4_msgs/include/px4_msgs/px4_msgs/msg/detail/open_drone_id_arm_status__rosidl_typesupport_introspection_c.h\n'}
[1.554974] (px4_msgs) StdoutLine: {'line': b'-- Up-to-date: /home/rudra/custom_flightmode/install/px4_msgs/include/px4_msgs/px4_msgs/msg/detail/wind__type_support.c\n'}
[1.555062] (px4_msgs) StdoutLine: {'line': b'-- Up-to-date: /home/rudra/custom_flightmode/install/px4_msgs/include/px4_msgs/px4_msgs/msg/detail/vehicle_attitude__type_support.c\n'}
[1.555138] (px4_msgs) StdoutLine: {'line': b'-- Up-to-date: /home/rudra/custom_flightmode/install/px4_msgs/include/px4_msgs/px4_msgs/msg/detail/sensor_gyro__rosidl_typesupport_introspection_c.h\n'}
[1.555296] (px4_msgs) StdoutLine: {'line': b'-- Up-to-date: /home/rudra/custom_flightmode/install/px4_msgs/include/px4_msgs/px4_msgs/msg/detail/sensor_uwb__rosidl_typesupport_introspection_c.h\n'}
[1.555416] (px4_msgs) StdoutLine: {'line': b'-- Up-to-date: /home/rudra/custom_flightmode/install/px4_msgs/include/px4_msgs/px4_msgs/msg/detail/open_drone_id_operator_id__rosidl_typesupport_introspection_c.h\n'}
[1.555537] (px4_msgs) StdoutLine: {'line': b'-- Up-to-date: /home/rudra/custom_flightmode/install/px4_msgs/include/px4_msgs/px4_msgs/msg/detail/sensor_combined__rosidl_typesupport_introspection_c.h\n'}
[1.555641] (px4_msgs) StdoutLine: {'line': b'-- Up-to-date: /home/rudra/custom_flightmode/install/px4_msgs/include/px4_msgs/px4_msgs/msg/detail/fixed_wing_lateral_status__rosidl_typesupport_introspection_c.h\n'}
[1.555723] (px4_msgs) StdoutLine: {'line': b'-- Up-to-date: /home/rudra/custom_flightmode/install/px4_msgs/include/px4_msgs/px4_msgs/msg/detail/trajectory_setpoint__rosidl_typesupport_introspection_c.h\n'}
[1.555788] (px4_msgs) StdoutLine: {'line': b'-- Up-to-date: /home/rudra/custom_flightmode/install/px4_msgs/include/px4_msgs/px4_msgs/msg/detail/vehicle_constraints__type_support.c\n'}
[1.555839] (px4_msgs) StdoutLine: {'line': b'-- Up-to-date: /home/rudra/custom_flightmode/install/px4_msgs/include/px4_msgs/px4_msgs/msg/detail/fixed_wing_lateral_status__type_support.c\n'}
[1.555887] (px4_msgs) StdoutLine: {'line': b'-- Up-to-date: /home/rudra/custom_flightmode/install/px4_msgs/include/px4_msgs/px4_msgs/msg/detail/debug_key_value__rosidl_typesupport_introspection_c.h\n'}
[1.555933] (px4_msgs) StdoutLine: {'line': b'-- Up-to-date: /home/rudra/custom_flightmode/install/px4_msgs/include/px4_msgs/px4_msgs/msg/detail/rc_parameter_map__type_support.c\n'}
[1.555996] (px4_msgs) StdoutLine: {'line': b'-- Up-to-date: /home/rudra/custom_flightmode/install/px4_msgs/include/px4_msgs/px4_msgs/msg/detail/sensor_uwb__type_support.c\n'}
[1.556045] (px4_msgs) StdoutLine: {'line': b'-- Up-to-date: /home/rudra/custom_flightmode/install/px4_msgs/include/px4_msgs/px4_msgs/msg/detail/geofence_result__type_support.c\n'}
[1.556091] (px4_msgs) StdoutLine: {'line': b'-- Up-to-date: /home/rudra/custom_flightmode/install/px4_msgs/include/px4_msgs/px4_msgs/msg/detail/register_ext_component_reply__rosidl_typesupport_introspection_c.h\n'}
[1.556136] (px4_msgs) StdoutLine: {'line': b'-- Up-to-date: /home/rudra/custom_flightmode/install/px4_msgs/include/px4_msgs/px4_msgs/msg/detail/position_controller_landing_status__rosidl_typesupport_introspection_c.h\n'}
[1.556181] (px4_msgs) StdoutLine: {'line': b'-- Up-to-date: /home/rudra/custom_flightmode/install/px4_msgs/include/px4_msgs/px4_msgs/msg/detail/vehicle_angular_velocity__type_support.c\n'}
[1.556227] (px4_msgs) StdoutLine: {'line': b'-- Up-to-date: /home/rudra/custom_flightmode/install/px4_msgs/include/px4_msgs/px4_msgs/msg/detail/irlock_report__rosidl_typesupport_introspection_c.h\n'}
[1.556276] (px4_msgs) StdoutLine: {'line': b'-- Up-to-date: /home/rudra/custom_flightmode/install/px4_msgs/include/px4_msgs/px4_msgs/msg/detail/detect_and_avoid_most_urgent__rosidl_typesupport_introspection_c.h\n'}
[1.556325] (px4_msgs) StdoutLine: {'line': b'-- Up-to-date: /home/rudra/custom_flightmode/install/px4_msgs/include/px4_msgs/px4_msgs/msg/detail/config_overrides__type_support.c\n'}
[1.556371] (px4_msgs) StdoutLine: {'line': b'-- Up-to-date: /home/rudra/custom_flightmode/install/px4_msgs/include/px4_msgs/px4_msgs/msg/detail/sensor_gyro_fifo__type_support.c\n'}
[1.556417] (px4_msgs) StdoutLine: {'line': b'-- Up-to-date: /home/rudra/custom_flightmode/install/px4_msgs/include/px4_msgs/px4_msgs/msg/detail/offboard_control_mode__type_support.c\n'}
[1.556593] (px4_msgs) StdoutLine: {'line': b'-- Up-to-date: /home/rudra/custom_flightmode/install/px4_msgs/include/px4_msgs/px4_msgs/msg/detail/orbit_status__type_support.c\n'}
[1.556663] (px4_msgs) StdoutLine: {'line': b'-- Up-to-date: /home/rudra/custom_flightmode/install/px4_msgs/include/px4_msgs/px4_msgs/msg/detail/register_ext_component_request__type_support.c\n'}
[1.556712] (px4_msgs) StdoutLine: {'line': b'-- Up-to-date: /home/rudra/custom_flightmode/install/px4_msgs/include/px4_msgs/px4_msgs/msg/detail/rover_attitude_setpoint__type_support.c\n'}
[1.556760] (px4_msgs) StdoutLine: {'line': b'-- Up-to-date: /home/rudra/custom_flightmode/install/px4_msgs/include/px4_msgs/px4_msgs/msg/detail/tecs_status__type_support.c\n'}
[1.556807] (px4_msgs) StdoutLine: {'line': b'-- Up-to-date: /home/rudra/custom_flightmode/install/px4_msgs/include/px4_msgs/px4_msgs/msg/detail/arming_check_request__rosidl_typesupport_introspection_c.h\n'}
[1.556853] (px4_msgs) StdoutLine: {'line': b'-- Up-to-date: /home/rudra/custom_flightmode/install/px4_msgs/include/px4_msgs/px4_msgs/msg/detail/uavcan_parameter_request__rosidl_typesupport_introspection_c.h\n'}
[1.556915] (px4_msgs) StdoutLine: {'line': b'-- Up-to-date: /home/rudra/custom_flightmode/install/px4_msgs/include/px4_msgs/px4_msgs/msg/detail/vte_input__rosidl_typesupport_introspection_c.h\n'}
[1.556961] (px4_msgs) StdoutLine: {'line': b'-- Up-to-date: /home/rudra/custom_flightmode/install/px4_msgs/include/px4_msgs/px4_msgs/msg/detail/vte_orientation__rosidl_typesupport_introspection_c.h\n'}
[1.557007] (px4_msgs) StdoutLine: {'line': b'-- Up-to-date: /home/rudra/custom_flightmode/install/px4_msgs/include/px4_msgs/px4_msgs/msg/detail/debug_array__rosidl_typesupport_introspection_c.h\n'}
[1.557053] (px4_msgs) StdoutLine: {'line': b'-- Up-to-date: /home/rudra/custom_flightmode/install/px4_msgs/include/px4_msgs/px4_msgs/msg/detail/event__rosidl_typesupport_introspection_c.h\n'}
[1.557098] (px4_msgs) StdoutLine: {'line': b'-- Up-to-date: /home/rudra/custom_flightmode/install/px4_msgs/include/px4_msgs/px4_msgs/msg/detail/open_drone_id_system__rosidl_typesupport_introspection_c.h\n'}
[1.557144] (px4_msgs) StdoutLine: {'line': b'-- Up-to-date: /home/rudra/custom_flightmode/install/px4_msgs/include/px4_msgs/px4_msgs/msg/detail/iridiumsbd_status__type_support.c\n'}
[1.557215] (px4_msgs) StdoutLine: {'line': b'-- Up-to-date: /home/rudra/custom_flightmode/install/px4_msgs/include/px4_msgs/px4_msgs/msg/detail/normalized_unsigned_setpoint__type_support.c\n'}
[1.557266] (px4_msgs) StdoutLine: {'line': b'-- Up-to-date: /home/rudra/custom_flightmode/install/px4_msgs/include/px4_msgs/px4_msgs/msg/detail/differential_pressure__type_support.c\n'}
[1.557313] (px4_msgs) StdoutLine: {'line': b'-- Up-to-date: /home/rudra/custom_flightmode/install/px4_msgs/include/px4_msgs/px4_msgs/msg/detail/internal_combustion_engine_status__type_support.c\n'}
[1.557358] (px4_msgs) StdoutLine: {'line': b'-- Up-to-date: /home/rudra/custom_flightmode/install/px4_msgs/include/px4_msgs/px4_msgs/msg/detail/gpio_in__type_support.c\n'}
[1.557402] (px4_msgs) StdoutLine: {'line': b'-- Up-to-date: /home/rudra/custom_flightmode/install/px4_msgs/include/px4_msgs/px4_msgs/msg/detail/vehicle_command__rosidl_typesupport_introspection_c.h\n'}
[1.557445] (px4_msgs) StdoutLine: {'line': b'-- Up-to-date: /home/rudra/custom_flightmode/install/px4_msgs/include/px4_msgs/px4_msgs/msg/detail/estimator_event_flags__rosidl_typesupport_introspection_c.h\n'}
[1.557565] (px4_msgs) StdoutLine: {'line': b'-- Up-to-date: /home/rudra/custom_flightmode/install/px4_msgs/include/px4_msgs/px4_msgs/msg/detail/estimator_aid_source2d__rosidl_typesupport_introspection_c.h\n'}
[1.557651] (px4_msgs) StdoutLine: {'line': b'-- Up-to-date: /home/rudra/custom_flightmode/install/px4_msgs/include/px4_msgs/px4_msgs/msg/detail/open_drone_id_arm_status__type_support.c\n'}
[1.557710] (px4_msgs) StdoutLine: {'line': b'-- Up-to-date: /home/rudra/custom_flightmode/install/px4_msgs/include/px4_msgs/px4_msgs/msg/detail/raptor_input__type_support.c\n'}
[1.557766] (px4_msgs) StdoutLine: {'line': b'-- Up-to-date: /home/rudra/custom_flightmode/install/px4_msgs/include/px4_msgs/px4_msgs/msg/detail/gpio_request__type_support.c\n'}
[1.557833] (px4_msgs) StdoutLine: {'line': b'-- Up-to-date: /home/rudra/custom_flightmode/install/px4_msgs/include/px4_msgs/px4_msgs/msg/detail/trajectory_setpoint__type_support.c\n'}
[1.557879] (px4_msgs) StdoutLine: {'line': b'-- Up-to-date: /home/rudra/custom_flightmode/install/px4_msgs/include/px4_msgs/px4_msgs/msg/detail/config_overrides__rosidl_typesupport_introspection_c.h\n'}
[1.557924] (px4_msgs) StdoutLine: {'line': b'-- Up-to-date: /home/rudra/custom_flightmode/install/px4_msgs/include/px4_msgs/px4_msgs/msg/detail/register_ext_component_reply__type_support.c\n'}
[1.557968] (px4_msgs) StdoutLine: {'line': b'-- Up-to-date: /home/rudra/custom_flightmode/install/px4_msgs/include/px4_msgs/px4_msgs/msg/detail/sensor_gnss_relative__type_support.c\n'}
[1.558012] (px4_msgs) StdoutLine: {'line': b'-- Up-to-date: /home/rudra/custom_flightmode/install/px4_msgs/include/px4_msgs/px4_msgs/msg/detail/lateral_control_configuration__type_support.c\n'}
[1.558056] (px4_msgs) StdoutLine: {'line': b'-- Up-to-date: /home/rudra/custom_flightmode/install/px4_msgs/include/px4_msgs/px4_msgs/msg/detail/vehicle_optical_flow_vel__type_support.c\n'}
[1.558100] (px4_msgs) StdoutLine: {'line': b'-- Up-to-date: /home/rudra/custom_flightmode/install/px4_msgs/include/px4_msgs/px4_msgs/msg/detail/event__type_support.c\n'}
[1.558186] (px4_msgs) StdoutLine: {'line': b'-- Up-to-date: /home/rudra/custom_flightmode/install/px4_msgs/include/px4_msgs/px4_msgs/msg/detail/parameter_set_value_request__rosidl_typesupport_introspection_c.h\n'}
[1.558235] (px4_msgs) StdoutLine: {'line': b'-- Up-to-date: /home/rudra/custom_flightmode/install/px4_msgs/include/px4_msgs/px4_msgs/msg/detail/estimator_selector_status__type_support.c\n'}
[1.558280] (px4_msgs) StdoutLine: {'line': b'-- Up-to-date: /home/rudra/custom_flightmode/install/px4_msgs/include/px4_msgs/px4_msgs/msg/detail/gimbal_device_set_attitude__rosidl_typesupport_introspection_c.h\n'}
[1.558325] (px4_msgs) StdoutLine: {'line': b'-- Up-to-date: /home/rudra/custom_flightmode/install/px4_msgs/include/px4_msgs/px4_msgs/msg/detail/sensor_optical_flow__rosidl_typesupport_introspection_c.h\n'}
[1.558368] (px4_msgs) StdoutLine: {'line': b'-- Up-to-date: /home/rudra/custom_flightmode/install/px4_msgs/include/px4_msgs/px4_msgs/msg/detail/mavlink_log__type_support.c\n'}
[1.558412] (px4_msgs) StdoutLine: {'line': b'-- Up-to-date: /home/rudra/custom_flightmode/install/px4_msgs/include/px4_msgs/px4_msgs/msg/detail/mission__type_support.c\n'}
[1.558456] (px4_msgs) StdoutLine: {'line': b'-- Up-to-date: /home/rudra/custom_flightmode/install/px4_msgs/include/px4_msgs/px4_msgs/msg/detail/vte_position__type_support.c\n'}
[1.558566] (px4_msgs) StdoutLine: {'line': b'-- Up-to-date: /home/rudra/custom_flightmode/install/px4_msgs/include/px4_msgs/px4_msgs/msg/detail/vehicle_land_detected__rosidl_typesupport_introspection_c.h\n'}
[1.558652] (px4_msgs) StdoutLine: {'line': b'-- Up-to-date: /home/rudra/custom_flightmode/install/px4_msgs/include/px4_msgs/px4_msgs/msg/detail/tiltrotor_extra_controls__rosidl_typesupport_introspection_c.h\n'}
[1.558713] (px4_msgs) StdoutLine: {'line': b'-- Up-to-date: /home/rudra/custom_flightmode/install/px4_msgs/include/px4_msgs/px4_msgs/msg/detail/input_rc__rosidl_typesupport_introspection_c.h\n'}
[1.558764] (px4_msgs) StdoutLine: {'line': b'-- Up-to-date: /home/rudra/custom_flightmode/install/px4_msgs/include/px4_msgs/px4_msgs/msg/detail/sensor_preflight_mag__type_support.c\n'}
[1.558809] (px4_msgs) StdoutLine: {'line': b'-- Up-to-date: /home/rudra/custom_flightmode/install/px4_msgs/include/px4_msgs/px4_msgs/msg/detail/setpoint_config_reply__rosidl_typesupport_introspection_c.h\n'}
[1.558851] (px4_msgs) StdoutLine: {'line': b'-- Up-to-date: /home/rudra/custom_flightmode/install/px4_msgs/include/px4_msgs/px4_msgs/msg/detail/normalized_unsigned_setpoint__rosidl_typesupport_introspection_c.h\n'}
[1.558896] (px4_msgs) StdoutLine: {'line': b'-- Up-to-date: /home/rudra/custom_flightmode/install/px4_msgs/include/px4_msgs/px4_msgs/msg/detail/parameter_set_value_response__rosidl_typesupport_introspection_c.h\n'}
[1.558958] (px4_msgs) StdoutLine: {'line': b'-- Up-to-date: /home/rudra/custom_flightmode/install/px4_msgs/include/px4_msgs/px4_msgs/msg/detail/rtl_time_estimate__rosidl_typesupport_introspection_c.h\n'}
[1.559005] (px4_msgs) StdoutLine: {'line': b'-- Up-to-date: /home/rudra/custom_flightmode/install/px4_msgs/include/px4_msgs/px4_msgs/msg/detail/fixed_wing_lateral_guidance_status__type_support.c\n'}
[1.559049] (px4_msgs) StdoutLine: {'line': b'-- Up-to-date: /home/rudra/custom_flightmode/install/px4_msgs/include/px4_msgs/px4_msgs/msg/detail/parameter_reset_request__rosidl_typesupport_introspection_c.h\n'}
[1.559093] (px4_msgs) StdoutLine: {'line': b'-- Up-to-date: /home/rudra/custom_flightmode/install/px4_msgs/include/px4_msgs/px4_msgs/msg/detail/fixed_wing_longitudinal_setpoint__type_support.c\n'}
[1.559196] (px4_msgs) StdoutLine: {'line': b'-- Up-to-date: /home/rudra/custom_flightmode/install/px4_msgs/include/px4_msgs/px4_msgs/msg/detail/rover_steering_setpoint__type_support.c\n'}
[1.559265] (px4_msgs) StdoutLine: {'line': b'-- Up-to-date: /home/rudra/custom_flightmode/install/px4_msgs/include/px4_msgs/px4_msgs/msg/detail/magnetometer_bias_estimate__rosidl_typesupport_introspection_c.h\n'}
[1.559335] (px4_msgs) StdoutLine: {'line': b'-- Up-to-date: /home/rudra/custom_flightmode/install/px4_msgs/include/px4_msgs/px4_msgs/msg/detail/actuator_test__type_support.c\n'}
[1.559673] (px4_msgs) StdoutLine: {'line': b'-- Up-to-date: /home/rudra/custom_flightmode/install/px4_msgs/include/px4_msgs/px4_msgs/msg/detail/rate_ctrl_status__type_support.c\n'}
[1.559783] (px4_msgs) StdoutLine: {'line': b'-- Up-to-date: /home/rudra/custom_flightmode/install/px4_msgs/include/px4_msgs/px4_msgs/msg/detail/radio_status__type_support.c\n'}
[1.559854] (px4_msgs) StdoutLine: {'line': b'-- Up-to-date: /home/rudra/custom_flightmode/install/px4_msgs/include/px4_msgs/px4_msgs/msg/detail/rtcm_data__type_support.c\n'}
[1.559920] (px4_msgs) StdoutLine: {'line': b'-- Up-to-date: /home/rudra/custom_flightmode/install/px4_msgs/include/px4_msgs/px4_msgs/msg/detail/estimator_fusion_control__rosidl_typesupport_introspection_c.h\n'}
[1.559986] (px4_msgs) StdoutLine: {'line': b'-- Up-to-date: /home/rudra/custom_flightmode/install/px4_msgs/include/px4_msgs/px4_msgs/msg/detail/vte_aid_source1d__rosidl_typesupport_introspection_c.h\n'}
[1.560066] (px4_msgs) StdoutLine: {'line': b'-- Up-to-date: /home/rudra/custom_flightmode/install/px4_msgs/include/px4_msgs/px4_msgs/msg/detail/actuator_servos_trim__type_support.c\n'}
[1.560133] (px4_msgs) StdoutLine: {'line': b'-- Up-to-date: /home/rudra/custom_flightmode/install/px4_msgs/include/px4_msgs/px4_msgs/msg/detail/navigator_mission_item__rosidl_typesupport_introspection_c.h\n'}
[1.560288] (px4_msgs) StdoutLine: {'line': b'-- Up-to-date: /home/rudra/custom_flightmode/install/px4_msgs/include/px4_msgs/px4_msgs/msg/detail/vehicle_optical_flow__rosidl_typesupport_introspection_c.h\n'}
[1.560400] (px4_msgs) StdoutLine: {'line': b'-- Up-to-date: /home/rudra/custom_flightmode/install/px4_msgs/include/px4_msgs/px4_msgs/msg/detail/uavcan_parameter_value__type_support.c\n'}
[1.560471] (px4_msgs) StdoutLine: {'line': b'-- Up-to-date: /home/rudra/custom_flightmode/install/px4_msgs/include/px4_msgs/px4_msgs/msg/detail/actuator_servos__rosidl_typesupport_introspection_c.h\n'}
[1.560630] (px4_msgs) StdoutLine: {'line': b'-- Up-to-date: /home/rudra/custom_flightmode/install/px4_msgs/include/px4_msgs/px4_msgs/msg/detail/vte_bias_init_status__type_support.c\n'}
[1.560735] (px4_msgs) StdoutLine: {'line': b'-- Up-to-date: /home/rudra/custom_flightmode/install/px4_msgs/include/px4_msgs/px4_msgs/msg/detail/register_ext_component_request__rosidl_typesupport_introspection_c.h\n'}
[1.560838] (px4_msgs) StdoutLine: {'line': b'-- Up-to-date: /home/rudra/custom_flightmode/install/px4_msgs/include/px4_msgs/px4_msgs/msg/detail/sensor_hygrometer__rosidl_typesupport_introspection_c.h\n'}
[1.560920] (px4_msgs) StdoutLine: {'line': b'-- Up-to-date: /home/rudra/custom_flightmode/install/px4_msgs/include/px4_msgs/px4_msgs/msg/detail/dataman_response__rosidl_typesupport_introspection_c.h\n'}
[1.560984] (px4_msgs) StdoutLine: {'line': b'-- Up-to-date: /home/rudra/custom_flightmode/install/px4_msgs/include/px4_msgs/px4_msgs/msg/detail/vte_aid_source1d__type_support.c\n'}
[1.561065] (px4_msgs) StdoutLine: {'line': b'-- Up-to-date: /home/rudra/custom_flightmode/install/px4_msgs/include/px4_msgs/px4_msgs/msg/detail/pure_pursuit_status__rosidl_typesupport_introspection_c.h\n'}
[1.561193] (px4_msgs) StdoutLine: {'line': b'-- Up-to-date: /home/rudra/custom_flightmode/install/px4_msgs/include/px4_msgs/px4_msgs/msg/detail/gimbal_device_set_attitude__type_support.c\n'}
[1.561246] (px4_msgs) StdoutLine: {'line': b'-- Up-to-date: /home/rudra/custom_flightmode/install/px4_msgs/include/px4_msgs/px4_msgs/msg/detail/parameter_set_value_response__type_support.c\n'}
[1.561308] (px4_msgs) StdoutLine: {'line': b'-- Up-to-date: /home/rudra/custom_flightmode/install/px4_msgs/include/px4_msgs/px4_msgs/msg/detail/gimbal_manager_status__rosidl_typesupport_introspection_c.h\n'}
[1.561372] (px4_msgs) StdoutLine: {'line': b'-- Up-to-date: /home/rudra/custom_flightmode/install/px4_msgs/include/px4_msgs/px4_msgs/msg/detail/detect_and_avoid__type_support.c\n'}
[1.561433] (px4_msgs) StdoutLine: {'line': b'-- Up-to-date: /home/rudra/custom_flightmode/install/px4_msgs/include/px4_msgs/px4_msgs/msg/detail/qshell_retval__type_support.c\n'}
[1.561587] (px4_msgs) StdoutLine: {'line': b'-- Up-to-date: /home/rudra/custom_flightmode/install/px4_msgs/include/px4_msgs/px4_msgs/msg/detail/qshell_req__type_support.c\n'}
[1.561723] (px4_msgs) StdoutLine: {'line': b'-- Up-to-date: /home/rudra/custom_flightmode/install/px4_msgs/include/px4_msgs/px4_msgs/msg/detail/rover_speed_status__rosidl_typesupport_introspection_c.h\n'}
[1.561790] (px4_msgs) StdoutLine: {'line': b'-- Up-to-date: /home/rudra/custom_flightmode/install/px4_msgs/include/px4_msgs/px4_msgs/msg/detail/parameter_reset_request__type_support.c\n'}
[1.561852] (px4_msgs) StdoutLine: {'line': b'-- Up-to-date: /home/rudra/custom_flightmode/install/px4_msgs/include/px4_msgs/px4_msgs/msg/detail/led_control__rosidl_typesupport_introspection_c.h\n'}
[1.561914] (px4_msgs) StdoutLine: {'line': b'-- Up-to-date: /home/rudra/custom_flightmode/install/px4_msgs/include/px4_msgs/px4_msgs/msg/detail/sensor_gnss_status__type_support.c\n'}
[1.561975] (px4_msgs) StdoutLine: {'line': b'-- Up-to-date: /home/rudra/custom_flightmode/install/px4_msgs/include/px4_msgs/px4_msgs/msg/detail/health_report__type_support.c\n'}
[1.562035] (px4_msgs) StdoutLine: {'line': b'-- Up-to-date: /home/rudra/custom_flightmode/install/px4_msgs/include/px4_msgs/px4_msgs/msg/detail/gimbal_manager_information__type_support.c\n'}
[1.562097] (px4_msgs) StdoutLine: {'line': b'-- Up-to-date: /home/rudra/custom_flightmode/install/px4_msgs/include/px4_msgs/px4_msgs/msg/detail/navigator_mission_item__type_support.c\n'}
[1.562158] (px4_msgs) StdoutLine: {'line': b'-- Up-to-date: /home/rudra/custom_flightmode/install/px4_msgs/include/px4_msgs/px4_msgs/msg/detail/launch_detection_status__rosidl_typesupport_introspection_c.h\n'}
[1.562219] (px4_msgs) StdoutLine: {'line': b'-- Up-to-date: /home/rudra/custom_flightmode/install/px4_msgs/include/px4_msgs/px4_msgs/msg/detail/rc_parameter_map__rosidl_typesupport_introspection_c.h\n'}
[1.562279] (px4_msgs) StdoutLine: {'line': b'-- Up-to-date: /home/rudra/custom_flightmode/install/px4_msgs/include/px4_msgs/px4_msgs/msg/detail/ranging_beacon__rosidl_typesupport_introspection_c.h\n'}
[1.562359] (px4_msgs) StdoutLine: {'line': b'-- Up-to-date: /home/rudra/custom_flightmode/install/px4_msgs/include/px4_msgs/px4_msgs/msg/detail/gpio_request__rosidl_typesupport_introspection_c.h\n'}
[1.562421] (px4_msgs) StdoutLine: {'line': b'-- Up-to-date: /home/rudra/custom_flightmode/install/px4_msgs/include/px4_msgs/px4_msgs/msg/detail/debug_key_value__type_support.c\n'}
[1.562623] (px4_msgs) StdoutLine: {'line': b'-- Up-to-date: /home/rudra/custom_flightmode/install/px4_msgs/include/px4_msgs/px4_msgs/msg/detail/orb_test__rosidl_typesupport_introspection_c.h\n'}
[1.562748] (px4_msgs) StdoutLine: {'line': b'-- Up-to-date: /home/rudra/custom_flightmode/install/px4_msgs/include/px4_msgs/px4_msgs/msg/detail/ulog_stream__type_support.c\n'}
[1.562801] (px4_msgs) StdoutLine: {'line': b'-- Up-to-date: /home/rudra/custom_flightmode/install/px4_msgs/include/px4_msgs/px4_msgs/msg/detail/estimator_bias__type_support.c\n'}
[1.562845] (px4_msgs) StdoutLine: {'line': b'-- Up-to-date: /home/rudra/custom_flightmode/install/px4_msgs/include/px4_msgs/px4_msgs/msg/detail/rover_steering_setpoint__rosidl_typesupport_introspection_c.h\n'}
[1.562887] (px4_msgs) StdoutLine: {'line': b'-- Up-to-date: /home/rudra/custom_flightmode/install/px4_msgs/include/px4_msgs/px4_msgs/msg/detail/sensor_temp__type_support.c\n'}
[1.562929] (px4_msgs) StdoutLine: {'line': b'-- Up-to-date: /home/rudra/custom_flightmode/install/px4_msgs/include/px4_msgs/px4_msgs/msg/detail/px4io_status__rosidl_typesupport_introspection_c.h\n'}
[1.562972] (px4_msgs) StdoutLine: {'line': b'-- Up-to-date: /home/rudra/custom_flightmode/install/px4_msgs/include/px4_msgs/px4_msgs/msg/detail/estimator_sensor_bias__rosidl_typesupport_introspection_c.h\n'}
[1.563012] (px4_msgs) StdoutLine: {'line': b'-- Up-to-date: /home/rudra/custom_flightmode/install/px4_msgs/include/px4_msgs/px4_msgs/msg/detail/rover_rate_setpoint__rosidl_typesupport_introspection_c.h\n'}
[1.563059] (px4_msgs) StdoutLine: {'line': b'-- Up-to-date: /home/rudra/custom_flightmode/install/px4_msgs/include/px4_msgs/px4_msgs/msg/detail/esc_eeprom_write__rosidl_typesupport_introspection_c.h\n'}
[1.563103] (px4_msgs) StdoutLine: {'line': b'-- Up-to-date: /home/rudra/custom_flightmode/install/px4_msgs/include/px4_msgs/px4_msgs/msg/detail/open_drone_id_system__type_support.c\n'}
[1.563144] (px4_msgs) StdoutLine: {'line': b'-- Up-to-date: /home/rudra/custom_flightmode/install/px4_msgs/include/px4_msgs/px4_msgs/msg/detail/actuator_motors__type_support.c\n'}
[1.563187] (px4_msgs) StdoutLine: {'line': b'-- Up-to-date: /home/rudra/custom_flightmode/install/px4_msgs/include/px4_msgs/px4_msgs/msg/detail/wheel_encoders__rosidl_typesupport_introspection_c.h\n'}
[1.563227] (px4_msgs) StdoutLine: {'line': b'-- Up-to-date: /home/rudra/custom_flightmode/install/px4_msgs/include/px4_msgs/px4_msgs/msg/detail/follow_target_status__type_support.c\n'}
[1.563267] (px4_msgs) StdoutLine: {'line': b'-- Up-to-date: /home/rudra/custom_flightmode/install/px4_msgs/include/px4_msgs/px4_msgs/msg/detail/sensor_gps__type_support.c\n'}
[1.563307] (px4_msgs) StdoutLine: {'line': b'-- Up-to-date: /home/rudra/custom_flightmode/install/px4_msgs/include/px4_msgs/px4_msgs/msg/detail/sensor_preflight_mag__rosidl_typesupport_introspection_c.h\n'}
[1.563348] (px4_msgs) StdoutLine: {'line': b'-- Up-to-date: /home/rudra/custom_flightmode/install/px4_msgs/include/px4_msgs/px4_msgs/msg/detail/actuator_test__rosidl_typesupport_introspection_c.h\n'}
[1.563387] (px4_msgs) StdoutLine: {'line': b'-- Up-to-date: /home/rudra/custom_flightmode/install/px4_msgs/include/px4_msgs/px4_msgs/msg/detail/estimator_innovations__type_support.c\n'}
[1.563426] (px4_msgs) StdoutLine: {'line': b'-- Up-to-date: /home/rudra/custom_flightmode/install/px4_msgs/include/px4_msgs/px4_msgs/msg/detail/dronecan_node_status__rosidl_typesupport_introspection_c.h\n'}
[1.563471] (px4_msgs) StdoutLine: {'line': b'-- Up-to-date: /home/rudra/custom_flightmode/install/px4_msgs/include/px4_msgs/px4_msgs/msg/detail/battery_info__rosidl_typesupport_introspection_c.h\n'}
[1.563553] (px4_msgs) StdoutLine: {'line': b'-- Up-to-date: /home/rudra/custom_flightmode/install/px4_msgs/include/px4_msgs/px4_msgs/msg/detail/action_request__type_support.c\n'}
[1.563599] (px4_msgs) StdoutLine: {'line': b'-- Up-to-date: /home/rudra/custom_flightmode/install/px4_msgs/include/px4_msgs/px4_msgs/msg/detail/velocity_limits__type_support.c\n'}
[1.563642] (px4_msgs) StdoutLine: {'line': b'-- Up-to-date: /home/rudra/custom_flightmode/install/px4_msgs/include/px4_msgs/px4_msgs/msg/detail/vehicle_global_position__type_support.c\n'}
[1.563689] (px4_msgs) StdoutLine: {'line': b'-- Up-to-date: /home/rudra/custom_flightmode/install/px4_msgs/include/px4_msgs/px4_msgs/msg/detail/setpoint_config__type_support.c\n'}
[1.563729] (px4_msgs) StdoutLine: {'line': b'-- Up-to-date: /home/rudra/custom_flightmode/install/px4_msgs/include/px4_msgs/px4_msgs/msg/detail/raptor_status__rosidl_typesupport_introspection_c.h\n'}
[1.563768] (px4_msgs) StdoutLine: {'line': b'-- Up-to-date: /home/rudra/custom_flightmode/install/px4_msgs/include/px4_msgs/px4_msgs/msg/detail/aux_global_position__rosidl_typesupport_introspection_c.h\n'}
[1.563809] (px4_msgs) StdoutLine: {'line': b'-- Up-to-date: /home/rudra/custom_flightmode/install/px4_msgs/include/px4_msgs/px4_msgs/msg/detail/camera_status__rosidl_typesupport_introspection_c.h\n'}
[1.563848] (px4_msgs) StdoutLine: {'line': b'-- Up-to-date: /home/rudra/custom_flightmode/install/px4_msgs/include/px4_msgs/px4_msgs/msg/detail/sensor_hygrometer__type_support.c\n'}
[1.563886] (px4_msgs) StdoutLine: {'line': b'-- Up-to-date: /home/rudra/custom_flightmode/install/px4_msgs/include/px4_msgs/px4_msgs/msg/detail/qshell_req__rosidl_typesupport_introspection_c.h\n'}
[1.563926] (px4_msgs) StdoutLine: {'line': b'-- Up-to-date: /home/rudra/custom_flightmode/install/px4_msgs/include/px4_msgs/px4_msgs/msg/detail/autotune_attitude_control_status__rosidl_typesupport_introspection_c.h\n'}
[1.563974] (px4_msgs) StdoutLine: {'line': b'-- Up-to-date: /home/rudra/custom_flightmode/install/px4_msgs/include/px4_msgs/px4_msgs/msg/detail/gpio_out__rosidl_typesupport_introspection_c.h\n'}
[1.564014] (px4_msgs) StdoutLine: {'line': b'-- Up-to-date: /home/rudra/custom_flightmode/install/px4_msgs/include/px4_msgs/px4_msgs/msg/detail/uavcan_parameter_request__type_support.c\n'}
[1.564053] (px4_msgs) StdoutLine: {'line': b'-- Up-to-date: /home/rudra/custom_flightmode/install/px4_msgs/include/px4_msgs/px4_msgs/msg/detail/landing_gear__rosidl_typesupport_introspection_c.h\n'}
[1.564091] (px4_msgs) StdoutLine: {'line': b'-- Up-to-date: /home/rudra/custom_flightmode/install/px4_msgs/include/px4_msgs/px4_msgs/msg/detail/task_stack_info__type_support.c\n'}
[1.564129] (px4_msgs) StdoutLine: {'line': b'-- Up-to-date: /home/rudra/custom_flightmode/install/px4_msgs/include/px4_msgs/px4_msgs/msg/detail/sensor_accel_fifo__rosidl_typesupport_introspection_c.h\n'}
[1.564174] (px4_msgs) StdoutLine: {'line': b'-- Up-to-date: /home/rudra/custom_flightmode/install/px4_msgs/include/px4_msgs/px4_msgs/msg/detail/vehicle_local_position_setpoint__type_support.c\n'}
[1.564214] (px4_msgs) StdoutLine: {'line': b'-- Up-to-date: /home/rudra/custom_flightmode/install/px4_msgs/include/px4_msgs/px4_msgs/msg/detail/ranging_beacon__type_support.c\n'}
[1.564254] (px4_msgs) StdoutLine: {'line': b'-- Up-to-date: /home/rudra/custom_flightmode/install/px4_msgs/include/px4_msgs/px4_msgs/msg/detail/rover_speed_setpoint__type_support.c\n'}
[1.564293] (px4_msgs) StdoutLine: {'line': b'-- Up-to-date: /home/rudra/custom_flightmode/install/px4_msgs/include/px4_msgs/px4_msgs/msg/detail/vehicle_local_position__rosidl_typesupport_introspection_c.h\n'}
[1.564333] (px4_msgs) StdoutLine: {'line': b'-- Up-to-date: /home/rudra/custom_flightmode/install/px4_msgs/include/px4_msgs/px4_msgs/msg/detail/actuator_armed__rosidl_typesupport_introspection_c.h\n'}
[1.564372] (px4_msgs) StdoutLine: {'line': b'-- Up-to-date: /home/rudra/custom_flightmode/install/px4_msgs/include/px4_msgs/px4_msgs/msg/detail/heater_status__rosidl_typesupport_introspection_c.h\n'}
[1.564410] (px4_msgs) StdoutLine: {'line': b'-- Up-to-date: /home/rudra/custom_flightmode/install/px4_msgs/include/px4_msgs/px4_msgs/msg/detail/gimbal_controls__type_support.c\n'}
[1.564454] (px4_msgs) StdoutLine: {'line': b'-- Up-to-date: /home/rudra/custom_flightmode/install/px4_msgs/include/px4_msgs/px4_msgs/msg/detail/sensor_accel__rosidl_typesupport_introspection_c.h\n'}
[1.564540] (px4_msgs) StdoutLine: {'line': b'-- Up-to-date: /home/rudra/custom_flightmode/install/px4_msgs/include/px4_msgs/px4_msgs/msg/detail/parameter_set_used_request__type_support.c\n'}
[1.564595] (px4_msgs) StdoutLine: {'line': b'-- Up-to-date: /home/rudra/custom_flightmode/install/px4_msgs/include/px4_msgs/px4_msgs/msg/detail/timesync_status__type_support.c\n'}
[1.564638] (px4_msgs) StdoutLine: {'line': b'-- Up-to-date: /home/rudra/custom_flightmode/install/px4_msgs/include/px4_msgs/px4_msgs/msg/detail/vte_input__type_support.c\n'}
[1.564678] (px4_msgs) StdoutLine: {'line': b'-- Up-to-date: /home/rudra/custom_flightmode/install/px4_msgs/include/px4_msgs/px4_msgs/msg/detail/debug_value__rosidl_typesupport_introspection_c.h\n'}
[1.564720] (px4_msgs) StdoutLine: {'line': b'-- Up-to-date: /home/rudra/custom_flightmode/install/px4_msgs/include/px4_msgs/px4_msgs/msg/detail/orb_test__type_support.c\n'}
[1.564762] (px4_msgs) StdoutLine: {'line': b'-- Up-to-date: /home/rudra/custom_flightmode/install/px4_msgs/include/px4_msgs/px4_msgs/msg/detail/adc_report__type_support.c\n'}
[1.564803] (px4_msgs) StdoutLine: {'line': b'-- Up-to-date: /home/rudra/custom_flightmode/install/px4_msgs/include/px4_msgs/px4_msgs/msg/detail/esc_report__rosidl_typesupport_introspection_c.h\n'}
[1.564843] (px4_msgs) StdoutLine: {'line': b'-- Up-to-date: /home/rudra/custom_flightmode/install/px4_msgs/include/px4_msgs/px4_msgs/msg/detail/open_drone_id_basic_id__type_support.c\n'}
[1.564882] (px4_msgs) StdoutLine: {'line': b'-- Up-to-date: /home/rudra/custom_flightmode/install/px4_msgs/include/px4_msgs/px4_msgs/msg/detail/estimator_status__rosidl_typesupport_introspection_c.h\n'}
[1.564923] (px4_msgs) StdoutLine: {'line': b'-- Up-to-date: /home/rudra/custom_flightmode/install/px4_msgs/include/px4_msgs/px4_msgs/msg/detail/cellular_status__rosidl_typesupport_introspection_c.h\n'}
[1.564963] (px4_msgs) StdoutLine: {'line': b'-- Up-to-date: /home/rudra/custom_flightmode/install/px4_msgs/include/px4_msgs/px4_msgs/msg/detail/landing_target_pose__rosidl_typesupport_introspection_c.h\n'}
[1.565028] (px4_msgs) StdoutLine: {'line': b'-- Up-to-date: /home/rudra/custom_flightmode/install/px4_msgs/include/px4_msgs/px4_msgs/msg/detail/fixed_wing_lateral_guidance_status__rosidl_typesupport_introspection_c.h\n'}
[1.565091] (px4_msgs) StdoutLine: {'line': b'-- Up-to-date: /home/rudra/custom_flightmode/install/px4_msgs/include/px4_msgs/px4_msgs/msg/detail/geofence_status__type_support.c\n'}
[1.565152] (px4_msgs) StdoutLine: {'line': b'-- Up-to-date: /home/rudra/custom_flightmode/install/px4_msgs/include/px4_msgs/px4_msgs/msg/detail/yaw_estimator_status__type_support.c\n'}
[1.565212] (px4_msgs) StdoutLine: {'line': b'-- Up-to-date: /home/rudra/custom_flightmode/install/px4_msgs/include/px4_msgs/px4_msgs/msg/detail/trajectory_setpoint6dof__type_support.c\n'}
[1.565272] (px4_msgs) StdoutLine: {'line': b'-- Up-to-date: /home/rudra/custom_flightmode/install/px4_msgs/include/px4_msgs/px4_msgs/msg/detail/rpm__rosidl_typesupport_introspection_c.h\n'}
[1.565351] (px4_msgs) StdoutLine: {'line': b'-- Up-to-date: /home/rudra/custom_flightmode/install/px4_msgs/include/px4_msgs/px4_msgs/msg/detail/rc_channels__type_support.c\n'}
[1.565397] (px4_msgs) StdoutLine: {'line': b'-- Up-to-date: /home/rudra/custom_flightmode/install/px4_msgs/include/px4_msgs/px4_msgs/msg/detail/rover_throttle_setpoint__rosidl_typesupport_introspection_c.h\n'}
[1.565443] (px4_msgs) StdoutLine: {'line': b'-- Up-to-date: /home/rudra/custom_flightmode/install/px4_msgs/include/px4_msgs/px4_msgs/msg/detail/fuel_tank_status__rosidl_typesupport_introspection_c.h\n'}
[1.565501] (px4_msgs) StdoutLine: {'line': b'-- Up-to-date: /home/rudra/custom_flightmode/install/px4_msgs/include/px4_msgs/px4_msgs/msg/detail/landing_gear_wheel__rosidl_typesupport_introspection_c.h\n'}
[1.565549] (px4_msgs) StdoutLine: {'line': b'-- Up-to-date: /home/rudra/custom_flightmode/install/px4_msgs/include/px4_msgs/px4_msgs/msg/detail/estimator_innovations__rosidl_typesupport_introspection_c.h\n'}
[1.565595] (px4_msgs) StdoutLine: {'line': b'-- Up-to-date: /home/rudra/custom_flightmode/install/px4_msgs/include/px4_msgs/px4_msgs/msg/detail/distance_sensor_mode_change_request__type_support.c\n'}
[1.565667] (px4_msgs) StdoutLine: {'line': b'-- Up-to-date: /home/rudra/custom_flightmode/install/px4_msgs/include/px4_msgs/px4_msgs/msg/detail/vehicle_rates_setpoint__type_support.c\n'}
[1.565712] (px4_msgs) StdoutLine: {'line': b'-- Up-to-date: /home/rudra/custom_flightmode/install/px4_msgs/include/px4_msgs/px4_msgs/msg/detail/vehicle_control_mode__type_support.c\n'}
[1.565752] (px4_msgs) StdoutLine: {'line': b'-- Up-to-date: /home/rudra/custom_flightmode/install/px4_msgs/include/px4_msgs/px4_msgs/msg/detail/system_power__type_support.c\n'}
[1.565792] (px4_msgs) StdoutLine: {'line': b'-- Up-to-date: /home/rudra/custom_flightmode/install/px4_msgs/include/px4_msgs/px4_msgs/msg/detail/landing_gear_wheel__type_support.c\n'}
[1.565831] (px4_msgs) StdoutLine: {'line': b'-- Up-to-date: /home/rudra/custom_flightmode/install/px4_msgs/include/px4_msgs/px4_msgs/msg/detail/geofence_status__rosidl_typesupport_introspection_c.h\n'}
[1.565870] (px4_msgs) StdoutLine: {'line': b'-- Up-to-date: /home/rudra/custom_flightmode/install/px4_msgs/include/px4_msgs/px4_msgs/msg/detail/rover_rate_setpoint__type_support.c\n'}
[1.565910] (px4_msgs) StdoutLine: {'line': b'-- Up-to-date: /home/rudra/custom_flightmode/install/px4_msgs/include/px4_msgs/px4_msgs/msg/detail/vtx__rosidl_typesupport_introspection_c.h\n'}
[1.565948] (px4_msgs) StdoutLine: {'line': b'-- Up-to-date: /home/rudra/custom_flightmode/install/px4_msgs/include/px4_msgs/px4_msgs/msg/detail/manual_control_switches__rosidl_typesupport_introspection_c.h\n'}
[1.565988] (px4_msgs) StdoutLine: {'line': b'-- Up-to-date: /home/rudra/custom_flightmode/install/px4_msgs/include/px4_msgs/px4_msgs/msg/detail/sensor_gyro_fft__type_support.c\n'}
[1.566027] (px4_msgs) StdoutLine: {'line': b'-- Up-to-date: /home/rudra/custom_flightmode/install/px4_msgs/include/px4_msgs/px4_msgs/msg/detail/gimbal_manager_set_manual_control__type_support.c\n'}
[1.566066] (px4_msgs) StdoutLine: {'line': b'-- Up-to-date: /home/rudra/custom_flightmode/install/px4_msgs/include/px4_msgs/px4_msgs/msg/detail/distance_sensor__type_support.c\n'}
[1.566107] (px4_msgs) StdoutLine: {'line': b'-- Up-to-date: /home/rudra/custom_flightmode/install/px4_msgs/include/px4_msgs/px4_msgs/msg/detail/pwm_input__type_support.c\n'}
[1.566174] (px4_msgs) StdoutLine: {'line': b'-- Up-to-date: /home/rudra/custom_flightmode/install/px4_msgs/lib/libpx4_msgs__rosidl_typesupport_introspection_c.so\n'}
[1.566240] (px4_msgs) StdoutLine: {'line': b'-- Up-to-date: /home/rudra/custom_flightmode/install/px4_msgs/lib/libpx4_msgs__rosidl_typesupport_c.so\n'}
[1.566303] (px4_msgs) StdoutLine: {'line': b'-- Up-to-date: /home/rudra/custom_flightmode/install/px4_msgs/include/px4_msgs/px4_msgs\n'}
[1.566364] (px4_msgs) StdoutLine: {'line': b'-- Up-to-date: /home/rudra/custom_flightmode/install/px4_msgs/include/px4_msgs/px4_msgs/srv\n'}
[1.566426] (px4_msgs) StdoutLine: {'line': b'-- Up-to-date: /home/rudra/custom_flightmode/install/px4_msgs/include/px4_msgs/px4_msgs/srv/detail\n'}
[1.566522] (px4_msgs) StdoutLine: {'line': b'-- Up-to-date: /home/rudra/custom_flightmode/install/px4_msgs/include/px4_msgs/px4_msgs/srv/detail/vehicle_command__struct.hpp\n'}
[1.566581] (px4_msgs) StdoutLine: {'line': b'-- Up-to-date: /home/rudra/custom_flightmode/install/px4_msgs/include/px4_msgs/px4_msgs/srv/detail/vehicle_command__builder.hpp\n'}
[1.566643] (px4_msgs) StdoutLine: {'line': b'-- Up-to-date: /home/rudra/custom_flightmode/install/px4_msgs/include/px4_msgs/px4_msgs/srv/detail/vehicle_command__traits.hpp\n'}
[1.566705] (px4_msgs) StdoutLine: {'line': b'-- Up-to-date: /home/rudra/custom_flightmode/install/px4_msgs/include/px4_msgs/px4_msgs/srv/detail/vehicle_command__type_support.hpp\n'}
[1.566766] (px4_msgs) StdoutLine: {'line': b'-- Up-to-date: /home/rudra/custom_flightmode/install/px4_msgs/include/px4_msgs/px4_msgs/srv/vehicle_command.hpp\n'}
[1.566826] (px4_msgs) StdoutLine: {'line': b'-- Up-to-date: /home/rudra/custom_flightmode/install/px4_msgs/include/px4_msgs/px4_msgs/msg\n'}
[1.566903] (px4_msgs) StdoutLine: {'line': b'-- Up-to-date: /home/rudra/custom_flightmode/install/px4_msgs/include/px4_msgs/px4_msgs/msg/vehicle_optical_flow_vel.hpp\n'}
[1.566948] (px4_msgs) StdoutLine: {'line': b'-- Up-to-date: /home/rudra/custom_flightmode/install/px4_msgs/include/px4_msgs/px4_msgs/msg/mission_result.hpp\n'}
[1.566998] (px4_msgs) StdoutLine: {'line': b'-- Up-to-date: /home/rudra/custom_flightmode/install/px4_msgs/include/px4_msgs/px4_msgs/msg/mode_completed.hpp\n'}
[1.567039] (px4_msgs) StdoutLine: {'line': b'-- Up-to-date: /home/rudra/custom_flightmode/install/px4_msgs/include/px4_msgs/px4_msgs/msg/vehicle_rates_setpoint.hpp\n'}
[1.567083] (px4_msgs) StdoutLine: {'line': b'-- Up-to-date: /home/rudra/custom_flightmode/install/px4_msgs/include/px4_msgs/px4_msgs/msg/rover_attitude_status.hpp\n'}
[1.567127] (px4_msgs) StdoutLine: {'line': b'-- Up-to-date: /home/rudra/custom_flightmode/install/px4_msgs/include/px4_msgs/px4_msgs/msg/open_drone_id_self_id.hpp\n'}
[1.567166] (px4_msgs) StdoutLine: {'line': b'-- Up-to-date: /home/rudra/custom_flightmode/install/px4_msgs/include/px4_msgs/px4_msgs/msg/can_interface_status.hpp\n'}
[1.567205] (px4_msgs) StdoutLine: {'line': b'-- Up-to-date: /home/rudra/custom_flightmode/install/px4_msgs/include/px4_msgs/px4_msgs/msg/arming_check_reply.hpp\n'}
[1.567248] (px4_msgs) StdoutLine: {'line': b'-- Up-to-date: /home/rudra/custom_flightmode/install/px4_msgs/include/px4_msgs/px4_msgs/msg/generator_status.hpp\n'}
[1.567309] (px4_msgs) StdoutLine: {'line': b'-- Up-to-date: /home/rudra/custom_flightmode/install/px4_msgs/include/px4_msgs/px4_msgs/msg/vehicle_land_detected.hpp\n'}
[1.567369] (px4_msgs) StdoutLine: {'line': b'-- Up-to-date: /home/rudra/custom_flightmode/install/px4_msgs/include/px4_msgs/px4_msgs/msg/vte_position.hpp\n'}
[1.567432] (px4_msgs) StdoutLine: {'line': b'-- Up-to-date: /home/rudra/custom_flightmode/install/px4_msgs/include/px4_msgs/px4_msgs/msg/debug_key_value.hpp\n'}
[1.567543] (px4_msgs) StdoutLine: {'line': b'-- Up-to-date: /home/rudra/custom_flightmode/install/px4_msgs/include/px4_msgs/px4_msgs/msg/sensor_airflow.hpp\n'}
[1.567648] (px4_msgs) StdoutLine: {'line': b'-- Up-to-date: /home/rudra/custom_flightmode/install/px4_msgs/include/px4_msgs/px4_msgs/msg/trajectory_setpoint.hpp\n'}
[1.567693] (px4_msgs) StdoutLine: {'line': b'-- Up-to-date: /home/rudra/custom_flightmode/install/px4_msgs/include/px4_msgs/px4_msgs/msg/battery_info.hpp\n'}
[1.567735] (px4_msgs) StdoutLine: {'line': b'-- Up-to-date: /home/rudra/custom_flightmode/install/px4_msgs/include/px4_msgs/px4_msgs/msg/vehicle_thrust_setpoint.hpp\n'}
[1.567787] (px4_msgs) StdoutLine: {'line': b'-- Up-to-date: /home/rudra/custom_flightmode/install/px4_msgs/include/px4_msgs/px4_msgs/msg/log_message.hpp\n'}
[1.567848] (px4_msgs) StdoutLine: {'line': b'-- Up-to-date: /home/rudra/custom_flightmode/install/px4_msgs/include/px4_msgs/px4_msgs/msg/config_overrides.hpp\n'}
[1.567908] (px4_msgs) StdoutLine: {'line': b'-- Up-to-date: /home/rudra/custom_flightmode/install/px4_msgs/include/px4_msgs/px4_msgs/msg/fuel_tank_status.hpp\n'}
[1.567998] (px4_msgs) StdoutLine: {'line': b'-- Up-to-date: /home/rudra/custom_flightmode/install/px4_msgs/include/px4_msgs/px4_msgs/msg/follow_target_status.hpp\n'}
[1.568050] (px4_msgs) StdoutLine: {'line': b'-- Up-to-date: /home/rudra/custom_flightmode/install/px4_msgs/include/px4_msgs/px4_msgs/msg/estimator_selector_status.hpp\n'}
[1.568129] (px4_msgs) StdoutLine: {'line': b'-- Up-to-date: /home/rudra/custom_flightmode/install/px4_msgs/include/px4_msgs/px4_msgs/msg/sensor_hygrometer.hpp\n'}
[1.568172] (px4_msgs) StdoutLine: {'line': b'-- Up-to-date: /home/rudra/custom_flightmode/install/px4_msgs/include/px4_msgs/px4_msgs/msg/neural_control.hpp\n'}
[1.568214] (px4_msgs) StdoutLine: {'line': b'-- Up-to-date: /home/rudra/custom_flightmode/install/px4_msgs/include/px4_msgs/px4_msgs/msg/wheel_encoders.hpp\n'}
[1.568255] (px4_msgs) StdoutLine: {'line': b'-- Up-to-date: /home/rudra/custom_flightmode/install/px4_msgs/include/px4_msgs/px4_msgs/msg/logger_status.hpp\n'}
[1.568303] (px4_msgs) StdoutLine: {'line': b'-- Up-to-date: /home/rudra/custom_flightmode/install/px4_msgs/include/px4_msgs/px4_msgs/msg/follow_target_estimator.hpp\n'}
[1.568343] (px4_msgs) StdoutLine: {'line': b'-- Up-to-date: /home/rudra/custom_flightmode/install/px4_msgs/include/px4_msgs/px4_msgs/msg/fixed_wing_lateral_guidance_status.hpp\n'}
[1.568382] (px4_msgs) StdoutLine: {'line': b'-- Up-to-date: /home/rudra/custom_flightmode/install/px4_msgs/include/px4_msgs/px4_msgs/msg/dataman_response.hpp\n'}
[1.568440] (px4_msgs) StdoutLine: {'line': b'-- Up-to-date: /home/rudra/custom_flightmode/install/px4_msgs/include/px4_msgs/px4_msgs/msg/control_allocator_status.hpp\n'}
[1.568549] (px4_msgs) StdoutLine: {'line': b'-- Up-to-date: /home/rudra/custom_flightmode/install/px4_msgs/include/px4_msgs/px4_msgs/msg/landing_gear.hpp\n'}
[1.568658] (px4_msgs) StdoutLine: {'line': b'-- Up-to-date: /home/rudra/custom_flightmode/install/px4_msgs/include/px4_msgs/px4_msgs/msg/vehicle_attitude_setpoint.hpp\n'}
[1.568723] (px4_msgs) StdoutLine: {'line': b'-- Up-to-date: /home/rudra/custom_flightmode/install/px4_msgs/include/px4_msgs/px4_msgs/msg/orbit_status.hpp\n'}
[1.568812] (px4_msgs) StdoutLine: {'line': b'-- Up-to-date: /home/rudra/custom_flightmode/install/px4_msgs/include/px4_msgs/px4_msgs/msg/vehicle_attitude.hpp\n'}
[1.568876] (px4_msgs) StdoutLine: {'line': b'-- Up-to-date: /home/rudra/custom_flightmode/install/px4_msgs/include/px4_msgs/px4_msgs/msg/vehicle_control_mode.hpp\n'}
[1.568937] (px4_msgs) StdoutLine: {'line': b'-- Up-to-date: /home/rudra/custom_flightmode/install/px4_msgs/include/px4_msgs/px4_msgs/msg/internal_combustion_engine_status.hpp\n'}
[1.568999] (px4_msgs) StdoutLine: {'line': b'-- Up-to-date: /home/rudra/custom_flightmode/install/px4_msgs/include/px4_msgs/px4_msgs/msg/estimator_status.hpp\n'}
[1.569061] (px4_msgs) StdoutLine: {'line': b'-- Up-to-date: /home/rudra/custom_flightmode/install/px4_msgs/include/px4_msgs/px4_msgs/msg/actuator_test.hpp\n'}
[1.569178] (px4_msgs) StdoutLine: {'line': b'-- Up-to-date: /home/rudra/custom_flightmode/install/px4_msgs/include/px4_msgs/px4_msgs/msg/actuator_controls_status.hpp\n'}
[1.569303] (px4_msgs) StdoutLine: {'line': b'-- Up-to-date: /home/rudra/custom_flightmode/install/px4_msgs/include/px4_msgs/px4_msgs/msg/gps_dump.hpp\n'}
[1.569368] (px4_msgs) StdoutLine: {'line': b'-- Up-to-date: /home/rudra/custom_flightmode/install/px4_msgs/include/px4_msgs/px4_msgs/msg/ulog_stream_ack.hpp\n'}
[1.569429] (px4_msgs) StdoutLine: {'line': b'-- Up-to-date: /home/rudra/custom_flightmode/install/px4_msgs/include/px4_msgs/px4_msgs/msg/orb_test_medium.hpp\n'}
[1.569517] (px4_msgs) StdoutLine: {'line': b'-- Up-to-date: /home/rudra/custom_flightmode/install/px4_msgs/include/px4_msgs/px4_msgs/msg/detect_and_avoid.hpp\n'}
[1.569661] (px4_msgs) StdoutLine: {'line': b'-- Up-to-date: /home/rudra/custom_flightmode/install/px4_msgs/include/px4_msgs/px4_msgs/msg/heater_status.hpp\n'}
[1.569730] (px4_msgs) StdoutLine: {'line': b'-- Up-to-date: /home/rudra/custom_flightmode/install/px4_msgs/include/px4_msgs/px4_msgs/msg/figure_eight_status.hpp\n'}
[1.569791] (px4_msgs) StdoutLine: {'line': b'-- Up-to-date: /home/rudra/custom_flightmode/install/px4_msgs/include/px4_msgs/px4_msgs/msg/sensor_combined.hpp\n'}
[1.569852] (px4_msgs) StdoutLine: {'line': b'-- Up-to-date: /home/rudra/custom_flightmode/install/px4_msgs/include/px4_msgs/px4_msgs/msg/airspeed_validated.hpp\n'}
[1.569913] (px4_msgs) StdoutLine: {'line': b'-- Up-to-date: /home/rudra/custom_flightmode/install/px4_msgs/include/px4_msgs/px4_msgs/msg/parameter_set_value_response.hpp\n'}
[1.569974] (px4_msgs) StdoutLine: {'line': b'-- Up-to-date: /home/rudra/custom_flightmode/install/px4_msgs/include/px4_msgs/px4_msgs/msg/vehicle_optical_flow.hpp\n'}
[1.570035] (px4_msgs) StdoutLine: {'line': b'-- Up-to-date: /home/rudra/custom_flightmode/install/px4_msgs/include/px4_msgs/px4_msgs/msg/hover_thrust_estimate.hpp\n'}
[1.570097] (px4_msgs) StdoutLine: {'line': b'-- Up-to-date: /home/rudra/custom_flightmode/install/px4_msgs/include/px4_msgs/px4_msgs/msg/pwm_input.hpp\n'}
[1.570179] (px4_msgs) StdoutLine: {'line': b'-- Up-to-date: /home/rudra/custom_flightmode/install/px4_msgs/include/px4_msgs/px4_msgs/msg/geofence_result.hpp\n'}
[1.570242] (px4_msgs) StdoutLine: {'line': b'-- Up-to-date: /home/rudra/custom_flightmode/install/px4_msgs/include/px4_msgs/px4_msgs/msg/raptor_status.hpp\n'}
[1.570303] (px4_msgs) StdoutLine: {'line': b'-- Up-to-date: /home/rudra/custom_flightmode/install/px4_msgs/include/px4_msgs/px4_msgs/msg/vehicle_local_position.hpp\n'}
[1.570405] (px4_msgs) StdoutLine: {'line': b'-- Up-to-date: /home/rudra/custom_flightmode/install/px4_msgs/include/px4_msgs/px4_msgs/msg/obstacle_distance.hpp\n'}
[1.570475] (px4_msgs) StdoutLine: {'line': b'-- Up-to-date: /home/rudra/custom_flightmode/install/px4_msgs/include/px4_msgs/px4_msgs/msg/goto_setpoint.hpp\n'}
[1.570635] (px4_msgs) StdoutLine: {'line': b'-- Up-to-date: /home/rudra/custom_flightmode/install/px4_msgs/include/px4_msgs/px4_msgs/msg/failure_detector_status.hpp\n'}
[1.570700] (px4_msgs) StdoutLine: {'line': b'-- Up-to-date: /home/rudra/custom_flightmode/install/px4_msgs/include/px4_msgs/px4_msgs/msg/vehicle_imu_status.hpp\n'}
[1.570762] (px4_msgs) StdoutLine: {'line': b'-- Up-to-date: /home/rudra/custom_flightmode/install/px4_msgs/include/px4_msgs/px4_msgs/msg/failsafe_flags.hpp\n'}
[1.570824] (px4_msgs) StdoutLine: {'line': b'-- Up-to-date: /home/rudra/custom_flightmode/install/px4_msgs/include/px4_msgs/px4_msgs/msg/vte_orientation.hpp\n'}
[1.570902] (px4_msgs) StdoutLine: {'line': b'-- Up-to-date: /home/rudra/custom_flightmode/install/px4_msgs/include/px4_msgs/px4_msgs/msg/sensor_accel.hpp\n'}
[1.570965] (px4_msgs) StdoutLine: {'line': b'-- Up-to-date: /home/rudra/custom_flightmode/install/px4_msgs/include/px4_msgs/px4_msgs/msg/actuator_motors.hpp\n'}
[1.571027] (px4_msgs) StdoutLine: {'line': b'-- Up-to-date: /home/rudra/custom_flightmode/install/px4_msgs/include/px4_msgs/px4_msgs/msg/vehicle_angular_velocity.hpp\n'}
[1.571087] (px4_msgs) StdoutLine: {'line': b'-- Up-to-date: /home/rudra/custom_flightmode/install/px4_msgs/include/px4_msgs/px4_msgs/msg/home_position.hpp\n'}
[1.571147] (px4_msgs) StdoutLine: {'line': b'-- Up-to-date: /home/rudra/custom_flightmode/install/px4_msgs/include/px4_msgs/px4_msgs/msg/position_setpoint.hpp\n'}
[1.571206] (px4_msgs) StdoutLine: {'line': b'-- Up-to-date: /home/rudra/custom_flightmode/install/px4_msgs/include/px4_msgs/px4_msgs/msg/distance_sensor_mode_change_request.hpp\n'}
[1.571266] (px4_msgs) StdoutLine: {'line': b'-- Up-to-date: /home/rudra/custom_flightmode/install/px4_msgs/include/px4_msgs/px4_msgs/msg/detect_and_avoid_most_urgent.hpp\n'}
[1.571326] (px4_msgs) StdoutLine: {'line': b'-- Up-to-date: /home/rudra/custom_flightmode/install/px4_msgs/include/px4_msgs/px4_msgs/msg/gripper.hpp\n'}
[1.571386] (px4_msgs) StdoutLine: {'line': b'-- Up-to-date: /home/rudra/custom_flightmode/install/px4_msgs/include/px4_msgs/px4_msgs/msg/landing_target_pose.hpp\n'}
[1.571447] (px4_msgs) StdoutLine: {'line': b'-- Up-to-date: /home/rudra/custom_flightmode/install/px4_msgs/include/px4_msgs/px4_msgs/msg/prec_land_status.hpp\n'}
[1.571625] (px4_msgs) StdoutLine: {'line': b'-- Up-to-date: /home/rudra/custom_flightmode/install/px4_msgs/include/px4_msgs/px4_msgs/msg/fiducial_marker_pos_report.hpp\n'}
[1.571717] (px4_msgs) StdoutLine: {'line': b'-- Up-to-date: /home/rudra/custom_flightmode/install/px4_msgs/include/px4_msgs/px4_msgs/msg/arming_check_request.hpp\n'}
[1.571811] (px4_msgs) StdoutLine: {'line': b'-- Up-to-date: /home/rudra/custom_flightmode/install/px4_msgs/include/px4_msgs/px4_msgs/msg/mission.hpp\n'}
[1.571878] (px4_msgs) StdoutLine: {'line': b'-- Up-to-date: /home/rudra/custom_flightmode/install/px4_msgs/include/px4_msgs/px4_msgs/msg/gpio_out.hpp\n'}
[1.571940] (px4_msgs) StdoutLine: {'line': b'-- Up-to-date: /home/rudra/custom_flightmode/install/px4_msgs/include/px4_msgs/px4_msgs/msg/vte_aid_source1d.hpp\n'}
[1.572070] (px4_msgs) StdoutLine: {'line': b'-- Up-to-date: /home/rudra/custom_flightmode/install/px4_msgs/include/px4_msgs/px4_msgs/msg/esc_status.hpp\n'}
[1.572146] (px4_msgs) StdoutLine: {'line': b'-- Up-to-date: /home/rudra/custom_flightmode/install/px4_msgs/include/px4_msgs/px4_msgs/msg/rover_steering_setpoint.hpp\n'}
[1.572209] (px4_msgs) StdoutLine: {'line': b'-- Up-to-date: /home/rudra/custom_flightmode/install/px4_msgs/include/px4_msgs/px4_msgs/msg/estimator_states.hpp\n'}
[1.572269] (px4_msgs) StdoutLine: {'line': b'-- Up-to-date: /home/rudra/custom_flightmode/install/px4_msgs/include/px4_msgs/px4_msgs/msg/sensor_correction.hpp\n'}
[1.572330] (px4_msgs) StdoutLine: {'line': b'-- Up-to-date: /home/rudra/custom_flightmode/install/px4_msgs/include/px4_msgs/px4_msgs/msg/camera_status.hpp\n'}
[1.572391] (px4_msgs) StdoutLine: {'line': b'-- Up-to-date: /home/rudra/custom_flightmode/install/px4_msgs/include/px4_msgs/px4_msgs/msg/actuator_servos.hpp\n'}
[1.572452] (px4_msgs) StdoutLine: {'line': b'-- Up-to-date: /home/rudra/custom_flightmode/install/px4_msgs/include/px4_msgs/px4_msgs/msg/transponder_report.hpp\n'}
[1.572603] (px4_msgs) StdoutLine: {'line': b'-- Up-to-date: /home/rudra/custom_flightmode/install/px4_msgs/include/px4_msgs/px4_msgs/msg/collision_constraints.hpp\n'}
[1.572694] (px4_msgs) StdoutLine: {'line': b'-- Up-to-date: /home/rudra/custom_flightmode/install/px4_msgs/include/px4_msgs/px4_msgs/msg/message_format_response.hpp\n'}
[1.572756] (px4_msgs) StdoutLine: {'line': b'-- Up-to-date: /home/rudra/custom_flightmode/install/px4_msgs/include/px4_msgs/px4_msgs/msg/failure_injection.hpp\n'}
[1.572818] (px4_msgs) StdoutLine: {'line': b'-- Up-to-date: /home/rudra/custom_flightmode/install/px4_msgs/include/px4_msgs/px4_msgs/msg/register_ext_component_reply.hpp\n'}
[1.572895] (px4_msgs) StdoutLine: {'line': b'-- Up-to-date: /home/rudra/custom_flightmode/install/px4_msgs/include/px4_msgs/px4_msgs/msg/rover_throttle_setpoint.hpp\n'}
[1.572958] (px4_msgs) StdoutLine: {'line': b'-- Up-to-date: /home/rudra/custom_flightmode/install/px4_msgs/include/px4_msgs/px4_msgs/msg/tiltrotor_extra_controls.hpp\n'}
[1.573020] (px4_msgs) StdoutLine: {'line': b'-- Up-to-date: /home/rudra/custom_flightmode/install/px4_msgs/include/px4_msgs/px4_msgs/msg/navigator_status.hpp\n'}
[1.573081] (px4_msgs) StdoutLine: {'line': b'-- Up-to-date: /home/rudra/custom_flightmode/install/px4_msgs/include/px4_msgs/px4_msgs/msg/mavlink_tunnel.hpp\n'}
[1.573141] (px4_msgs) StdoutLine: {'line': b'-- Up-to-date: /home/rudra/custom_flightmode/install/px4_msgs/include/px4_msgs/px4_msgs/msg/parameter_set_value_request.hpp\n'}
[1.573201] (px4_msgs) StdoutLine: {'line': b'-- Up-to-date: /home/rudra/custom_flightmode/install/px4_msgs/include/px4_msgs/px4_msgs/msg/qshell_retval.hpp\n'}
[1.573262] (px4_msgs) StdoutLine: {'line': b'-- Up-to-date: /home/rudra/custom_flightmode/install/px4_msgs/include/px4_msgs/px4_msgs/msg/sensor_gyro.hpp\n'}
[1.573322] (px4_msgs) StdoutLine: {'line': b'-- Up-to-date: /home/rudra/custom_flightmode/install/px4_msgs/include/px4_msgs/px4_msgs/msg/rover_position_setpoint.hpp\n'}
[1.573384] (px4_msgs) StdoutLine: {'line': b'-- Up-to-date: /home/rudra/custom_flightmode/install/px4_msgs/include/px4_msgs/px4_msgs/msg/magnetometer_bias_estimate.hpp\n'}
[1.573444] (px4_msgs) StdoutLine: {'line': b'-- Up-to-date: /home/rudra/custom_flightmode/install/px4_msgs/include/px4_msgs/px4_msgs/msg/estimator_bias3d.hpp\n'}
[1.573598] (px4_msgs) StdoutLine: {'line': b'-- Up-to-date: /home/rudra/custom_flightmode/install/px4_msgs/include/px4_msgs/px4_msgs/msg/system_power.hpp\n'}
[1.573680] (px4_msgs) StdoutLine: {'line': b'-- Up-to-date: /home/rudra/custom_flightmode/install/px4_msgs/include/px4_msgs/px4_msgs/msg/landing_target_innovations.hpp\n'}
[1.573743] (px4_msgs) StdoutLine: {'line': b'-- Up-to-date: /home/rudra/custom_flightmode/install/px4_msgs/include/px4_msgs/px4_msgs/msg/sensor_gnss_status.hpp\n'}
[1.573804] (px4_msgs) StdoutLine: {'line': b'-- Up-to-date: /home/rudra/custom_flightmode/install/px4_msgs/include/px4_msgs/px4_msgs/msg/sensor_mag.hpp\n'}
[1.573865] (px4_msgs) StdoutLine: {'line': b'-- Up-to-date: /home/rudra/custom_flightmode/install/px4_msgs/include/px4_msgs/px4_msgs/msg/normalized_unsigned_setpoint.hpp\n'}
[1.573996] (px4_msgs) StdoutLine: {'line': b'-- Up-to-date: /home/rudra/custom_flightmode/install/px4_msgs/include/px4_msgs/px4_msgs/msg/vehicle_magnetometer.hpp\n'}
[1.574087] (px4_msgs) StdoutLine: {'line': b'-- Up-to-date: /home/rudra/custom_flightmode/install/px4_msgs/include/px4_msgs/px4_msgs/msg/vte_aid_source3d.hpp\n'}
[1.574150] (px4_msgs) StdoutLine: {'line': b'-- Up-to-date: /home/rudra/custom_flightmode/install/px4_msgs/include/px4_msgs/px4_msgs/msg/gimbal_device_information.hpp\n'}
[1.574210] (px4_msgs) StdoutLine: {'line': b'-- Up-to-date: /home/rudra/custom_flightmode/install/px4_msgs/include/px4_msgs/px4_msgs/msg/estimator_aid_source3d.hpp\n'}
[1.574286] (px4_msgs) StdoutLine: {'line': b'-- Up-to-date: /home/rudra/custom_flightmode/install/px4_msgs/include/px4_msgs/px4_msgs/msg/tecs_status.hpp\n'}
[1.574357] (px4_msgs) StdoutLine: {'line': b'-- Up-to-date: /home/rudra/custom_flightmode/install/px4_msgs/include/px4_msgs/px4_msgs/msg/qshell_req.hpp\n'}
[1.574419] (px4_msgs) StdoutLine: {'line': b'-- Up-to-date: /home/rudra/custom_flightmode/install/px4_msgs/include/px4_msgs/px4_msgs/msg/parameter_update.hpp\n'}
[1.574530] (px4_msgs) StdoutLine: {'line': b'-- Up-to-date: /home/rudra/custom_flightmode/install/px4_msgs/include/px4_msgs/px4_msgs/msg/position_controller_landing_status.hpp\n'}
[1.574631] (px4_msgs) StdoutLine: {'line': b'-- Up-to-date: /home/rudra/custom_flightmode/install/px4_msgs/include/px4_msgs/px4_msgs/msg/vtol_vehicle_status.hpp\n'}
[1.574755] (px4_msgs) StdoutLine: {'line': b'-- Up-to-date: /home/rudra/custom_flightmode/install/px4_msgs/include/px4_msgs/px4_msgs/msg/parameter_reset_request.hpp\n'}
[1.574820] (px4_msgs) StdoutLine: {'line': b'-- Up-to-date: /home/rudra/custom_flightmode/install/px4_msgs/include/px4_msgs/px4_msgs/msg/unregister_ext_component.hpp\n'}
[1.574882] (px4_msgs) StdoutLine: {'line': b'-- Up-to-date: /home/rudra/custom_flightmode/install/px4_msgs/include/px4_msgs/px4_msgs/msg/input_rc.hpp\n'}
[1.574945] (px4_msgs) StdoutLine: {'line': b'-- Up-to-date: /home/rudra/custom_flightmode/install/px4_msgs/include/px4_msgs/px4_msgs/msg/satellite_info.hpp\n'}
[1.575035] (px4_msgs) StdoutLine: {'line': b'-- Up-to-date: /home/rudra/custom_flightmode/install/px4_msgs/include/px4_msgs/px4_msgs/msg/wind.hpp\n'}
[1.575085] (px4_msgs) StdoutLine: {'line': b'-- Up-to-date: /home/rudra/custom_flightmode/install/px4_msgs/include/px4_msgs/px4_msgs/msg/debug_value.hpp\n'}
[1.575131] (px4_msgs) StdoutLine: {'line': b'-- Up-to-date: /home/rudra/custom_flightmode/install/px4_msgs/include/px4_msgs/px4_msgs/msg/debug_vect.hpp\n'}
[1.575175] (px4_msgs) StdoutLine: {'line': b'-- Up-to-date: /home/rudra/custom_flightmode/install/px4_msgs/include/px4_msgs/px4_msgs/msg/gpio_in.hpp\n'}
[1.575309] (px4_msgs) StdoutLine: {'line': b'-- Up-to-date: /home/rudra/custom_flightmode/install/px4_msgs/include/px4_msgs/px4_msgs/msg/gimbal_manager_status.hpp\n'}
[1.575359] (px4_msgs) StdoutLine: {'line': b'-- Up-to-date: /home/rudra/custom_flightmode/install/px4_msgs/include/px4_msgs/px4_msgs/msg/pps_capture.hpp\n'}
[1.575413] (px4_msgs) StdoutLine: {'line': b'-- Up-to-date: /home/rudra/custom_flightmode/install/px4_msgs/include/px4_msgs/px4_msgs/msg/gimbal_manager_information.hpp\n'}
[1.575501] (px4_msgs) StdoutLine: {'line': b'-- Up-to-date: /home/rudra/custom_flightmode/install/px4_msgs/include/px4_msgs/px4_msgs/msg/rc_parameter_map.hpp\n'}
[1.575600] (px4_msgs) StdoutLine: {'line': b'-- Up-to-date: /home/rudra/custom_flightmode/install/px4_msgs/include/px4_msgs/px4_msgs/msg/px4io_status.hpp\n'}
[1.575657] (px4_msgs) StdoutLine: {'line': b'-- Up-to-date: /home/rudra/custom_flightmode/install/px4_msgs/include/px4_msgs/px4_msgs/msg/gimbal_manager_set_manual_control.hpp\n'}
[1.575753] (px4_msgs) StdoutLine: {'line': b'-- Up-to-date: /home/rudra/custom_flightmode/install/px4_msgs/include/px4_msgs/px4_msgs/msg/task_stack_info.hpp\n'}
[1.575825] (px4_msgs) StdoutLine: {'line': b'-- Up-to-date: /home/rudra/custom_flightmode/install/px4_msgs/include/px4_msgs/px4_msgs/msg/rover_attitude_setpoint.hpp\n'}
[1.575901] (px4_msgs) StdoutLine: {'line': b'-- Up-to-date: /home/rudra/custom_flightmode/install/px4_msgs/include/px4_msgs/px4_msgs/msg/manual_control_switches.hpp\n'}
[1.575972] (px4_msgs) StdoutLine: {'line': b'-- Up-to-date: /home/rudra/custom_flightmode/install/px4_msgs/include/px4_msgs/px4_msgs/msg/launch_detection_status.hpp\n'}
[1.576042] (px4_msgs) StdoutLine: {'line': b'-- Up-to-date: /home/rudra/custom_flightmode/install/px4_msgs/include/px4_msgs/px4_msgs/msg/sensor_gyro_fft.hpp\n'}
[1.576099] (px4_msgs) StdoutLine: {'line': b'-- Up-to-date: /home/rudra/custom_flightmode/install/px4_msgs/include/px4_msgs/px4_msgs/msg/gain_compression.hpp\n'}
[1.576152] (px4_msgs) StdoutLine: {'line': b'-- Up-to-date: /home/rudra/custom_flightmode/install/px4_msgs/include/px4_msgs/px4_msgs/msg/sensor_accel_fifo.hpp\n'}
[1.576229] (px4_msgs) StdoutLine: {'line': b'-- Up-to-date: /home/rudra/custom_flightmode/install/px4_msgs/include/px4_msgs/px4_msgs/msg/airspeed_wind.hpp\n'}
[1.576301] (px4_msgs) StdoutLine: {'line': b'-- Up-to-date: /home/rudra/custom_flightmode/install/px4_msgs/include/px4_msgs/px4_msgs/msg/flight_phase_estimation.hpp\n'}
[1.576354] (px4_msgs) StdoutLine: {'line': b'-- Up-to-date: /home/rudra/custom_flightmode/install/px4_msgs/include/px4_msgs/px4_msgs/msg/fixed_wing_lateral_status.hpp\n'}
[1.576419] (px4_msgs) StdoutLine: {'line': b'-- Up-to-date: /home/rudra/custom_flightmode/install/px4_msgs/include/px4_msgs/px4_msgs/msg/actuator_servos_trim.hpp\n'}
[1.576481] (px4_msgs) StdoutLine: {'line': b'-- Up-to-date: /home/rudra/custom_flightmode/install/px4_msgs/include/px4_msgs/px4_msgs/msg/sensor_temp.hpp\n'}
[1.576572] (px4_msgs) StdoutLine: {'line': b'-- Up-to-date: /home/rudra/custom_flightmode/install/px4_msgs/include/px4_msgs/px4_msgs/msg/rover_rate_setpoint.hpp\n'}
[1.576642] (px4_msgs) StdoutLine: {'line': b'-- Up-to-date: /home/rudra/custom_flightmode/install/px4_msgs/include/px4_msgs/px4_msgs/msg/pure_pursuit_status.hpp\n'}
[1.576710] (px4_msgs) StdoutLine: {'line': b'-- Up-to-date: /home/rudra/custom_flightmode/install/px4_msgs/include/px4_msgs/px4_msgs/msg/gpio_request.hpp\n'}
[1.576781] (px4_msgs) StdoutLine: {'line': b'-- Up-to-date: /home/rudra/custom_flightmode/install/px4_msgs/include/px4_msgs/px4_msgs/msg/register_ext_component_request.hpp\n'}
[1.576836] (px4_msgs) StdoutLine: {'line': b'-- Up-to-date: /home/rudra/custom_flightmode/install/px4_msgs/include/px4_msgs/px4_msgs/msg/gimbal_device_attitude_status.hpp\n'}
[1.576889] (px4_msgs) StdoutLine: {'line': b'-- Up-to-date: /home/rudra/custom_flightmode/install/px4_msgs/include/px4_msgs/px4_msgs/msg/tune_control.hpp\n'}
[1.576968] (px4_msgs) StdoutLine: {'line': b'-- Up-to-date: /home/rudra/custom_flightmode/install/px4_msgs/include/px4_msgs/px4_msgs/msg/sensor_optical_flow.hpp\n'}
[1.577046] (px4_msgs) StdoutLine: {'line': b'-- Up-to-date: /home/rudra/custom_flightmode/install/px4_msgs/include/px4_msgs/px4_msgs/msg/camera_trigger.hpp\n'}
[1.577111] (px4_msgs) StdoutLine: {'line': b'-- Up-to-date: /home/rudra/custom_flightmode/install/px4_msgs/include/px4_msgs/px4_msgs/msg/actuator_armed.hpp\n'}
[1.577187] (px4_msgs) StdoutLine: {'line': b'-- Up-to-date: /home/rudra/custom_flightmode/install/px4_msgs/include/px4_msgs/px4_msgs/msg/rtl_status.hpp\n'}
[1.577258] (px4_msgs) StdoutLine: {'line': b'-- Up-to-date: /home/rudra/custom_flightmode/install/px4_msgs/include/px4_msgs/px4_msgs/msg/internal_combustion_engine_control.hpp\n'}
[1.577309] (px4_msgs) StdoutLine: {'line': b'-- Up-to-date: /home/rudra/custom_flightmode/install/px4_msgs/include/px4_msgs/px4_msgs/msg/fixed_wing_longitudinal_setpoint.hpp\n'}
[1.577355] (px4_msgs) StdoutLine: {'line': b'-- Up-to-date: /home/rudra/custom_flightmode/install/px4_msgs/include/px4_msgs/px4_msgs/msg/rover_speed_setpoint.hpp\n'}
[1.577399] (px4_msgs) StdoutLine: {'line': b'-- Up-to-date: /home/rudra/custom_flightmode/install/px4_msgs/include/px4_msgs/px4_msgs/msg/setpoint_config_reply.hpp\n'}
[1.577489] (px4_msgs) StdoutLine: {'line': b'-- Up-to-date: /home/rudra/custom_flightmode/install/px4_msgs/include/px4_msgs/px4_msgs/msg/sensors_status.hpp\n'}
[1.577566] (px4_msgs) StdoutLine: {'line': b'-- Up-to-date: /home/rudra/custom_flightmode/install/px4_msgs/include/px4_msgs/px4_msgs/msg/sensor_uwb.hpp\n'}
[1.577614] (px4_msgs) StdoutLine: {'line': b'-- Up-to-date: /home/rudra/custom_flightmode/install/px4_msgs/include/px4_msgs/px4_msgs/msg/vehicle_local_position_setpoint.hpp\n'}
[1.577659] (px4_msgs) StdoutLine: {'line': b'-- Up-to-date: /home/rudra/custom_flightmode/install/px4_msgs/include/px4_msgs/px4_msgs/msg/cpuload.hpp\n'}
[1.577703] (px4_msgs) StdoutLine: {'line': b'-- Up-to-date: /home/rudra/custom_flightmode/install/px4_msgs/include/px4_msgs/px4_msgs/msg/battery_status.hpp\n'}
[1.577747] (px4_msgs) StdoutLine: {'line': b'-- Up-to-date: /home/rudra/custom_flightmode/install/px4_msgs/include/px4_msgs/px4_msgs/msg/vte_input.hpp\n'}
[1.577791] (px4_msgs) StdoutLine: {'line': b'-- Up-to-date: /home/rudra/custom_flightmode/install/px4_msgs/include/px4_msgs/px4_msgs/msg/distance_sensor.hpp\n'}
[1.577834] (px4_msgs) StdoutLine: {'line': b'-- Up-to-date: /home/rudra/custom_flightmode/install/px4_msgs/include/px4_msgs/px4_msgs/msg/esc_eeprom_read.hpp\n'}
[1.577878] (px4_msgs) StdoutLine: {'line': b'-- Up-to-date: /home/rudra/custom_flightmode/install/px4_msgs/include/px4_msgs/px4_msgs/msg/navigator_mission_item.hpp\n'}
[1.577922] (px4_msgs) StdoutLine: {'line': b'-- Up-to-date: /home/rudra/custom_flightmode/install/px4_msgs/include/px4_msgs/px4_msgs/msg/orb_test_large.hpp\n'}
[1.577965] (px4_msgs) StdoutLine: {'line': b'-- Up-to-date: /home/rudra/custom_flightmode/install/px4_msgs/include/px4_msgs/px4_msgs/msg/mag_worker_data.hpp\n'}
[1.578009] (px4_msgs) StdoutLine: {'line': b'-- Up-to-date: /home/rudra/custom_flightmode/install/px4_msgs/include/px4_msgs/px4_msgs/msg/vehicle_air_data.hpp\n'}
[1.578053] (px4_msgs) StdoutLine: {'line': b'-- Up-to-date: /home/rudra/custom_flightmode/install/px4_msgs/include/px4_msgs/px4_msgs/msg/dronecan_node_status.hpp\n'}
[1.578097] (px4_msgs) StdoutLine: {'line': b'-- Up-to-date: /home/rudra/custom_flightmode/install/px4_msgs/include/px4_msgs/px4_msgs/msg/position_controller_status.hpp\n'}
[1.578141] (px4_msgs) StdoutLine: {'line': b'-- Up-to-date: /home/rudra/custom_flightmode/install/px4_msgs/include/px4_msgs/px4_msgs/msg/vehicle_global_position.hpp\n'}
[1.578184] (px4_msgs) StdoutLine: {'line': b'-- Up-to-date: /home/rudra/custom_flightmode/install/px4_msgs/include/px4_msgs/px4_msgs/msg/setpoint_config.hpp\n'}
[1.578227] (px4_msgs) StdoutLine: {'line': b'-- Up-to-date: /home/rudra/custom_flightmode/install/px4_msgs/include/px4_msgs/px4_msgs/msg/vehicle_odometry.hpp\n'}
[1.578270] (px4_msgs) StdoutLine: {'line': b'-- Up-to-date: /home/rudra/custom_flightmode/install/px4_msgs/include/px4_msgs/px4_msgs/msg/longitudinal_control_configuration.hpp\n'}
[1.578332] (px4_msgs) StdoutLine: {'line': b'-- Up-to-date: /home/rudra/custom_flightmode/install/px4_msgs/include/px4_msgs/px4_msgs/msg/ranging_beacon.hpp\n'}
[1.578377] (px4_msgs) StdoutLine: {'line': b'-- Up-to-date: /home/rudra/custom_flightmode/install/px4_msgs/include/px4_msgs/px4_msgs/msg/irlock_report.hpp\n'}
[1.578421] (px4_msgs) StdoutLine: {'line': b'-- Up-to-date: /home/rudra/custom_flightmode/install/px4_msgs/include/px4_msgs/px4_msgs/msg/onboard_computer_status.hpp\n'}
[1.578598] (px4_msgs) StdoutLine: {'line': b'-- Up-to-date: /home/rudra/custom_flightmode/install/px4_msgs/include/px4_msgs/px4_msgs/msg/event.hpp\n'}
[1.578693] (px4_msgs) StdoutLine: {'line': b'-- Up-to-date: /home/rudra/custom_flightmode/install/px4_msgs/include/px4_msgs/px4_msgs/msg/estimator_aid_source2d.hpp\n'}
[1.578741] (px4_msgs) StdoutLine: {'line': b'-- Up-to-date: /home/rudra/custom_flightmode/install/px4_msgs/include/px4_msgs/px4_msgs/msg/aux_global_position.hpp\n'}
[1.578789] (px4_msgs) StdoutLine: {'line': b'-- Up-to-date: /home/rudra/custom_flightmode/install/px4_msgs/include/px4_msgs/px4_msgs/msg/iridiumsbd_status.hpp\n'}
[1.578835] (px4_msgs) StdoutLine: {'line': b'-- Up-to-date: /home/rudra/custom_flightmode/install/px4_msgs/include/px4_msgs/px4_msgs/msg/timesync_status.hpp\n'}
[1.578907] (px4_msgs) StdoutLine: {'line': b'-- Up-to-date: /home/rudra/custom_flightmode/install/px4_msgs/include/px4_msgs/px4_msgs/msg/open_drone_id_arm_status.hpp\n'}
[1.578952] (px4_msgs) StdoutLine: {'line': b'-- Up-to-date: /home/rudra/custom_flightmode/install/px4_msgs/include/px4_msgs/px4_msgs/msg/rate_ctrl_status.hpp\n'}
[1.578998] (px4_msgs) StdoutLine: {'line': b'-- Up-to-date: /home/rudra/custom_flightmode/install/px4_msgs/include/px4_msgs/px4_msgs/msg/vehicle_torque_setpoint.hpp\n'}
[1.579043] (px4_msgs) StdoutLine: {'line': b'-- Up-to-date: /home/rudra/custom_flightmode/install/px4_msgs/include/px4_msgs/px4_msgs/msg/ping.hpp\n'}
[1.579087] (px4_msgs) StdoutLine: {'line': b'-- Up-to-date: /home/rudra/custom_flightmode/install/px4_msgs/include/px4_msgs/px4_msgs/msg/fiducial_marker_yaw_report.hpp\n'}
[1.579130] (px4_msgs) StdoutLine: {'line': b'-- Up-to-date: /home/rudra/custom_flightmode/install/px4_msgs/include/px4_msgs/px4_msgs/msg/gimbal_controls.hpp\n'}
[1.579289] (px4_msgs) StdoutLine: {'line': b'-- Up-to-date: /home/rudra/custom_flightmode/install/px4_msgs/include/px4_msgs/px4_msgs/msg/raptor_input.hpp\n'}
[1.579337] (px4_msgs) StdoutLine: {'line': b'-- Up-to-date: /home/rudra/custom_flightmode/install/px4_msgs/include/px4_msgs/px4_msgs/msg/dataman_request.hpp\n'}
[1.579381] (px4_msgs) StdoutLine: {'line': b'-- Up-to-date: /home/rudra/custom_flightmode/install/px4_msgs/include/px4_msgs/px4_msgs/msg/ulog_stream.hpp\n'}
[1.579425] (px4_msgs) StdoutLine: {'line': b'-- Up-to-date: /home/rudra/custom_flightmode/install/px4_msgs/include/px4_msgs/px4_msgs/msg/takeoff_status.hpp\n'}
[1.579475] (px4_msgs) StdoutLine: {'line': b'-- Up-to-date: /home/rudra/custom_flightmode/install/px4_msgs/include/px4_msgs/px4_msgs/msg/rover_speed_status.hpp\n'}
[1.579587] (px4_msgs) StdoutLine: {'line': b'-- Up-to-date: /home/rudra/custom_flightmode/install/px4_msgs/include/px4_msgs/px4_msgs/msg/estimator_gps_status.hpp\n'}
[1.579635] (px4_msgs) StdoutLine: {'line': b'-- Up-to-date: /home/rudra/custom_flightmode/install/px4_msgs/include/px4_msgs/px4_msgs/msg/mavlink_log.hpp\n'}
[1.579679] (px4_msgs) StdoutLine: {'line': b'-- Up-to-date: /home/rudra/custom_flightmode/install/px4_msgs/include/px4_msgs/px4_msgs/msg/device_information.hpp\n'}
[1.579722] (px4_msgs) StdoutLine: {'line': b'-- Up-to-date: /home/rudra/custom_flightmode/install/px4_msgs/include/px4_msgs/px4_msgs/msg/estimator_fusion_control.hpp\n'}
[1.579765] (px4_msgs) StdoutLine: {'line': b'-- Up-to-date: /home/rudra/custom_flightmode/install/px4_msgs/include/px4_msgs/px4_msgs/msg/message_format_request.hpp\n'}
[1.579807] (px4_msgs) StdoutLine: {'line': b'-- Up-to-date: /home/rudra/custom_flightmode/install/px4_msgs/include/px4_msgs/px4_msgs/msg/open_drone_id_system.hpp\n'}
[1.579852] (px4_msgs) StdoutLine: {'line': b'-- Up-to-date: /home/rudra/custom_flightmode/install/px4_msgs/include/px4_msgs/px4_msgs/msg/sensor_baro.hpp\n'}
[1.579894] (px4_msgs) StdoutLine: {'line': b'-- Up-to-date: /home/rudra/custom_flightmode/install/px4_msgs/include/px4_msgs/px4_msgs/msg/camera_capture.hpp\n'}
[1.579936] (px4_msgs) StdoutLine: {'line': b'-- Up-to-date: /home/rudra/custom_flightmode/install/px4_msgs/include/px4_msgs/px4_msgs/msg/estimator_aid_source1d.hpp\n'}
[1.579981] (px4_msgs) StdoutLine: {'line': b'-- Up-to-date: /home/rudra/custom_flightmode/install/px4_msgs/include/px4_msgs/px4_msgs/msg/estimator_innovations.hpp\n'}
[1.580026] (px4_msgs) StdoutLine: {'line': b'-- Up-to-date: /home/rudra/custom_flightmode/install/px4_msgs/include/px4_msgs/px4_msgs/msg/power_monitor.hpp\n'}
[1.580071] (px4_msgs) StdoutLine: {'line': b'-- Up-to-date: /home/rudra/custom_flightmode/install/px4_msgs/include/px4_msgs/px4_msgs/msg/gimbal_device_set_attitude.hpp\n'}
[1.580140] (px4_msgs) StdoutLine: {'line': b'-- Up-to-date: /home/rudra/custom_flightmode/install/px4_msgs/include/px4_msgs/px4_msgs/msg/open_drone_id_operator_id.hpp\n'}
[1.580284] (px4_msgs) StdoutLine: {'line': b'-- Up-to-date: /home/rudra/custom_flightmode/install/px4_msgs/include/px4_msgs/px4_msgs/msg/power_button_state.hpp\n'}
[1.580376] (px4_msgs) StdoutLine: {'line': b'-- Up-to-date: /home/rudra/custom_flightmode/install/px4_msgs/include/px4_msgs/px4_msgs/msg/uavcan_parameter_request.hpp\n'}
[1.580423] (px4_msgs) StdoutLine: {'line': b'-- Up-to-date: /home/rudra/custom_flightmode/install/px4_msgs/include/px4_msgs/px4_msgs/msg/sensor_gps.hpp\n'}
[1.580481] (px4_msgs) StdoutLine: {'line': b'-- Up-to-date: /home/rudra/custom_flightmode/install/px4_msgs/include/px4_msgs/px4_msgs/msg/rc_channels.hpp\n'}
[1.580585] (px4_msgs) StdoutLine: {'line': b'-- Up-to-date: /home/rudra/custom_flightmode/install/px4_msgs/include/px4_msgs/px4_msgs/msg/detail\n'}
[1.580644] (px4_msgs) StdoutLine: {'line': b'-- Up-to-date: /home/rudra/custom_flightmode/install/px4_msgs/include/px4_msgs/px4_msgs/msg/detail/battery_info__struct.hpp\n'}
[1.580697] (px4_msgs) StdoutLine: {'line': b'-- Up-to-date: /home/rudra/custom_flightmode/install/px4_msgs/include/px4_msgs/px4_msgs/msg/detail/fuel_tank_status__traits.hpp\n'}
[1.580767] (px4_msgs) StdoutLine: {'line': b'-- Up-to-date: /home/rudra/custom_flightmode/install/px4_msgs/include/px4_msgs/px4_msgs/msg/detail/sensor_gnss_status__struct.hpp\n'}
[1.580822] (px4_msgs) StdoutLine: {'line': b'-- Up-to-date: /home/rudra/custom_flightmode/install/px4_msgs/include/px4_msgs/px4_msgs/msg/detail/landing_gear__traits.hpp\n'}
[1.580877] (px4_msgs) StdoutLine: {'line': b'-- Up-to-date: /home/rudra/custom_flightmode/install/px4_msgs/include/px4_msgs/px4_msgs/msg/detail/generator_status__struct.hpp\n'}
[1.580935] (px4_msgs) StdoutLine: {'line': b'-- Up-to-date: /home/rudra/custom_flightmode/install/px4_msgs/include/px4_msgs/px4_msgs/msg/detail/debug_vect__traits.hpp\n'}
[1.580987] (px4_msgs) StdoutLine: {'line': b'-- Up-to-date: /home/rudra/custom_flightmode/install/px4_msgs/include/px4_msgs/px4_msgs/msg/detail/actuator_test__type_support.hpp\n'}
[1.581041] (px4_msgs) StdoutLine: {'line': b'-- Up-to-date: /home/rudra/custom_flightmode/install/px4_msgs/include/px4_msgs/px4_msgs/msg/detail/fuel_tank_status__struct.hpp\n'}
[1.581094] (px4_msgs) StdoutLine: {'line': b'-- Up-to-date: /home/rudra/custom_flightmode/install/px4_msgs/include/px4_msgs/px4_msgs/msg/detail/estimator_aid_source3d__type_support.hpp\n'}
[1.581179] (px4_msgs) StdoutLine: {'line': b'-- Up-to-date: /home/rudra/custom_flightmode/install/px4_msgs/include/px4_msgs/px4_msgs/msg/detail/estimator_sensor_bias__type_support.hpp\n'}
[1.581325] (px4_msgs) StdoutLine: {'line': b'-- Up-to-date: /home/rudra/custom_flightmode/install/px4_msgs/include/px4_msgs/px4_msgs/msg/detail/magnetometer_bias_estimate__type_support.hpp\n'}
[1.581421] (px4_msgs) StdoutLine: {'line': b'-- Up-to-date: /home/rudra/custom_flightmode/install/px4_msgs/include/px4_msgs/px4_msgs/msg/detail/actuator_servos__traits.hpp\n'}
[1.581533] (px4_msgs) StdoutLine: {'line': b'-- Up-to-date: /home/rudra/custom_flightmode/install/px4_msgs/include/px4_msgs/px4_msgs/msg/detail/parameter_update__traits.hpp\n'}
[1.581605] (px4_msgs) StdoutLine: {'line': b'-- Up-to-date: /home/rudra/custom_flightmode/install/px4_msgs/include/px4_msgs/px4_msgs/msg/detail/magnetometer_bias_estimate__struct.hpp\n'}
[1.581661] (px4_msgs) StdoutLine: {'line': b'-- Up-to-date: /home/rudra/custom_flightmode/install/px4_msgs/include/px4_msgs/px4_msgs/msg/detail/message_format_request__builder.hpp\n'}
[1.581735] (px4_msgs) StdoutLine: {'line': b'-- Up-to-date: /home/rudra/custom_flightmode/install/px4_msgs/include/px4_msgs/px4_msgs/msg/detail/pwm_input__struct.hpp\n'}
[1.581796] (px4_msgs) StdoutLine: {'line': b'-- Up-to-date: /home/rudra/custom_flightmode/install/px4_msgs/include/px4_msgs/px4_msgs/msg/detail/mavlink_log__type_support.hpp\n'}
[1.581883] (px4_msgs) StdoutLine: {'line': b'-- Up-to-date: /home/rudra/custom_flightmode/install/px4_msgs/include/px4_msgs/px4_msgs/msg/detail/vehicle_thrust_setpoint__type_support.hpp\n'}
[1.581956] (px4_msgs) StdoutLine: {'line': b'-- Up-to-date: /home/rudra/custom_flightmode/install/px4_msgs/include/px4_msgs/px4_msgs/msg/detail/camera_capture__builder.hpp\n'}
[1.582032] (px4_msgs) StdoutLine: {'line': b'-- Up-to-date: /home/rudra/custom_flightmode/install/px4_msgs/include/px4_msgs/px4_msgs/msg/detail/rover_attitude_status__builder.hpp\n'}
[1.582103] (px4_msgs) StdoutLine: {'line': b'-- Up-to-date: /home/rudra/custom_flightmode/install/px4_msgs/include/px4_msgs/px4_msgs/msg/detail/vehicle_imu_status__traits.hpp\n'}
[1.582173] (px4_msgs) StdoutLine: {'line': b'-- Up-to-date: /home/rudra/custom_flightmode/install/px4_msgs/include/px4_msgs/px4_msgs/msg/detail/task_stack_info__traits.hpp\n'}
[1.582231] (px4_msgs) StdoutLine: {'line': b'-- Up-to-date: /home/rudra/custom_flightmode/install/px4_msgs/include/px4_msgs/px4_msgs/msg/detail/unregister_ext_component__traits.hpp\n'}
[1.582285] (px4_msgs) StdoutLine: {'line': b'-- Up-to-date: /home/rudra/custom_flightmode/install/px4_msgs/include/px4_msgs/px4_msgs/msg/detail/estimator_selector_status__struct.hpp\n'}
[1.582357] (px4_msgs) StdoutLine: {'line': b'-- Up-to-date: /home/rudra/custom_flightmode/install/px4_msgs/include/px4_msgs/px4_msgs/msg/detail/gps_dump__struct.hpp\n'}
[1.582401] (px4_msgs) StdoutLine: {'line': b'-- Up-to-date: /home/rudra/custom_flightmode/install/px4_msgs/include/px4_msgs/px4_msgs/msg/detail/logger_status__struct.hpp\n'}
[1.582447] (px4_msgs) StdoutLine: {'line': b'-- Up-to-date: /home/rudra/custom_flightmode/install/px4_msgs/include/px4_msgs/px4_msgs/msg/detail/led_control__builder.hpp\n'}
[1.582547] (px4_msgs) StdoutLine: {'line': b'-- Up-to-date: /home/rudra/custom_flightmode/install/px4_msgs/include/px4_msgs/px4_msgs/msg/detail/vehicle_local_position__builder.hpp\n'}
[1.582616] (px4_msgs) StdoutLine: {'line': b'-- Up-to-date: /home/rudra/custom_flightmode/install/px4_msgs/include/px4_msgs/px4_msgs/msg/detail/vehicle_rates_setpoint__traits.hpp\n'}
[1.582676] (px4_msgs) StdoutLine: {'line': b'-- Up-to-date: /home/rudra/custom_flightmode/install/px4_msgs/include/px4_msgs/px4_msgs/msg/detail/wind__type_support.hpp\n'}
[1.582753] (px4_msgs) StdoutLine: {'line': b'-- Up-to-date: /home/rudra/custom_flightmode/install/px4_msgs/include/px4_msgs/px4_msgs/msg/detail/gpio_request__type_support.hpp\n'}
[1.582809] (px4_msgs) StdoutLine: {'line': b'-- Up-to-date: /home/rudra/custom_flightmode/install/px4_msgs/include/px4_msgs/px4_msgs/msg/detail/mount_orientation__builder.hpp\n'}
[1.582891] (px4_msgs) StdoutLine: {'line': b'-- Up-to-date: /home/rudra/custom_flightmode/install/px4_msgs/include/px4_msgs/px4_msgs/msg/detail/qshell_req__type_support.hpp\n'}
[1.582946] (px4_msgs) StdoutLine: {'line': b'-- Up-to-date: /home/rudra/custom_flightmode/install/px4_msgs/include/px4_msgs/px4_msgs/msg/detail/arming_check_request__struct.hpp\n'}
[1.583000] (px4_msgs) StdoutLine: {'line': b'-- Up-to-date: /home/rudra/custom_flightmode/install/px4_msgs/include/px4_msgs/px4_msgs/msg/detail/parameter_update__struct.hpp\n'}
[1.583080] (px4_msgs) StdoutLine: {'line': b'-- Up-to-date: /home/rudra/custom_flightmode/install/px4_msgs/include/px4_msgs/px4_msgs/msg/detail/vehicle_roi__traits.hpp\n'}
[1.583151] (px4_msgs) StdoutLine: {'line': b'-- Up-to-date: /home/rudra/custom_flightmode/install/px4_msgs/include/px4_msgs/px4_msgs/msg/detail/mount_orientation__struct.hpp\n'}
[1.583206] (px4_msgs) StdoutLine: {'line': b'-- Up-to-date: /home/rudra/custom_flightmode/install/px4_msgs/include/px4_msgs/px4_msgs/msg/detail/estimator_sensor_bias__struct.hpp\n'}
[1.583260] (px4_msgs) StdoutLine: {'line': b'-- Up-to-date: /home/rudra/custom_flightmode/install/px4_msgs/include/px4_msgs/px4_msgs/msg/detail/actuator_servos_trim__builder.hpp\n'}
[1.583314] (px4_msgs) StdoutLine: {'line': b'-- Up-to-date: /home/rudra/custom_flightmode/install/px4_msgs/include/px4_msgs/px4_msgs/msg/detail/sensor_gnss_relative__traits.hpp\n'}
[1.583393] (px4_msgs) StdoutLine: {'line': b'-- Up-to-date: /home/rudra/custom_flightmode/install/px4_msgs/include/px4_msgs/px4_msgs/msg/detail/gps_dump__builder.hpp\n'}
[1.583441] (px4_msgs) StdoutLine: {'line': b'-- Up-to-date: /home/rudra/custom_flightmode/install/px4_msgs/include/px4_msgs/px4_msgs/msg/detail/setpoint_config__builder.hpp\n'}
[1.583504] (px4_msgs) StdoutLine: {'line': b'-- Up-to-date: /home/rudra/custom_flightmode/install/px4_msgs/include/px4_msgs/px4_msgs/msg/detail/esc_report__struct.hpp\n'}
[1.583557] (px4_msgs) StdoutLine: {'line': b'-- Up-to-date: /home/rudra/custom_flightmode/install/px4_msgs/include/px4_msgs/px4_msgs/msg/detail/orb_test__type_support.hpp\n'}
[1.583600] (px4_msgs) StdoutLine: {'line': b'-- Up-to-date: /home/rudra/custom_flightmode/install/px4_msgs/include/px4_msgs/px4_msgs/msg/detail/neural_control__traits.hpp\n'}
[1.583652] (px4_msgs) StdoutLine: {'line': b'-- Up-to-date: /home/rudra/custom_flightmode/install/px4_msgs/include/px4_msgs/px4_msgs/msg/detail/qshell_retval__struct.hpp\n'}
[1.583721] (px4_msgs) StdoutLine: {'line': b'-- Up-to-date: /home/rudra/custom_flightmode/install/px4_msgs/include/px4_msgs/px4_msgs/msg/detail/vehicle_optical_flow__traits.hpp\n'}
[1.583776] (px4_msgs) StdoutLine: {'line': b'-- Up-to-date: /home/rudra/custom_flightmode/install/px4_msgs/include/px4_msgs/px4_msgs/msg/detail/actuator_controls_status__traits.hpp\n'}
[1.583863] (px4_msgs) StdoutLine: {'line': b'-- Up-to-date: /home/rudra/custom_flightmode/install/px4_msgs/include/px4_msgs/px4_msgs/msg/detail/gpio_in__type_support.hpp\n'}
[1.583917] (px4_msgs) StdoutLine: {'line': b'-- Up-to-date: /home/rudra/custom_flightmode/install/px4_msgs/include/px4_msgs/px4_msgs/msg/detail/vehicle_roi__struct.hpp\n'}
[1.583969] (px4_msgs) StdoutLine: {'line': b'-- Up-to-date: /home/rudra/custom_flightmode/install/px4_msgs/include/px4_msgs/px4_msgs/msg/detail/navigator_mission_item__traits.hpp\n'}
[1.584042] (px4_msgs) StdoutLine: {'line': b'-- Up-to-date: /home/rudra/custom_flightmode/install/px4_msgs/include/px4_msgs/px4_msgs/msg/detail/device_information__type_support.hpp\n'}
[1.584112] (px4_msgs) StdoutLine: {'line': b'-- Up-to-date: /home/rudra/custom_flightmode/install/px4_msgs/include/px4_msgs/px4_msgs/msg/detail/rover_throttle_setpoint__builder.hpp\n'}
[1.584183] (px4_msgs) StdoutLine: {'line': b'-- Up-to-date: /home/rudra/custom_flightmode/install/px4_msgs/include/px4_msgs/px4_msgs/msg/detail/flight_phase_estimation__struct.hpp\n'}
[1.584238] (px4_msgs) StdoutLine: {'line': b'-- Up-to-date: /home/rudra/custom_flightmode/install/px4_msgs/include/px4_msgs/px4_msgs/msg/detail/parameter_set_used_request__traits.hpp\n'}
[1.584292] (px4_msgs) StdoutLine: {'line': b'-- Up-to-date: /home/rudra/custom_flightmode/install/px4_msgs/include/px4_msgs/px4_msgs/msg/detail/wheel_encoders__builder.hpp\n'}
[1.584370] (px4_msgs) StdoutLine: {'line': b'-- Up-to-date: /home/rudra/custom_flightmode/install/px4_msgs/include/px4_msgs/px4_msgs/msg/detail/estimator_sensor_bias__builder.hpp\n'}
[1.584426] (px4_msgs) StdoutLine: {'line': b'-- Up-to-date: /home/rudra/custom_flightmode/install/px4_msgs/include/px4_msgs/px4_msgs/msg/detail/mavlink_tunnel__struct.hpp\n'}
[1.584517] (px4_msgs) StdoutLine: {'line': b'-- Up-to-date: /home/rudra/custom_flightmode/install/px4_msgs/include/px4_msgs/px4_msgs/msg/detail/telemetry_status__type_support.hpp\n'}
[1.584596] (px4_msgs) StdoutLine: {'line': b'-- Up-to-date: /home/rudra/custom_flightmode/install/px4_msgs/include/px4_msgs/px4_msgs/msg/detail/dronecan_node_status__traits.hpp\n'}
[1.584667] (px4_msgs) StdoutLine: {'line': b'-- Up-to-date: /home/rudra/custom_flightmode/install/px4_msgs/include/px4_msgs/px4_msgs/msg/detail/sensor_gnss_status__builder.hpp\n'}
[1.584716] (px4_msgs) StdoutLine: {'line': b'-- Up-to-date: /home/rudra/custom_flightmode/install/px4_msgs/include/px4_msgs/px4_msgs/msg/detail/fixed_wing_longitudinal_setpoint__builder.hpp\n'}
[1.584762] (px4_msgs) StdoutLine: {'line': b'-- Up-to-date: /home/rudra/custom_flightmode/install/px4_msgs/include/px4_msgs/px4_msgs/msg/detail/prec_land_status__struct.hpp\n'}
[1.584809] (px4_msgs) StdoutLine: {'line': b'-- Up-to-date: /home/rudra/custom_flightmode/install/px4_msgs/include/px4_msgs/px4_msgs/msg/detail/hover_thrust_estimate__struct.hpp\n'}
[1.584866] (px4_msgs) StdoutLine: {'line': b'-- Up-to-date: /home/rudra/custom_flightmode/install/px4_msgs/include/px4_msgs/px4_msgs/msg/detail/airspeed__builder.hpp\n'}
[1.584915] (px4_msgs) StdoutLine: {'line': b'-- Up-to-date: /home/rudra/custom_flightmode/install/px4_msgs/include/px4_msgs/px4_msgs/msg/detail/gpio_request__builder.hpp\n'}
[1.584957] (px4_msgs) StdoutLine: {'line': b'-- Up-to-date: /home/rudra/custom_flightmode/install/px4_msgs/include/px4_msgs/px4_msgs/msg/detail/ranging_beacon__builder.hpp\n'}
[1.584998] (px4_msgs) StdoutLine: {'line': b'-- Up-to-date: /home/rudra/custom_flightmode/install/px4_msgs/include/px4_msgs/px4_msgs/msg/detail/sensor_optical_flow__type_support.hpp\n'}
[1.585040] (px4_msgs) StdoutLine: {'line': b'-- Up-to-date: /home/rudra/custom_flightmode/install/px4_msgs/include/px4_msgs/px4_msgs/msg/detail/satellite_info__traits.hpp\n'}
[1.585081] (px4_msgs) StdoutLine: {'line': b'-- Up-to-date: /home/rudra/custom_flightmode/install/px4_msgs/include/px4_msgs/px4_msgs/msg/detail/position_controller_landing_status__builder.hpp\n'}
[1.585121] (px4_msgs) StdoutLine: {'line': b'-- Up-to-date: /home/rudra/custom_flightmode/install/px4_msgs/include/px4_msgs/px4_msgs/msg/detail/airspeed__struct.hpp\n'}
[1.585163] (px4_msgs) StdoutLine: {'line': b'-- Up-to-date: /home/rudra/custom_flightmode/install/px4_msgs/include/px4_msgs/px4_msgs/msg/detail/arming_check_request__traits.hpp\n'}
[1.585205] (px4_msgs) StdoutLine: {'line': b'-- Up-to-date: /home/rudra/custom_flightmode/install/px4_msgs/include/px4_msgs/px4_msgs/msg/detail/tune_control__type_support.hpp\n'}
[1.585245] (px4_msgs) StdoutLine: {'line': b'-- Up-to-date: /home/rudra/custom_flightmode/install/px4_msgs/include/px4_msgs/px4_msgs/msg/detail/parameter_set_used_request__type_support.hpp\n'}
[1.585294] (px4_msgs) StdoutLine: {'line': b'-- Up-to-date: /home/rudra/custom_flightmode/install/px4_msgs/include/px4_msgs/px4_msgs/msg/detail/obstacle_distance__type_support.hpp\n'}
[1.585334] (px4_msgs) StdoutLine: {'line': b'-- Up-to-date: /home/rudra/custom_flightmode/install/px4_msgs/include/px4_msgs/px4_msgs/msg/detail/transponder_report__builder.hpp\n'}
[1.585374] (px4_msgs) StdoutLine: {'line': b'-- Up-to-date: /home/rudra/custom_flightmode/install/px4_msgs/include/px4_msgs/px4_msgs/msg/detail/sensor_accel__builder.hpp\n'}
[1.585413] (px4_msgs) StdoutLine: {'line': b'-- Up-to-date: /home/rudra/custom_flightmode/install/px4_msgs/include/px4_msgs/px4_msgs/msg/detail/satellite_info__struct.hpp\n'}
[1.585452] (px4_msgs) StdoutLine: {'line': b'-- Up-to-date: /home/rudra/custom_flightmode/install/px4_msgs/include/px4_msgs/px4_msgs/msg/detail/vehicle_attitude__struct.hpp\n'}
[1.585510] (px4_msgs) StdoutLine: {'line': b'-- Up-to-date: /home/rudra/custom_flightmode/install/px4_msgs/include/px4_msgs/px4_msgs/msg/detail/camera_status__traits.hpp\n'}
[1.585557] (px4_msgs) StdoutLine: {'line': b'-- Up-to-date: /home/rudra/custom_flightmode/install/px4_msgs/include/px4_msgs/px4_msgs/msg/detail/open_drone_id_operator_id__type_support.hpp\n'}
[1.585597] (px4_msgs) StdoutLine: {'line': b'-- Up-to-date: /home/rudra/custom_flightmode/install/px4_msgs/include/px4_msgs/px4_msgs/msg/detail/vehicle_command__struct.hpp\n'}
[1.585636] (px4_msgs) StdoutLine: {'line': b'-- Up-to-date: /home/rudra/custom_flightmode/install/px4_msgs/include/px4_msgs/px4_msgs/msg/detail/vehicle_local_position_setpoint__type_support.hpp\n'}
[1.585675] (px4_msgs) StdoutLine: {'line': b'-- Up-to-date: /home/rudra/custom_flightmode/install/px4_msgs/include/px4_msgs/px4_msgs/msg/detail/battery_info__builder.hpp\n'}
[1.585714] (px4_msgs) StdoutLine: {'line': b'-- Up-to-date: /home/rudra/custom_flightmode/install/px4_msgs/include/px4_msgs/px4_msgs/msg/detail/navigator_status__struct.hpp\n'}
[1.585753] (px4_msgs) StdoutLine: {'line': b'-- Up-to-date: /home/rudra/custom_flightmode/install/px4_msgs/include/px4_msgs/px4_msgs/msg/detail/distance_sensor_mode_change_request__builder.hpp\n'}
[1.585791] (px4_msgs) StdoutLine: {'line': b'-- Up-to-date: /home/rudra/custom_flightmode/install/px4_msgs/include/px4_msgs/px4_msgs/msg/detail/mavlink_log__struct.hpp\n'}
[1.585834] (px4_msgs) StdoutLine: {'line': b'-- Up-to-date: /home/rudra/custom_flightmode/install/px4_msgs/include/px4_msgs/px4_msgs/msg/detail/sensor_selection__traits.hpp\n'}
[1.585881] (px4_msgs) StdoutLine: {'line': b'-- Up-to-date: /home/rudra/custom_flightmode/install/px4_msgs/include/px4_msgs/px4_msgs/msg/detail/velocity_limits__type_support.hpp\n'}
[1.585922] (px4_msgs) StdoutLine: {'line': b'-- Up-to-date: /home/rudra/custom_flightmode/install/px4_msgs/include/px4_msgs/px4_msgs/msg/detail/vehicle_command__builder.hpp\n'}
[1.585961] (px4_msgs) StdoutLine: {'line': b'-- Up-to-date: /home/rudra/custom_flightmode/install/px4_msgs/include/px4_msgs/px4_msgs/msg/detail/gps_dump__traits.hpp\n'}
[1.586001] (px4_msgs) StdoutLine: {'line': b'-- Up-to-date: /home/rudra/custom_flightmode/install/px4_msgs/include/px4_msgs/px4_msgs/msg/detail/prec_land_status__builder.hpp\n'}
[1.586041] (px4_msgs) StdoutLine: {'line': b'-- Up-to-date: /home/rudra/custom_flightmode/install/px4_msgs/include/px4_msgs/px4_msgs/msg/detail/vte_position__type_support.hpp\n'}
[1.586080] (px4_msgs) StdoutLine: {'line': b'-- Up-to-date: /home/rudra/custom_flightmode/install/px4_msgs/include/px4_msgs/px4_msgs/msg/detail/mag_worker_data__builder.hpp\n'}
[1.586120] (px4_msgs) StdoutLine: {'line': b'-- Up-to-date: /home/rudra/custom_flightmode/install/px4_msgs/include/px4_msgs/px4_msgs/msg/detail/hover_thrust_estimate__traits.hpp\n'}
[1.586158] (px4_msgs) StdoutLine: {'line': b'-- Up-to-date: /home/rudra/custom_flightmode/install/px4_msgs/include/px4_msgs/px4_msgs/msg/detail/actuator_outputs__type_support.hpp\n'}
[1.586199] (px4_msgs) StdoutLine: {'line': b'-- Up-to-date: /home/rudra/custom_flightmode/install/px4_msgs/include/px4_msgs/px4_msgs/msg/detail/rover_throttle_setpoint__struct.hpp\n'}
[1.586238] (px4_msgs) StdoutLine: {'line': b'-- Up-to-date: /home/rudra/custom_flightmode/install/px4_msgs/include/px4_msgs/px4_msgs/msg/detail/esc_eeprom_write__builder.hpp\n'}
[1.586276] (px4_msgs) StdoutLine: {'line': b'-- Up-to-date: /home/rudra/custom_flightmode/install/px4_msgs/include/px4_msgs/px4_msgs/msg/detail/message_format_request__traits.hpp\n'}
[1.586315] (px4_msgs) StdoutLine: {'line': b'-- Up-to-date: /home/rudra/custom_flightmode/install/px4_msgs/include/px4_msgs/px4_msgs/msg/detail/vte_bias_init_status__traits.hpp\n'}
[1.586355] (px4_msgs) StdoutLine: {'line': b'-- Up-to-date: /home/rudra/custom_flightmode/install/px4_msgs/include/px4_msgs/px4_msgs/msg/detail/debug_array__traits.hpp\n'}
[1.586394] (px4_msgs) StdoutLine: {'line': b'-- Up-to-date: /home/rudra/custom_flightmode/install/px4_msgs/include/px4_msgs/px4_msgs/msg/detail/trajectory_setpoint__type_support.hpp\n'}
[1.586433] (px4_msgs) StdoutLine: {'line': b'-- Up-to-date: /home/rudra/custom_flightmode/install/px4_msgs/include/px4_msgs/px4_msgs/msg/detail/fixed_wing_lateral_setpoint__struct.hpp\n'}
[1.586482] (px4_msgs) StdoutLine: {'line': b'-- Up-to-date: /home/rudra/custom_flightmode/install/px4_msgs/include/px4_msgs/px4_msgs/msg/detail/vehicle_torque_setpoint__traits.hpp\n'}
[1.586534] (px4_msgs) StdoutLine: {'line': b'-- Up-to-date: /home/rudra/custom_flightmode/install/px4_msgs/include/px4_msgs/px4_msgs/msg/detail/goto_setpoint__builder.hpp\n'}
[1.586584] (px4_msgs) StdoutLine: {'line': b'-- Up-to-date: /home/rudra/custom_flightmode/install/px4_msgs/include/px4_msgs/px4_msgs/msg/detail/mag_worker_data__traits.hpp\n'}
[1.586625] (px4_msgs) StdoutLine: {'line': b'-- Up-to-date: /home/rudra/custom_flightmode/install/px4_msgs/include/px4_msgs/px4_msgs/msg/detail/rc_parameter_map__traits.hpp\n'}
[1.586665] (px4_msgs) StdoutLine: {'line': b'-- Up-to-date: /home/rudra/custom_flightmode/install/px4_msgs/include/px4_msgs/px4_msgs/msg/detail/sensor_selection__type_support.hpp\n'}
[1.586705] (px4_msgs) StdoutLine: {'line': b'-- Up-to-date: /home/rudra/custom_flightmode/install/px4_msgs/include/px4_msgs/px4_msgs/msg/detail/estimator_innovations__builder.hpp\n'}
[1.586744] (px4_msgs) StdoutLine: {'line': b'-- Up-to-date: /home/rudra/custom_flightmode/install/px4_msgs/include/px4_msgs/px4_msgs/msg/detail/collision_constraints__traits.hpp\n'}
[1.586784] (px4_msgs) StdoutLine: {'line': b'-- Up-to-date: /home/rudra/custom_flightmode/install/px4_msgs/include/px4_msgs/px4_msgs/msg/detail/register_ext_component_reply__traits.hpp\n'}
[1.586828] (px4_msgs) StdoutLine: {'line': b'-- Up-to-date: /home/rudra/custom_flightmode/install/px4_msgs/include/px4_msgs/px4_msgs/msg/detail/yaw_estimator_status__builder.hpp\n'}
[1.586870] (px4_msgs) StdoutLine: {'line': b'-- Up-to-date: /home/rudra/custom_flightmode/install/px4_msgs/include/px4_msgs/px4_msgs/msg/detail/sensor_accel__traits.hpp\n'}
[1.586910] (px4_msgs) StdoutLine: {'line': b'-- Up-to-date: /home/rudra/custom_flightmode/install/px4_msgs/include/px4_msgs/px4_msgs/msg/detail/tiltrotor_extra_controls__builder.hpp\n'}
[1.586950] (px4_msgs) StdoutLine: {'line': b'-- Up-to-date: /home/rudra/custom_flightmode/install/px4_msgs/include/px4_msgs/px4_msgs/msg/detail/sensor_combined__struct.hpp\n'}
[1.586989] (px4_msgs) StdoutLine: {'line': b'-- Up-to-date: /home/rudra/custom_flightmode/install/px4_msgs/include/px4_msgs/px4_msgs/msg/detail/vehicle_attitude_setpoint__struct.hpp\n'}
[1.587033] (px4_msgs) StdoutLine: {'line': b'-- Up-to-date: /home/rudra/custom_flightmode/install/px4_msgs/include/px4_msgs/px4_msgs/msg/detail/vehicle_air_data__builder.hpp\n'}
[1.587074] (px4_msgs) StdoutLine: {'line': b'-- Up-to-date: /home/rudra/custom_flightmode/install/px4_msgs/include/px4_msgs/px4_msgs/msg/detail/camera_capture__struct.hpp\n'}
[1.587113] (px4_msgs) StdoutLine: {'line': b'-- Up-to-date: /home/rudra/custom_flightmode/install/px4_msgs/include/px4_msgs/px4_msgs/msg/detail/vte_position__builder.hpp\n'}
[1.587152] (px4_msgs) StdoutLine: {'line': b'-- Up-to-date: /home/rudra/custom_flightmode/install/px4_msgs/include/px4_msgs/px4_msgs/msg/detail/estimator_fusion_control__type_support.hpp\n'}
[1.587190] (px4_msgs) StdoutLine: {'line': b'-- Up-to-date: /home/rudra/custom_flightmode/install/px4_msgs/include/px4_msgs/px4_msgs/msg/detail/mission_result__struct.hpp\n'}
[1.587229] (px4_msgs) StdoutLine: {'line': b'-- Up-to-date: /home/rudra/custom_flightmode/install/px4_msgs/include/px4_msgs/px4_msgs/msg/detail/mag_worker_data__type_support.hpp\n'}
[1.587267] (px4_msgs) StdoutLine: {'line': b'-- Up-to-date: /home/rudra/custom_flightmode/install/px4_msgs/include/px4_msgs/px4_msgs/msg/detail/health_report__struct.hpp\n'}
[1.587305] (px4_msgs) StdoutLine: {'line': b'-- Up-to-date: /home/rudra/custom_flightmode/install/px4_msgs/include/px4_msgs/px4_msgs/msg/detail/debug_array__struct.hpp\n'}
[1.587343] (px4_msgs) StdoutLine: {'line': b'-- Up-to-date: /home/rudra/custom_flightmode/install/px4_msgs/include/px4_msgs/px4_msgs/msg/detail/fiducial_marker_pos_report__builder.hpp\n'}
[1.587381] (px4_msgs) StdoutLine: {'line': b'-- Up-to-date: /home/rudra/custom_flightmode/install/px4_msgs/include/px4_msgs/px4_msgs/msg/detail/internal_combustion_engine_status__type_support.hpp\n'}
[1.587420] (px4_msgs) StdoutLine: {'line': b'-- Up-to-date: /home/rudra/custom_flightmode/install/px4_msgs/include/px4_msgs/px4_msgs/msg/detail/vehicle_rates_setpoint__type_support.hpp\n'}
[1.587459] (px4_msgs) StdoutLine: {'line': b'-- Up-to-date: /home/rudra/custom_flightmode/install/px4_msgs/include/px4_msgs/px4_msgs/msg/detail/geofence_result__struct.hpp\n'}
[1.587532] (px4_msgs) StdoutLine: {'line': b'-- Up-to-date: /home/rudra/custom_flightmode/install/px4_msgs/include/px4_msgs/px4_msgs/msg/detail/detect_and_avoid_most_urgent__builder.hpp\n'}
[1.587577] (px4_msgs) StdoutLine: {'line': b'-- Up-to-date: /home/rudra/custom_flightmode/install/px4_msgs/include/px4_msgs/px4_msgs/msg/detail/device_information__traits.hpp\n'}
[1.587618] (px4_msgs) StdoutLine: {'line': b'-- Up-to-date: /home/rudra/custom_flightmode/install/px4_msgs/include/px4_msgs/px4_msgs/msg/detail/ulog_stream__traits.hpp\n'}
[1.587658] (px4_msgs) StdoutLine: {'line': b'-- Up-to-date: /home/rudra/custom_flightmode/install/px4_msgs/include/px4_msgs/px4_msgs/msg/detail/uavcan_parameter_value__builder.hpp\n'}
[1.587698] (px4_msgs) StdoutLine: {'line': b'-- Up-to-date: /home/rudra/custom_flightmode/install/px4_msgs/include/px4_msgs/px4_msgs/msg/detail/vehicle_roi__builder.hpp\n'}
[1.587743] (px4_msgs) StdoutLine: {'line': b'-- Up-to-date: /home/rudra/custom_flightmode/install/px4_msgs/include/px4_msgs/px4_msgs/msg/detail/sensor_uwb__traits.hpp\n'}
[1.587783] (px4_msgs) StdoutLine: {'line': b'-- Up-to-date: /home/rudra/custom_flightmode/install/px4_msgs/include/px4_msgs/px4_msgs/msg/detail/vte_aid_source1d__type_support.hpp\n'}
[1.587823] (px4_msgs) StdoutLine: {'line': b'-- Up-to-date: /home/rudra/custom_flightmode/install/px4_msgs/include/px4_msgs/px4_msgs/msg/detail/device_information__builder.hpp\n'}
[1.587871] (px4_msgs) StdoutLine: {'line': b'-- Up-to-date: /home/rudra/custom_flightmode/install/px4_msgs/include/px4_msgs/px4_msgs/msg/detail/vehicle_torque_setpoint__type_support.hpp\n'}
[1.587910] (px4_msgs) StdoutLine: {'line': b'-- Up-to-date: /home/rudra/custom_flightmode/install/px4_msgs/include/px4_msgs/px4_msgs/msg/detail/longitudinal_control_configuration__type_support.hpp\n'}
[1.587949] (px4_msgs) StdoutLine: {'line': b'-- Up-to-date: /home/rudra/custom_flightmode/install/px4_msgs/include/px4_msgs/px4_msgs/msg/detail/arming_check_reply__traits.hpp\n'}
[1.587989] (px4_msgs) StdoutLine: {'line': b'-- Up-to-date: /home/rudra/custom_flightmode/install/px4_msgs/include/px4_msgs/px4_msgs/msg/detail/ulog_stream_ack__struct.hpp\n'}
[1.588029] (px4_msgs) StdoutLine: {'line': b'-- Up-to-date: /home/rudra/custom_flightmode/install/px4_msgs/include/px4_msgs/px4_msgs/msg/detail/vehicle_attitude_setpoint__builder.hpp\n'}
[1.588067] (px4_msgs) StdoutLine: {'line': b'-- Up-to-date: /home/rudra/custom_flightmode/install/px4_msgs/include/px4_msgs/px4_msgs/msg/detail/airspeed_wind__struct.hpp\n'}
[1.588106] (px4_msgs) StdoutLine: {'line': b'-- Up-to-date: /home/rudra/custom_flightmode/install/px4_msgs/include/px4_msgs/px4_msgs/msg/detail/open_drone_id_self_id__type_support.hpp\n'}
[1.588145] (px4_msgs) StdoutLine: {'line': b'-- Up-to-date: /home/rudra/custom_flightmode/install/px4_msgs/include/px4_msgs/px4_msgs/msg/detail/gimbal_controls__type_support.hpp\n'}
[1.588186] (px4_msgs) StdoutLine: {'line': b'-- Up-to-date: /home/rudra/custom_flightmode/install/px4_msgs/include/px4_msgs/px4_msgs/msg/detail/geofence_status__type_support.hpp\n'}
[1.588230] (px4_msgs) StdoutLine: {'line': b'-- Up-to-date: /home/rudra/custom_flightmode/install/px4_msgs/include/px4_msgs/px4_msgs/msg/detail/mavlink_log__builder.hpp\n'}
[1.588270] (px4_msgs) StdoutLine: {'line': b'-- Up-to-date: /home/rudra/custom_flightmode/install/px4_msgs/include/px4_msgs/px4_msgs/msg/detail/config_overrides__traits.hpp\n'}
[1.588309] (px4_msgs) StdoutLine: {'line': b'-- Up-to-date: /home/rudra/custom_flightmode/install/px4_msgs/include/px4_msgs/px4_msgs/msg/detail/vte_bias_init_status__struct.hpp\n'}
[1.588346] (px4_msgs) StdoutLine: {'line': b'-- Up-to-date: /home/rudra/custom_flightmode/install/px4_msgs/include/px4_msgs/px4_msgs/msg/detail/lateral_control_configuration__traits.hpp\n'}
[1.588383] (px4_msgs) StdoutLine: {'line': b'-- Up-to-date: /home/rudra/custom_flightmode/install/px4_msgs/include/px4_msgs/px4_msgs/msg/detail/vte_orientation__type_support.hpp\n'}
[1.588422] (px4_msgs) StdoutLine: {'line': b'-- Up-to-date: /home/rudra/custom_flightmode/install/px4_msgs/include/px4_msgs/px4_msgs/msg/detail/vehicle_constraints__type_support.hpp\n'}
[1.588461] (px4_msgs) StdoutLine: {'line': b'-- Up-to-date: /home/rudra/custom_flightmode/install/px4_msgs/include/px4_msgs/px4_msgs/msg/detail/vehicle_control_mode__traits.hpp\n'}
[1.588525] (px4_msgs) StdoutLine: {'line': b'-- Up-to-date: /home/rudra/custom_flightmode/install/px4_msgs/include/px4_msgs/px4_msgs/msg/detail/actuator_outputs__struct.hpp\n'}
[1.588570] (px4_msgs) StdoutLine: {'line': b'-- Up-to-date: /home/rudra/custom_flightmode/install/px4_msgs/include/px4_msgs/px4_msgs/msg/detail/transponder_report__type_support.hpp\n'}
[1.588627] (px4_msgs) StdoutLine: {'line': b'-- Up-to-date: /home/rudra/custom_flightmode/install/px4_msgs/include/px4_msgs/px4_msgs/msg/detail/sensor_accel_fifo__type_support.hpp\n'}
[1.588718] (px4_msgs) StdoutLine: {'line': b'-- Up-to-date: /home/rudra/custom_flightmode/install/px4_msgs/include/px4_msgs/px4_msgs/msg/detail/register_ext_component_request__builder.hpp\n'}
[1.588819] (px4_msgs) StdoutLine: {'line': b'-- Up-to-date: /home/rudra/custom_flightmode/install/px4_msgs/include/px4_msgs/px4_msgs/msg/detail/px4io_status__type_support.hpp\n'}
[1.588885] (px4_msgs) StdoutLine: {'line': b'-- Up-to-date: /home/rudra/custom_flightmode/install/px4_msgs/include/px4_msgs/px4_msgs/msg/detail/sensor_gnss_status__traits.hpp\n'}
[1.588949] (px4_msgs) StdoutLine: {'line': b'-- Up-to-date: /home/rudra/custom_flightmode/install/px4_msgs/include/px4_msgs/px4_msgs/msg/detail/estimator_sensor_bias__traits.hpp\n'}
[1.589029] (px4_msgs) StdoutLine: {'line': b'-- Up-to-date: /home/rudra/custom_flightmode/install/px4_msgs/include/px4_msgs/px4_msgs/msg/detail/gimbal_device_attitude_status__traits.hpp\n'}
[1.589112] (px4_msgs) StdoutLine: {'line': b'-- Up-to-date: /home/rudra/custom_flightmode/install/px4_msgs/include/px4_msgs/px4_msgs/msg/detail/message_format_response__traits.hpp\n'}
[1.589167] (px4_msgs) StdoutLine: {'line': b'-- Up-to-date: /home/rudra/custom_flightmode/install/px4_msgs/include/px4_msgs/px4_msgs/msg/detail/aux_global_position__traits.hpp\n'}
[1.589219] (px4_msgs) StdoutLine: {'line': b'-- Up-to-date: /home/rudra/custom_flightmode/install/px4_msgs/include/px4_msgs/px4_msgs/msg/detail/vehicle_global_position__traits.hpp\n'}
[1.589269] (px4_msgs) StdoutLine: {'line': b'-- Up-to-date: /home/rudra/custom_flightmode/install/px4_msgs/include/px4_msgs/px4_msgs/msg/detail/vehicle_imu__builder.hpp\n'}
[1.589318] (px4_msgs) StdoutLine: {'line': b'-- Up-to-date: /home/rudra/custom_flightmode/install/px4_msgs/include/px4_msgs/px4_msgs/msg/detail/raptor_input__struct.hpp\n'}
[1.589366] (px4_msgs) StdoutLine: {'line': b'-- Up-to-date: /home/rudra/custom_flightmode/install/px4_msgs/include/px4_msgs/px4_msgs/msg/detail/magnetometer_bias_estimate__builder.hpp\n'}
[1.589415] (px4_msgs) StdoutLine: {'line': b'-- Up-to-date: /home/rudra/custom_flightmode/install/px4_msgs/include/px4_msgs/px4_msgs/msg/detail/rover_throttle_setpoint__traits.hpp\n'}
[1.589483] (px4_msgs) StdoutLine: {'line': b'-- Up-to-date: /home/rudra/custom_flightmode/install/px4_msgs/include/px4_msgs/px4_msgs/msg/detail/task_stack_info__struct.hpp\n'}
[1.589547] (px4_msgs) StdoutLine: {'line': b'-- Up-to-date: /home/rudra/custom_flightmode/install/px4_msgs/include/px4_msgs/px4_msgs/msg/detail/mavlink_tunnel__type_support.hpp\n'}
[1.589596] (px4_msgs) StdoutLine: {'line': b'-- Up-to-date: /home/rudra/custom_flightmode/install/px4_msgs/include/px4_msgs/px4_msgs/msg/detail/landing_target_innovations__struct.hpp\n'}
[1.589643] (px4_msgs) StdoutLine: {'line': b'-- Up-to-date: /home/rudra/custom_flightmode/install/px4_msgs/include/px4_msgs/px4_msgs/msg/detail/yaw_estimator_status__struct.hpp\n'}
[1.589693] (px4_msgs) StdoutLine: {'line': b'-- Up-to-date: /home/rudra/custom_flightmode/install/px4_msgs/include/px4_msgs/px4_msgs/msg/detail/gimbal_manager_set_manual_control__traits.hpp\n'}
[1.589735] (px4_msgs) StdoutLine: {'line': b'-- Up-to-date: /home/rudra/custom_flightmode/install/px4_msgs/include/px4_msgs/px4_msgs/msg/detail/gpio_config__struct.hpp\n'}
[1.589775] (px4_msgs) StdoutLine: {'line': b'-- Up-to-date: /home/rudra/custom_flightmode/install/px4_msgs/include/px4_msgs/px4_msgs/msg/detail/parameter_update__type_support.hpp\n'}
[1.589823] (px4_msgs) StdoutLine: {'line': b'-- Up-to-date: /home/rudra/custom_flightmode/install/px4_msgs/include/px4_msgs/px4_msgs/msg/detail/esc_eeprom_read__type_support.hpp\n'}
[1.589867] (px4_msgs) StdoutLine: {'line': b'-- Up-to-date: /home/rudra/custom_flightmode/install/px4_msgs/include/px4_msgs/px4_msgs/msg/detail/failure_injection__type_support.hpp\n'}
[1.589911] (px4_msgs) StdoutLine: {'line': b'-- Up-to-date: /home/rudra/custom_flightmode/install/px4_msgs/include/px4_msgs/px4_msgs/msg/detail/geofence_status__traits.hpp\n'}
[1.589953] (px4_msgs) StdoutLine: {'line': b'-- Up-to-date: /home/rudra/custom_flightmode/install/px4_msgs/include/px4_msgs/px4_msgs/msg/detail/estimator_innovations__struct.hpp\n'}
[1.590000] (px4_msgs) StdoutLine: {'line': b'-- Up-to-date: /home/rudra/custom_flightmode/install/px4_msgs/include/px4_msgs/px4_msgs/msg/detail/dronecan_node_status__builder.hpp\n'}
[1.590041] (px4_msgs) StdoutLine: {'line': b'-- Up-to-date: /home/rudra/custom_flightmode/install/px4_msgs/include/px4_msgs/px4_msgs/msg/detail/register_ext_component_request__traits.hpp\n'}
[1.590084] (px4_msgs) StdoutLine: {'line': b'-- Up-to-date: /home/rudra/custom_flightmode/install/px4_msgs/include/px4_msgs/px4_msgs/msg/detail/actuator_test__struct.hpp\n'}
[1.590124] (px4_msgs) StdoutLine: {'line': b'-- Up-to-date: /home/rudra/custom_flightmode/install/px4_msgs/include/px4_msgs/px4_msgs/msg/detail/landing_target_pose__type_support.hpp\n'}
[1.590165] (px4_msgs) StdoutLine: {'line': b'-- Up-to-date: /home/rudra/custom_flightmode/install/px4_msgs/include/px4_msgs/px4_msgs/msg/detail/sensor_temp__builder.hpp\n'}
[1.590206] (px4_msgs) StdoutLine: {'line': b'-- Up-to-date: /home/rudra/custom_flightmode/install/px4_msgs/include/px4_msgs/px4_msgs/msg/detail/vehicle_thrust_setpoint__builder.hpp\n'}
[1.590246] (px4_msgs) StdoutLine: {'line': b'-- Up-to-date: /home/rudra/custom_flightmode/install/px4_msgs/include/px4_msgs/px4_msgs/msg/detail/log_message__traits.hpp\n'}
[1.590286] (px4_msgs) StdoutLine: {'line': b'-- Up-to-date: /home/rudra/custom_flightmode/install/px4_msgs/include/px4_msgs/px4_msgs/msg/detail/wind__builder.hpp\n'}
[1.590325] (px4_msgs) StdoutLine: {'line': b'-- Up-to-date: /home/rudra/custom_flightmode/install/px4_msgs/include/px4_msgs/px4_msgs/msg/detail/rc_channels__type_support.hpp\n'}
[1.590364] (px4_msgs) StdoutLine: {'line': b'-- Up-to-date: /home/rudra/custom_flightmode/install/px4_msgs/include/px4_msgs/px4_msgs/msg/detail/tecs_status__builder.hpp\n'}
[1.590404] (px4_msgs) StdoutLine: {'line': b'-- Up-to-date: /home/rudra/custom_flightmode/install/px4_msgs/include/px4_msgs/px4_msgs/msg/detail/fixed_wing_lateral_status__struct.hpp\n'}
[1.590443] (px4_msgs) StdoutLine: {'line': b'-- Up-to-date: /home/rudra/custom_flightmode/install/px4_msgs/include/px4_msgs/px4_msgs/msg/detail/open_drone_id_basic_id__builder.hpp\n'}
[1.590495] (px4_msgs) StdoutLine: {'line': b'-- Up-to-date: /home/rudra/custom_flightmode/install/px4_msgs/include/px4_msgs/px4_msgs/msg/detail/system_power__traits.hpp\n'}
[1.590542] (px4_msgs) StdoutLine: {'line': b'-- Up-to-date: /home/rudra/custom_flightmode/install/px4_msgs/include/px4_msgs/px4_msgs/msg/detail/esc_eeprom_write__traits.hpp\n'}
[1.590586] (px4_msgs) StdoutLine: {'line': b'-- Up-to-date: /home/rudra/custom_flightmode/install/px4_msgs/include/px4_msgs/px4_msgs/msg/detail/vehicle_global_position__builder.hpp\n'}
[1.590627] (px4_msgs) StdoutLine: {'line': b'-- Up-to-date: /home/rudra/custom_flightmode/install/px4_msgs/include/px4_msgs/px4_msgs/msg/detail/estimator_bias3d__type_support.hpp\n'}
[1.590666] (px4_msgs) StdoutLine: {'line': b'-- Up-to-date: /home/rudra/custom_flightmode/install/px4_msgs/include/px4_msgs/px4_msgs/msg/detail/rover_attitude_status__traits.hpp\n'}
[1.590706] (px4_msgs) StdoutLine: {'line': b'-- Up-to-date: /home/rudra/custom_flightmode/install/px4_msgs/include/px4_msgs/px4_msgs/msg/detail/gimbal_manager_set_manual_control__struct.hpp\n'}
[1.590744] (px4_msgs) StdoutLine: {'line': b'-- Up-to-date: /home/rudra/custom_flightmode/install/px4_msgs/include/px4_msgs/px4_msgs/msg/detail/qshell_req__traits.hpp\n'}
[1.590783] (px4_msgs) StdoutLine: {'line': b'-- Up-to-date: /home/rudra/custom_flightmode/install/px4_msgs/include/px4_msgs/px4_msgs/msg/detail/vehicle_angular_velocity__struct.hpp\n'}
[1.590832] (px4_msgs) StdoutLine: {'line': b'-- Up-to-date: /home/rudra/custom_flightmode/install/px4_msgs/include/px4_msgs/px4_msgs/msg/detail/estimator_gps_status__traits.hpp\n'}
[1.590873] (px4_msgs) StdoutLine: {'line': b'-- Up-to-date: /home/rudra/custom_flightmode/install/px4_msgs/include/px4_msgs/px4_msgs/msg/detail/yaw_estimator_status__type_support.hpp\n'}
[1.590912] (px4_msgs) StdoutLine: {'line': b'-- Up-to-date: /home/rudra/custom_flightmode/install/px4_msgs/include/px4_msgs/px4_msgs/msg/detail/internal_combustion_engine_control__builder.hpp\n'}
[1.590956] (px4_msgs) StdoutLine: {'line': b'-- Up-to-date: /home/rudra/custom_flightmode/install/px4_msgs/include/px4_msgs/px4_msgs/msg/detail/power_button_state__type_support.hpp\n'}
[1.590999] (px4_msgs) StdoutLine: {'line': b'-- Up-to-date: /home/rudra/custom_flightmode/install/px4_msgs/include/px4_msgs/px4_msgs/msg/detail/vte_position__struct.hpp\n'}
[1.591044] (px4_msgs) StdoutLine: {'line': b'-- Up-to-date: /home/rudra/custom_flightmode/install/px4_msgs/include/px4_msgs/px4_msgs/msg/detail/gpio_out__type_support.hpp\n'}
[1.591084] (px4_msgs) StdoutLine: {'line': b'-- Up-to-date: /home/rudra/custom_flightmode/install/px4_msgs/include/px4_msgs/px4_msgs/msg/detail/camera_trigger__struct.hpp\n'}
[1.591125] (px4_msgs) StdoutLine: {'line': b'-- Up-to-date: /home/rudra/custom_flightmode/install/px4_msgs/include/px4_msgs/px4_msgs/msg/detail/sensor_gyro_fft__struct.hpp\n'}
[1.591165] (px4_msgs) StdoutLine: {'line': b'-- Up-to-date: /home/rudra/custom_flightmode/install/px4_msgs/include/px4_msgs/px4_msgs/msg/detail/input_rc__builder.hpp\n'}
[1.591205] (px4_msgs) StdoutLine: {'line': b'-- Up-to-date: /home/rudra/custom_flightmode/install/px4_msgs/include/px4_msgs/px4_msgs/msg/detail/debug_vect__builder.hpp\n'}
[1.591246] (px4_msgs) StdoutLine: {'line': b'-- Up-to-date: /home/rudra/custom_flightmode/install/px4_msgs/include/px4_msgs/px4_msgs/msg/detail/sensor_combined__builder.hpp\n'}
[1.591285] (px4_msgs) StdoutLine: {'line': b'-- Up-to-date: /home/rudra/custom_flightmode/install/px4_msgs/include/px4_msgs/px4_msgs/msg/detail/landing_gear_wheel__traits.hpp\n'}
[1.591324] (px4_msgs) StdoutLine: {'line': b'-- Up-to-date: /home/rudra/custom_flightmode/install/px4_msgs/include/px4_msgs/px4_msgs/msg/detail/rtcm_data__builder.hpp\n'}
[1.591364] (px4_msgs) StdoutLine: {'line': b'-- Up-to-date: /home/rudra/custom_flightmode/install/px4_msgs/include/px4_msgs/px4_msgs/msg/detail/open_drone_id_arm_status__builder.hpp\n'}
[1.591403] (px4_msgs) StdoutLine: {'line': b'-- Up-to-date: /home/rudra/custom_flightmode/install/px4_msgs/include/px4_msgs/px4_msgs/msg/detail/rover_speed_status__builder.hpp\n'}
[1.591442] (px4_msgs) StdoutLine: {'line': b'-- Up-to-date: /home/rudra/custom_flightmode/install/px4_msgs/include/px4_msgs/px4_msgs/msg/detail/fixed_wing_runway_control__traits.hpp\n'}
[1.591494] (px4_msgs) StdoutLine: {'line': b'-- Up-to-date: /home/rudra/custom_flightmode/install/px4_msgs/include/px4_msgs/px4_msgs/msg/detail/navigator_status__traits.hpp\n'}
[1.591540] (px4_msgs) StdoutLine: {'line': b'-- Up-to-date: /home/rudra/custom_flightmode/install/px4_msgs/include/px4_msgs/px4_msgs/msg/detail/velocity_limits__traits.hpp\n'}
[1.591582] (px4_msgs) StdoutLine: {'line': b'-- Up-to-date: /home/rudra/custom_flightmode/install/px4_msgs/include/px4_msgs/px4_msgs/msg/detail/sensor_optical_flow__builder.hpp\n'}
[1.591621] (px4_msgs) StdoutLine: {'line': b'-- Up-to-date: /home/rudra/custom_flightmode/install/px4_msgs/include/px4_msgs/px4_msgs/msg/detail/gpio_out__struct.hpp\n'}
[1.591660] (px4_msgs) StdoutLine: {'line': b'-- Up-to-date: /home/rudra/custom_flightmode/install/px4_msgs/include/px4_msgs/px4_msgs/msg/detail/generator_status__traits.hpp\n'}
[1.591700] (px4_msgs) StdoutLine: {'line': b'-- Up-to-date: /home/rudra/custom_flightmode/install/px4_msgs/include/px4_msgs/px4_msgs/msg/detail/ranging_beacon__type_support.hpp\n'}
[1.591739] (px4_msgs) StdoutLine: {'line': b'-- Up-to-date: /home/rudra/custom_flightmode/install/px4_msgs/include/px4_msgs/px4_msgs/msg/detail/manual_control_setpoint__traits.hpp\n'}
[1.591778] (px4_msgs) StdoutLine: {'line': b'-- Up-to-date: /home/rudra/custom_flightmode/install/px4_msgs/include/px4_msgs/px4_msgs/msg/detail/onboard_computer_status__builder.hpp\n'}
[1.591816] (px4_msgs) StdoutLine: {'line': b'-- Up-to-date: /home/rudra/custom_flightmode/install/px4_msgs/include/px4_msgs/px4_msgs/msg/detail/onboard_computer_status__traits.hpp\n'}
[1.591855] (px4_msgs) StdoutLine: {'line': b'-- Up-to-date: /home/rudra/custom_flightmode/install/px4_msgs/include/px4_msgs/px4_msgs/msg/detail/position_setpoint_triplet__traits.hpp\n'}
[1.591900] (px4_msgs) StdoutLine: {'line': b'-- Up-to-date: /home/rudra/custom_flightmode/install/px4_msgs/include/px4_msgs/px4_msgs/msg/detail/airspeed_validated__type_support.hpp\n'}
[1.591940] (px4_msgs) StdoutLine: {'line': b'-- Up-to-date: /home/rudra/custom_flightmode/install/px4_msgs/include/px4_msgs/px4_msgs/msg/detail/gimbal_device_information__traits.hpp\n'}
[1.591980] (px4_msgs) StdoutLine: {'line': b'-- Up-to-date: /home/rudra/custom_flightmode/install/px4_msgs/include/px4_msgs/px4_msgs/msg/detail/vte_aid_source1d__builder.hpp\n'}
[1.592019] (px4_msgs) StdoutLine: {'line': b'-- Up-to-date: /home/rudra/custom_flightmode/install/px4_msgs/include/px4_msgs/px4_msgs/msg/detail/ekf2_timestamps__traits.hpp\n'}
[1.592057] (px4_msgs) StdoutLine: {'line': b'-- Up-to-date: /home/rudra/custom_flightmode/install/px4_msgs/include/px4_msgs/px4_msgs/msg/detail/airspeed_validated__traits.hpp\n'}
[1.592103] (px4_msgs) StdoutLine: {'line': b'-- Up-to-date: /home/rudra/custom_flightmode/install/px4_msgs/include/px4_msgs/px4_msgs/msg/detail/pps_capture__traits.hpp\n'}
[1.592142] (px4_msgs) StdoutLine: {'line': b'-- Up-to-date: /home/rudra/custom_flightmode/install/px4_msgs/include/px4_msgs/px4_msgs/msg/detail/esc_status__builder.hpp\n'}
[1.592181] (px4_msgs) StdoutLine: {'line': b'-- Up-to-date: /home/rudra/custom_flightmode/install/px4_msgs/include/px4_msgs/px4_msgs/msg/detail/sensor_gps__type_support.hpp\n'}
[1.592220] (px4_msgs) StdoutLine: {'line': b'-- Up-to-date: /home/rudra/custom_flightmode/install/px4_msgs/include/px4_msgs/px4_msgs/msg/detail/orb_test_large__traits.hpp\n'}
[1.592263] (px4_msgs) StdoutLine: {'line': b'-- Up-to-date: /home/rudra/custom_flightmode/install/px4_msgs/include/px4_msgs/px4_msgs/msg/detail/fiducial_marker_pos_report__type_support.hpp\n'}
[1.592304] (px4_msgs) StdoutLine: {'line': b'-- Up-to-date: /home/rudra/custom_flightmode/install/px4_msgs/include/px4_msgs/px4_msgs/msg/detail/estimator_selector_status__traits.hpp\n'}
[1.592344] (px4_msgs) StdoutLine: {'line': b'-- Up-to-date: /home/rudra/custom_flightmode/install/px4_msgs/include/px4_msgs/px4_msgs/msg/detail/fixed_wing_lateral_setpoint__type_support.hpp\n'}
[1.592383] (px4_msgs) StdoutLine: {'line': b'-- Up-to-date: /home/rudra/custom_flightmode/install/px4_msgs/include/px4_msgs/px4_msgs/msg/detail/vtx__struct.hpp\n'}
[1.592422] (px4_msgs) StdoutLine: {'line': b'-- Up-to-date: /home/rudra/custom_flightmode/install/px4_msgs/include/px4_msgs/px4_msgs/msg/detail/fixed_wing_lateral_guidance_status__traits.hpp\n'}
[1.592462] (px4_msgs) StdoutLine: {'line': b'-- Up-to-date: /home/rudra/custom_flightmode/install/px4_msgs/include/px4_msgs/px4_msgs/msg/detail/takeoff_status__type_support.hpp\n'}
[1.592519] (px4_msgs) StdoutLine: {'line': b'-- Up-to-date: /home/rudra/custom_flightmode/install/px4_msgs/include/px4_msgs/px4_msgs/msg/detail/position_controller_status__builder.hpp\n'}
[1.592562] (px4_msgs) StdoutLine: {'line': b'-- Up-to-date: /home/rudra/custom_flightmode/install/px4_msgs/include/px4_msgs/px4_msgs/msg/detail/pure_pursuit_status__traits.hpp\n'}
[1.592602] (px4_msgs) StdoutLine: {'line': b'-- Up-to-date: /home/rudra/custom_flightmode/install/px4_msgs/include/px4_msgs/px4_msgs/msg/detail/debug_value__struct.hpp\n'}
[1.592643] (px4_msgs) StdoutLine: {'line': b'-- Up-to-date: /home/rudra/custom_flightmode/install/px4_msgs/include/px4_msgs/px4_msgs/msg/detail/telemetry_status__traits.hpp\n'}
[1.592682] (px4_msgs) StdoutLine: {'line': b'-- Up-to-date: /home/rudra/custom_flightmode/install/px4_msgs/include/px4_msgs/px4_msgs/msg/detail/rover_rate_status__builder.hpp\n'}
[1.592720] (px4_msgs) StdoutLine: {'line': b'-- Up-to-date: /home/rudra/custom_flightmode/install/px4_msgs/include/px4_msgs/px4_msgs/msg/detail/vte_input__builder.hpp\n'}
[1.592758] (px4_msgs) StdoutLine: {'line': b'-- Up-to-date: /home/rudra/custom_flightmode/install/px4_msgs/include/px4_msgs/px4_msgs/msg/detail/gimbal_device_set_attitude__type_support.hpp\n'}
[1.592796] (px4_msgs) StdoutLine: {'line': b'-- Up-to-date: /home/rudra/custom_flightmode/install/px4_msgs/include/px4_msgs/px4_msgs/msg/detail/rover_steering_setpoint__traits.hpp\n'}
[1.592842] (px4_msgs) StdoutLine: {'line': b'-- Up-to-date: /home/rudra/custom_flightmode/install/px4_msgs/include/px4_msgs/px4_msgs/msg/detail/vehicle_local_position__type_support.hpp\n'}
[1.592883] (px4_msgs) StdoutLine: {'line': b'-- Up-to-date: /home/rudra/custom_flightmode/install/px4_msgs/include/px4_msgs/px4_msgs/msg/detail/gimbal_manager_information__type_support.hpp\n'}
[1.592923] (px4_msgs) StdoutLine: {'line': b'-- Up-to-date: /home/rudra/custom_flightmode/install/px4_msgs/include/px4_msgs/px4_msgs/msg/detail/vehicle_torque_setpoint__builder.hpp\n'}
[1.593012] (px4_msgs) StdoutLine: {'line': b'-- Up-to-date: /home/rudra/custom_flightmode/install/px4_msgs/include/px4_msgs/px4_msgs/msg/detail/actuator_controls_status__builder.hpp\n'}
[1.593089] (px4_msgs) StdoutLine: {'line': b'-- Up-to-date: /home/rudra/custom_flightmode/install/px4_msgs/include/px4_msgs/px4_msgs/msg/detail/sensor_baro__struct.hpp\n'}
[1.593161] (px4_msgs) StdoutLine: {'line': b'-- Up-to-date: /home/rudra/custom_flightmode/install/px4_msgs/include/px4_msgs/px4_msgs/msg/detail/camera_trigger__builder.hpp\n'}
[1.593231] (px4_msgs) StdoutLine: {'line': b'-- Up-to-date: /home/rudra/custom_flightmode/install/px4_msgs/include/px4_msgs/px4_msgs/msg/detail/failsafe_flags__struct.hpp\n'}
[1.593294] (px4_msgs) StdoutLine: {'line': b'-- Up-to-date: /home/rudra/custom_flightmode/install/px4_msgs/include/px4_msgs/px4_msgs/msg/detail/radio_status__traits.hpp\n'}
[1.593366] (px4_msgs) StdoutLine: {'line': b'-- Up-to-date: /home/rudra/custom_flightmode/install/px4_msgs/include/px4_msgs/px4_msgs/msg/detail/vehicle_angular_velocity__type_support.hpp\n'}
[1.593437] (px4_msgs) StdoutLine: {'line': b'-- Up-to-date: /home/rudra/custom_flightmode/install/px4_msgs/include/px4_msgs/px4_msgs/msg/detail/estimator_aid_source1d__struct.hpp\n'}
[1.593529] (px4_msgs) StdoutLine: {'line': b'-- Up-to-date: /home/rudra/custom_flightmode/install/px4_msgs/include/px4_msgs/px4_msgs/msg/detail/heater_status__type_support.hpp\n'}
[1.593602] (px4_msgs) StdoutLine: {'line': b'-- Up-to-date: /home/rudra/custom_flightmode/install/px4_msgs/include/px4_msgs/px4_msgs/msg/detail/tecs_status__type_support.hpp\n'}
[1.593665] (px4_msgs) StdoutLine: {'line': b'-- Up-to-date: /home/rudra/custom_flightmode/install/px4_msgs/include/px4_msgs/px4_msgs/msg/detail/action_request__traits.hpp\n'}
[1.593749] (px4_msgs) StdoutLine: {'line': b'-- Up-to-date: /home/rudra/custom_flightmode/install/px4_msgs/include/px4_msgs/px4_msgs/msg/detail/sensor_airflow__builder.hpp\n'}
[1.593815] (px4_msgs) StdoutLine: {'line': b'-- Up-to-date: /home/rudra/custom_flightmode/install/px4_msgs/include/px4_msgs/px4_msgs/msg/detail/fixed_wing_lateral_status__builder.hpp\n'}
[1.593895] (px4_msgs) StdoutLine: {'line': b'-- Up-to-date: /home/rudra/custom_flightmode/install/px4_msgs/include/px4_msgs/px4_msgs/msg/detail/camera_trigger__type_support.hpp\n'}
[1.593962] (px4_msgs) StdoutLine: {'line': b'-- Up-to-date: /home/rudra/custom_flightmode/install/px4_msgs/include/px4_msgs/px4_msgs/msg/detail/orb_test_large__struct.hpp\n'}
[1.594033] (px4_msgs) StdoutLine: {'line': b'-- Up-to-date: /home/rudra/custom_flightmode/install/px4_msgs/include/px4_msgs/px4_msgs/msg/detail/home_position__struct.hpp\n'}
[1.594095] (px4_msgs) StdoutLine: {'line': b'-- Up-to-date: /home/rudra/custom_flightmode/install/px4_msgs/include/px4_msgs/px4_msgs/msg/detail/orb_test_large__builder.hpp\n'}
[1.594159] (px4_msgs) StdoutLine: {'line': b'-- Up-to-date: /home/rudra/custom_flightmode/install/px4_msgs/include/px4_msgs/px4_msgs/msg/detail/event__traits.hpp\n'}
[1.594221] (px4_msgs) StdoutLine: {'line': b'-- Up-to-date: /home/rudra/custom_flightmode/install/px4_msgs/include/px4_msgs/px4_msgs/msg/detail/manual_control_setpoint__builder.hpp\n'}
[1.594283] (px4_msgs) StdoutLine: {'line': b'-- Up-to-date: /home/rudra/custom_flightmode/install/px4_msgs/include/px4_msgs/px4_msgs/msg/detail/orb_test_large__type_support.hpp\n'}
[1.594353] (px4_msgs) StdoutLine: {'line': b'-- Up-to-date: /home/rudra/custom_flightmode/install/px4_msgs/include/px4_msgs/px4_msgs/msg/detail/sensor_gyro_fifo__struct.hpp\n'}
[1.594414] (px4_msgs) StdoutLine: {'line': b'-- Up-to-date: /home/rudra/custom_flightmode/install/px4_msgs/include/px4_msgs/px4_msgs/msg/detail/sensor_gnss_relative__type_support.hpp\n'}
[1.594494] (px4_msgs) StdoutLine: {'line': b'-- Up-to-date: /home/rudra/custom_flightmode/install/px4_msgs/include/px4_msgs/px4_msgs/msg/detail/parameter_set_value_request__struct.hpp\n'}
[1.594568] (px4_msgs) StdoutLine: {'line': b'-- Up-to-date: /home/rudra/custom_flightmode/install/px4_msgs/include/px4_msgs/px4_msgs/msg/detail/gimbal_manager_status__type_support.hpp\n'}
[1.594639] (px4_msgs) StdoutLine: {'line': b'-- Up-to-date: /home/rudra/custom_flightmode/install/px4_msgs/include/px4_msgs/px4_msgs/msg/detail/unregister_ext_component__builder.hpp\n'}
[1.594707] (px4_msgs) StdoutLine: {'line': b'-- Up-to-date: /home/rudra/custom_flightmode/install/px4_msgs/include/px4_msgs/px4_msgs/msg/detail/vehicle_imu__struct.hpp\n'}
[1.594775] (px4_msgs) StdoutLine: {'line': b'-- Up-to-date: /home/rudra/custom_flightmode/install/px4_msgs/include/px4_msgs/px4_msgs/msg/detail/sensor_baro__type_support.hpp\n'}
[1.594842] (px4_msgs) StdoutLine: {'line': b'-- Up-to-date: /home/rudra/custom_flightmode/install/px4_msgs/include/px4_msgs/px4_msgs/msg/detail/detect_and_avoid_most_urgent__type_support.hpp\n'}
[1.594909] (px4_msgs) StdoutLine: {'line': b'-- Up-to-date: /home/rudra/custom_flightmode/install/px4_msgs/include/px4_msgs/px4_msgs/msg/detail/camera_status__struct.hpp\n'}
[1.594973] (px4_msgs) StdoutLine: {'line': b'-- Up-to-date: /home/rudra/custom_flightmode/install/px4_msgs/include/px4_msgs/px4_msgs/msg/detail/estimator_innovations__traits.hpp\n'}
[1.595034] (px4_msgs) StdoutLine: {'line': b'-- Up-to-date: /home/rudra/custom_flightmode/install/px4_msgs/include/px4_msgs/px4_msgs/msg/detail/fixed_wing_lateral_guidance_status__type_support.hpp\n'}
[1.595097] (px4_msgs) StdoutLine: {'line': b'-- Up-to-date: /home/rudra/custom_flightmode/install/px4_msgs/include/px4_msgs/px4_msgs/msg/detail/vehicle_status__type_support.hpp\n'}
[1.595158] (px4_msgs) StdoutLine: {'line': b'-- Up-to-date: /home/rudra/custom_flightmode/install/px4_msgs/include/px4_msgs/px4_msgs/msg/detail/rover_attitude_status__struct.hpp\n'}
[1.595220] (px4_msgs) StdoutLine: {'line': b'-- Up-to-date: /home/rudra/custom_flightmode/install/px4_msgs/include/px4_msgs/px4_msgs/msg/detail/rover_speed_status__struct.hpp\n'}
[1.595281] (px4_msgs) StdoutLine: {'line': b'-- Up-to-date: /home/rudra/custom_flightmode/install/px4_msgs/include/px4_msgs/px4_msgs/msg/detail/mode_completed__struct.hpp\n'}
[1.595345] (px4_msgs) StdoutLine: {'line': b'-- Up-to-date: /home/rudra/custom_flightmode/install/px4_msgs/include/px4_msgs/px4_msgs/msg/detail/wheel_encoders__traits.hpp\n'}
[1.595406] (px4_msgs) StdoutLine: {'line': b'-- Up-to-date: /home/rudra/custom_flightmode/install/px4_msgs/include/px4_msgs/px4_msgs/msg/detail/gpio_in__struct.hpp\n'}
[1.595471] (px4_msgs) StdoutLine: {'line': b'-- Up-to-date: /home/rudra/custom_flightmode/install/px4_msgs/include/px4_msgs/px4_msgs/msg/detail/sensor_gyro_fifo__type_support.hpp\n'}
[1.595545] (px4_msgs) StdoutLine: {'line': b'-- Up-to-date: /home/rudra/custom_flightmode/install/px4_msgs/include/px4_msgs/px4_msgs/msg/detail/goto_setpoint__type_support.hpp\n'}
[1.595614] (px4_msgs) StdoutLine: {'line': b'-- Up-to-date: /home/rudra/custom_flightmode/install/px4_msgs/include/px4_msgs/px4_msgs/msg/detail/actuator_test__builder.hpp\n'}
[1.595677] (px4_msgs) StdoutLine: {'line': b'-- Up-to-date: /home/rudra/custom_flightmode/install/px4_msgs/include/px4_msgs/px4_msgs/msg/detail/failsafe_flags__traits.hpp\n'}
[1.595741] (px4_msgs) StdoutLine: {'line': b'-- Up-to-date: /home/rudra/custom_flightmode/install/px4_msgs/include/px4_msgs/px4_msgs/msg/detail/control_allocator_status__type_support.hpp\n'}
[1.595820] (px4_msgs) StdoutLine: {'line': b'-- Up-to-date: /home/rudra/custom_flightmode/install/px4_msgs/include/px4_msgs/px4_msgs/msg/detail/button_event__struct.hpp\n'}
[1.595902] (px4_msgs) StdoutLine: {'line': b'-- Up-to-date: /home/rudra/custom_flightmode/install/px4_msgs/include/px4_msgs/px4_msgs/msg/detail/can_interface_status__type_support.hpp\n'}
[1.595965] (px4_msgs) StdoutLine: {'line': b'-- Up-to-date: /home/rudra/custom_flightmode/install/px4_msgs/include/px4_msgs/px4_msgs/msg/detail/sensor_preflight_mag__struct.hpp\n'}
[1.596029] (px4_msgs) StdoutLine: {'line': b'-- Up-to-date: /home/rudra/custom_flightmode/install/px4_msgs/include/px4_msgs/px4_msgs/msg/detail/trajectory_setpoint6dof__struct.hpp\n'}
[1.596089] (px4_msgs) StdoutLine: {'line': b'-- Up-to-date: /home/rudra/custom_flightmode/install/px4_msgs/include/px4_msgs/px4_msgs/msg/detail/ping__traits.hpp\n'}
[1.596150] (px4_msgs) StdoutLine: {'line': b'-- Up-to-date: /home/rudra/custom_flightmode/install/px4_msgs/include/px4_msgs/px4_msgs/msg/detail/vehicle_magnetometer__builder.hpp\n'}
[1.596195] (px4_msgs) StdoutLine: {'line': b'-- Up-to-date: /home/rudra/custom_flightmode/install/px4_msgs/include/px4_msgs/px4_msgs/msg/detail/navigator_mission_item__type_support.hpp\n'}
[1.596238] (px4_msgs) StdoutLine: {'line': b'-- Up-to-date: /home/rudra/custom_flightmode/install/px4_msgs/include/px4_msgs/px4_msgs/msg/detail/estimator_fusion_control__traits.hpp\n'}
[1.596277] (px4_msgs) StdoutLine: {'line': b'-- Up-to-date: /home/rudra/custom_flightmode/install/px4_msgs/include/px4_msgs/px4_msgs/msg/detail/failsafe_flags__type_support.hpp\n'}
[1.596316] (px4_msgs) StdoutLine: {'line': b'-- Up-to-date: /home/rudra/custom_flightmode/install/px4_msgs/include/px4_msgs/px4_msgs/msg/detail/fixed_wing_runway_control__type_support.hpp\n'}
[1.596357] (px4_msgs) StdoutLine: {'line': b'-- Up-to-date: /home/rudra/custom_flightmode/install/px4_msgs/include/px4_msgs/px4_msgs/msg/detail/differential_pressure__builder.hpp\n'}
[1.596424] (px4_msgs) StdoutLine: {'line': b'-- Up-to-date: /home/rudra/custom_flightmode/install/px4_msgs/include/px4_msgs/px4_msgs/msg/detail/camera_status__type_support.hpp\n'}
[1.596506] (px4_msgs) StdoutLine: {'line': b'-- Up-to-date: /home/rudra/custom_flightmode/install/px4_msgs/include/px4_msgs/px4_msgs/msg/detail/sensor_gps__builder.hpp\n'}
[1.596562] (px4_msgs) StdoutLine: {'line': b'-- Up-to-date: /home/rudra/custom_flightmode/install/px4_msgs/include/px4_msgs/px4_msgs/msg/detail/fuel_tank_status__builder.hpp\n'}
[1.596607] (px4_msgs) StdoutLine: {'line': b'-- Up-to-date: /home/rudra/custom_flightmode/install/px4_msgs/include/px4_msgs/px4_msgs/msg/detail/gimbal_device_set_attitude__struct.hpp\n'}
[1.596649] (px4_msgs) StdoutLine: {'line': b'-- Up-to-date: /home/rudra/custom_flightmode/install/px4_msgs/include/px4_msgs/px4_msgs/msg/detail/vehicle_air_data__struct.hpp\n'}
[1.596689] (px4_msgs) StdoutLine: {'line': b'-- Up-to-date: /home/rudra/custom_flightmode/install/px4_msgs/include/px4_msgs/px4_msgs/msg/detail/orb_test__builder.hpp\n'}
[1.596728] (px4_msgs) StdoutLine: {'line': b'-- Up-to-date: /home/rudra/custom_flightmode/install/px4_msgs/include/px4_msgs/px4_msgs/msg/detail/actuator_motors__struct.hpp\n'}
[1.596768] (px4_msgs) StdoutLine: {'line': b'-- Up-to-date: /home/rudra/custom_flightmode/install/px4_msgs/include/px4_msgs/px4_msgs/msg/detail/sensors_status__builder.hpp\n'}
[1.596808] (px4_msgs) StdoutLine: {'line': b'-- Up-to-date: /home/rudra/custom_flightmode/install/px4_msgs/include/px4_msgs/px4_msgs/msg/detail/vehicle_odometry__builder.hpp\n'}
[1.596847] (px4_msgs) StdoutLine: {'line': b'-- Up-to-date: /home/rudra/custom_flightmode/install/px4_msgs/include/px4_msgs/px4_msgs/msg/detail/vehicle_control_mode__struct.hpp\n'}
[1.596886] (px4_msgs) StdoutLine: {'line': b'-- Up-to-date: /home/rudra/custom_flightmode/install/px4_msgs/include/px4_msgs/px4_msgs/msg/detail/debug_value__type_support.hpp\n'}
[1.596924] (px4_msgs) StdoutLine: {'line': b'-- Up-to-date: /home/rudra/custom_flightmode/install/px4_msgs/include/px4_msgs/px4_msgs/msg/detail/pure_pursuit_status__struct.hpp\n'}
[1.596962] (px4_msgs) StdoutLine: {'line': b'-- Up-to-date: /home/rudra/custom_flightmode/install/px4_msgs/include/px4_msgs/px4_msgs/msg/detail/fixed_wing_longitudinal_setpoint__type_support.hpp\n'}
[1.597007] (px4_msgs) StdoutLine: {'line': b'-- Up-to-date: /home/rudra/custom_flightmode/install/px4_msgs/include/px4_msgs/px4_msgs/msg/detail/uavcan_parameter_request__type_support.hpp\n'}
[1.597048] (px4_msgs) StdoutLine: {'line': b'-- Up-to-date: /home/rudra/custom_flightmode/install/px4_msgs/include/px4_msgs/px4_msgs/msg/detail/tiltrotor_extra_controls__struct.hpp\n'}
[1.597087] (px4_msgs) StdoutLine: {'line': b'-- Up-to-date: /home/rudra/custom_flightmode/install/px4_msgs/include/px4_msgs/px4_msgs/msg/detail/gimbal_device_information__struct.hpp\n'}
[1.597125] (px4_msgs) StdoutLine: {'line': b'-- Up-to-date: /home/rudra/custom_flightmode/install/px4_msgs/include/px4_msgs/px4_msgs/msg/detail/yaw_estimator_status__traits.hpp\n'}
[1.597163] (px4_msgs) StdoutLine: {'line': b'-- Up-to-date: /home/rudra/custom_flightmode/install/px4_msgs/include/px4_msgs/px4_msgs/msg/detail/failure_detector_status__struct.hpp\n'}
[1.597207] (px4_msgs) StdoutLine: {'line': b'-- Up-to-date: /home/rudra/custom_flightmode/install/px4_msgs/include/px4_msgs/px4_msgs/msg/detail/estimator_bias3d__builder.hpp\n'}
[1.597245] (px4_msgs) StdoutLine: {'line': b'-- Up-to-date: /home/rudra/custom_flightmode/install/px4_msgs/include/px4_msgs/px4_msgs/msg/detail/vehicle_thrust_setpoint__traits.hpp\n'}
[1.597290] (px4_msgs) StdoutLine: {'line': b'-- Up-to-date: /home/rudra/custom_flightmode/install/px4_msgs/include/px4_msgs/px4_msgs/msg/detail/landing_gear_wheel__builder.hpp\n'}
[1.597328] (px4_msgs) StdoutLine: {'line': b'-- Up-to-date: /home/rudra/custom_flightmode/install/px4_msgs/include/px4_msgs/px4_msgs/msg/detail/sensor_mag__traits.hpp\n'}
[1.597399] (px4_msgs) StdoutLine: {'line': b'-- Up-to-date: /home/rudra/custom_flightmode/install/px4_msgs/include/px4_msgs/px4_msgs/msg/detail/pps_capture__struct.hpp\n'}
[1.597452] (px4_msgs) StdoutLine: {'line': b'-- Up-to-date: /home/rudra/custom_flightmode/install/px4_msgs/include/px4_msgs/px4_msgs/msg/detail/logger_status__type_support.hpp\n'}
[1.597514] (px4_msgs) StdoutLine: {'line': b'-- Up-to-date: /home/rudra/custom_flightmode/install/px4_msgs/include/px4_msgs/px4_msgs/msg/detail/led_control__traits.hpp\n'}
[1.597559] (px4_msgs) StdoutLine: {'line': b'-- Up-to-date: /home/rudra/custom_flightmode/install/px4_msgs/include/px4_msgs/px4_msgs/msg/detail/sensor_gyro_fft__type_support.hpp\n'}
[1.597601] (px4_msgs) StdoutLine: {'line': b'-- Up-to-date: /home/rudra/custom_flightmode/install/px4_msgs/include/px4_msgs/px4_msgs/msg/detail/actuator_armed__type_support.hpp\n'}
[1.597641] (px4_msgs) StdoutLine: {'line': b'-- Up-to-date: /home/rudra/custom_flightmode/install/px4_msgs/include/px4_msgs/px4_msgs/msg/detail/landing_target_innovations__type_support.hpp\n'}
[1.597681] (px4_msgs) StdoutLine: {'line': b'-- Up-to-date: /home/rudra/custom_flightmode/install/px4_msgs/include/px4_msgs/px4_msgs/msg/detail/longitudinal_control_configuration__builder.hpp\n'}
[1.597722] (px4_msgs) StdoutLine: {'line': b'-- Up-to-date: /home/rudra/custom_flightmode/install/px4_msgs/include/px4_msgs/px4_msgs/msg/detail/uavcan_parameter_request__struct.hpp\n'}
[1.597763] (px4_msgs) StdoutLine: {'line': b'-- Up-to-date: /home/rudra/custom_flightmode/install/px4_msgs/include/px4_msgs/px4_msgs/msg/detail/sensor_gyro_fft__builder.hpp\n'}
[1.597802] (px4_msgs) StdoutLine: {'line': b'-- Up-to-date: /home/rudra/custom_flightmode/install/px4_msgs/include/px4_msgs/px4_msgs/msg/detail/orb_test_medium__type_support.hpp\n'}
[1.597841] (px4_msgs) StdoutLine: {'line': b'-- Up-to-date: /home/rudra/custom_flightmode/install/px4_msgs/include/px4_msgs/px4_msgs/msg/detail/offboard_control_mode__struct.hpp\n'}
[1.597880] (px4_msgs) StdoutLine: {'line': b'-- Up-to-date: /home/rudra/custom_flightmode/install/px4_msgs/include/px4_msgs/px4_msgs/msg/detail/rover_position_setpoint__traits.hpp\n'}
[1.597923] (px4_msgs) StdoutLine: {'line': b'-- Up-to-date: /home/rudra/custom_flightmode/install/px4_msgs/include/px4_msgs/px4_msgs/msg/detail/estimator_gps_status__struct.hpp\n'}
[1.597970] (px4_msgs) StdoutLine: {'line': b'-- Up-to-date: /home/rudra/custom_flightmode/install/px4_msgs/include/px4_msgs/px4_msgs/msg/detail/pwm_input__traits.hpp\n'}
[1.598010] (px4_msgs) StdoutLine: {'line': b'-- Up-to-date: /home/rudra/custom_flightmode/install/px4_msgs/include/px4_msgs/px4_msgs/msg/detail/sensor_preflight_mag__type_support.hpp\n'}
[1.598049] (px4_msgs) StdoutLine: {'line': b'-- Up-to-date: /home/rudra/custom_flightmode/install/px4_msgs/include/px4_msgs/px4_msgs/msg/detail/rtcm_data__struct.hpp\n'}
[1.598090] (px4_msgs) StdoutLine: {'line': b'-- Up-to-date: /home/rudra/custom_flightmode/install/px4_msgs/include/px4_msgs/px4_msgs/msg/detail/parameter_set_value_request__builder.hpp\n'}
[1.598130] (px4_msgs) StdoutLine: {'line': b'-- Up-to-date: /home/rudra/custom_flightmode/install/px4_msgs/include/px4_msgs/px4_msgs/msg/detail/sensor_gyro__struct.hpp\n'}
[1.598171] (px4_msgs) StdoutLine: {'line': b'-- Up-to-date: /home/rudra/custom_flightmode/install/px4_msgs/include/px4_msgs/px4_msgs/msg/detail/actuator_servos__struct.hpp\n'}
[1.598211] (px4_msgs) StdoutLine: {'line': b'-- Up-to-date: /home/rudra/custom_flightmode/install/px4_msgs/include/px4_msgs/px4_msgs/msg/detail/airspeed_wind__type_support.hpp\n'}
[1.598251] (px4_msgs) StdoutLine: {'line': b'-- Up-to-date: /home/rudra/custom_flightmode/install/px4_msgs/include/px4_msgs/px4_msgs/msg/detail/rover_position_setpoint__struct.hpp\n'}
[1.598291] (px4_msgs) StdoutLine: {'line': b'-- Up-to-date: /home/rudra/custom_flightmode/install/px4_msgs/include/px4_msgs/px4_msgs/msg/detail/actuator_outputs__traits.hpp\n'}
[1.598331] (px4_msgs) StdoutLine: {'line': b'-- Up-to-date: /home/rudra/custom_flightmode/install/px4_msgs/include/px4_msgs/px4_msgs/msg/detail/gimbal_device_attitude_status__type_support.hpp\n'}
[1.598369] (px4_msgs) StdoutLine: {'line': b'-- Up-to-date: /home/rudra/custom_flightmode/install/px4_msgs/include/px4_msgs/px4_msgs/msg/detail/gpio_in__traits.hpp\n'}
[1.598408] (px4_msgs) StdoutLine: {'line': b'-- Up-to-date: /home/rudra/custom_flightmode/install/px4_msgs/include/px4_msgs/px4_msgs/msg/detail/autotune_attitude_control_status__struct.hpp\n'}
[1.598452] (px4_msgs) StdoutLine: {'line': b'-- Up-to-date: /home/rudra/custom_flightmode/install/px4_msgs/include/px4_msgs/px4_msgs/msg/detail/estimator_event_flags__type_support.hpp\n'}
[1.598507] (px4_msgs) StdoutLine: {'line': b'-- Up-to-date: /home/rudra/custom_flightmode/install/px4_msgs/include/px4_msgs/px4_msgs/msg/detail/sensors_status_imu__struct.hpp\n'}
[1.598552] (px4_msgs) StdoutLine: {'line': b'-- Up-to-date: /home/rudra/custom_flightmode/install/px4_msgs/include/px4_msgs/px4_msgs/msg/detail/rtcm_data__type_support.hpp\n'}
[1.598596] (px4_msgs) StdoutLine: {'line': b'-- Up-to-date: /home/rudra/custom_flightmode/install/px4_msgs/include/px4_msgs/px4_msgs/msg/detail/log_message__type_support.hpp\n'}
[1.598638] (px4_msgs) StdoutLine: {'line': b'-- Up-to-date: /home/rudra/custom_flightmode/install/px4_msgs/include/px4_msgs/px4_msgs/msg/detail/normalized_unsigned_setpoint__type_support.hpp\n'}
[1.598687] (px4_msgs) StdoutLine: {'line': b'-- Up-to-date: /home/rudra/custom_flightmode/install/px4_msgs/include/px4_msgs/px4_msgs/msg/detail/arming_check_request__type_support.hpp\n'}
[1.598728] (px4_msgs) StdoutLine: {'line': b'-- Up-to-date: /home/rudra/custom_flightmode/install/px4_msgs/include/px4_msgs/px4_msgs/msg/detail/sensor_accel_fifo__builder.hpp\n'}
[1.598767] (px4_msgs) StdoutLine: {'line': b'-- Up-to-date: /home/rudra/custom_flightmode/install/px4_msgs/include/px4_msgs/px4_msgs/msg/detail/rover_rate_setpoint__builder.hpp\n'}
[1.598807] (px4_msgs) StdoutLine: {'line': b'-- Up-to-date: /home/rudra/custom_flightmode/install/px4_msgs/include/px4_msgs/px4_msgs/msg/detail/position_controller_status__type_support.hpp\n'}
[1.598848] (px4_msgs) StdoutLine: {'line': b'-- Up-to-date: /home/rudra/custom_flightmode/install/px4_msgs/include/px4_msgs/px4_msgs/msg/detail/manual_control_switches__builder.hpp\n'}
[1.598889] (px4_msgs) StdoutLine: {'line': b'-- Up-to-date: /home/rudra/custom_flightmode/install/px4_msgs/include/px4_msgs/px4_msgs/msg/detail/sensors_status__traits.hpp\n'}
[1.598934] (px4_msgs) StdoutLine: {'line': b'-- Up-to-date: /home/rudra/custom_flightmode/install/px4_msgs/include/px4_msgs/px4_msgs/msg/detail/esc_status__type_support.hpp\n'}
[1.598974] (px4_msgs) StdoutLine: {'line': b'-- Up-to-date: /home/rudra/custom_flightmode/install/px4_msgs/include/px4_msgs/px4_msgs/msg/detail/sensor_gnss_relative__struct.hpp\n'}
[1.599013] (px4_msgs) StdoutLine: {'line': b'-- Up-to-date: /home/rudra/custom_flightmode/install/px4_msgs/include/px4_msgs/px4_msgs/msg/detail/actuator_motors__type_support.hpp\n'}
[1.599052] (px4_msgs) StdoutLine: {'line': b'-- Up-to-date: /home/rudra/custom_flightmode/install/px4_msgs/include/px4_msgs/px4_msgs/msg/detail/failure_detector_status__type_support.hpp\n'}
[1.599091] (px4_msgs) StdoutLine: {'line': b'-- Up-to-date: /home/rudra/custom_flightmode/install/px4_msgs/include/px4_msgs/px4_msgs/msg/detail/button_event__type_support.hpp\n'}
[1.599130] (px4_msgs) StdoutLine: {'line': b'-- Up-to-date: /home/rudra/custom_flightmode/install/px4_msgs/include/px4_msgs/px4_msgs/msg/detail/rc_channels__builder.hpp\n'}
[1.599169] (px4_msgs) StdoutLine: {'line': b'-- Up-to-date: /home/rudra/custom_flightmode/install/px4_msgs/include/px4_msgs/px4_msgs/msg/detail/dataman_request__builder.hpp\n'}
[1.599207] (px4_msgs) StdoutLine: {'line': b'-- Up-to-date: /home/rudra/custom_flightmode/install/px4_msgs/include/px4_msgs/px4_msgs/msg/detail/figure_eight_status__traits.hpp\n'}
[1.599250] (px4_msgs) StdoutLine: {'line': b'-- Up-to-date: /home/rudra/custom_flightmode/install/px4_msgs/include/px4_msgs/px4_msgs/msg/detail/longitudinal_control_configuration__struct.hpp\n'}
[1.599290] (px4_msgs) StdoutLine: {'line': b'-- Up-to-date: /home/rudra/custom_flightmode/install/px4_msgs/include/px4_msgs/px4_msgs/msg/detail/rtl_time_estimate__type_support.hpp\n'}
[1.599330] (px4_msgs) StdoutLine: {'line': b'-- Up-to-date: /home/rudra/custom_flightmode/install/px4_msgs/include/px4_msgs/px4_msgs/msg/detail/cellular_status__traits.hpp\n'}
[1.599369] (px4_msgs) StdoutLine: {'line': b'-- Up-to-date: /home/rudra/custom_flightmode/install/px4_msgs/include/px4_msgs/px4_msgs/msg/detail/detect_and_avoid__struct.hpp\n'}
[1.599408] (px4_msgs) StdoutLine: {'line': b'-- Up-to-date: /home/rudra/custom_flightmode/install/px4_msgs/include/px4_msgs/px4_msgs/msg/detail/ekf2_timestamps__builder.hpp\n'}
[1.599449] (px4_msgs) StdoutLine: {'line': b'-- Up-to-date: /home/rudra/custom_flightmode/install/px4_msgs/include/px4_msgs/px4_msgs/msg/detail/figure_eight_status__type_support.hpp\n'}
[1.599502] (px4_msgs) StdoutLine: {'line': b'-- Up-to-date: /home/rudra/custom_flightmode/install/px4_msgs/include/px4_msgs/px4_msgs/msg/detail/arming_check_reply__struct.hpp\n'}
[1.599573] (px4_msgs) StdoutLine: {'line': b'-- Up-to-date: /home/rudra/custom_flightmode/install/px4_msgs/include/px4_msgs/px4_msgs/msg/detail/heater_status__traits.hpp\n'}
[1.599634] (px4_msgs) StdoutLine: {'line': b'-- Up-to-date: /home/rudra/custom_flightmode/install/px4_msgs/include/px4_msgs/px4_msgs/msg/detail/battery_status__type_support.hpp\n'}
[1.599678] (px4_msgs) StdoutLine: {'line': b'-- Up-to-date: /home/rudra/custom_flightmode/install/px4_msgs/include/px4_msgs/px4_msgs/msg/detail/sensor_gyro__traits.hpp\n'}
[1.599724] (px4_msgs) StdoutLine: {'line': b'-- Up-to-date: /home/rudra/custom_flightmode/install/px4_msgs/include/px4_msgs/px4_msgs/msg/detail/sensor_airflow__traits.hpp\n'}
[1.599765] (px4_msgs) StdoutLine: {'line': b'-- Up-to-date: /home/rudra/custom_flightmode/install/px4_msgs/include/px4_msgs/px4_msgs/msg/detail/dronecan_node_status__struct.hpp\n'}
[1.599806] (px4_msgs) StdoutLine: {'line': b'-- Up-to-date: /home/rudra/custom_flightmode/install/px4_msgs/include/px4_msgs/px4_msgs/msg/detail/register_ext_component_request__struct.hpp\n'}
[1.599847] (px4_msgs) StdoutLine: {'line': b'-- Up-to-date: /home/rudra/custom_flightmode/install/px4_msgs/include/px4_msgs/px4_msgs/msg/detail/actuator_servos_trim__type_support.hpp\n'}
[1.599892] (px4_msgs) StdoutLine: {'line': b'-- Up-to-date: /home/rudra/custom_flightmode/install/px4_msgs/include/px4_msgs/px4_msgs/msg/detail/rover_attitude_status__type_support.hpp\n'}
[1.599932] (px4_msgs) StdoutLine: {'line': b'-- Up-to-date: /home/rudra/custom_flightmode/install/px4_msgs/include/px4_msgs/px4_msgs/msg/detail/fuel_tank_status__type_support.hpp\n'}
[1.599984] (px4_msgs) StdoutLine: {'line': b'-- Up-to-date: /home/rudra/custom_flightmode/install/px4_msgs/include/px4_msgs/px4_msgs/msg/detail/offboard_control_mode__traits.hpp\n'}
[1.600024] (px4_msgs) StdoutLine: {'line': b'-- Up-to-date: /home/rudra/custom_flightmode/install/px4_msgs/include/px4_msgs/px4_msgs/msg/detail/collision_constraints__struct.hpp\n'}
[1.600064] (px4_msgs) StdoutLine: {'line': b'-- Up-to-date: /home/rudra/custom_flightmode/install/px4_msgs/include/px4_msgs/px4_msgs/msg/detail/qshell_retval__builder.hpp\n'}
[1.600103] (px4_msgs) StdoutLine: {'line': b'-- Up-to-date: /home/rudra/custom_flightmode/install/px4_msgs/include/px4_msgs/px4_msgs/msg/detail/orbit_status__type_support.hpp\n'}
[1.600142] (px4_msgs) StdoutLine: {'line': b'-- Up-to-date: /home/rudra/custom_flightmode/install/px4_msgs/include/px4_msgs/px4_msgs/msg/detail/offboard_control_mode__type_support.hpp\n'}
[1.600180] (px4_msgs) StdoutLine: {'line': b'-- Up-to-date: /home/rudra/custom_flightmode/install/px4_msgs/include/px4_msgs/px4_msgs/msg/detail/prec_land_status__type_support.hpp\n'}
[1.600219] (px4_msgs) StdoutLine: {'line': b'-- Up-to-date: /home/rudra/custom_flightmode/install/px4_msgs/include/px4_msgs/px4_msgs/msg/detail/open_drone_id_system__type_support.hpp\n'}
[1.600257] (px4_msgs) StdoutLine: {'line': b'-- Up-to-date: /home/rudra/custom_flightmode/install/px4_msgs/include/px4_msgs/px4_msgs/msg/detail/rtl_status__traits.hpp\n'}
[1.600295] (px4_msgs) StdoutLine: {'line': b'-- Up-to-date: /home/rudra/custom_flightmode/install/px4_msgs/include/px4_msgs/px4_msgs/msg/detail/airspeed_validated__builder.hpp\n'}
[1.600333] (px4_msgs) StdoutLine: {'line': b'-- Up-to-date: /home/rudra/custom_flightmode/install/px4_msgs/include/px4_msgs/px4_msgs/msg/detail/power_monitor__traits.hpp\n'}
[1.600372] (px4_msgs) StdoutLine: {'line': b'-- Up-to-date: /home/rudra/custom_flightmode/install/px4_msgs/include/px4_msgs/px4_msgs/msg/detail/target_gnss__traits.hpp\n'}
[1.600414] (px4_msgs) StdoutLine: {'line': b'-- Up-to-date: /home/rudra/custom_flightmode/install/px4_msgs/include/px4_msgs/px4_msgs/msg/detail/manual_control_setpoint__type_support.hpp\n'}
[1.600454] (px4_msgs) StdoutLine: {'line': b'-- Up-to-date: /home/rudra/custom_flightmode/install/px4_msgs/include/px4_msgs/px4_msgs/msg/detail/landing_gear__struct.hpp\n'}
[1.600512] (px4_msgs) StdoutLine: {'line': b'-- Up-to-date: /home/rudra/custom_flightmode/install/px4_msgs/include/px4_msgs/px4_msgs/msg/detail/position_setpoint__type_support.hpp\n'}
[1.600555] (px4_msgs) StdoutLine: {'line': b'-- Up-to-date: /home/rudra/custom_flightmode/install/px4_msgs/include/px4_msgs/px4_msgs/msg/detail/rtcm_data__traits.hpp\n'}
[1.600599] (px4_msgs) StdoutLine: {'line': b'-- Up-to-date: /home/rudra/custom_flightmode/install/px4_msgs/include/px4_msgs/px4_msgs/msg/detail/dronecan_node_status__type_support.hpp\n'}
[1.600643] (px4_msgs) StdoutLine: {'line': b'-- Up-to-date: /home/rudra/custom_flightmode/install/px4_msgs/include/px4_msgs/px4_msgs/msg/detail/setpoint_config_reply__type_support.hpp\n'}
[1.600684] (px4_msgs) StdoutLine: {'line': b'-- Up-to-date: /home/rudra/custom_flightmode/install/px4_msgs/include/px4_msgs/px4_msgs/msg/detail/parameter_reset_request__builder.hpp\n'}
[1.600725] (px4_msgs) StdoutLine: {'line': b'-- Up-to-date: /home/rudra/custom_flightmode/install/px4_msgs/include/px4_msgs/px4_msgs/msg/detail/vehicle_acceleration__struct.hpp\n'}
[1.600765] (px4_msgs) StdoutLine: {'line': b'-- Up-to-date: /home/rudra/custom_flightmode/install/px4_msgs/include/px4_msgs/px4_msgs/msg/detail/rc_channels__struct.hpp\n'}
[1.600804] (px4_msgs) StdoutLine: {'line': b'-- Up-to-date: /home/rudra/custom_flightmode/install/px4_msgs/include/px4_msgs/px4_msgs/msg/detail/vehicle_status__struct.hpp\n'}
[1.600851] (px4_msgs) StdoutLine: {'line': b'-- Up-to-date: /home/rudra/custom_flightmode/install/px4_msgs/include/px4_msgs/px4_msgs/msg/detail/ulog_stream_ack__builder.hpp\n'}
[1.600892] (px4_msgs) StdoutLine: {'line': b'-- Up-to-date: /home/rudra/custom_flightmode/install/px4_msgs/include/px4_msgs/px4_msgs/msg/detail/position_setpoint_triplet__struct.hpp\n'}
[1.600936] (px4_msgs) StdoutLine: {'line': b'-- Up-to-date: /home/rudra/custom_flightmode/install/px4_msgs/include/px4_msgs/px4_msgs/msg/detail/vte_aid_source3d__traits.hpp\n'}
[1.600977] (px4_msgs) StdoutLine: {'line': b'-- Up-to-date: /home/rudra/custom_flightmode/install/px4_msgs/include/px4_msgs/px4_msgs/msg/detail/autotune_attitude_control_status__builder.hpp\n'}
[1.601018] (px4_msgs) StdoutLine: {'line': b'-- Up-to-date: /home/rudra/custom_flightmode/install/px4_msgs/include/px4_msgs/px4_msgs/msg/detail/satellite_info__type_support.hpp\n'}
[1.601073] (px4_msgs) StdoutLine: {'line': b'-- Up-to-date: /home/rudra/custom_flightmode/install/px4_msgs/include/px4_msgs/px4_msgs/msg/detail/launch_detection_status__builder.hpp\n'}
[1.601134] (px4_msgs) StdoutLine: {'line': b'-- Up-to-date: /home/rudra/custom_flightmode/install/px4_msgs/include/px4_msgs/px4_msgs/msg/detail/vte_aid_source1d__struct.hpp\n'}
[1.601203] (px4_msgs) StdoutLine: {'line': b'-- Up-to-date: /home/rudra/custom_flightmode/install/px4_msgs/include/px4_msgs/px4_msgs/msg/detail/estimator_aid_source3d__struct.hpp\n'}
[1.601267] (px4_msgs) StdoutLine: {'line': b'-- Up-to-date: /home/rudra/custom_flightmode/install/px4_msgs/include/px4_msgs/px4_msgs/msg/detail/parameter_set_value_response__type_support.hpp\n'}
[1.601310] (px4_msgs) StdoutLine: {'line': b'-- Up-to-date: /home/rudra/custom_flightmode/install/px4_msgs/include/px4_msgs/px4_msgs/msg/detail/ping__type_support.hpp\n'}
[1.601362] (px4_msgs) StdoutLine: {'line': b'-- Up-to-date: /home/rudra/custom_flightmode/install/px4_msgs/include/px4_msgs/px4_msgs/msg/detail/timesync_status__builder.hpp\n'}
[1.601405] (px4_msgs) StdoutLine: {'line': b'-- Up-to-date: /home/rudra/custom_flightmode/install/px4_msgs/include/px4_msgs/px4_msgs/msg/detail/battery_status__traits.hpp\n'}
[1.601445] (px4_msgs) StdoutLine: {'line': b'-- Up-to-date: /home/rudra/custom_flightmode/install/px4_msgs/include/px4_msgs/px4_msgs/msg/detail/debug_key_value__struct.hpp\n'}
[1.601541] (px4_msgs) StdoutLine: {'line': b'-- Up-to-date: /home/rudra/custom_flightmode/install/px4_msgs/include/px4_msgs/px4_msgs/msg/detail/rover_attitude_setpoint__traits.hpp\n'}
[1.601626] (px4_msgs) StdoutLine: {'line': b'-- Up-to-date: /home/rudra/custom_flightmode/install/px4_msgs/include/px4_msgs/px4_msgs/msg/detail/sensor_hygrometer__traits.hpp\n'}
[1.601701] (px4_msgs) StdoutLine: {'line': b'-- Up-to-date: /home/rudra/custom_flightmode/install/px4_msgs/include/px4_msgs/px4_msgs/msg/detail/sensor_hygrometer__struct.hpp\n'}
[1.601769] (px4_msgs) StdoutLine: {'line': b'-- Up-to-date: /home/rudra/custom_flightmode/install/px4_msgs/include/px4_msgs/px4_msgs/msg/detail/parameter_reset_request__struct.hpp\n'}
[1.601836] (px4_msgs) StdoutLine: {'line': b'-- Up-to-date: /home/rudra/custom_flightmode/install/px4_msgs/include/px4_msgs/px4_msgs/msg/detail/geofence_result__traits.hpp\n'}
[1.601904] (px4_msgs) StdoutLine: {'line': b'-- Up-to-date: /home/rudra/custom_flightmode/install/px4_msgs/include/px4_msgs/px4_msgs/msg/detail/wind__traits.hpp\n'}
[1.601969] (px4_msgs) StdoutLine: {'line': b'-- Up-to-date: /home/rudra/custom_flightmode/install/px4_msgs/include/px4_msgs/px4_msgs/msg/detail/vehicle_attitude__type_support.hpp\n'}
[1.602035] (px4_msgs) StdoutLine: {'line': b'-- Up-to-date: /home/rudra/custom_flightmode/install/px4_msgs/include/px4_msgs/px4_msgs/msg/detail/home_position__builder.hpp\n'}
[1.602102] (px4_msgs) StdoutLine: {'line': b'-- Up-to-date: /home/rudra/custom_flightmode/install/px4_msgs/include/px4_msgs/px4_msgs/msg/detail/system_power__struct.hpp\n'}
[1.602156] (px4_msgs) StdoutLine: {'line': b'-- Up-to-date: /home/rudra/custom_flightmode/install/px4_msgs/include/px4_msgs/px4_msgs/msg/detail/sensor_airflow__struct.hpp\n'}
[1.602210] (px4_msgs) StdoutLine: {'line': b'-- Up-to-date: /home/rudra/custom_flightmode/install/px4_msgs/include/px4_msgs/px4_msgs/msg/detail/raptor_input__builder.hpp\n'}
[1.602274] (px4_msgs) StdoutLine: {'line': b'-- Up-to-date: /home/rudra/custom_flightmode/install/px4_msgs/include/px4_msgs/px4_msgs/msg/detail/gripper__type_support.hpp\n'}
[1.602346] (px4_msgs) StdoutLine: {'line': b'-- Up-to-date: /home/rudra/custom_flightmode/install/px4_msgs/include/px4_msgs/px4_msgs/msg/detail/raptor_input__traits.hpp\n'}
[1.602421] (px4_msgs) StdoutLine: {'line': b'-- Up-to-date: /home/rudra/custom_flightmode/install/px4_msgs/include/px4_msgs/px4_msgs/msg/detail/satellite_info__builder.hpp\n'}
[1.602503] (px4_msgs) StdoutLine: {'line': b'-- Up-to-date: /home/rudra/custom_flightmode/install/px4_msgs/include/px4_msgs/px4_msgs/msg/detail/debug_key_value__type_support.hpp\n'}
[1.602552] (px4_msgs) StdoutLine: {'line': b'-- Up-to-date: /home/rudra/custom_flightmode/install/px4_msgs/include/px4_msgs/px4_msgs/msg/detail/open_drone_id_operator_id__traits.hpp\n'}
[1.602594] (px4_msgs) StdoutLine: {'line': b'-- Up-to-date: /home/rudra/custom_flightmode/install/px4_msgs/include/px4_msgs/px4_msgs/msg/detail/cellular_status__builder.hpp\n'}
[1.602636] (px4_msgs) StdoutLine: {'line': b'-- Up-to-date: /home/rudra/custom_flightmode/install/px4_msgs/include/px4_msgs/px4_msgs/msg/detail/geofence_status__struct.hpp\n'}
[1.602676] (px4_msgs) StdoutLine: {'line': b'-- Up-to-date: /home/rudra/custom_flightmode/install/px4_msgs/include/px4_msgs/px4_msgs/msg/detail/fixed_wing_runway_control__builder.hpp\n'}
[1.602723] (px4_msgs) StdoutLine: {'line': b'-- Up-to-date: /home/rudra/custom_flightmode/install/px4_msgs/include/px4_msgs/px4_msgs/msg/detail/open_drone_id_basic_id__struct.hpp\n'}
[1.602765] (px4_msgs) StdoutLine: {'line': b'-- Up-to-date: /home/rudra/custom_flightmode/install/px4_msgs/include/px4_msgs/px4_msgs/msg/detail/setpoint_config__struct.hpp\n'}
[1.602807] (px4_msgs) StdoutLine: {'line': b'-- Up-to-date: /home/rudra/custom_flightmode/install/px4_msgs/include/px4_msgs/px4_msgs/msg/detail/normalized_unsigned_setpoint__struct.hpp\n'}
[1.602848] (px4_msgs) StdoutLine: {'line': b'-- Up-to-date: /home/rudra/custom_flightmode/install/px4_msgs/include/px4_msgs/px4_msgs/msg/detail/parameter_reset_request__traits.hpp\n'}
[1.602889] (px4_msgs) StdoutLine: {'line': b'-- Up-to-date: /home/rudra/custom_flightmode/install/px4_msgs/include/px4_msgs/px4_msgs/msg/detail/rover_attitude_setpoint__builder.hpp\n'}
[1.602954] (px4_msgs) StdoutLine: {'line': b'-- Up-to-date: /home/rudra/custom_flightmode/install/px4_msgs/include/px4_msgs/px4_msgs/msg/detail/ekf2_timestamps__type_support.hpp\n'}
[1.602999] (px4_msgs) StdoutLine: {'line': b'-- Up-to-date: /home/rudra/custom_flightmode/install/px4_msgs/include/px4_msgs/px4_msgs/msg/detail/fixed_wing_lateral_guidance_status__builder.hpp\n'}
[1.603041] (px4_msgs) StdoutLine: {'line': b'-- Up-to-date: /home/rudra/custom_flightmode/install/px4_msgs/include/px4_msgs/px4_msgs/msg/detail/sensor_gyro_fifo__traits.hpp\n'}
[1.603080] (px4_msgs) StdoutLine: {'line': b'-- Up-to-date: /home/rudra/custom_flightmode/install/px4_msgs/include/px4_msgs/px4_msgs/msg/detail/estimator_gps_status__builder.hpp\n'}
[1.603119] (px4_msgs) StdoutLine: {'line': b'-- Up-to-date: /home/rudra/custom_flightmode/install/px4_msgs/include/px4_msgs/px4_msgs/msg/detail/wheel_encoders__struct.hpp\n'}
[1.603171] (px4_msgs) StdoutLine: {'line': b'-- Up-to-date: /home/rudra/custom_flightmode/install/px4_msgs/include/px4_msgs/px4_msgs/msg/detail/distance_sensor_mode_change_request__traits.hpp\n'}
[1.603215] (px4_msgs) StdoutLine: {'line': b'-- Up-to-date: /home/rudra/custom_flightmode/install/px4_msgs/include/px4_msgs/px4_msgs/msg/detail/onboard_computer_status__struct.hpp\n'}
[1.603256] (px4_msgs) StdoutLine: {'line': b'-- Up-to-date: /home/rudra/custom_flightmode/install/px4_msgs/include/px4_msgs/px4_msgs/msg/detail/wind__struct.hpp\n'}
[1.603302] (px4_msgs) StdoutLine: {'line': b'-- Up-to-date: /home/rudra/custom_flightmode/install/px4_msgs/include/px4_msgs/px4_msgs/msg/detail/sensor_accel_fifo__struct.hpp\n'}
[1.603342] (px4_msgs) StdoutLine: {'line': b'-- Up-to-date: /home/rudra/custom_flightmode/install/px4_msgs/include/px4_msgs/px4_msgs/msg/detail/fixed_wing_lateral_status__traits.hpp\n'}
[1.603383] (px4_msgs) StdoutLine: {'line': b'-- Up-to-date: /home/rudra/custom_flightmode/install/px4_msgs/include/px4_msgs/px4_msgs/msg/detail/raptor_status__traits.hpp\n'}
[1.603422] (px4_msgs) StdoutLine: {'line': b'-- Up-to-date: /home/rudra/custom_flightmode/install/px4_msgs/include/px4_msgs/px4_msgs/msg/detail/sensor_uwb__type_support.hpp\n'}
[1.603460] (px4_msgs) StdoutLine: {'line': b'-- Up-to-date: /home/rudra/custom_flightmode/install/px4_msgs/include/px4_msgs/px4_msgs/msg/detail/landing_target_innovations__builder.hpp\n'}
[1.603515] (px4_msgs) StdoutLine: {'line': b'-- Up-to-date: /home/rudra/custom_flightmode/install/px4_msgs/include/px4_msgs/px4_msgs/msg/detail/landing_gear_wheel__type_support.hpp\n'}
[1.603558] (px4_msgs) StdoutLine: {'line': b'-- Up-to-date: /home/rudra/custom_flightmode/install/px4_msgs/include/px4_msgs/px4_msgs/msg/detail/device_information__struct.hpp\n'}
[1.603598] (px4_msgs) StdoutLine: {'line': b'-- Up-to-date: /home/rudra/custom_flightmode/install/px4_msgs/include/px4_msgs/px4_msgs/msg/detail/ulog_stream_ack__traits.hpp\n'}
[1.603636] (px4_msgs) StdoutLine: {'line': b'-- Up-to-date: /home/rudra/custom_flightmode/install/px4_msgs/include/px4_msgs/px4_msgs/msg/detail/offboard_control_mode__builder.hpp\n'}
[1.603675] (px4_msgs) StdoutLine: {'line': b'-- Up-to-date: /home/rudra/custom_flightmode/install/px4_msgs/include/px4_msgs/px4_msgs/msg/detail/vehicle_command_ack__struct.hpp\n'}
[1.603714] (px4_msgs) StdoutLine: {'line': b'-- Up-to-date: /home/rudra/custom_flightmode/install/px4_msgs/include/px4_msgs/px4_msgs/msg/detail/rover_speed_setpoint__traits.hpp\n'}
[1.603752] (px4_msgs) StdoutLine: {'line': b'-- Up-to-date: /home/rudra/custom_flightmode/install/px4_msgs/include/px4_msgs/px4_msgs/msg/detail/normalized_unsigned_setpoint__builder.hpp\n'}
[1.603791] (px4_msgs) StdoutLine: {'line': b'-- Up-to-date: /home/rudra/custom_flightmode/install/px4_msgs/include/px4_msgs/px4_msgs/msg/detail/manual_control_switches__struct.hpp\n'}
[1.603830] (px4_msgs) StdoutLine: {'line': b'-- Up-to-date: /home/rudra/custom_flightmode/install/px4_msgs/include/px4_msgs/px4_msgs/msg/detail/vehicle_acceleration__traits.hpp\n'}
[1.603870] (px4_msgs) StdoutLine: {'line': b'-- Up-to-date: /home/rudra/custom_flightmode/install/px4_msgs/include/px4_msgs/px4_msgs/msg/detail/power_button_state__builder.hpp\n'}
[1.603914] (px4_msgs) StdoutLine: {'line': b'-- Up-to-date: /home/rudra/custom_flightmode/install/px4_msgs/include/px4_msgs/px4_msgs/msg/detail/tune_control__traits.hpp\n'}
[1.603954] (px4_msgs) StdoutLine: {'line': b'-- Up-to-date: /home/rudra/custom_flightmode/install/px4_msgs/include/px4_msgs/px4_msgs/msg/detail/vehicle_magnetometer__traits.hpp\n'}
[1.603995] (px4_msgs) StdoutLine: {'line': b'-- Up-to-date: /home/rudra/custom_flightmode/install/px4_msgs/include/px4_msgs/px4_msgs/msg/detail/takeoff_status__builder.hpp\n'}
[1.604034] (px4_msgs) StdoutLine: {'line': b'-- Up-to-date: /home/rudra/custom_flightmode/install/px4_msgs/include/px4_msgs/px4_msgs/msg/detail/velocity_limits__builder.hpp\n'}
[1.604073] (px4_msgs) StdoutLine: {'line': b'-- Up-to-date: /home/rudra/custom_flightmode/install/px4_msgs/include/px4_msgs/px4_msgs/msg/detail/vte_bias_init_status__type_support.hpp\n'}
[1.604111] (px4_msgs) StdoutLine: {'line': b'-- Up-to-date: /home/rudra/custom_flightmode/install/px4_msgs/include/px4_msgs/px4_msgs/msg/detail/failure_detector_status__builder.hpp\n'}
[1.604150] (px4_msgs) StdoutLine: {'line': b'-- Up-to-date: /home/rudra/custom_flightmode/install/px4_msgs/include/px4_msgs/px4_msgs/msg/detail/landing_gear_wheel__struct.hpp\n'}
[1.604189] (px4_msgs) StdoutLine: {'line': b'-- Up-to-date: /home/rudra/custom_flightmode/install/px4_msgs/include/px4_msgs/px4_msgs/msg/detail/differential_pressure__type_support.hpp\n'}
[1.604235] (px4_msgs) StdoutLine: {'line': b'-- Up-to-date: /home/rudra/custom_flightmode/install/px4_msgs/include/px4_msgs/px4_msgs/msg/detail/mode_completed__traits.hpp\n'}
[1.604275] (px4_msgs) StdoutLine: {'line': b'-- Up-to-date: /home/rudra/custom_flightmode/install/px4_msgs/include/px4_msgs/px4_msgs/msg/detail/position_controller_landing_status__struct.hpp\n'}
[1.604315] (px4_msgs) StdoutLine: {'line': b'-- Up-to-date: /home/rudra/custom_flightmode/install/px4_msgs/include/px4_msgs/px4_msgs/msg/detail/ping__builder.hpp\n'}
[1.604355] (px4_msgs) StdoutLine: {'line': b'-- Up-to-date: /home/rudra/custom_flightmode/install/px4_msgs/include/px4_msgs/px4_msgs/msg/detail/landing_target_pose__traits.hpp\n'}
[1.604395] (px4_msgs) StdoutLine: {'line': b'-- Up-to-date: /home/rudra/custom_flightmode/install/px4_msgs/include/px4_msgs/px4_msgs/msg/detail/rover_steering_setpoint__builder.hpp\n'}
[1.604441] (px4_msgs) StdoutLine: {'line': b'-- Up-to-date: /home/rudra/custom_flightmode/install/px4_msgs/include/px4_msgs/px4_msgs/msg/detail/irlock_report__struct.hpp\n'}
[1.604492] (px4_msgs) StdoutLine: {'line': b'-- Up-to-date: /home/rudra/custom_flightmode/install/px4_msgs/include/px4_msgs/px4_msgs/msg/detail/system_power__builder.hpp\n'}
[1.604540] (px4_msgs) StdoutLine: {'line': b'-- Up-to-date: /home/rudra/custom_flightmode/install/px4_msgs/include/px4_msgs/px4_msgs/msg/detail/rover_speed_setpoint__builder.hpp\n'}
[1.604580] (px4_msgs) StdoutLine: {'line': b'-- Up-to-date: /home/rudra/custom_flightmode/install/px4_msgs/include/px4_msgs/px4_msgs/msg/detail/vtol_vehicle_status__type_support.hpp\n'}
[1.604619] (px4_msgs) StdoutLine: {'line': b'-- Up-to-date: /home/rudra/custom_flightmode/install/px4_msgs/include/px4_msgs/px4_msgs/msg/detail/obstacle_distance__traits.hpp\n'}
[1.604657] (-) TimerEvent: {}
[1.604733] (px4_msgs) StdoutLine: {'line': b'-- Up-to-date: /home/rudra/custom_flightmode/install/px4_msgs/include/px4_msgs/px4_msgs/msg/detail/position_setpoint__traits.hpp\n'}
[1.604786] (px4_msgs) StdoutLine: {'line': b'-- Up-to-date: /home/rudra/custom_flightmode/install/px4_msgs/include/px4_msgs/px4_msgs/msg/detail/rpm__builder.hpp\n'}
[1.604830] (px4_msgs) StdoutLine: {'line': b'-- Up-to-date: /home/rudra/custom_flightmode/install/px4_msgs/include/px4_msgs/px4_msgs/msg/detail/manual_control_switches__type_support.hpp\n'}
[1.604872] (px4_msgs) StdoutLine: {'line': b'-- Up-to-date: /home/rudra/custom_flightmode/install/px4_msgs/include/px4_msgs/px4_msgs/msg/detail/figure_eight_status__builder.hpp\n'}
[1.604913] (px4_msgs) StdoutLine: {'line': b'-- Up-to-date: /home/rudra/custom_flightmode/install/px4_msgs/include/px4_msgs/px4_msgs/msg/detail/vehicle_odometry__type_support.hpp\n'}
[1.604954] (px4_msgs) StdoutLine: {'line': b'-- Up-to-date: /home/rudra/custom_flightmode/install/px4_msgs/include/px4_msgs/px4_msgs/msg/detail/message_format_response__type_support.hpp\n'}
[1.604995] (px4_msgs) StdoutLine: {'line': b'-- Up-to-date: /home/rudra/custom_flightmode/install/px4_msgs/include/px4_msgs/px4_msgs/msg/detail/internal_combustion_engine_control__traits.hpp\n'}
[1.605036] (px4_msgs) StdoutLine: {'line': b'-- Up-to-date: /home/rudra/custom_flightmode/install/px4_msgs/include/px4_msgs/px4_msgs/msg/detail/mag_worker_data__struct.hpp\n'}
[1.605077] (px4_msgs) StdoutLine: {'line': b'-- Up-to-date: /home/rudra/custom_flightmode/install/px4_msgs/include/px4_msgs/px4_msgs/msg/detail/raptor_input__type_support.hpp\n'}
[1.605118] (px4_msgs) StdoutLine: {'line': b'-- Up-to-date: /home/rudra/custom_flightmode/install/px4_msgs/include/px4_msgs/px4_msgs/msg/detail/vehicle_torque_setpoint__struct.hpp\n'}
[1.605158] (px4_msgs) StdoutLine: {'line': b'-- Up-to-date: /home/rudra/custom_flightmode/install/px4_msgs/include/px4_msgs/px4_msgs/msg/detail/detect_and_avoid__traits.hpp\n'}
[1.605206] (px4_msgs) StdoutLine: {'line': b'-- Up-to-date: /home/rudra/custom_flightmode/install/px4_msgs/include/px4_msgs/px4_msgs/msg/detail/sensor_accel__struct.hpp\n'}
[1.605249] (px4_msgs) StdoutLine: {'line': b'-- Up-to-date: /home/rudra/custom_flightmode/install/px4_msgs/include/px4_msgs/px4_msgs/msg/detail/vtx__builder.hpp\n'}
[1.605297] (px4_msgs) StdoutLine: {'line': b'-- Up-to-date: /home/rudra/custom_flightmode/install/px4_msgs/include/px4_msgs/px4_msgs/msg/detail/battery_info__type_support.hpp\n'}
[1.605339] (px4_msgs) StdoutLine: {'line': b'-- Up-to-date: /home/rudra/custom_flightmode/install/px4_msgs/include/px4_msgs/px4_msgs/msg/detail/navigator_status__builder.hpp\n'}
[1.605379] (px4_msgs) StdoutLine: {'line': b'-- Up-to-date: /home/rudra/custom_flightmode/install/px4_msgs/include/px4_msgs/px4_msgs/msg/detail/fixed_wing_lateral_guidance_status__struct.hpp\n'}
[1.605419] (px4_msgs) StdoutLine: {'line': b'-- Up-to-date: /home/rudra/custom_flightmode/install/px4_msgs/include/px4_msgs/px4_msgs/msg/detail/estimator_aid_source2d__type_support.hpp\n'}
[1.605458] (px4_msgs) StdoutLine: {'line': b'-- Up-to-date: /home/rudra/custom_flightmode/install/px4_msgs/include/px4_msgs/px4_msgs/msg/detail/event__type_support.hpp\n'}
[1.605512] (px4_msgs) StdoutLine: {'line': b'-- Up-to-date: /home/rudra/custom_flightmode/install/px4_msgs/include/px4_msgs/px4_msgs/msg/detail/battery_status__builder.hpp\n'}
[1.605555] (px4_msgs) StdoutLine: {'line': b'-- Up-to-date: /home/rudra/custom_flightmode/install/px4_msgs/include/px4_msgs/px4_msgs/msg/detail/sensor_mag__struct.hpp\n'}
[1.605596] (px4_msgs) StdoutLine: {'line': b'-- Up-to-date: /home/rudra/custom_flightmode/install/px4_msgs/include/px4_msgs/px4_msgs/msg/detail/vehicle_odometry__traits.hpp\n'}
[1.605636] (px4_msgs) StdoutLine: {'line': b'-- Up-to-date: /home/rudra/custom_flightmode/install/px4_msgs/include/px4_msgs/px4_msgs/msg/detail/gimbal_manager_status__struct.hpp\n'}
[1.605676] (px4_msgs) StdoutLine: {'line': b'-- Up-to-date: /home/rudra/custom_flightmode/install/px4_msgs/include/px4_msgs/px4_msgs/msg/detail/vehicle_acceleration__type_support.hpp\n'}
[1.605715] (px4_msgs) StdoutLine: {'line': b'-- Up-to-date: /home/rudra/custom_flightmode/install/px4_msgs/include/px4_msgs/px4_msgs/msg/detail/ranging_beacon__struct.hpp\n'}
[1.605754] (px4_msgs) StdoutLine: {'line': b'-- Up-to-date: /home/rudra/custom_flightmode/install/px4_msgs/include/px4_msgs/px4_msgs/msg/detail/vehicle_control_mode__type_support.hpp\n'}
[1.605793] (px4_msgs) StdoutLine: {'line': b'-- Up-to-date: /home/rudra/custom_flightmode/install/px4_msgs/include/px4_msgs/px4_msgs/msg/detail/debug_key_value__traits.hpp\n'}
[1.605841] (px4_msgs) StdoutLine: {'line': b'-- Up-to-date: /home/rudra/custom_flightmode/install/px4_msgs/include/px4_msgs/px4_msgs/msg/detail/vehicle_optical_flow_vel__struct.hpp\n'}
[1.605881] (px4_msgs) StdoutLine: {'line': b'-- Up-to-date: /home/rudra/custom_flightmode/install/px4_msgs/include/px4_msgs/px4_msgs/msg/detail/longitudinal_control_configuration__traits.hpp\n'}
[1.605920] (px4_msgs) StdoutLine: {'line': b'-- Up-to-date: /home/rudra/custom_flightmode/install/px4_msgs/include/px4_msgs/px4_msgs/msg/detail/geofence_result__builder.hpp\n'}
[1.605963] (px4_msgs) StdoutLine: {'line': b'-- Up-to-date: /home/rudra/custom_flightmode/install/px4_msgs/include/px4_msgs/px4_msgs/msg/detail/distance_sensor_mode_change_request__struct.hpp\n'}
[1.606004] (px4_msgs) StdoutLine: {'line': b'-- Up-to-date: /home/rudra/custom_flightmode/install/px4_msgs/include/px4_msgs/px4_msgs/msg/detail/fixed_wing_longitudinal_setpoint__traits.hpp\n'}
[1.606045] (px4_msgs) StdoutLine: {'line': b'-- Up-to-date: /home/rudra/custom_flightmode/install/px4_msgs/include/px4_msgs/px4_msgs/msg/detail/uavcan_parameter_request__builder.hpp\n'}
[1.606085] (px4_msgs) StdoutLine: {'line': b'-- Up-to-date: /home/rudra/custom_flightmode/install/px4_msgs/include/px4_msgs/px4_msgs/msg/detail/vehicle_land_detected__traits.hpp\n'}
[1.606123] (px4_msgs) StdoutLine: {'line': b'-- Up-to-date: /home/rudra/custom_flightmode/install/px4_msgs/include/px4_msgs/px4_msgs/msg/detail/sensor_gps__traits.hpp\n'}
[1.606163] (px4_msgs) StdoutLine: {'line': b'-- Up-to-date: /home/rudra/custom_flightmode/install/px4_msgs/include/px4_msgs/px4_msgs/msg/detail/vehicle_attitude__traits.hpp\n'}
[1.606209] (px4_msgs) StdoutLine: {'line': b'-- Up-to-date: /home/rudra/custom_flightmode/install/px4_msgs/include/px4_msgs/px4_msgs/msg/detail/heater_status__struct.hpp\n'}
[1.606249] (px4_msgs) StdoutLine: {'line': b'-- Up-to-date: /home/rudra/custom_flightmode/install/px4_msgs/include/px4_msgs/px4_msgs/msg/detail/open_drone_id_arm_status__type_support.hpp\n'}
[1.606288] (px4_msgs) StdoutLine: {'line': b'-- Up-to-date: /home/rudra/custom_flightmode/install/px4_msgs/include/px4_msgs/px4_msgs/msg/detail/actuator_servos_trim__struct.hpp\n'}
[1.606328] (px4_msgs) StdoutLine: {'line': b'-- Up-to-date: /home/rudra/custom_flightmode/install/px4_msgs/include/px4_msgs/px4_msgs/msg/detail/vehicle_imu__traits.hpp\n'}
[1.606367] (px4_msgs) StdoutLine: {'line': b'-- Up-to-date: /home/rudra/custom_flightmode/install/px4_msgs/include/px4_msgs/px4_msgs/msg/detail/gimbal_device_set_attitude__traits.hpp\n'}
[1.606438] (px4_msgs) StdoutLine: {'line': b'-- Up-to-date: /home/rudra/custom_flightmode/install/px4_msgs/include/px4_msgs/px4_msgs/msg/detail/landing_target_innovations__traits.hpp\n'}
[1.606533] (px4_msgs) StdoutLine: {'line': b'-- Up-to-date: /home/rudra/custom_flightmode/install/px4_msgs/include/px4_msgs/px4_msgs/msg/detail/mode_completed__type_support.hpp\n'}
[1.606585] (px4_msgs) StdoutLine: {'line': b'-- Up-to-date: /home/rudra/custom_flightmode/install/px4_msgs/include/px4_msgs/px4_msgs/msg/detail/follow_target__builder.hpp\n'}
[1.606629] (px4_msgs) StdoutLine: {'line': b'-- Up-to-date: /home/rudra/custom_flightmode/install/px4_msgs/include/px4_msgs/px4_msgs/msg/detail/setpoint_config__type_support.hpp\n'}
[1.606672] (px4_msgs) StdoutLine: {'line': b'-- Up-to-date: /home/rudra/custom_flightmode/install/px4_msgs/include/px4_msgs/px4_msgs/msg/detail/gimbal_manager_set_attitude__struct.hpp\n'}
[1.606716] (px4_msgs) StdoutLine: {'line': b'-- Up-to-date: /home/rudra/custom_flightmode/install/px4_msgs/include/px4_msgs/px4_msgs/msg/detail/message_format_response__builder.hpp\n'}
[1.606760] (px4_msgs) StdoutLine: {'line': b'-- Up-to-date: /home/rudra/custom_flightmode/install/px4_msgs/include/px4_msgs/px4_msgs/msg/detail/gimbal_device_information__type_support.hpp\n'}
[1.606803] (px4_msgs) StdoutLine: {'line': b'-- Up-to-date: /home/rudra/custom_flightmode/install/px4_msgs/include/px4_msgs/px4_msgs/msg/detail/qshell_req__builder.hpp\n'}
[1.606846] (px4_msgs) StdoutLine: {'line': b'-- Up-to-date: /home/rudra/custom_flightmode/install/px4_msgs/include/px4_msgs/px4_msgs/msg/detail/vehicle_imu_status__struct.hpp\n'}
[1.606887] (px4_msgs) StdoutLine: {'line': b'-- Up-to-date: /home/rudra/custom_flightmode/install/px4_msgs/include/px4_msgs/px4_msgs/msg/detail/cpuload__struct.hpp\n'}
[1.606928] (px4_msgs) StdoutLine: {'line': b'-- Up-to-date: /home/rudra/custom_flightmode/install/px4_msgs/include/px4_msgs/px4_msgs/msg/detail/orbit_status__struct.hpp\n'}
[1.606969] (px4_msgs) StdoutLine: {'line': b'-- Up-to-date: /home/rudra/custom_flightmode/install/px4_msgs/include/px4_msgs/px4_msgs/msg/detail/sensor_combined__traits.hpp\n'}
[1.607011] (px4_msgs) StdoutLine: {'line': b'-- Up-to-date: /home/rudra/custom_flightmode/install/px4_msgs/include/px4_msgs/px4_msgs/msg/detail/fixed_wing_runway_control__struct.hpp\n'}
[1.607051] (px4_msgs) StdoutLine: {'line': b'-- Up-to-date: /home/rudra/custom_flightmode/install/px4_msgs/include/px4_msgs/px4_msgs/msg/detail/estimator_aid_source3d__builder.hpp\n'}
[1.607092] (px4_msgs) StdoutLine: {'line': b'-- Up-to-date: /home/rudra/custom_flightmode/install/px4_msgs/include/px4_msgs/px4_msgs/msg/detail/qshell_retval__traits.hpp\n'}
[1.607132] (px4_msgs) StdoutLine: {'line': b'-- Up-to-date: /home/rudra/custom_flightmode/install/px4_msgs/include/px4_msgs/px4_msgs/msg/detail/estimator_fusion_control__struct.hpp\n'}
[1.607172] (px4_msgs) StdoutLine: {'line': b'-- Up-to-date: /home/rudra/custom_flightmode/install/px4_msgs/include/px4_msgs/px4_msgs/msg/detail/rtl_time_estimate__traits.hpp\n'}
[1.607221] (px4_msgs) StdoutLine: {'line': b'-- Up-to-date: /home/rudra/custom_flightmode/install/px4_msgs/include/px4_msgs/px4_msgs/msg/detail/led_control__struct.hpp\n'}
[1.607267] (px4_msgs) StdoutLine: {'line': b'-- Up-to-date: /home/rudra/custom_flightmode/install/px4_msgs/include/px4_msgs/px4_msgs/msg/detail/sensors_status_imu__type_support.hpp\n'}
[1.607308] (px4_msgs) StdoutLine: {'line': b'-- Up-to-date: /home/rudra/custom_flightmode/install/px4_msgs/include/px4_msgs/px4_msgs/msg/detail/esc_report__traits.hpp\n'}
[1.607348] (px4_msgs) StdoutLine: {'line': b'-- Up-to-date: /home/rudra/custom_flightmode/install/px4_msgs/include/px4_msgs/px4_msgs/msg/detail/cpuload__traits.hpp\n'}
[1.607390] (px4_msgs) StdoutLine: {'line': b'-- Up-to-date: /home/rudra/custom_flightmode/install/px4_msgs/include/px4_msgs/px4_msgs/msg/detail/open_drone_id_operator_id__struct.hpp\n'}
[1.607433] (px4_msgs) StdoutLine: {'line': b'-- Up-to-date: /home/rudra/custom_flightmode/install/px4_msgs/include/px4_msgs/px4_msgs/msg/detail/magnetometer_bias_estimate__traits.hpp\n'}
[1.607480] (px4_msgs) StdoutLine: {'line': b'-- Up-to-date: /home/rudra/custom_flightmode/install/px4_msgs/include/px4_msgs/px4_msgs/msg/detail/ranging_beacon__traits.hpp\n'}
[1.607530] (px4_msgs) StdoutLine: {'line': b'-- Up-to-date: /home/rudra/custom_flightmode/install/px4_msgs/include/px4_msgs/px4_msgs/msg/detail/follow_target_status__type_support.hpp\n'}
[1.607572] (px4_msgs) StdoutLine: {'line': b'-- Up-to-date: /home/rudra/custom_flightmode/install/px4_msgs/include/px4_msgs/px4_msgs/msg/detail/heater_status__builder.hpp\n'}
[1.607613] (px4_msgs) StdoutLine: {'line': b'-- Up-to-date: /home/rudra/custom_flightmode/install/px4_msgs/include/px4_msgs/px4_msgs/msg/detail/rtl_status__builder.hpp\n'}
[1.607653] (px4_msgs) StdoutLine: {'line': b'-- Up-to-date: /home/rudra/custom_flightmode/install/px4_msgs/include/px4_msgs/px4_msgs/msg/detail/distance_sensor__builder.hpp\n'}
[1.607693] (px4_msgs) StdoutLine: {'line': b'-- Up-to-date: /home/rudra/custom_flightmode/install/px4_msgs/include/px4_msgs/px4_msgs/msg/detail/actuator_test__traits.hpp\n'}
[1.607733] (px4_msgs) StdoutLine: {'line': b'-- Up-to-date: /home/rudra/custom_flightmode/install/px4_msgs/include/px4_msgs/px4_msgs/msg/detail/power_button_state__traits.hpp\n'}
[1.607777] (px4_msgs) StdoutLine: {'line': b'-- Up-to-date: /home/rudra/custom_flightmode/install/px4_msgs/include/px4_msgs/px4_msgs/msg/detail/rover_speed_setpoint__struct.hpp\n'}
[1.607818] (px4_msgs) StdoutLine: {'line': b'-- Up-to-date: /home/rudra/custom_flightmode/install/px4_msgs/include/px4_msgs/px4_msgs/msg/detail/mavlink_tunnel__builder.hpp\n'}
[1.607858] (px4_msgs) StdoutLine: {'line': b'-- Up-to-date: /home/rudra/custom_flightmode/install/px4_msgs/include/px4_msgs/px4_msgs/msg/detail/vte_input__struct.hpp\n'}
[1.607898] (px4_msgs) StdoutLine: {'line': b'-- Up-to-date: /home/rudra/custom_flightmode/install/px4_msgs/include/px4_msgs/px4_msgs/msg/detail/mount_orientation__type_support.hpp\n'}
[1.607939] (px4_msgs) StdoutLine: {'line': b'-- Up-to-date: /home/rudra/custom_flightmode/install/px4_msgs/include/px4_msgs/px4_msgs/msg/detail/gain_compression__struct.hpp\n'}
[1.607980] (px4_msgs) StdoutLine: {'line': b'-- Up-to-date: /home/rudra/custom_flightmode/install/px4_msgs/include/px4_msgs/px4_msgs/msg/detail/sensor_gnss_relative__builder.hpp\n'}
[1.608021] (px4_msgs) StdoutLine: {'line': b'-- Up-to-date: /home/rudra/custom_flightmode/install/px4_msgs/include/px4_msgs/px4_msgs/msg/detail/estimator_states__struct.hpp\n'}
[1.608064] (px4_msgs) StdoutLine: {'line': b'-- Up-to-date: /home/rudra/custom_flightmode/install/px4_msgs/include/px4_msgs/px4_msgs/msg/detail/collision_constraints__builder.hpp\n'}
[1.608121] (px4_msgs) StdoutLine: {'line': b'-- Up-to-date: /home/rudra/custom_flightmode/install/px4_msgs/include/px4_msgs/px4_msgs/msg/detail/geofence_result__type_support.hpp\n'}
[1.608187] (px4_msgs) StdoutLine: {'line': b'-- Up-to-date: /home/rudra/custom_flightmode/install/px4_msgs/include/px4_msgs/px4_msgs/msg/detail/position_controller_landing_status__type_support.hpp\n'}
[1.608253] (px4_msgs) StdoutLine: {'line': b'-- Up-to-date: /home/rudra/custom_flightmode/install/px4_msgs/include/px4_msgs/px4_msgs/msg/detail/debug_array__builder.hpp\n'}
[1.608329] (px4_msgs) StdoutLine: {'line': b'-- Up-to-date: /home/rudra/custom_flightmode/install/px4_msgs/include/px4_msgs/px4_msgs/msg/detail/register_ext_component_request__type_support.hpp\n'}
[1.608376] (px4_msgs) StdoutLine: {'line': b'-- Up-to-date: /home/rudra/custom_flightmode/install/px4_msgs/include/px4_msgs/px4_msgs/msg/detail/vehicle_status__traits.hpp\n'}
[1.608418] (px4_msgs) StdoutLine: {'line': b'-- Up-to-date: /home/rudra/custom_flightmode/install/px4_msgs/include/px4_msgs/px4_msgs/msg/detail/gpio_request__traits.hpp\n'}
[1.608459] (px4_msgs) StdoutLine: {'line': b'-- Up-to-date: /home/rudra/custom_flightmode/install/px4_msgs/include/px4_msgs/px4_msgs/msg/detail/estimator_status_flags__type_support.hpp\n'}
[1.608559] (px4_msgs) StdoutLine: {'line': b'-- Up-to-date: /home/rudra/custom_flightmode/install/px4_msgs/include/px4_msgs/px4_msgs/msg/detail/vte_position__traits.hpp\n'}
[1.608639] (px4_msgs) StdoutLine: {'line': b'-- Up-to-date: /home/rudra/custom_flightmode/install/px4_msgs/include/px4_msgs/px4_msgs/msg/detail/vehicle_global_position__struct.hpp\n'}
[1.608713] (px4_msgs) StdoutLine: {'line': b'-- Up-to-date: /home/rudra/custom_flightmode/install/px4_msgs/include/px4_msgs/px4_msgs/msg/detail/config_overrides__builder.hpp\n'}
[1.608779] (px4_msgs) StdoutLine: {'line': b'-- Up-to-date: /home/rudra/custom_flightmode/install/px4_msgs/include/px4_msgs/px4_msgs/msg/detail/vehicle_optical_flow__type_support.hpp\n'}
[1.608861] (px4_msgs) StdoutLine: {'line': b'-- Up-to-date: /home/rudra/custom_flightmode/install/px4_msgs/include/px4_msgs/px4_msgs/msg/detail/collision_constraints__type_support.hpp\n'}
[1.608925] (px4_msgs) StdoutLine: {'line': b'-- Up-to-date: /home/rudra/custom_flightmode/install/px4_msgs/include/px4_msgs/px4_msgs/msg/detail/trajectory_setpoint__traits.hpp\n'}
[1.608985] (px4_msgs) StdoutLine: {'line': b'-- Up-to-date: /home/rudra/custom_flightmode/install/px4_msgs/include/px4_msgs/px4_msgs/msg/detail/rc_channels__traits.hpp\n'}
[1.609052] (px4_msgs) StdoutLine: {'line': b'-- Up-to-date: /home/rudra/custom_flightmode/install/px4_msgs/include/px4_msgs/px4_msgs/msg/detail/vehicle_constraints__struct.hpp\n'}
[1.609120] (px4_msgs) StdoutLine: {'line': b'-- Up-to-date: /home/rudra/custom_flightmode/install/px4_msgs/include/px4_msgs/px4_msgs/msg/detail/sensor_selection__struct.hpp\n'}
[1.609191] (px4_msgs) StdoutLine: {'line': b'-- Up-to-date: /home/rudra/custom_flightmode/install/px4_msgs/include/px4_msgs/px4_msgs/msg/detail/aux_global_position__struct.hpp\n'}
[1.609249] (px4_msgs) StdoutLine: {'line': b'-- Up-to-date: /home/rudra/custom_flightmode/install/px4_msgs/include/px4_msgs/px4_msgs/msg/detail/gimbal_controls__traits.hpp\n'}
[1.609301] (px4_msgs) StdoutLine: {'line': b'-- Up-to-date: /home/rudra/custom_flightmode/install/px4_msgs/include/px4_msgs/px4_msgs/msg/detail/vehicle_command__traits.hpp\n'}
[1.609372] (px4_msgs) StdoutLine: {'line': b'-- Up-to-date: /home/rudra/custom_flightmode/install/px4_msgs/include/px4_msgs/px4_msgs/msg/detail/fiducial_marker_pos_report__traits.hpp\n'}
[1.609450] (px4_msgs) StdoutLine: {'line': b'-- Up-to-date: /home/rudra/custom_flightmode/install/px4_msgs/include/px4_msgs/px4_msgs/msg/detail/generator_status__builder.hpp\n'}
[1.609553] (px4_msgs) StdoutLine: {'line': b'-- Up-to-date: /home/rudra/custom_flightmode/install/px4_msgs/include/px4_msgs/px4_msgs/msg/detail/internal_combustion_engine_status__builder.hpp\n'}
[1.609608] (px4_msgs) StdoutLine: {'line': b'-- Up-to-date: /home/rudra/custom_flightmode/install/px4_msgs/include/px4_msgs/px4_msgs/msg/detail/adc_report__builder.hpp\n'}
[1.609653] (px4_msgs) StdoutLine: {'line': b'-- Up-to-date: /home/rudra/custom_flightmode/install/px4_msgs/include/px4_msgs/px4_msgs/msg/detail/aux_global_position__builder.hpp\n'}
[1.609697] (px4_msgs) StdoutLine: {'line': b'-- Up-to-date: /home/rudra/custom_flightmode/install/px4_msgs/include/px4_msgs/px4_msgs/msg/detail/sensor_correction__type_support.hpp\n'}
[1.609744] (px4_msgs) StdoutLine: {'line': b'-- Up-to-date: /home/rudra/custom_flightmode/install/px4_msgs/include/px4_msgs/px4_msgs/msg/detail/message_format_response__struct.hpp\n'}
[1.609788] (px4_msgs) StdoutLine: {'line': b'-- Up-to-date: /home/rudra/custom_flightmode/install/px4_msgs/include/px4_msgs/px4_msgs/msg/detail/failure_injection__struct.hpp\n'}
[1.609833] (px4_msgs) StdoutLine: {'line': b'-- Up-to-date: /home/rudra/custom_flightmode/install/px4_msgs/include/px4_msgs/px4_msgs/msg/detail/flight_phase_estimation__type_support.hpp\n'}
[1.609875] (px4_msgs) StdoutLine: {'line': b'-- Up-to-date: /home/rudra/custom_flightmode/install/px4_msgs/include/px4_msgs/px4_msgs/msg/detail/failure_injection__builder.hpp\n'}
[1.609919] (px4_msgs) StdoutLine: {'line': b'-- Up-to-date: /home/rudra/custom_flightmode/install/px4_msgs/include/px4_msgs/px4_msgs/msg/detail/position_controller_status__traits.hpp\n'}
[1.609960] (px4_msgs) StdoutLine: {'line': b'-- Up-to-date: /home/rudra/custom_flightmode/install/px4_msgs/include/px4_msgs/px4_msgs/msg/detail/sensor_mag__type_support.hpp\n'}
[1.610019] (px4_msgs) StdoutLine: {'line': b'-- Up-to-date: /home/rudra/custom_flightmode/install/px4_msgs/include/px4_msgs/px4_msgs/msg/detail/adc_report__type_support.hpp\n'}
[1.610071] (px4_msgs) StdoutLine: {'line': b'-- Up-to-date: /home/rudra/custom_flightmode/install/px4_msgs/include/px4_msgs/px4_msgs/msg/detail/log_message__builder.hpp\n'}
[1.610113] (px4_msgs) StdoutLine: {'line': b'-- Up-to-date: /home/rudra/custom_flightmode/install/px4_msgs/include/px4_msgs/px4_msgs/msg/detail/vehicle_acceleration__builder.hpp\n'}
[1.610154] (px4_msgs) StdoutLine: {'line': b'-- Up-to-date: /home/rudra/custom_flightmode/install/px4_msgs/include/px4_msgs/px4_msgs/msg/detail/dataman_request__type_support.hpp\n'}
[1.610194] (px4_msgs) StdoutLine: {'line': b'-- Up-to-date: /home/rudra/custom_flightmode/install/px4_msgs/include/px4_msgs/px4_msgs/msg/detail/control_allocator_status__traits.hpp\n'}
[1.610235] (px4_msgs) StdoutLine: {'line': b'-- Up-to-date: /home/rudra/custom_flightmode/install/px4_msgs/include/px4_msgs/px4_msgs/msg/detail/input_rc__struct.hpp\n'}
[1.610275] (px4_msgs) StdoutLine: {'line': b'-- Up-to-date: /home/rudra/custom_flightmode/install/px4_msgs/include/px4_msgs/px4_msgs/msg/detail/sensor_correction__traits.hpp\n'}
[1.610316] (px4_msgs) StdoutLine: {'line': b'-- Up-to-date: /home/rudra/custom_flightmode/install/px4_msgs/include/px4_msgs/px4_msgs/msg/detail/timesync_status__type_support.hpp\n'}
[1.610356] (px4_msgs) StdoutLine: {'line': b'-- Up-to-date: /home/rudra/custom_flightmode/install/px4_msgs/include/px4_msgs/px4_msgs/msg/detail/rtl_status__struct.hpp\n'}
[1.610396] (px4_msgs) StdoutLine: {'line': b'-- Up-to-date: /home/rudra/custom_flightmode/install/px4_msgs/include/px4_msgs/px4_msgs/msg/detail/radio_status__struct.hpp\n'}
[1.610435] (px4_msgs) StdoutLine: {'line': b'-- Up-to-date: /home/rudra/custom_flightmode/install/px4_msgs/include/px4_msgs/px4_msgs/msg/detail/unregister_ext_component__type_support.hpp\n'}
[1.610503] (px4_msgs) StdoutLine: {'line': b'-- Up-to-date: /home/rudra/custom_flightmode/install/px4_msgs/include/px4_msgs/px4_msgs/msg/detail/internal_combustion_engine_status__struct.hpp\n'}
[1.610551] (px4_msgs) StdoutLine: {'line': b'-- Up-to-date: /home/rudra/custom_flightmode/install/px4_msgs/include/px4_msgs/px4_msgs/msg/detail/open_drone_id_system__traits.hpp\n'}
[1.610592] (px4_msgs) StdoutLine: {'line': b'-- Up-to-date: /home/rudra/custom_flightmode/install/px4_msgs/include/px4_msgs/px4_msgs/msg/detail/position_setpoint_triplet__type_support.hpp\n'}
[1.610633] (px4_msgs) StdoutLine: {'line': b'-- Up-to-date: /home/rudra/custom_flightmode/install/px4_msgs/include/px4_msgs/px4_msgs/msg/detail/actuator_controls_status__struct.hpp\n'}
[1.610674] (px4_msgs) StdoutLine: {'line': b'-- Up-to-date: /home/rudra/custom_flightmode/install/px4_msgs/include/px4_msgs/px4_msgs/msg/detail/lateral_control_configuration__builder.hpp\n'}
[1.610715] (px4_msgs) StdoutLine: {'line': b'-- Up-to-date: /home/rudra/custom_flightmode/install/px4_msgs/include/px4_msgs/px4_msgs/msg/detail/debug_value__traits.hpp\n'}
[1.610761] (px4_msgs) StdoutLine: {'line': b'-- Up-to-date: /home/rudra/custom_flightmode/install/px4_msgs/include/px4_msgs/px4_msgs/msg/detail/open_drone_id_arm_status__traits.hpp\n'}
[1.610802] (px4_msgs) StdoutLine: {'line': b'-- Up-to-date: /home/rudra/custom_flightmode/install/px4_msgs/include/px4_msgs/px4_msgs/msg/detail/mount_orientation__traits.hpp\n'}
[1.610846] (px4_msgs) StdoutLine: {'line': b'-- Up-to-date: /home/rudra/custom_flightmode/install/px4_msgs/include/px4_msgs/px4_msgs/msg/detail/gimbal_controls__builder.hpp\n'}
[1.610887] (px4_msgs) StdoutLine: {'line': b'-- Up-to-date: /home/rudra/custom_flightmode/install/px4_msgs/include/px4_msgs/px4_msgs/msg/detail/debug_value__builder.hpp\n'}
[1.610926] (px4_msgs) StdoutLine: {'line': b'-- Up-to-date: /home/rudra/custom_flightmode/install/px4_msgs/include/px4_msgs/px4_msgs/msg/detail/vehicle_local_position__struct.hpp\n'}
[1.610965] (px4_msgs) StdoutLine: {'line': b'-- Up-to-date: /home/rudra/custom_flightmode/install/px4_msgs/include/px4_msgs/px4_msgs/msg/detail/position_controller_landing_status__traits.hpp\n'}
[1.611004] (px4_msgs) StdoutLine: {'line': b'-- Up-to-date: /home/rudra/custom_flightmode/install/px4_msgs/include/px4_msgs/px4_msgs/msg/detail/open_drone_id_self_id__builder.hpp\n'}
[1.611043] (px4_msgs) StdoutLine: {'line': b'-- Up-to-date: /home/rudra/custom_flightmode/install/px4_msgs/include/px4_msgs/px4_msgs/msg/detail/rc_parameter_map__struct.hpp\n'}
[1.611082] (px4_msgs) StdoutLine: {'line': b'-- Up-to-date: /home/rudra/custom_flightmode/install/px4_msgs/include/px4_msgs/px4_msgs/msg/detail/rover_attitude_setpoint__type_support.hpp\n'}
[1.611121] (px4_msgs) StdoutLine: {'line': b'-- Up-to-date: /home/rudra/custom_flightmode/install/px4_msgs/include/px4_msgs/px4_msgs/msg/detail/launch_detection_status__struct.hpp\n'}
[1.611162] (px4_msgs) StdoutLine: {'line': b'-- Up-to-date: /home/rudra/custom_flightmode/install/px4_msgs/include/px4_msgs/px4_msgs/msg/detail/gain_compression__traits.hpp\n'}
[1.611202] (px4_msgs) StdoutLine: {'line': b'-- Up-to-date: /home/rudra/custom_flightmode/install/px4_msgs/include/px4_msgs/px4_msgs/msg/detail/esc_eeprom_write__struct.hpp\n'}
[1.611241] (px4_msgs) StdoutLine: {'line': b'-- Up-to-date: /home/rudra/custom_flightmode/install/px4_msgs/include/px4_msgs/px4_msgs/msg/detail/hover_thrust_estimate__type_support.hpp\n'}
[1.611281] (px4_msgs) StdoutLine: {'line': b'-- Up-to-date: /home/rudra/custom_flightmode/install/px4_msgs/include/px4_msgs/px4_msgs/msg/detail/follow_target_estimator__type_support.hpp\n'}
[1.611321] (px4_msgs) StdoutLine: {'line': b'-- Up-to-date: /home/rudra/custom_flightmode/install/px4_msgs/include/px4_msgs/px4_msgs/msg/detail/vtol_vehicle_status__builder.hpp\n'}
[1.611360] (px4_msgs) StdoutLine: {'line': b'-- Up-to-date: /home/rudra/custom_flightmode/install/px4_msgs/include/px4_msgs/px4_msgs/msg/detail/obstacle_distance__builder.hpp\n'}
[1.611398] (px4_msgs) StdoutLine: {'line': b'-- Up-to-date: /home/rudra/custom_flightmode/install/px4_msgs/include/px4_msgs/px4_msgs/msg/detail/register_ext_component_reply__struct.hpp\n'}
[1.611438] (px4_msgs) StdoutLine: {'line': b'-- Up-to-date: /home/rudra/custom_flightmode/install/px4_msgs/include/px4_msgs/px4_msgs/msg/detail/rover_position_setpoint__builder.hpp\n'}
[1.611486] (px4_msgs) StdoutLine: {'line': b'-- Up-to-date: /home/rudra/custom_flightmode/install/px4_msgs/include/px4_msgs/px4_msgs/msg/detail/sensor_mag__builder.hpp\n'}
[1.611534] (px4_msgs) StdoutLine: {'line': b'-- Up-to-date: /home/rudra/custom_flightmode/install/px4_msgs/include/px4_msgs/px4_msgs/msg/detail/pwm_input__type_support.hpp\n'}
[1.611576] (px4_msgs) StdoutLine: {'line': b'-- Up-to-date: /home/rudra/custom_flightmode/install/px4_msgs/include/px4_msgs/px4_msgs/msg/detail/sensor_gnss_status__type_support.hpp\n'}
[1.611616] (px4_msgs) StdoutLine: {'line': b'-- Up-to-date: /home/rudra/custom_flightmode/install/px4_msgs/include/px4_msgs/px4_msgs/msg/detail/ulog_stream_ack__type_support.hpp\n'}
[1.611657] (px4_msgs) StdoutLine: {'line': b'-- Up-to-date: /home/rudra/custom_flightmode/install/px4_msgs/include/px4_msgs/px4_msgs/msg/detail/launch_detection_status__type_support.hpp\n'}
[1.611701] (px4_msgs) StdoutLine: {'line': b'-- Up-to-date: /home/rudra/custom_flightmode/install/px4_msgs/include/px4_msgs/px4_msgs/msg/detail/vehicle_odometry__struct.hpp\n'}
[1.611749] (px4_msgs) StdoutLine: {'line': b'-- Up-to-date: /home/rudra/custom_flightmode/install/px4_msgs/include/px4_msgs/px4_msgs/msg/detail/actuator_servos__type_support.hpp\n'}
[1.611790] (px4_msgs) StdoutLine: {'line': b'-- Up-to-date: /home/rudra/custom_flightmode/install/px4_msgs/include/px4_msgs/px4_msgs/msg/detail/lateral_control_configuration__struct.hpp\n'}
[1.611833] (px4_msgs) StdoutLine: {'line': b'-- Up-to-date: /home/rudra/custom_flightmode/install/px4_msgs/include/px4_msgs/px4_msgs/msg/detail/actuator_outputs__builder.hpp\n'}
[1.611873] (px4_msgs) StdoutLine: {'line': b'-- Up-to-date: /home/rudra/custom_flightmode/install/px4_msgs/include/px4_msgs/px4_msgs/msg/detail/gimbal_manager_information__traits.hpp\n'}
[1.611924] (px4_msgs) StdoutLine: {'line': b'-- Up-to-date: /home/rudra/custom_flightmode/install/px4_msgs/include/px4_msgs/px4_msgs/msg/detail/gripper__traits.hpp\n'}
[1.612004] (px4_msgs) StdoutLine: {'line': b'-- Up-to-date: /home/rudra/custom_flightmode/install/px4_msgs/include/px4_msgs/px4_msgs/msg/detail/input_rc__type_support.hpp\n'}
[1.612071] (px4_msgs) StdoutLine: {'line': b'-- Up-to-date: /home/rudra/custom_flightmode/install/px4_msgs/include/px4_msgs/px4_msgs/msg/detail/esc_status__traits.hpp\n'}
[1.612138] (px4_msgs) StdoutLine: {'line': b'-- Up-to-date: /home/rudra/custom_flightmode/install/px4_msgs/include/px4_msgs/px4_msgs/msg/detail/manual_control_setpoint__struct.hpp\n'}
[1.612198] (px4_msgs) StdoutLine: {'line': b'-- Up-to-date: /home/rudra/custom_flightmode/install/px4_msgs/include/px4_msgs/px4_msgs/msg/detail/gimbal_manager_set_attitude__type_support.hpp\n'}
[1.612256] (px4_msgs) StdoutLine: {'line': b'-- Up-to-date: /home/rudra/custom_flightmode/install/px4_msgs/include/px4_msgs/px4_msgs/msg/detail/internal_combustion_engine_status__traits.hpp\n'}
[1.612313] (px4_msgs) StdoutLine: {'line': b'-- Up-to-date: /home/rudra/custom_flightmode/install/px4_msgs/include/px4_msgs/px4_msgs/msg/detail/orb_test__struct.hpp\n'}
[1.612368] (px4_msgs) StdoutLine: {'line': b'-- Up-to-date: /home/rudra/custom_flightmode/install/px4_msgs/include/px4_msgs/px4_msgs/msg/detail/parameter_set_value_request__type_support.hpp\n'}
[1.612424] (px4_msgs) StdoutLine: {'line': b'-- Up-to-date: /home/rudra/custom_flightmode/install/px4_msgs/include/px4_msgs/px4_msgs/msg/detail/vehicle_land_detected__type_support.hpp\n'}
[1.612498] (px4_msgs) StdoutLine: {'line': b'-- Up-to-date: /home/rudra/custom_flightmode/install/px4_msgs/include/px4_msgs/px4_msgs/msg/detail/neural_control__type_support.hpp\n'}
[1.612567] (px4_msgs) StdoutLine: {'line': b'-- Up-to-date: /home/rudra/custom_flightmode/install/px4_msgs/include/px4_msgs/px4_msgs/msg/detail/radio_status__type_support.hpp\n'}
[1.612625] (px4_msgs) StdoutLine: {'line': b'-- Up-to-date: /home/rudra/custom_flightmode/install/px4_msgs/include/px4_msgs/px4_msgs/msg/detail/rate_ctrl_status__builder.hpp\n'}
[1.612683] (px4_msgs) StdoutLine: {'line': b'-- Up-to-date: /home/rudra/custom_flightmode/install/px4_msgs/include/px4_msgs/px4_msgs/msg/detail/irlock_report__type_support.hpp\n'}
[1.612741] (px4_msgs) StdoutLine: {'line': b'-- Up-to-date: /home/rudra/custom_flightmode/install/px4_msgs/include/px4_msgs/px4_msgs/msg/detail/gpio_out__traits.hpp\n'}
[1.612802] (px4_msgs) StdoutLine: {'line': b'-- Up-to-date: /home/rudra/custom_flightmode/install/px4_msgs/include/px4_msgs/px4_msgs/msg/detail/home_position__type_support.hpp\n'}
[1.612860] (px4_msgs) StdoutLine: {'line': b'-- Up-to-date: /home/rudra/custom_flightmode/install/px4_msgs/include/px4_msgs/px4_msgs/msg/detail/onboard_computer_status__type_support.hpp\n'}
[1.612918] (px4_msgs) StdoutLine: {'line': b'-- Up-to-date: /home/rudra/custom_flightmode/install/px4_msgs/include/px4_msgs/px4_msgs/msg/detail/navigator_mission_item__builder.hpp\n'}
[1.612986] (px4_msgs) StdoutLine: {'line': b'-- Up-to-date: /home/rudra/custom_flightmode/install/px4_msgs/include/px4_msgs/px4_msgs/msg/detail/vehicle_optical_flow__struct.hpp\n'}
[1.613045] (px4_msgs) StdoutLine: {'line': b'-- Up-to-date: /home/rudra/custom_flightmode/install/px4_msgs/include/px4_msgs/px4_msgs/msg/detail/distance_sensor_mode_change_request__type_support.hpp\n'}
[1.613101] (px4_msgs) StdoutLine: {'line': b'-- Up-to-date: /home/rudra/custom_flightmode/install/px4_msgs/include/px4_msgs/px4_msgs/msg/detail/estimator_bias__type_support.hpp\n'}
[1.613158] (px4_msgs) StdoutLine: {'line': b'-- Up-to-date: /home/rudra/custom_flightmode/install/px4_msgs/include/px4_msgs/px4_msgs/msg/detail/vte_bias_init_status__builder.hpp\n'}
[1.613213] (px4_msgs) StdoutLine: {'line': b'-- Up-to-date: /home/rudra/custom_flightmode/install/px4_msgs/include/px4_msgs/px4_msgs/msg/detail/parameter_set_value_response__builder.hpp\n'}
[1.613269] (px4_msgs) StdoutLine: {'line': b'-- Up-to-date: /home/rudra/custom_flightmode/install/px4_msgs/include/px4_msgs/px4_msgs/msg/detail/open_drone_id_basic_id__traits.hpp\n'}
[1.613324] (px4_msgs) StdoutLine: {'line': b'-- Up-to-date: /home/rudra/custom_flightmode/install/px4_msgs/include/px4_msgs/px4_msgs/msg/detail/config_overrides__type_support.hpp\n'}
[1.613379] (px4_msgs) StdoutLine: {'line': b'-- Up-to-date: /home/rudra/custom_flightmode/install/px4_msgs/include/px4_msgs/px4_msgs/msg/detail/vehicle_angular_velocity__traits.hpp\n'}
[1.613434] (px4_msgs) StdoutLine: {'line': b'-- Up-to-date: /home/rudra/custom_flightmode/install/px4_msgs/include/px4_msgs/px4_msgs/msg/detail/camera_capture__traits.hpp\n'}
[1.613505] (px4_msgs) StdoutLine: {'line': b'-- Up-to-date: /home/rudra/custom_flightmode/install/px4_msgs/include/px4_msgs/px4_msgs/msg/detail/vehicle_optical_flow_vel__type_support.hpp\n'}
[1.613599] (px4_msgs) StdoutLine: {'line': b'-- Up-to-date: /home/rudra/custom_flightmode/install/px4_msgs/include/px4_msgs/px4_msgs/msg/detail/estimator_selector_status__builder.hpp\n'}
[1.613671] (px4_msgs) StdoutLine: {'line': b'-- Up-to-date: /home/rudra/custom_flightmode/install/px4_msgs/include/px4_msgs/px4_msgs/msg/detail/task_stack_info__type_support.hpp\n'}
[1.613743] (px4_msgs) StdoutLine: {'line': b'-- Up-to-date: /home/rudra/custom_flightmode/install/px4_msgs/include/px4_msgs/px4_msgs/msg/detail/pure_pursuit_status__builder.hpp\n'}
[1.613833] (px4_msgs) StdoutLine: {'line': b'-- Up-to-date: /home/rudra/custom_flightmode/install/px4_msgs/include/px4_msgs/px4_msgs/msg/detail/health_report__type_support.hpp\n'}
[1.613900] (px4_msgs) StdoutLine: {'line': b'-- Up-to-date: /home/rudra/custom_flightmode/install/px4_msgs/include/px4_msgs/px4_msgs/msg/detail/sensor_uwb__struct.hpp\n'}
[1.613970] (px4_msgs) StdoutLine: {'line': b'-- Up-to-date: /home/rudra/custom_flightmode/install/px4_msgs/include/px4_msgs/px4_msgs/msg/detail/differential_pressure__struct.hpp\n'}
[1.614035] (px4_msgs) StdoutLine: {'line': b'-- Up-to-date: /home/rudra/custom_flightmode/install/px4_msgs/include/px4_msgs/px4_msgs/msg/detail/estimator_aid_source3d__traits.hpp\n'}
[1.614096] (px4_msgs) StdoutLine: {'line': b'-- Up-to-date: /home/rudra/custom_flightmode/install/px4_msgs/include/px4_msgs/px4_msgs/msg/detail/actuator_motors__traits.hpp\n'}
[1.614156] (px4_msgs) StdoutLine: {'line': b'-- Up-to-date: /home/rudra/custom_flightmode/install/px4_msgs/include/px4_msgs/px4_msgs/msg/detail/vehicle_thrust_setpoint__struct.hpp\n'}
[1.614215] (px4_msgs) StdoutLine: {'line': b'-- Up-to-date: /home/rudra/custom_flightmode/install/px4_msgs/include/px4_msgs/px4_msgs/msg/detail/estimator_event_flags__struct.hpp\n'}
[1.614277] (px4_msgs) StdoutLine: {'line': b'-- Up-to-date: /home/rudra/custom_flightmode/install/px4_msgs/include/px4_msgs/px4_msgs/msg/detail/vehicle_local_position_setpoint__traits.hpp\n'}
[1.614337] (px4_msgs) StdoutLine: {'line': b'-- Up-to-date: /home/rudra/custom_flightmode/install/px4_msgs/include/px4_msgs/px4_msgs/msg/detail/log_message__struct.hpp\n'}
[1.614405] (px4_msgs) StdoutLine: {'line': b'-- Up-to-date: /home/rudra/custom_flightmode/install/px4_msgs/include/px4_msgs/px4_msgs/msg/detail/sensor_selection__builder.hpp\n'}
[1.614476] (px4_msgs) StdoutLine: {'line': b'-- Up-to-date: /home/rudra/custom_flightmode/install/px4_msgs/include/px4_msgs/px4_msgs/msg/detail/open_drone_id_self_id__struct.hpp\n'}
[1.614549] (px4_msgs) StdoutLine: {'line': b'-- Up-to-date: /home/rudra/custom_flightmode/install/px4_msgs/include/px4_msgs/px4_msgs/msg/detail/sensor_gps__struct.hpp\n'}
[1.614612] (px4_msgs) StdoutLine: {'line': b'-- Up-to-date: /home/rudra/custom_flightmode/install/px4_msgs/include/px4_msgs/px4_msgs/msg/detail/mode_completed__builder.hpp\n'}
[1.614671] (px4_msgs) StdoutLine: {'line': b'-- Up-to-date: /home/rudra/custom_flightmode/install/px4_msgs/include/px4_msgs/px4_msgs/msg/detail/control_allocator_status__builder.hpp\n'}
[1.614733] (px4_msgs) StdoutLine: {'line': b'-- Up-to-date: /home/rudra/custom_flightmode/install/px4_msgs/include/px4_msgs/px4_msgs/msg/detail/vehicle_local_position_setpoint__builder.hpp\n'}
[1.614795] (px4_msgs) StdoutLine: {'line': b'-- Up-to-date: /home/rudra/custom_flightmode/install/px4_msgs/include/px4_msgs/px4_msgs/msg/detail/vtol_vehicle_status__traits.hpp\n'}
[1.614860] (px4_msgs) StdoutLine: {'line': b'-- Up-to-date: /home/rudra/custom_flightmode/install/px4_msgs/include/px4_msgs/px4_msgs/msg/detail/vehicle_optical_flow__builder.hpp\n'}
[1.614918] (px4_msgs) StdoutLine: {'line': b'-- Up-to-date: /home/rudra/custom_flightmode/install/px4_msgs/include/px4_msgs/px4_msgs/msg/detail/mission__struct.hpp\n'}
[1.614977] (px4_msgs) StdoutLine: {'line': b'-- Up-to-date: /home/rudra/custom_flightmode/install/px4_msgs/include/px4_msgs/px4_msgs/msg/detail/fixed_wing_lateral_status__type_support.hpp\n'}
[1.615034] (px4_msgs) StdoutLine: {'line': b'-- Up-to-date: /home/rudra/custom_flightmode/install/px4_msgs/include/px4_msgs/px4_msgs/msg/detail/rover_rate_status__type_support.hpp\n'}
[1.615093] (px4_msgs) StdoutLine: {'line': b'-- Up-to-date: /home/rudra/custom_flightmode/install/px4_msgs/include/px4_msgs/px4_msgs/msg/detail/gimbal_manager_set_manual_control__type_support.hpp\n'}
[1.615154] (px4_msgs) StdoutLine: {'line': b'-- Up-to-date: /home/rudra/custom_flightmode/install/px4_msgs/include/px4_msgs/px4_msgs/msg/detail/orbit_status__builder.hpp\n'}
[1.615213] (px4_msgs) StdoutLine: {'line': b'-- Up-to-date: /home/rudra/custom_flightmode/install/px4_msgs/include/px4_msgs/px4_msgs/msg/detail/vehicle_attitude_setpoint__type_support.hpp\n'}
[1.615274] (px4_msgs) StdoutLine: {'line': b'-- Up-to-date: /home/rudra/custom_flightmode/install/px4_msgs/include/px4_msgs/px4_msgs/msg/detail/camera_trigger__traits.hpp\n'}
[1.615333] (px4_msgs) StdoutLine: {'line': b'-- Up-to-date: /home/rudra/custom_flightmode/install/px4_msgs/include/px4_msgs/px4_msgs/msg/detail/camera_status__builder.hpp\n'}
[1.615393] (px4_msgs) StdoutLine: {'line': b'-- Up-to-date: /home/rudra/custom_flightmode/install/px4_msgs/include/px4_msgs/px4_msgs/msg/detail/open_drone_id_system__struct.hpp\n'}
[1.615453] (px4_msgs) StdoutLine: {'line': b'-- Up-to-date: /home/rudra/custom_flightmode/install/px4_msgs/include/px4_msgs/px4_msgs/msg/detail/velocity_limits__struct.hpp\n'}
[1.615529] (px4_msgs) StdoutLine: {'line': b'-- Up-to-date: /home/rudra/custom_flightmode/install/px4_msgs/include/px4_msgs/px4_msgs/msg/detail/iridiumsbd_status__traits.hpp\n'}
[1.615606] (px4_msgs) StdoutLine: {'line': b'-- Up-to-date: /home/rudra/custom_flightmode/install/px4_msgs/include/px4_msgs/px4_msgs/msg/detail/open_drone_id_self_id__traits.hpp\n'}
[1.615668] (px4_msgs) StdoutLine: {'line': b'-- Up-to-date: /home/rudra/custom_flightmode/install/px4_msgs/include/px4_msgs/px4_msgs/msg/detail/rover_rate_status__struct.hpp\n'}
[1.615730] (px4_msgs) StdoutLine: {'line': b'-- Up-to-date: /home/rudra/custom_flightmode/install/px4_msgs/include/px4_msgs/px4_msgs/msg/detail/goto_setpoint__traits.hpp\n'}
[1.615798] (px4_msgs) StdoutLine: {'line': b'-- Up-to-date: /home/rudra/custom_flightmode/install/px4_msgs/include/px4_msgs/px4_msgs/msg/detail/landing_target_pose__builder.hpp\n'}
[1.615865] (px4_msgs) StdoutLine: {'line': b'-- Up-to-date: /home/rudra/custom_flightmode/install/px4_msgs/include/px4_msgs/px4_msgs/msg/detail/rover_position_setpoint__type_support.hpp\n'}
[1.615924] (px4_msgs) StdoutLine: {'line': b'-- Up-to-date: /home/rudra/custom_flightmode/install/px4_msgs/include/px4_msgs/px4_msgs/msg/detail/open_drone_id_basic_id__type_support.hpp\n'}
[1.615984] (px4_msgs) StdoutLine: {'line': b'-- Up-to-date: /home/rudra/custom_flightmode/install/px4_msgs/include/px4_msgs/px4_msgs/msg/detail/geofence_status__builder.hpp\n'}
[1.616044] (px4_msgs) StdoutLine: {'line': b'-- Up-to-date: /home/rudra/custom_flightmode/install/px4_msgs/include/px4_msgs/px4_msgs/msg/detail/action_request__struct.hpp\n'}
[1.616102] (px4_msgs) StdoutLine: {'line': b'-- Up-to-date: /home/rudra/custom_flightmode/install/px4_msgs/include/px4_msgs/px4_msgs/msg/detail/rover_attitude_setpoint__struct.hpp\n'}
[1.616159] (px4_msgs) StdoutLine: {'line': b'-- Up-to-date: /home/rudra/custom_flightmode/install/px4_msgs/include/px4_msgs/px4_msgs/msg/detail/rover_speed_setpoint__type_support.hpp\n'}
[1.616217] (px4_msgs) StdoutLine: {'line': b'-- Up-to-date: /home/rudra/custom_flightmode/install/px4_msgs/include/px4_msgs/px4_msgs/msg/detail/rc_parameter_map__builder.hpp\n'}
[1.616276] (px4_msgs) StdoutLine: {'line': b'-- Up-to-date: /home/rudra/custom_flightmode/install/px4_msgs/include/px4_msgs/px4_msgs/msg/detail/figure_eight_status__struct.hpp\n'}
[1.616334] (px4_msgs) StdoutLine: {'line': b'-- Up-to-date: /home/rudra/custom_flightmode/install/px4_msgs/include/px4_msgs/px4_msgs/msg/detail/launch_detection_status__traits.hpp\n'}
[1.616392] (px4_msgs) StdoutLine: {'line': b'-- Up-to-date: /home/rudra/custom_flightmode/install/px4_msgs/include/px4_msgs/px4_msgs/msg/detail/sensor_accel__type_support.hpp\n'}
[1.616451] (px4_msgs) StdoutLine: {'line': b'-- Up-to-date: /home/rudra/custom_flightmode/install/px4_msgs/include/px4_msgs/px4_msgs/msg/detail/hover_thrust_estimate__builder.hpp\n'}
[1.616528] (px4_msgs) StdoutLine: {'line': b'-- Up-to-date: /home/rudra/custom_flightmode/install/px4_msgs/include/px4_msgs/px4_msgs/msg/detail/gpio_request__struct.hpp\n'}
[1.616592] (px4_msgs) StdoutLine: {'line': b'-- Up-to-date: /home/rudra/custom_flightmode/install/px4_msgs/include/px4_msgs/px4_msgs/msg/detail/sensor_preflight_mag__traits.hpp\n'}
[1.616651] (px4_msgs) StdoutLine: {'line': b'-- Up-to-date: /home/rudra/custom_flightmode/install/px4_msgs/include/px4_msgs/px4_msgs/msg/detail/fiducial_marker_yaw_report__type_support.hpp\n'}
[1.616712] (px4_msgs) StdoutLine: {'line': b'-- Up-to-date: /home/rudra/custom_flightmode/install/px4_msgs/include/px4_msgs/px4_msgs/msg/detail/detect_and_avoid__type_support.hpp\n'}
[1.616769] (px4_msgs) StdoutLine: {'line': b'-- Up-to-date: /home/rudra/custom_flightmode/install/px4_msgs/include/px4_msgs/px4_msgs/msg/detail/open_drone_id_arm_status__struct.hpp\n'}
[1.616826] (px4_msgs) StdoutLine: {'line': b'-- Up-to-date: /home/rudra/custom_flightmode/install/px4_msgs/include/px4_msgs/px4_msgs/msg/detail/px4io_status__struct.hpp\n'}
[1.616885] (px4_msgs) StdoutLine: {'line': b'-- Up-to-date: /home/rudra/custom_flightmode/install/px4_msgs/include/px4_msgs/px4_msgs/msg/detail/estimator_status_flags__builder.hpp\n'}
[1.616943] (px4_msgs) StdoutLine: {'line': b'-- Up-to-date: /home/rudra/custom_flightmode/install/px4_msgs/include/px4_msgs/px4_msgs/msg/detail/position_controller_status__struct.hpp\n'}
[1.617001] (px4_msgs) StdoutLine: {'line': b'-- Up-to-date: /home/rudra/custom_flightmode/install/px4_msgs/include/px4_msgs/px4_msgs/msg/detail/estimator_aid_source2d__builder.hpp\n'}
[1.617057] (px4_msgs) StdoutLine: {'line': b'-- Up-to-date: /home/rudra/custom_flightmode/install/px4_msgs/include/px4_msgs/px4_msgs/msg/detail/esc_report__type_support.hpp\n'}
[1.617116] (px4_msgs) StdoutLine: {'line': b'-- Up-to-date: /home/rudra/custom_flightmode/install/px4_msgs/include/px4_msgs/px4_msgs/msg/detail/detect_and_avoid_most_urgent__traits.hpp\n'}
[1.617172] (px4_msgs) StdoutLine: {'line': b'-- Up-to-date: /home/rudra/custom_flightmode/install/px4_msgs/include/px4_msgs/px4_msgs/msg/detail/position_setpoint_triplet__builder.hpp\n'}
[1.617242] (px4_msgs) StdoutLine: {'line': b'-- Up-to-date: /home/rudra/custom_flightmode/install/px4_msgs/include/px4_msgs/px4_msgs/msg/detail/airspeed__type_support.hpp\n'}
[1.617300] (px4_msgs) StdoutLine: {'line': b'-- Up-to-date: /home/rudra/custom_flightmode/install/px4_msgs/include/px4_msgs/px4_msgs/msg/detail/parameter_set_used_request__struct.hpp\n'}
[1.617360] (px4_msgs) StdoutLine: {'line': b'-- Up-to-date: /home/rudra/custom_flightmode/install/px4_msgs/include/px4_msgs/px4_msgs/msg/detail/estimator_bias3d__struct.hpp\n'}
[1.617420] (px4_msgs) StdoutLine: {'line': b'-- Up-to-date: /home/rudra/custom_flightmode/install/px4_msgs/include/px4_msgs/px4_msgs/msg/detail/aux_global_position__type_support.hpp\n'}
[1.617510] (px4_msgs) StdoutLine: {'line': b'-- Up-to-date: /home/rudra/custom_flightmode/install/px4_msgs/include/px4_msgs/px4_msgs/msg/detail/gripper__struct.hpp\n'}
[1.617579] (px4_msgs) StdoutLine: {'line': b'-- Up-to-date: /home/rudra/custom_flightmode/install/px4_msgs/include/px4_msgs/px4_msgs/msg/detail/register_ext_component_reply__builder.hpp\n'}
[1.617638] (px4_msgs) StdoutLine: {'line': b'-- Up-to-date: /home/rudra/custom_flightmode/install/px4_msgs/include/px4_msgs/px4_msgs/msg/detail/sensor_gyro__type_support.hpp\n'}
[1.617696] (px4_msgs) StdoutLine: {'line': b'-- Up-to-date: /home/rudra/custom_flightmode/install/px4_msgs/include/px4_msgs/px4_msgs/msg/detail/pure_pursuit_status__type_support.hpp\n'}
[1.617753] (px4_msgs) StdoutLine: {'line': b'-- Up-to-date: /home/rudra/custom_flightmode/install/px4_msgs/include/px4_msgs/px4_msgs/msg/detail/button_event__traits.hpp\n'}
[1.617811] (px4_msgs) StdoutLine: {'line': b'-- Up-to-date: /home/rudra/custom_flightmode/install/px4_msgs/include/px4_msgs/px4_msgs/msg/detail/cellular_status__type_support.hpp\n'}
[1.617869] (px4_msgs) StdoutLine: {'line': b'-- Up-to-date: /home/rudra/custom_flightmode/install/px4_msgs/include/px4_msgs/px4_msgs/msg/detail/trajectory_setpoint6dof__traits.hpp\n'}
[1.617929] (px4_msgs) StdoutLine: {'line': b'-- Up-to-date: /home/rudra/custom_flightmode/install/px4_msgs/include/px4_msgs/px4_msgs/msg/detail/gpio_config__type_support.hpp\n'}
[1.617986] (px4_msgs) StdoutLine: {'line': b'-- Up-to-date: /home/rudra/custom_flightmode/install/px4_msgs/include/px4_msgs/px4_msgs/msg/detail/detect_and_avoid__builder.hpp\n'}
[1.618043] (px4_msgs) StdoutLine: {'line': b'-- Up-to-date: /home/rudra/custom_flightmode/install/px4_msgs/include/px4_msgs/px4_msgs/msg/detail/vehicle_control_mode__builder.hpp\n'}
[1.618102] (px4_msgs) StdoutLine: {'line': b'-- Up-to-date: /home/rudra/custom_flightmode/install/px4_msgs/include/px4_msgs/px4_msgs/msg/detail/gimbal_device_attitude_status__builder.hpp\n'}
[1.618161] (px4_msgs) StdoutLine: {'line': b'-- Up-to-date: /home/rudra/custom_flightmode/install/px4_msgs/include/px4_msgs/px4_msgs/msg/detail/estimator_event_flags__builder.hpp\n'}
[1.618218] (px4_msgs) StdoutLine: {'line': b'-- Up-to-date: /home/rudra/custom_flightmode/install/px4_msgs/include/px4_msgs/px4_msgs/msg/detail/battery_status__struct.hpp\n'}
[1.618273] (px4_msgs) StdoutLine: {'line': b'-- Up-to-date: /home/rudra/custom_flightmode/install/px4_msgs/include/px4_msgs/px4_msgs/msg/detail/vehicle_imu_status__type_support.hpp\n'}
[1.618333] (px4_msgs) StdoutLine: {'line': b'-- Up-to-date: /home/rudra/custom_flightmode/install/px4_msgs/include/px4_msgs/px4_msgs/msg/detail/estimator_aid_source1d__traits.hpp\n'}
[1.618390] (px4_msgs) StdoutLine: {'line': b'-- Up-to-date: /home/rudra/custom_flightmode/install/px4_msgs/include/px4_msgs/px4_msgs/msg/detail/vehicle_status__builder.hpp\n'}
[1.618448] (px4_msgs) StdoutLine: {'line': b'-- Up-to-date: /home/rudra/custom_flightmode/install/px4_msgs/include/px4_msgs/px4_msgs/msg/detail/config_overrides__struct.hpp\n'}
[1.618545] (px4_msgs) StdoutLine: {'line': b'-- Up-to-date: /home/rudra/custom_flightmode/install/px4_msgs/include/px4_msgs/px4_msgs/msg/detail/estimator_aid_source2d__struct.hpp\n'}
[1.618628] (px4_msgs) StdoutLine: {'line': b'-- Up-to-date: /home/rudra/custom_flightmode/install/px4_msgs/include/px4_msgs/px4_msgs/msg/detail/vtx__traits.hpp\n'}
[1.618693] (px4_msgs) StdoutLine: {'line': b'-- Up-to-date: /home/rudra/custom_flightmode/install/px4_msgs/include/px4_msgs/px4_msgs/msg/detail/adc_report__struct.hpp\n'}
[1.618756] (px4_msgs) StdoutLine: {'line': b'-- Up-to-date: /home/rudra/custom_flightmode/install/px4_msgs/include/px4_msgs/px4_msgs/msg/detail/message_format_request__struct.hpp\n'}
[1.618833] (px4_msgs) StdoutLine: {'line': b'-- Up-to-date: /home/rudra/custom_flightmode/install/px4_msgs/include/px4_msgs/px4_msgs/msg/detail/sensors_status_imu__builder.hpp\n'}
[1.618912] (px4_msgs) StdoutLine: {'line': b'-- Up-to-date: /home/rudra/custom_flightmode/install/px4_msgs/include/px4_msgs/px4_msgs/msg/detail/navigator_status__type_support.hpp\n'}
[1.618980] (px4_msgs) StdoutLine: {'line': b'-- Up-to-date: /home/rudra/custom_flightmode/install/px4_msgs/include/px4_msgs/px4_msgs/msg/detail/sensors_status_imu__traits.hpp\n'}
[1.619043] (px4_msgs) StdoutLine: {'line': b'-- Up-to-date: /home/rudra/custom_flightmode/install/px4_msgs/include/px4_msgs/px4_msgs/msg/detail/airspeed_validated__struct.hpp\n'}
[1.619106] (px4_msgs) StdoutLine: {'line': b'-- Up-to-date: /home/rudra/custom_flightmode/install/px4_msgs/include/px4_msgs/px4_msgs/msg/detail/uavcan_parameter_value__struct.hpp\n'}
[1.619167] (px4_msgs) StdoutLine: {'line': b'-- Up-to-date: /home/rudra/custom_flightmode/install/px4_msgs/include/px4_msgs/px4_msgs/msg/detail/pps_capture__type_support.hpp\n'}
[1.619227] (px4_msgs) StdoutLine: {'line': b'-- Up-to-date: /home/rudra/custom_flightmode/install/px4_msgs/include/px4_msgs/px4_msgs/msg/detail/irlock_report__traits.hpp\n'}
[1.619288] (px4_msgs) StdoutLine: {'line': b'-- Up-to-date: /home/rudra/custom_flightmode/install/px4_msgs/include/px4_msgs/px4_msgs/msg/detail/ulog_stream__struct.hpp\n'}
[1.619346] (px4_msgs) StdoutLine: {'line': b'-- Up-to-date: /home/rudra/custom_flightmode/install/px4_msgs/include/px4_msgs/px4_msgs/msg/detail/gimbal_manager_information__builder.hpp\n'}
[1.619409] (px4_msgs) StdoutLine: {'line': b'-- Up-to-date: /home/rudra/custom_flightmode/install/px4_msgs/include/px4_msgs/px4_msgs/msg/detail/orb_test_medium__struct.hpp\n'}
[1.619491] (px4_msgs) StdoutLine: {'line': b'-- Up-to-date: /home/rudra/custom_flightmode/install/px4_msgs/include/px4_msgs/px4_msgs/msg/detail/estimator_bias3d__traits.hpp\n'}
[1.619561] (px4_msgs) StdoutLine: {'line': b'-- Up-to-date: /home/rudra/custom_flightmode/install/px4_msgs/include/px4_msgs/px4_msgs/msg/detail/rover_speed_status__traits.hpp\n'}
[1.619619] (px4_msgs) StdoutLine: {'line': b'-- Up-to-date: /home/rudra/custom_flightmode/install/px4_msgs/include/px4_msgs/px4_msgs/msg/detail/vte_input__type_support.hpp\n'}
[1.619677] (px4_msgs) StdoutLine: {'line': b'-- Up-to-date: /home/rudra/custom_flightmode/install/px4_msgs/include/px4_msgs/px4_msgs/msg/detail/rover_throttle_setpoint__type_support.hpp\n'}
[1.619733] (px4_msgs) StdoutLine: {'line': b'-- Up-to-date: /home/rudra/custom_flightmode/install/px4_msgs/include/px4_msgs/px4_msgs/msg/detail/sensor_correction__struct.hpp\n'}
[1.619791] (px4_msgs) StdoutLine: {'line': b'-- Up-to-date: /home/rudra/custom_flightmode/install/px4_msgs/include/px4_msgs/px4_msgs/msg/detail/parameter_set_value_response__struct.hpp\n'}
[1.619846] (px4_msgs) StdoutLine: {'line': b'-- Up-to-date: /home/rudra/custom_flightmode/install/px4_msgs/include/px4_msgs/px4_msgs/msg/detail/health_report__builder.hpp\n'}
[1.619900] (px4_msgs) StdoutLine: {'line': b'-- Up-to-date: /home/rudra/custom_flightmode/install/px4_msgs/include/px4_msgs/px4_msgs/msg/detail/vehicle_land_detected__struct.hpp\n'}
[1.619959] (px4_msgs) StdoutLine: {'line': b'-- Up-to-date: /home/rudra/custom_flightmode/install/px4_msgs/include/px4_msgs/px4_msgs/msg/detail/cpuload__type_support.hpp\n'}
[1.620016] (px4_msgs) StdoutLine: {'line': b'-- Up-to-date: /home/rudra/custom_flightmode/install/px4_msgs/include/px4_msgs/px4_msgs/msg/detail/rover_rate_setpoint__struct.hpp\n'}
[1.620079] (px4_msgs) StdoutLine: {'line': b'-- Up-to-date: /home/rudra/custom_flightmode/install/px4_msgs/include/px4_msgs/px4_msgs/msg/detail/tune_control__struct.hpp\n'}
[1.620136] (px4_msgs) StdoutLine: {'line': b'-- Up-to-date: /home/rudra/custom_flightmode/install/px4_msgs/include/px4_msgs/px4_msgs/msg/detail/open_drone_id_system__builder.hpp\n'}
[1.620192] (px4_msgs) StdoutLine: {'line': b'-- Up-to-date: /home/rudra/custom_flightmode/install/px4_msgs/include/px4_msgs/px4_msgs/msg/detail/sensors_status__struct.hpp\n'}
[1.620250] (px4_msgs) StdoutLine: {'line': b'-- Up-to-date: /home/rudra/custom_flightmode/install/px4_msgs/include/px4_msgs/px4_msgs/msg/detail/event__builder.hpp\n'}
[1.620305] (px4_msgs) StdoutLine: {'line': b'-- Up-to-date: /home/rudra/custom_flightmode/install/px4_msgs/include/px4_msgs/px4_msgs/msg/detail/estimator_bias__struct.hpp\n'}
[1.620361] (px4_msgs) StdoutLine: {'line': b'-- Up-to-date: /home/rudra/custom_flightmode/install/px4_msgs/include/px4_msgs/px4_msgs/msg/detail/actuator_armed__builder.hpp\n'}
[1.620419] (px4_msgs) StdoutLine: {'line': b'-- Up-to-date: /home/rudra/custom_flightmode/install/px4_msgs/include/px4_msgs/px4_msgs/msg/detail/vtx__type_support.hpp\n'}
[1.620485] (px4_msgs) StdoutLine: {'line': b'-- Up-to-date: /home/rudra/custom_flightmode/install/px4_msgs/include/px4_msgs/px4_msgs/msg/detail/gpio_config__builder.hpp\n'}
[1.620556] (px4_msgs) StdoutLine: {'line': b'-- Up-to-date: /home/rudra/custom_flightmode/install/px4_msgs/include/px4_msgs/px4_msgs/msg/detail/rover_steering_setpoint__struct.hpp\n'}
[1.620615] (px4_msgs) StdoutLine: {'line': b'-- Up-to-date: /home/rudra/custom_flightmode/install/px4_msgs/include/px4_msgs/px4_msgs/msg/detail/wheel_encoders__type_support.hpp\n'}
[1.620673] (px4_msgs) StdoutLine: {'line': b'-- Up-to-date: /home/rudra/custom_flightmode/install/px4_msgs/include/px4_msgs/px4_msgs/msg/detail/sensors_status__type_support.hpp\n'}
[1.620731] (px4_msgs) StdoutLine: {'line': b'-- Up-to-date: /home/rudra/custom_flightmode/install/px4_msgs/include/px4_msgs/px4_msgs/msg/detail/sensor_temp__traits.hpp\n'}
[1.620788] (px4_msgs) StdoutLine: {'line': b'-- Up-to-date: /home/rudra/custom_flightmode/install/px4_msgs/include/px4_msgs/px4_msgs/msg/detail/qshell_req__struct.hpp\n'}
[1.620845] (px4_msgs) StdoutLine: {'line': b'-- Up-to-date: /home/rudra/custom_flightmode/install/px4_msgs/include/px4_msgs/px4_msgs/msg/detail/internal_combustion_engine_control__struct.hpp\n'}
[1.620907] (px4_msgs) StdoutLine: {'line': b'-- Up-to-date: /home/rudra/custom_flightmode/install/px4_msgs/include/px4_msgs/px4_msgs/msg/detail/neural_control__struct.hpp\n'}
[1.620965] (px4_msgs) StdoutLine: {'line': b'-- Up-to-date: /home/rudra/custom_flightmode/install/px4_msgs/include/px4_msgs/px4_msgs/msg/detail/mission_result__type_support.hpp\n'}
[1.621024] (px4_msgs) StdoutLine: {'line': b'-- Up-to-date: /home/rudra/custom_flightmode/install/px4_msgs/include/px4_msgs/px4_msgs/msg/detail/iridiumsbd_status__type_support.hpp\n'}
[1.621087] (px4_msgs) StdoutLine: {'line': b'-- Up-to-date: /home/rudra/custom_flightmode/install/px4_msgs/include/px4_msgs/px4_msgs/msg/detail/timesync_status__traits.hpp\n'}
[1.621154] (px4_msgs) StdoutLine: {'line': b'-- Up-to-date: /home/rudra/custom_flightmode/install/px4_msgs/include/px4_msgs/px4_msgs/msg/detail/sensor_uwb__builder.hpp\n'}
[1.621201] (px4_msgs) StdoutLine: {'line': b'-- Up-to-date: /home/rudra/custom_flightmode/install/px4_msgs/include/px4_msgs/px4_msgs/msg/detail/vte_aid_source3d__struct.hpp\n'}
[1.621244] (px4_msgs) StdoutLine: {'line': b'-- Up-to-date: /home/rudra/custom_flightmode/install/px4_msgs/include/px4_msgs/px4_msgs/msg/detail/logger_status__builder.hpp\n'}
[1.621287] (px4_msgs) StdoutLine: {'line': b'-- Up-to-date: /home/rudra/custom_flightmode/install/px4_msgs/include/px4_msgs/px4_msgs/msg/detail/px4io_status__traits.hpp\n'}
[1.621361] (px4_msgs) StdoutLine: {'line': b'-- Up-to-date: /home/rudra/custom_flightmode/install/px4_msgs/include/px4_msgs/px4_msgs/msg/detail/estimator_selector_status__type_support.hpp\n'}
[1.621447] (px4_msgs) StdoutLine: {'line': b'-- Up-to-date: /home/rudra/custom_flightmode/install/px4_msgs/include/px4_msgs/px4_msgs/msg/detail/vehicle_constraints__traits.hpp\n'}
[1.621529] (px4_msgs) StdoutLine: {'line': b'-- Up-to-date: /home/rudra/custom_flightmode/install/px4_msgs/include/px4_msgs/px4_msgs/msg/detail/distance_sensor__type_support.hpp\n'}
[1.621578] (px4_msgs) StdoutLine: {'line': b'-- Up-to-date: /home/rudra/custom_flightmode/install/px4_msgs/include/px4_msgs/px4_msgs/msg/detail/sensor_correction__builder.hpp\n'}
[1.621622] (px4_msgs) StdoutLine: {'line': b'-- Up-to-date: /home/rudra/custom_flightmode/install/px4_msgs/include/px4_msgs/px4_msgs/msg/detail/action_request__type_support.hpp\n'}
[1.621691] (px4_msgs) StdoutLine: {'line': b'-- Up-to-date: /home/rudra/custom_flightmode/install/px4_msgs/include/px4_msgs/px4_msgs/msg/detail/parameter_set_value_request__traits.hpp\n'}
[1.621773] (px4_msgs) StdoutLine: {'line': b'-- Up-to-date: /home/rudra/custom_flightmode/install/px4_msgs/include/px4_msgs/px4_msgs/msg/detail/flight_phase_estimation__traits.hpp\n'}
[1.621851] (px4_msgs) StdoutLine: {'line': b'-- Up-to-date: /home/rudra/custom_flightmode/install/px4_msgs/include/px4_msgs/px4_msgs/msg/detail/mavlink_tunnel__traits.hpp\n'}
[1.621941] (px4_msgs) StdoutLine: {'line': b'-- Up-to-date: /home/rudra/custom_flightmode/install/px4_msgs/include/px4_msgs/px4_msgs/msg/detail/orb_test__traits.hpp\n'}
[1.621990] (px4_msgs) StdoutLine: {'line': b'-- Up-to-date: /home/rudra/custom_flightmode/install/px4_msgs/include/px4_msgs/px4_msgs/msg/detail/setpoint_config_reply__traits.hpp\n'}
[1.622035] (px4_msgs) StdoutLine: {'line': b'-- Up-to-date: /home/rudra/custom_flightmode/install/px4_msgs/include/px4_msgs/px4_msgs/msg/detail/estimator_status_flags__struct.hpp\n'}
[1.622078] (px4_msgs) StdoutLine: {'line': b'-- Up-to-date: /home/rudra/custom_flightmode/install/px4_msgs/include/px4_msgs/px4_msgs/msg/detail/fiducial_marker_yaw_report__builder.hpp\n'}
[1.622121] (px4_msgs) StdoutLine: {'line': b'-- Up-to-date: /home/rudra/custom_flightmode/install/px4_msgs/include/px4_msgs/px4_msgs/msg/detail/vehicle_local_position__traits.hpp\n'}
[1.622163] (px4_msgs) StdoutLine: {'line': b'-- Up-to-date: /home/rudra/custom_flightmode/install/px4_msgs/include/px4_msgs/px4_msgs/msg/detail/vehicle_land_detected__builder.hpp\n'}
[1.622205] (px4_msgs) StdoutLine: {'line': b'-- Up-to-date: /home/rudra/custom_flightmode/install/px4_msgs/include/px4_msgs/px4_msgs/msg/detail/parameter_set_used_request__builder.hpp\n'}
[1.622247] (px4_msgs) StdoutLine: {'line': b'-- Up-to-date: /home/rudra/custom_flightmode/install/px4_msgs/include/px4_msgs/px4_msgs/msg/detail/pwm_input__builder.hpp\n'}
[1.622288] (px4_msgs) StdoutLine: {'line': b'-- Up-to-date: /home/rudra/custom_flightmode/install/px4_msgs/include/px4_msgs/px4_msgs/msg/detail/neural_control__builder.hpp\n'}
[1.622329] (px4_msgs) StdoutLine: {'line': b'-- Up-to-date: /home/rudra/custom_flightmode/install/px4_msgs/include/px4_msgs/px4_msgs/msg/detail/setpoint_config_reply__builder.hpp\n'}
[1.622370] (px4_msgs) StdoutLine: {'line': b'-- Up-to-date: /home/rudra/custom_flightmode/install/px4_msgs/include/px4_msgs/px4_msgs/msg/detail/transponder_report__traits.hpp\n'}
[1.622411] (px4_msgs) StdoutLine: {'line': b'-- Up-to-date: /home/rudra/custom_flightmode/install/px4_msgs/include/px4_msgs/px4_msgs/msg/detail/sensor_preflight_mag__builder.hpp\n'}
[1.622452] (px4_msgs) StdoutLine: {'line': b'-- Up-to-date: /home/rudra/custom_flightmode/install/px4_msgs/include/px4_msgs/px4_msgs/msg/detail/estimator_innovations__type_support.hpp\n'}
[1.622511] (px4_msgs) StdoutLine: {'line': b'-- Up-to-date: /home/rudra/custom_flightmode/install/px4_msgs/include/px4_msgs/px4_msgs/msg/detail/gpio_out__builder.hpp\n'}
[1.622557] (px4_msgs) StdoutLine: {'line': b'-- Up-to-date: /home/rudra/custom_flightmode/install/px4_msgs/include/px4_msgs/px4_msgs/msg/detail/vehicle_air_data__type_support.hpp\n'}
[1.622631] (px4_msgs) StdoutLine: {'line': b'-- Up-to-date: /home/rudra/custom_flightmode/install/px4_msgs/include/px4_msgs/px4_msgs/msg/detail/sensor_temp__struct.hpp\n'}
[1.622721] (px4_msgs) StdoutLine: {'line': b'-- Up-to-date: /home/rudra/custom_flightmode/install/px4_msgs/include/px4_msgs/px4_msgs/msg/detail/power_monitor__struct.hpp\n'}
[1.622789] (px4_msgs) StdoutLine: {'line': b'-- Up-to-date: /home/rudra/custom_flightmode/install/px4_msgs/include/px4_msgs/px4_msgs/msg/detail/sensor_optical_flow__struct.hpp\n'}
[1.622863] (px4_msgs) StdoutLine: {'line': b'-- Up-to-date: /home/rudra/custom_flightmode/install/px4_msgs/include/px4_msgs/px4_msgs/msg/detail/gpio_in__builder.hpp\n'}
[1.622912] (px4_msgs) StdoutLine: {'line': b'-- Up-to-date: /home/rudra/custom_flightmode/install/px4_msgs/include/px4_msgs/px4_msgs/msg/detail/sensor_accel_fifo__traits.hpp\n'}
[1.622956] (px4_msgs) StdoutLine: {'line': b'-- Up-to-date: /home/rudra/custom_flightmode/install/px4_msgs/include/px4_msgs/px4_msgs/msg/detail/estimator_status_flags__traits.hpp\n'}
[1.622999] (px4_msgs) StdoutLine: {'line': b'-- Up-to-date: /home/rudra/custom_flightmode/install/px4_msgs/include/px4_msgs/px4_msgs/msg/detail/follow_target_estimator__traits.hpp\n'}
[1.623042] (px4_msgs) StdoutLine: {'line': b'-- Up-to-date: /home/rudra/custom_flightmode/install/px4_msgs/include/px4_msgs/px4_msgs/msg/detail/esc_eeprom_read__traits.hpp\n'}
[1.623092] (px4_msgs) StdoutLine: {'line': b'-- Up-to-date: /home/rudra/custom_flightmode/install/px4_msgs/include/px4_msgs/px4_msgs/msg/detail/uavcan_parameter_value__traits.hpp\n'}
[1.623133] (px4_msgs) StdoutLine: {'line': b'-- Up-to-date: /home/rudra/custom_flightmode/install/px4_msgs/include/px4_msgs/px4_msgs/msg/detail/vtol_vehicle_status__struct.hpp\n'}
[1.623173] (px4_msgs) StdoutLine: {'line': b'-- Up-to-date: /home/rudra/custom_flightmode/install/px4_msgs/include/px4_msgs/px4_msgs/msg/detail/vte_orientation__traits.hpp\n'}
[1.623213] (px4_msgs) StdoutLine: {'line': b'-- Up-to-date: /home/rudra/custom_flightmode/install/px4_msgs/include/px4_msgs/px4_msgs/msg/detail/gain_compression__builder.hpp\n'}
[1.623253] (px4_msgs) StdoutLine: {'line': b'-- Up-to-date: /home/rudra/custom_flightmode/install/px4_msgs/include/px4_msgs/px4_msgs/msg/detail/rtl_time_estimate__builder.hpp\n'}
[1.623292] (px4_msgs) StdoutLine: {'line': b'-- Up-to-date: /home/rudra/custom_flightmode/install/px4_msgs/include/px4_msgs/px4_msgs/msg/detail/telemetry_status__builder.hpp\n'}
[1.623333] (px4_msgs) StdoutLine: {'line': b'-- Up-to-date: /home/rudra/custom_flightmode/install/px4_msgs/include/px4_msgs/px4_msgs/msg/detail/sensor_combined__type_support.hpp\n'}
[1.623374] (px4_msgs) StdoutLine: {'line': b'-- Up-to-date: /home/rudra/custom_flightmode/install/px4_msgs/include/px4_msgs/px4_msgs/msg/detail/vte_orientation__struct.hpp\n'}
[1.623414] (px4_msgs) StdoutLine: {'line': b'-- Up-to-date: /home/rudra/custom_flightmode/install/px4_msgs/include/px4_msgs/px4_msgs/msg/detail/arming_check_reply__builder.hpp\n'}
[1.623456] (px4_msgs) StdoutLine: {'line': b'-- Up-to-date: /home/rudra/custom_flightmode/install/px4_msgs/include/px4_msgs/px4_msgs/msg/detail/dataman_response__struct.hpp\n'}
[1.623513] (px4_msgs) StdoutLine: {'line': b'-- Up-to-date: /home/rudra/custom_flightmode/install/px4_msgs/include/px4_msgs/px4_msgs/msg/detail/estimator_status__type_support.hpp\n'}
[1.623558] (px4_msgs) StdoutLine: {'line': b'-- Up-to-date: /home/rudra/custom_flightmode/install/px4_msgs/include/px4_msgs/px4_msgs/msg/detail/gimbal_manager_set_attitude__builder.hpp\n'}
[1.623598] (px4_msgs) StdoutLine: {'line': b'-- Up-to-date: /home/rudra/custom_flightmode/install/px4_msgs/include/px4_msgs/px4_msgs/msg/detail/gain_compression__type_support.hpp\n'}
[1.623638] (px4_msgs) StdoutLine: {'line': b'-- Up-to-date: /home/rudra/custom_flightmode/install/px4_msgs/include/px4_msgs/px4_msgs/msg/detail/event__struct.hpp\n'}
[1.623678] (px4_msgs) StdoutLine: {'line': b'-- Up-to-date: /home/rudra/custom_flightmode/install/px4_msgs/include/px4_msgs/px4_msgs/msg/detail/dataman_request__struct.hpp\n'}
[1.623717] (px4_msgs) StdoutLine: {'line': b'-- Up-to-date: /home/rudra/custom_flightmode/install/px4_msgs/include/px4_msgs/px4_msgs/msg/detail/camera_capture__type_support.hpp\n'}
[1.623763] (px4_msgs) StdoutLine: {'line': b'-- Up-to-date: /home/rudra/custom_flightmode/install/px4_msgs/include/px4_msgs/px4_msgs/msg/detail/iridiumsbd_status__struct.hpp\n'}
[1.623803] (px4_msgs) StdoutLine: {'line': b'-- Up-to-date: /home/rudra/custom_flightmode/install/px4_msgs/include/px4_msgs/px4_msgs/msg/detail/vehicle_optical_flow_vel__builder.hpp\n'}
[1.623842] (px4_msgs) StdoutLine: {'line': b'-- Up-to-date: /home/rudra/custom_flightmode/install/px4_msgs/include/px4_msgs/px4_msgs/msg/detail/gpio_config__traits.hpp\n'}
[1.623881] (px4_msgs) StdoutLine: {'line': b'-- Up-to-date: /home/rudra/custom_flightmode/install/px4_msgs/include/px4_msgs/px4_msgs/msg/detail/orb_test_medium__builder.hpp\n'}
[1.623920] (px4_msgs) StdoutLine: {'line': b'-- Up-to-date: /home/rudra/custom_flightmode/install/px4_msgs/include/px4_msgs/px4_msgs/msg/detail/radio_status__builder.hpp\n'}
[1.623960] (px4_msgs) StdoutLine: {'line': b'-- Up-to-date: /home/rudra/custom_flightmode/install/px4_msgs/include/px4_msgs/px4_msgs/msg/detail/rover_rate_setpoint__type_support.hpp\n'}
[1.624000] (px4_msgs) StdoutLine: {'line': b'-- Up-to-date: /home/rudra/custom_flightmode/install/px4_msgs/include/px4_msgs/px4_msgs/msg/detail/open_drone_id_operator_id__builder.hpp\n'}
[1.624040] (px4_msgs) StdoutLine: {'line': b'-- Up-to-date: /home/rudra/custom_flightmode/install/px4_msgs/include/px4_msgs/px4_msgs/msg/detail/obstacle_distance__struct.hpp\n'}
[1.624083] (px4_msgs) StdoutLine: {'line': b'-- Up-to-date: /home/rudra/custom_flightmode/install/px4_msgs/include/px4_msgs/px4_msgs/msg/detail/input_rc__traits.hpp\n'}
[1.624126] (px4_msgs) StdoutLine: {'line': b'-- Up-to-date: /home/rudra/custom_flightmode/install/px4_msgs/include/px4_msgs/px4_msgs/msg/detail/mission__builder.hpp\n'}
[1.624167] (px4_msgs) StdoutLine: {'line': b'-- Up-to-date: /home/rudra/custom_flightmode/install/px4_msgs/include/px4_msgs/px4_msgs/msg/detail/can_interface_status__builder.hpp\n'}
[1.624249] (px4_msgs) StdoutLine: {'line': b'-- Up-to-date: /home/rudra/custom_flightmode/install/px4_msgs/include/px4_msgs/px4_msgs/msg/detail/rover_speed_status__type_support.hpp\n'}
[1.624299] (px4_msgs) StdoutLine: {'line': b'-- Up-to-date: /home/rudra/custom_flightmode/install/px4_msgs/include/px4_msgs/px4_msgs/msg/detail/orbit_status__traits.hpp\n'}
[1.624342] (px4_msgs) StdoutLine: {'line': b'-- Up-to-date: /home/rudra/custom_flightmode/install/px4_msgs/include/px4_msgs/px4_msgs/msg/detail/vehicle_optical_flow_vel__traits.hpp\n'}
[1.624384] (px4_msgs) StdoutLine: {'line': b'-- Up-to-date: /home/rudra/custom_flightmode/install/px4_msgs/include/px4_msgs/px4_msgs/msg/detail/rpm__struct.hpp\n'}
[1.624425] (px4_msgs) StdoutLine: {'line': b'-- Up-to-date: /home/rudra/custom_flightmode/install/px4_msgs/include/px4_msgs/px4_msgs/msg/detail/raptor_status__struct.hpp\n'}
[1.624486] (px4_msgs) StdoutLine: {'line': b'-- Up-to-date: /home/rudra/custom_flightmode/install/px4_msgs/include/px4_msgs/px4_msgs/msg/detail/estimator_bias__builder.hpp\n'}
[1.624536] (px4_msgs) StdoutLine: {'line': b'-- Up-to-date: /home/rudra/custom_flightmode/install/px4_msgs/include/px4_msgs/px4_msgs/msg/detail/target_gnss__builder.hpp\n'}
[1.624579] (px4_msgs) StdoutLine: {'line': b'-- Up-to-date: /home/rudra/custom_flightmode/install/px4_msgs/include/px4_msgs/px4_msgs/msg/detail/esc_status__struct.hpp\n'}
[1.624621] (px4_msgs) StdoutLine: {'line': b'-- Up-to-date: /home/rudra/custom_flightmode/install/px4_msgs/include/px4_msgs/px4_msgs/msg/detail/rover_rate_setpoint__traits.hpp\n'}
[1.624661] (px4_msgs) StdoutLine: {'line': b'-- Up-to-date: /home/rudra/custom_flightmode/install/px4_msgs/include/px4_msgs/px4_msgs/msg/detail/estimator_fusion_control__builder.hpp\n'}
[1.624702] (px4_msgs) StdoutLine: {'line': b'-- Up-to-date: /home/rudra/custom_flightmode/install/px4_msgs/include/px4_msgs/px4_msgs/msg/detail/goto_setpoint__struct.hpp\n'}
[1.624743] (px4_msgs) StdoutLine: {'line': b'-- Up-to-date: /home/rudra/custom_flightmode/install/px4_msgs/include/px4_msgs/px4_msgs/msg/detail/mission__traits.hpp\n'}
[1.624789] (px4_msgs) StdoutLine: {'line': b'-- Up-to-date: /home/rudra/custom_flightmode/install/px4_msgs/include/px4_msgs/px4_msgs/msg/detail/transponder_report__struct.hpp\n'}
[1.624829] (px4_msgs) StdoutLine: {'line': b'-- Up-to-date: /home/rudra/custom_flightmode/install/px4_msgs/include/px4_msgs/px4_msgs/msg/detail/parameter_set_value_response__traits.hpp\n'}
[1.624871] (px4_msgs) StdoutLine: {'line': b'-- Up-to-date: /home/rudra/custom_flightmode/install/px4_msgs/include/px4_msgs/px4_msgs/msg/detail/message_format_request__type_support.hpp\n'}
[1.624912] (px4_msgs) StdoutLine: {'line': b'-- Up-to-date: /home/rudra/custom_flightmode/install/px4_msgs/include/px4_msgs/px4_msgs/msg/detail/adc_report__traits.hpp\n'}
[1.624952] (px4_msgs) StdoutLine: {'line': b'-- Up-to-date: /home/rudra/custom_flightmode/install/px4_msgs/include/px4_msgs/px4_msgs/msg/detail/arming_check_request__builder.hpp\n'}
[1.624991] (px4_msgs) StdoutLine: {'line': b'-- Up-to-date: /home/rudra/custom_flightmode/install/px4_msgs/include/px4_msgs/px4_msgs/msg/detail/uavcan_parameter_request__traits.hpp\n'}
[1.625029] (px4_msgs) StdoutLine: {'line': b'-- Up-to-date: /home/rudra/custom_flightmode/install/px4_msgs/include/px4_msgs/px4_msgs/msg/detail/debug_vect__type_support.hpp\n'}
[1.625067] (px4_msgs) StdoutLine: {'line': b'-- Up-to-date: /home/rudra/custom_flightmode/install/px4_msgs/include/px4_msgs/px4_msgs/msg/detail/ekf2_timestamps__struct.hpp\n'}
[1.625105] (px4_msgs) StdoutLine: {'line': b'-- Up-to-date: /home/rudra/custom_flightmode/install/px4_msgs/include/px4_msgs/px4_msgs/msg/detail/mission_result__builder.hpp\n'}
[1.625143] (px4_msgs) StdoutLine: {'line': b'-- Up-to-date: /home/rudra/custom_flightmode/install/px4_msgs/include/px4_msgs/px4_msgs/msg/detail/actuator_armed__traits.hpp\n'}
[1.625181] (px4_msgs) StdoutLine: {'line': b'-- Up-to-date: /home/rudra/custom_flightmode/install/px4_msgs/include/px4_msgs/px4_msgs/msg/detail/battery_info__traits.hpp\n'}
[1.625220] (px4_msgs) StdoutLine: {'line': b'-- Up-to-date: /home/rudra/custom_flightmode/install/px4_msgs/include/px4_msgs/px4_msgs/msg/detail/rate_ctrl_status__traits.hpp\n'}
[1.625258] (px4_msgs) StdoutLine: {'line': b'-- Up-to-date: /home/rudra/custom_flightmode/install/px4_msgs/include/px4_msgs/px4_msgs/msg/detail/health_report__traits.hpp\n'}
[1.625296] (px4_msgs) StdoutLine: {'line': b'-- Up-to-date: /home/rudra/custom_flightmode/install/px4_msgs/include/px4_msgs/px4_msgs/msg/detail/estimator_states__builder.hpp\n'}
[1.625335] (px4_msgs) StdoutLine: {'line': b'-- Up-to-date: /home/rudra/custom_flightmode/install/px4_msgs/include/px4_msgs/px4_msgs/msg/detail/sensor_gyro_fifo__builder.hpp\n'}
[1.625379] (px4_msgs) StdoutLine: {'line': b'-- Up-to-date: /home/rudra/custom_flightmode/install/px4_msgs/include/px4_msgs/px4_msgs/msg/detail/fiducial_marker_yaw_report__traits.hpp\n'}
[1.625421] (px4_msgs) StdoutLine: {'line': b'-- Up-to-date: /home/rudra/custom_flightmode/install/px4_msgs/include/px4_msgs/px4_msgs/msg/detail/setpoint_config_reply__struct.hpp\n'}
[1.625460] (px4_msgs) StdoutLine: {'line': b'-- Up-to-date: /home/rudra/custom_flightmode/install/px4_msgs/include/px4_msgs/px4_msgs/msg/detail/parameter_update__builder.hpp\n'}
[1.625514] (px4_msgs) StdoutLine: {'line': b'-- Up-to-date: /home/rudra/custom_flightmode/install/px4_msgs/include/px4_msgs/px4_msgs/msg/detail/irlock_report__builder.hpp\n'}
[1.625558] (px4_msgs) StdoutLine: {'line': b'-- Up-to-date: /home/rudra/custom_flightmode/install/px4_msgs/include/px4_msgs/px4_msgs/msg/detail/control_allocator_status__struct.hpp\n'}
[1.625599] (px4_msgs) StdoutLine: {'line': b'-- Up-to-date: /home/rudra/custom_flightmode/install/px4_msgs/include/px4_msgs/px4_msgs/msg/detail/vehicle_air_data__traits.hpp\n'}
[1.625639] (px4_msgs) StdoutLine: {'line': b'-- Up-to-date: /home/rudra/custom_flightmode/install/px4_msgs/include/px4_msgs/px4_msgs/msg/detail/orb_test_medium__traits.hpp\n'}
[1.625678] (px4_msgs) StdoutLine: {'line': b'-- Up-to-date: /home/rudra/custom_flightmode/install/px4_msgs/include/px4_msgs/px4_msgs/msg/detail/estimator_status__struct.hpp\n'}
[1.625724] (px4_msgs) StdoutLine: {'line': b'-- Up-to-date: /home/rudra/custom_flightmode/install/px4_msgs/include/px4_msgs/px4_msgs/msg/detail/dataman_request__traits.hpp\n'}
[1.625764] (px4_msgs) StdoutLine: {'line': b'-- Up-to-date: /home/rudra/custom_flightmode/install/px4_msgs/include/px4_msgs/px4_msgs/msg/detail/trajectory_setpoint__struct.hpp\n'}
[1.625811] (px4_msgs) StdoutLine: {'line': b'-- Up-to-date: /home/rudra/custom_flightmode/install/px4_msgs/include/px4_msgs/px4_msgs/msg/detail/esc_report__builder.hpp\n'}
[1.625850] (px4_msgs) StdoutLine: {'line': b'-- Up-to-date: /home/rudra/custom_flightmode/install/px4_msgs/include/px4_msgs/px4_msgs/msg/detail/raptor_status__type_support.hpp\n'}
[1.625889] (px4_msgs) StdoutLine: {'line': b'-- Up-to-date: /home/rudra/custom_flightmode/install/px4_msgs/include/px4_msgs/px4_msgs/msg/detail/vehicle_rates_setpoint__builder.hpp\n'}
[1.625928] (px4_msgs) StdoutLine: {'line': b'-- Up-to-date: /home/rudra/custom_flightmode/install/px4_msgs/include/px4_msgs/px4_msgs/msg/detail/autotune_attitude_control_status__traits.hpp\n'}
[1.625967] (px4_msgs) StdoutLine: {'line': b'-- Up-to-date: /home/rudra/custom_flightmode/install/px4_msgs/include/px4_msgs/px4_msgs/msg/detail/follow_target_estimator__builder.hpp\n'}
[1.626006] (px4_msgs) StdoutLine: {'line': b'-- Up-to-date: /home/rudra/custom_flightmode/install/px4_msgs/include/px4_msgs/px4_msgs/msg/detail/vte_orientation__builder.hpp\n'}
[1.626046] (px4_msgs) StdoutLine: {'line': b'-- Up-to-date: /home/rudra/custom_flightmode/install/px4_msgs/include/px4_msgs/px4_msgs/msg/detail/pps_capture__builder.hpp\n'}
[1.626086] (px4_msgs) StdoutLine: {'line': b'-- Up-to-date: /home/rudra/custom_flightmode/install/px4_msgs/include/px4_msgs/px4_msgs/msg/detail/rate_ctrl_status__type_support.hpp\n'}
[1.626126] (px4_msgs) StdoutLine: {'line': b'-- Up-to-date: /home/rudra/custom_flightmode/install/px4_msgs/include/px4_msgs/px4_msgs/msg/detail/rtl_status__type_support.hpp\n'}
[1.626168] (px4_msgs) StdoutLine: {'line': b'-- Up-to-date: /home/rudra/custom_flightmode/install/px4_msgs/include/px4_msgs/px4_msgs/msg/detail/autotune_attitude_control_status__type_support.hpp\n'}
[1.626237] (px4_msgs) StdoutLine: {'line': b'-- Up-to-date: /home/rudra/custom_flightmode/install/px4_msgs/include/px4_msgs/px4_msgs/msg/detail/vehicle_imu__type_support.hpp\n'}
[1.626306] (px4_msgs) StdoutLine: {'line': b'-- Up-to-date: /home/rudra/custom_flightmode/install/px4_msgs/include/px4_msgs/px4_msgs/msg/detail/iridiumsbd_status__builder.hpp\n'}
[1.626370] (px4_msgs) StdoutLine: {'line': b'-- Up-to-date: /home/rudra/custom_flightmode/install/px4_msgs/include/px4_msgs/px4_msgs/msg/detail/follow_target_status__traits.hpp\n'}
[1.626438] (px4_msgs) StdoutLine: {'line': b'-- Up-to-date: /home/rudra/custom_flightmode/install/px4_msgs/include/px4_msgs/px4_msgs/msg/detail/airspeed__traits.hpp\n'}
[1.626521] (px4_msgs) StdoutLine: {'line': b'-- Up-to-date: /home/rudra/custom_flightmode/install/px4_msgs/include/px4_msgs/px4_msgs/msg/detail/debug_vect__struct.hpp\n'}
[1.626586] (px4_msgs) StdoutLine: {'line': b'-- Up-to-date: /home/rudra/custom_flightmode/install/px4_msgs/include/px4_msgs/px4_msgs/msg/detail/follow_target_estimator__struct.hpp\n'}
[1.626645] (px4_msgs) StdoutLine: {'line': b'-- Up-to-date: /home/rudra/custom_flightmode/install/px4_msgs/include/px4_msgs/px4_msgs/msg/detail/sensor_hygrometer__type_support.hpp\n'}
[1.626703] (px4_msgs) StdoutLine: {'line': b'-- Up-to-date: /home/rudra/custom_flightmode/install/px4_msgs/include/px4_msgs/px4_msgs/msg/detail/airspeed_wind__builder.hpp\n'}
[1.626760] (px4_msgs) StdoutLine: {'line': b'-- Up-to-date: /home/rudra/custom_flightmode/install/px4_msgs/include/px4_msgs/px4_msgs/msg/detail/takeoff_status__traits.hpp\n'}
[1.626831] (px4_msgs) StdoutLine: {'line': b'-- Up-to-date: /home/rudra/custom_flightmode/install/px4_msgs/include/px4_msgs/px4_msgs/msg/detail/estimator_status__builder.hpp\n'}
[1.626900] (px4_msgs) StdoutLine: {'line': b'-- Up-to-date: /home/rudra/custom_flightmode/install/px4_msgs/include/px4_msgs/px4_msgs/msg/detail/target_gnss__struct.hpp\n'}
[1.626973] (px4_msgs) StdoutLine: {'line': b'-- Up-to-date: /home/rudra/custom_flightmode/install/px4_msgs/include/px4_msgs/px4_msgs/msg/detail/vehicle_imu_status__builder.hpp\n'}
[1.627038] (px4_msgs) StdoutLine: {'line': b'-- Up-to-date: /home/rudra/custom_flightmode/install/px4_msgs/include/px4_msgs/px4_msgs/msg/detail/sensor_hygrometer__builder.hpp\n'}
[1.627104] (px4_msgs) StdoutLine: {'line': b'-- Up-to-date: /home/rudra/custom_flightmode/install/px4_msgs/include/px4_msgs/px4_msgs/msg/detail/vehicle_attitude_setpoint__traits.hpp\n'}
[1.627170] (px4_msgs) StdoutLine: {'line': b'-- Up-to-date: /home/rudra/custom_flightmode/install/px4_msgs/include/px4_msgs/px4_msgs/msg/detail/unregister_ext_component__struct.hpp\n'}
[1.627236] (px4_msgs) StdoutLine: {'line': b'-- Up-to-date: /home/rudra/custom_flightmode/install/px4_msgs/include/px4_msgs/px4_msgs/msg/detail/estimator_aid_source1d__type_support.hpp\n'}
[1.627300] (px4_msgs) StdoutLine: {'line': b'-- Up-to-date: /home/rudra/custom_flightmode/install/px4_msgs/include/px4_msgs/px4_msgs/msg/detail/led_control__type_support.hpp\n'}
[1.627363] (px4_msgs) StdoutLine: {'line': b'-- Up-to-date: /home/rudra/custom_flightmode/install/px4_msgs/include/px4_msgs/px4_msgs/msg/detail/estimator_states__traits.hpp\n'}
[1.627427] (px4_msgs) StdoutLine: {'line': b'-- Up-to-date: /home/rudra/custom_flightmode/install/px4_msgs/include/px4_msgs/px4_msgs/msg/detail/can_interface_status__traits.hpp\n'}
[1.627500] (px4_msgs) StdoutLine: {'line': b'-- Up-to-date: /home/rudra/custom_flightmode/install/px4_msgs/include/px4_msgs/px4_msgs/msg/detail/rate_ctrl_status__struct.hpp\n'}
[1.627572] (px4_msgs) StdoutLine: {'line': b'-- Up-to-date: /home/rudra/custom_flightmode/install/px4_msgs/include/px4_msgs/px4_msgs/msg/detail/flight_phase_estimation__builder.hpp\n'}
[1.627650] (px4_msgs) StdoutLine: {'line': b'-- Up-to-date: /home/rudra/custom_flightmode/install/px4_msgs/include/px4_msgs/px4_msgs/msg/detail/setpoint_config__traits.hpp\n'}
[1.627715] (px4_msgs) StdoutLine: {'line': b'-- Up-to-date: /home/rudra/custom_flightmode/install/px4_msgs/include/px4_msgs/px4_msgs/msg/detail/cpuload__builder.hpp\n'}
[1.627778] (px4_msgs) StdoutLine: {'line': b'-- Up-to-date: /home/rudra/custom_flightmode/install/px4_msgs/include/px4_msgs/px4_msgs/msg/detail/can_interface_status__struct.hpp\n'}
[1.627838] (px4_msgs) StdoutLine: {'line': b'-- Up-to-date: /home/rudra/custom_flightmode/install/px4_msgs/include/px4_msgs/px4_msgs/msg/detail/internal_combustion_engine_control__type_support.hpp\n'}
[1.627898] (px4_msgs) StdoutLine: {'line': b'-- Up-to-date: /home/rudra/custom_flightmode/install/px4_msgs/include/px4_msgs/px4_msgs/msg/detail/estimator_gps_status__type_support.hpp\n'}
[1.627957] (px4_msgs) StdoutLine: {'line': b'-- Up-to-date: /home/rudra/custom_flightmode/install/px4_msgs/include/px4_msgs/px4_msgs/msg/detail/vehicle_command__type_support.hpp\n'}
[1.628015] (px4_msgs) StdoutLine: {'line': b'-- Up-to-date: /home/rudra/custom_flightmode/install/px4_msgs/include/px4_msgs/px4_msgs/msg/detail/gripper__builder.hpp\n'}
[1.628074] (px4_msgs) StdoutLine: {'line': b'-- Up-to-date: /home/rudra/custom_flightmode/install/px4_msgs/include/px4_msgs/px4_msgs/msg/detail/gimbal_manager_status__traits.hpp\n'}
[1.628132] (px4_msgs) StdoutLine: {'line': b'-- Up-to-date: /home/rudra/custom_flightmode/install/px4_msgs/include/px4_msgs/px4_msgs/msg/detail/normalized_unsigned_setpoint__traits.hpp\n'}
[1.628189] (px4_msgs) StdoutLine: {'line': b'-- Up-to-date: /home/rudra/custom_flightmode/install/px4_msgs/include/px4_msgs/px4_msgs/msg/detail/lateral_control_configuration__type_support.hpp\n'}
[1.628249] (px4_msgs) StdoutLine: {'line': b'-- Up-to-date: /home/rudra/custom_flightmode/install/px4_msgs/include/px4_msgs/px4_msgs/msg/detail/sensor_baro__traits.hpp\n'}
[1.628306] (px4_msgs) StdoutLine: {'line': b'-- Up-to-date: /home/rudra/custom_flightmode/install/px4_msgs/include/px4_msgs/px4_msgs/msg/detail/follow_target_status__builder.hpp\n'}
[1.628370] (px4_msgs) StdoutLine: {'line': b'-- Up-to-date: /home/rudra/custom_flightmode/install/px4_msgs/include/px4_msgs/px4_msgs/msg/detail/estimator_states__type_support.hpp\n'}
[1.628428] (px4_msgs) StdoutLine: {'line': b'-- Up-to-date: /home/rudra/custom_flightmode/install/px4_msgs/include/px4_msgs/px4_msgs/msg/detail/fixed_wing_lateral_setpoint__builder.hpp\n'}
[1.628493] (px4_msgs) StdoutLine: {'line': b'-- Up-to-date: /home/rudra/custom_flightmode/install/px4_msgs/include/px4_msgs/px4_msgs/msg/detail/takeoff_status__struct.hpp\n'}
[1.628558] (px4_msgs) StdoutLine: {'line': b'-- Up-to-date: /home/rudra/custom_flightmode/install/px4_msgs/include/px4_msgs/px4_msgs/msg/detail/vehicle_roi__type_support.hpp\n'}
[1.628616] (px4_msgs) StdoutLine: {'line': b'-- Up-to-date: /home/rudra/custom_flightmode/install/px4_msgs/include/px4_msgs/px4_msgs/msg/detail/actuator_servos_trim__traits.hpp\n'}
[1.628678] (px4_msgs) StdoutLine: {'line': b'-- Up-to-date: /home/rudra/custom_flightmode/install/px4_msgs/include/px4_msgs/px4_msgs/msg/detail/task_stack_info__builder.hpp\n'}
[1.628736] (px4_msgs) StdoutLine: {'line': b'-- Up-to-date: /home/rudra/custom_flightmode/install/px4_msgs/include/px4_msgs/px4_msgs/msg/detail/distance_sensor__struct.hpp\n'}
[1.628794] (px4_msgs) StdoutLine: {'line': b'-- Up-to-date: /home/rudra/custom_flightmode/install/px4_msgs/include/px4_msgs/px4_msgs/msg/detail/sensor_airflow__type_support.hpp\n'}
[1.628852] (px4_msgs) StdoutLine: {'line': b'-- Up-to-date: /home/rudra/custom_flightmode/install/px4_msgs/include/px4_msgs/px4_msgs/msg/detail/gimbal_manager_set_attitude__traits.hpp\n'}
[1.628911] (px4_msgs) StdoutLine: {'line': b'-- Up-to-date: /home/rudra/custom_flightmode/install/px4_msgs/include/px4_msgs/px4_msgs/msg/detail/sensor_gyro__builder.hpp\n'}
[1.628970] (px4_msgs) StdoutLine: {'line': b'-- Up-to-date: /home/rudra/custom_flightmode/install/px4_msgs/include/px4_msgs/px4_msgs/msg/detail/system_power__type_support.hpp\n'}
[1.629029] (px4_msgs) StdoutLine: {'line': b'-- Up-to-date: /home/rudra/custom_flightmode/install/px4_msgs/include/px4_msgs/px4_msgs/msg/detail/ping__struct.hpp\n'}
[1.629087] (px4_msgs) StdoutLine: {'line': b'-- Up-to-date: /home/rudra/custom_flightmode/install/px4_msgs/include/px4_msgs/px4_msgs/msg/detail/vte_aid_source1d__traits.hpp\n'}
[1.629150] (px4_msgs) StdoutLine: {'line': b'-- Up-to-date: /home/rudra/custom_flightmode/install/px4_msgs/include/px4_msgs/px4_msgs/msg/detail/timesync_status__struct.hpp\n'}
[1.629213] (px4_msgs) StdoutLine: {'line': b'-- Up-to-date: /home/rudra/custom_flightmode/install/px4_msgs/include/px4_msgs/px4_msgs/msg/detail/telemetry_status__struct.hpp\n'}
[1.629273] (px4_msgs) StdoutLine: {'line': b'-- Up-to-date: /home/rudra/custom_flightmode/install/px4_msgs/include/px4_msgs/px4_msgs/msg/detail/actuator_controls_status__type_support.hpp\n'}
[1.629334] (px4_msgs) StdoutLine: {'line': b'-- Up-to-date: /home/rudra/custom_flightmode/install/px4_msgs/include/px4_msgs/px4_msgs/msg/detail/vte_input__traits.hpp\n'}
[1.629395] (px4_msgs) StdoutLine: {'line': b'-- Up-to-date: /home/rudra/custom_flightmode/install/px4_msgs/include/px4_msgs/px4_msgs/msg/detail/sensor_gyro_fft__traits.hpp\n'}
[1.629454] (px4_msgs) StdoutLine: {'line': b'-- Up-to-date: /home/rudra/custom_flightmode/install/px4_msgs/include/px4_msgs/px4_msgs/msg/detail/register_ext_component_reply__type_support.hpp\n'}
[1.629540] (px4_msgs) StdoutLine: {'line': b'-- Up-to-date: /home/rudra/custom_flightmode/install/px4_msgs/include/px4_msgs/px4_msgs/msg/detail/gimbal_manager_information__struct.hpp\n'}
[1.629606] (px4_msgs) StdoutLine: {'line': b'-- Up-to-date: /home/rudra/custom_flightmode/install/px4_msgs/include/px4_msgs/px4_msgs/msg/detail/follow_target__traits.hpp\n'}
[1.629673] (px4_msgs) StdoutLine: {'line': b'-- Up-to-date: /home/rudra/custom_flightmode/install/px4_msgs/include/px4_msgs/px4_msgs/msg/detail/vehicle_attitude__builder.hpp\n'}
[1.629752] (px4_msgs) StdoutLine: {'line': b'-- Up-to-date: /home/rudra/custom_flightmode/install/px4_msgs/include/px4_msgs/px4_msgs/msg/detail/prec_land_status__traits.hpp\n'}
[1.629837] (px4_msgs) StdoutLine: {'line': b'-- Up-to-date: /home/rudra/custom_flightmode/install/px4_msgs/include/px4_msgs/px4_msgs/msg/detail/fiducial_marker_yaw_report__struct.hpp\n'}
[1.629913] (px4_msgs) StdoutLine: {'line': b'-- Up-to-date: /home/rudra/custom_flightmode/install/px4_msgs/include/px4_msgs/px4_msgs/msg/detail/gimbal_manager_set_manual_control__builder.hpp\n'}
[1.629976] (px4_msgs) StdoutLine: {'line': b'-- Up-to-date: /home/rudra/custom_flightmode/install/px4_msgs/include/px4_msgs/px4_msgs/msg/detail/vehicle_rates_setpoint__struct.hpp\n'}
[1.630036] (px4_msgs) StdoutLine: {'line': b'-- Up-to-date: /home/rudra/custom_flightmode/install/px4_msgs/include/px4_msgs/px4_msgs/msg/detail/trajectory_setpoint6dof__builder.hpp\n'}
[1.630097] (px4_msgs) StdoutLine: {'line': b'-- Up-to-date: /home/rudra/custom_flightmode/install/px4_msgs/include/px4_msgs/px4_msgs/msg/detail/fiducial_marker_pos_report__struct.hpp\n'}
[1.630155] (px4_msgs) StdoutLine: {'line': b'-- Up-to-date: /home/rudra/custom_flightmode/install/px4_msgs/include/px4_msgs/px4_msgs/msg/detail/trajectory_setpoint6dof__type_support.hpp\n'}
[1.630213] (px4_msgs) StdoutLine: {'line': b'-- Up-to-date: /home/rudra/custom_flightmode/install/px4_msgs/include/px4_msgs/px4_msgs/msg/detail/rover_rate_status__traits.hpp\n'}
[1.630276] (px4_msgs) StdoutLine: {'line': b'-- Up-to-date: /home/rudra/custom_flightmode/install/px4_msgs/include/px4_msgs/px4_msgs/msg/detail/vehicle_constraints__builder.hpp\n'}
[1.630334] (px4_msgs) StdoutLine: {'line': b'-- Up-to-date: /home/rudra/custom_flightmode/install/px4_msgs/include/px4_msgs/px4_msgs/msg/detail/vehicle_angular_velocity__builder.hpp\n'}
[1.630386] (px4_msgs) StdoutLine: {'line': b'-- Up-to-date: /home/rudra/custom_flightmode/install/px4_msgs/include/px4_msgs/px4_msgs/msg/detail/vte_aid_source3d__builder.hpp\n'}
[1.630427] (px4_msgs) StdoutLine: {'line': b'-- Up-to-date: /home/rudra/custom_flightmode/install/px4_msgs/include/px4_msgs/px4_msgs/msg/detail/vehicle_magnetometer__type_support.hpp\n'}
[1.630482] (px4_msgs) StdoutLine: {'line': b'-- Up-to-date: /home/rudra/custom_flightmode/install/px4_msgs/include/px4_msgs/px4_msgs/msg/detail/actuator_servos__builder.hpp\n'}
[1.630533] (px4_msgs) StdoutLine: {'line': b'-- Up-to-date: /home/rudra/custom_flightmode/install/px4_msgs/include/px4_msgs/px4_msgs/msg/detail/vehicle_magnetometer__struct.hpp\n'}
[1.630574] (px4_msgs) StdoutLine: {'line': b'-- Up-to-date: /home/rudra/custom_flightmode/install/px4_msgs/include/px4_msgs/px4_msgs/msg/detail/dataman_response__traits.hpp\n'}
[1.630638] (px4_msgs) StdoutLine: {'line': b'-- Up-to-date: /home/rudra/custom_flightmode/install/px4_msgs/include/px4_msgs/px4_msgs/msg/detail/differential_pressure__traits.hpp\n'}
[1.630716] (px4_msgs) StdoutLine: {'line': b'-- Up-to-date: /home/rudra/custom_flightmode/install/px4_msgs/include/px4_msgs/px4_msgs/msg/detail/power_monitor__type_support.hpp\n'}
[1.630793] (px4_msgs) StdoutLine: {'line': b'-- Up-to-date: /home/rudra/custom_flightmode/install/px4_msgs/include/px4_msgs/px4_msgs/msg/detail/estimator_bias__traits.hpp\n'}
[1.630868] (px4_msgs) StdoutLine: {'line': b'-- Up-to-date: /home/rudra/custom_flightmode/install/px4_msgs/include/px4_msgs/px4_msgs/msg/detail/landing_gear__type_support.hpp\n'}
[1.630942] (px4_msgs) StdoutLine: {'line': b'-- Up-to-date: /home/rudra/custom_flightmode/install/px4_msgs/include/px4_msgs/px4_msgs/msg/detail/dataman_response__builder.hpp\n'}
[1.631015] (px4_msgs) StdoutLine: {'line': b'-- Up-to-date: /home/rudra/custom_flightmode/install/px4_msgs/include/px4_msgs/px4_msgs/msg/detail/navigator_mission_item__struct.hpp\n'}
[1.631089] (px4_msgs) StdoutLine: {'line': b'-- Up-to-date: /home/rudra/custom_flightmode/install/px4_msgs/include/px4_msgs/px4_msgs/msg/detail/debug_key_value__builder.hpp\n'}
[1.631162] (px4_msgs) StdoutLine: {'line': b'-- Up-to-date: /home/rudra/custom_flightmode/install/px4_msgs/include/px4_msgs/px4_msgs/msg/detail/gimbal_device_attitude_status__struct.hpp\n'}
[1.631245] (px4_msgs) StdoutLine: {'line': b'-- Up-to-date: /home/rudra/custom_flightmode/install/px4_msgs/include/px4_msgs/px4_msgs/msg/detail/logger_status__traits.hpp\n'}
[1.631326] (px4_msgs) StdoutLine: {'line': b'-- Up-to-date: /home/rudra/custom_flightmode/install/px4_msgs/include/px4_msgs/px4_msgs/msg/detail/vehicle_global_position__type_support.hpp\n'}
[1.631402] (px4_msgs) StdoutLine: {'line': b'-- Up-to-date: /home/rudra/custom_flightmode/install/px4_msgs/include/px4_msgs/px4_msgs/msg/detail/actuator_armed__struct.hpp\n'}
[1.631481] (px4_msgs) StdoutLine: {'line': b'-- Up-to-date: /home/rudra/custom_flightmode/install/px4_msgs/include/px4_msgs/px4_msgs/msg/detail/follow_target__type_support.hpp\n'}
[1.631569] (px4_msgs) StdoutLine: {'line': b'-- Up-to-date: /home/rudra/custom_flightmode/install/px4_msgs/include/px4_msgs/px4_msgs/msg/detail/esc_eeprom_read__struct.hpp\n'}
[1.631658] (px4_msgs) StdoutLine: {'line': b'-- Up-to-date: /home/rudra/custom_flightmode/install/px4_msgs/include/px4_msgs/px4_msgs/msg/detail/position_setpoint__struct.hpp\n'}
[1.631734] (px4_msgs) StdoutLine: {'line': b'-- Up-to-date: /home/rudra/custom_flightmode/install/px4_msgs/include/px4_msgs/px4_msgs/msg/detail/gimbal_manager_status__builder.hpp\n'}
[1.631808] (px4_msgs) StdoutLine: {'line': b'-- Up-to-date: /home/rudra/custom_flightmode/install/px4_msgs/include/px4_msgs/px4_msgs/msg/detail/rover_steering_setpoint__type_support.hpp\n'}
[1.631882] (px4_msgs) StdoutLine: {'line': b'-- Up-to-date: /home/rudra/custom_flightmode/install/px4_msgs/include/px4_msgs/px4_msgs/msg/detail/rpm__type_support.hpp\n'}
[1.631955] (px4_msgs) StdoutLine: {'line': b'-- Up-to-date: /home/rudra/custom_flightmode/install/px4_msgs/include/px4_msgs/px4_msgs/msg/detail/vehicle_command_ack__traits.hpp\n'}
[1.632029] (px4_msgs) StdoutLine: {'line': b'-- Up-to-date: /home/rudra/custom_flightmode/install/px4_msgs/include/px4_msgs/px4_msgs/msg/detail/vehicle_local_position_setpoint__struct.hpp\n'}
[1.632103] (px4_msgs) StdoutLine: {'line': b'-- Up-to-date: /home/rudra/custom_flightmode/install/px4_msgs/include/px4_msgs/px4_msgs/msg/detail/airspeed_wind__traits.hpp\n'}
[1.632177] (px4_msgs) StdoutLine: {'line': b'-- Up-to-date: /home/rudra/custom_flightmode/install/px4_msgs/include/px4_msgs/px4_msgs/msg/detail/sensor_optical_flow__traits.hpp\n'}
[1.632241] (px4_msgs) StdoutLine: {'line': b'-- Up-to-date: /home/rudra/custom_flightmode/install/px4_msgs/include/px4_msgs/px4_msgs/msg/detail/raptor_status__builder.hpp\n'}
[1.632298] (px4_msgs) StdoutLine: {'line': b'-- Up-to-date: /home/rudra/custom_flightmode/install/px4_msgs/include/px4_msgs/px4_msgs/msg/detail/failure_detector_status__traits.hpp\n'}
[1.632352] (px4_msgs) StdoutLine: {'line': b'-- Up-to-date: /home/rudra/custom_flightmode/install/px4_msgs/include/px4_msgs/px4_msgs/msg/detail/actuator_motors__builder.hpp\n'}
[1.632405] (px4_msgs) StdoutLine: {'line': b'-- Up-to-date: /home/rudra/custom_flightmode/install/px4_msgs/include/px4_msgs/px4_msgs/msg/detail/ulog_stream__builder.hpp\n'}
[1.632460] (px4_msgs) StdoutLine: {'line': b'-- Up-to-date: /home/rudra/custom_flightmode/install/px4_msgs/include/px4_msgs/px4_msgs/msg/detail/dataman_response__type_support.hpp\n'}
[1.632528] (px4_msgs) StdoutLine: {'line': b'-- Up-to-date: /home/rudra/custom_flightmode/install/px4_msgs/include/px4_msgs/px4_msgs/msg/detail/tecs_status__traits.hpp\n'}
[1.632601] (px4_msgs) StdoutLine: {'line': b'-- Up-to-date: /home/rudra/custom_flightmode/install/px4_msgs/include/px4_msgs/px4_msgs/msg/detail/mavlink_log__traits.hpp\n'}
[1.632667] (px4_msgs) StdoutLine: {'line': b'-- Up-to-date: /home/rudra/custom_flightmode/install/px4_msgs/include/px4_msgs/px4_msgs/msg/detail/mission__type_support.hpp\n'}
[1.632739] (px4_msgs) StdoutLine: {'line': b'-- Up-to-date: /home/rudra/custom_flightmode/install/px4_msgs/include/px4_msgs/px4_msgs/msg/detail/gimbal_device_set_attitude__builder.hpp\n'}
[1.632808] (px4_msgs) StdoutLine: {'line': b'-- Up-to-date: /home/rudra/custom_flightmode/install/px4_msgs/include/px4_msgs/px4_msgs/msg/detail/landing_target_pose__struct.hpp\n'}
[1.632860] (px4_msgs) StdoutLine: {'line': b'-- Up-to-date: /home/rudra/custom_flightmode/install/px4_msgs/include/px4_msgs/px4_msgs/msg/detail/target_gnss__type_support.hpp\n'}
[1.632903] (px4_msgs) StdoutLine: {'line': b'-- Up-to-date: /home/rudra/custom_flightmode/install/px4_msgs/include/px4_msgs/px4_msgs/msg/detail/tecs_status__struct.hpp\n'}
[1.632944] (px4_msgs) StdoutLine: {'line': b'-- Up-to-date: /home/rudra/custom_flightmode/install/px4_msgs/include/px4_msgs/px4_msgs/msg/detail/estimator_aid_source1d__builder.hpp\n'}
[1.632985] (px4_msgs) StdoutLine: {'line': b'-- Up-to-date: /home/rudra/custom_flightmode/install/px4_msgs/include/px4_msgs/px4_msgs/msg/detail/button_event__builder.hpp\n'}
[1.633024] (px4_msgs) StdoutLine: {'line': b'-- Up-to-date: /home/rudra/custom_flightmode/install/px4_msgs/include/px4_msgs/px4_msgs/msg/detail/power_monitor__builder.hpp\n'}
[1.633063] (px4_msgs) StdoutLine: {'line': b'-- Up-to-date: /home/rudra/custom_flightmode/install/px4_msgs/include/px4_msgs/px4_msgs/msg/detail/parameter_reset_request__type_support.hpp\n'}
[1.633102] (px4_msgs) StdoutLine: {'line': b'-- Up-to-date: /home/rudra/custom_flightmode/install/px4_msgs/include/px4_msgs/px4_msgs/msg/detail/esc_eeprom_write__type_support.hpp\n'}
[1.633141] (px4_msgs) StdoutLine: {'line': b'-- Up-to-date: /home/rudra/custom_flightmode/install/px4_msgs/include/px4_msgs/px4_msgs/msg/detail/gps_dump__type_support.hpp\n'}
[1.633181] (px4_msgs) StdoutLine: {'line': b'-- Up-to-date: /home/rudra/custom_flightmode/install/px4_msgs/include/px4_msgs/px4_msgs/msg/detail/tune_control__builder.hpp\n'}
[1.633221] (px4_msgs) StdoutLine: {'line': b'-- Up-to-date: /home/rudra/custom_flightmode/install/px4_msgs/include/px4_msgs/px4_msgs/msg/detail/tiltrotor_extra_controls__type_support.hpp\n'}
[1.633260] (px4_msgs) StdoutLine: {'line': b'-- Up-to-date: /home/rudra/custom_flightmode/install/px4_msgs/include/px4_msgs/px4_msgs/msg/detail/gimbal_device_information__builder.hpp\n'}
[1.633299] (px4_msgs) StdoutLine: {'line': b'-- Up-to-date: /home/rudra/custom_flightmode/install/px4_msgs/include/px4_msgs/px4_msgs/msg/detail/vte_aid_source3d__type_support.hpp\n'}
[1.633337] (px4_msgs) StdoutLine: {'line': b'-- Up-to-date: /home/rudra/custom_flightmode/install/px4_msgs/include/px4_msgs/px4_msgs/msg/detail/action_request__builder.hpp\n'}
[1.633384] (px4_msgs) StdoutLine: {'line': b'-- Up-to-date: /home/rudra/custom_flightmode/install/px4_msgs/include/px4_msgs/px4_msgs/msg/detail/distance_sensor__traits.hpp\n'}
[1.633424] (px4_msgs) StdoutLine: {'line': b'-- Up-to-date: /home/rudra/custom_flightmode/install/px4_msgs/include/px4_msgs/px4_msgs/msg/detail/esc_eeprom_read__builder.hpp\n'}
[1.633463] (px4_msgs) StdoutLine: {'line': b'-- Up-to-date: /home/rudra/custom_flightmode/install/px4_msgs/include/px4_msgs/px4_msgs/msg/detail/arming_check_reply__type_support.hpp\n'}
[1.633597] (px4_msgs) StdoutLine: {'line': b'-- Up-to-date: /home/rudra/custom_flightmode/install/px4_msgs/include/px4_msgs/px4_msgs/msg/detail/follow_target_status__struct.hpp\n'}
[1.633667] (px4_msgs) StdoutLine: {'line': b'-- Up-to-date: /home/rudra/custom_flightmode/install/px4_msgs/include/px4_msgs/px4_msgs/msg/detail/qshell_retval__type_support.hpp\n'}
[1.633729] (px4_msgs) StdoutLine: {'line': b'-- Up-to-date: /home/rudra/custom_flightmode/install/px4_msgs/include/px4_msgs/px4_msgs/msg/detail/detect_and_avoid_most_urgent__struct.hpp\n'}
[1.633785] (px4_msgs) StdoutLine: {'line': b'-- Up-to-date: /home/rudra/custom_flightmode/install/px4_msgs/include/px4_msgs/px4_msgs/msg/detail/estimator_status__traits.hpp\n'}
[1.633838] (px4_msgs) StdoutLine: {'line': b'-- Up-to-date: /home/rudra/custom_flightmode/install/px4_msgs/include/px4_msgs/px4_msgs/msg/detail/fixed_wing_lateral_setpoint__traits.hpp\n'}
[1.633893] (px4_msgs) StdoutLine: {'line': b'-- Up-to-date: /home/rudra/custom_flightmode/install/px4_msgs/include/px4_msgs/px4_msgs/msg/detail/landing_gear__builder.hpp\n'}
[1.633945] (px4_msgs) StdoutLine: {'line': b'-- Up-to-date: /home/rudra/custom_flightmode/install/px4_msgs/include/px4_msgs/px4_msgs/msg/detail/generator_status__type_support.hpp\n'}
[1.634008] (px4_msgs) StdoutLine: {'line': b'-- Up-to-date: /home/rudra/custom_flightmode/install/px4_msgs/include/px4_msgs/px4_msgs/msg/detail/vehicle_command_ack__builder.hpp\n'}
[1.634061] (px4_msgs) StdoutLine: {'line': b'-- Up-to-date: /home/rudra/custom_flightmode/install/px4_msgs/include/px4_msgs/px4_msgs/msg/detail/fixed_wing_longitudinal_setpoint__struct.hpp\n'}
[1.634117] (px4_msgs) StdoutLine: {'line': b'-- Up-to-date: /home/rudra/custom_flightmode/install/px4_msgs/include/px4_msgs/px4_msgs/msg/detail/follow_target__struct.hpp\n'}
[1.634168] (px4_msgs) StdoutLine: {'line': b'-- Up-to-date: /home/rudra/custom_flightmode/install/px4_msgs/include/px4_msgs/px4_msgs/msg/detail/manual_control_switches__traits.hpp\n'}
[1.634219] (px4_msgs) StdoutLine: {'line': b'-- Up-to-date: /home/rudra/custom_flightmode/install/px4_msgs/include/px4_msgs/px4_msgs/msg/detail/position_setpoint__builder.hpp\n'}
[1.634275] (px4_msgs) StdoutLine: {'line': b'-- Up-to-date: /home/rudra/custom_flightmode/install/px4_msgs/include/px4_msgs/px4_msgs/msg/detail/failsafe_flags__builder.hpp\n'}
[1.634326] (px4_msgs) StdoutLine: {'line': b'-- Up-to-date: /home/rudra/custom_flightmode/install/px4_msgs/include/px4_msgs/px4_msgs/msg/detail/trajectory_setpoint__builder.hpp\n'}
[1.634381] (px4_msgs) StdoutLine: {'line': b'-- Up-to-date: /home/rudra/custom_flightmode/install/px4_msgs/include/px4_msgs/px4_msgs/msg/detail/debug_array__type_support.hpp\n'}
[1.634431] (px4_msgs) StdoutLine: {'line': b'-- Up-to-date: /home/rudra/custom_flightmode/install/px4_msgs/include/px4_msgs/px4_msgs/msg/detail/rc_parameter_map__type_support.hpp\n'}
[1.634495] (px4_msgs) StdoutLine: {'line': b'-- Up-to-date: /home/rudra/custom_flightmode/install/px4_msgs/include/px4_msgs/px4_msgs/msg/detail/rpm__traits.hpp\n'}
[1.634585] (px4_msgs) StdoutLine: {'line': b'-- Up-to-date: /home/rudra/custom_flightmode/install/px4_msgs/include/px4_msgs/px4_msgs/msg/detail/estimator_event_flags__traits.hpp\n'}
[1.634669] (px4_msgs) StdoutLine: {'line': b'-- Up-to-date: /home/rudra/custom_flightmode/install/px4_msgs/include/px4_msgs/px4_msgs/msg/detail/ulog_stream__type_support.hpp\n'}
[1.634749] (px4_msgs) StdoutLine: {'line': b'-- Up-to-date: /home/rudra/custom_flightmode/install/px4_msgs/include/px4_msgs/px4_msgs/msg/detail/estimator_aid_source2d__traits.hpp\n'}
[1.634819] (px4_msgs) StdoutLine: {'line': b'-- Up-to-date: /home/rudra/custom_flightmode/install/px4_msgs/include/px4_msgs/px4_msgs/msg/detail/mission_result__traits.hpp\n'}
[1.634885] (px4_msgs) StdoutLine: {'line': b'-- Up-to-date: /home/rudra/custom_flightmode/install/px4_msgs/include/px4_msgs/px4_msgs/msg/detail/sensor_temp__type_support.hpp\n'}
[1.634962] (px4_msgs) StdoutLine: {'line': b'-- Up-to-date: /home/rudra/custom_flightmode/install/px4_msgs/include/px4_msgs/px4_msgs/msg/detail/tiltrotor_extra_controls__traits.hpp\n'}
[1.635037] (px4_msgs) StdoutLine: {'line': b'-- Up-to-date: /home/rudra/custom_flightmode/install/px4_msgs/include/px4_msgs/px4_msgs/msg/detail/failure_injection__traits.hpp\n'}
[1.635113] (px4_msgs) StdoutLine: {'line': b'-- Up-to-date: /home/rudra/custom_flightmode/install/px4_msgs/include/px4_msgs/px4_msgs/msg/detail/gimbal_controls__struct.hpp\n'}
[1.635182] (px4_msgs) StdoutLine: {'line': b'-- Up-to-date: /home/rudra/custom_flightmode/install/px4_msgs/include/px4_msgs/px4_msgs/msg/detail/rtl_time_estimate__struct.hpp\n'}
[1.635253] (px4_msgs) StdoutLine: {'line': b'-- Up-to-date: /home/rudra/custom_flightmode/install/px4_msgs/include/px4_msgs/px4_msgs/msg/detail/power_button_state__struct.hpp\n'}
[1.635322] (px4_msgs) StdoutLine: {'line': b'-- Up-to-date: /home/rudra/custom_flightmode/install/px4_msgs/include/px4_msgs/px4_msgs/msg/detail/uavcan_parameter_value__type_support.hpp\n'}
[1.635405] (px4_msgs) StdoutLine: {'line': b'-- Up-to-date: /home/rudra/custom_flightmode/install/px4_msgs/include/px4_msgs/px4_msgs/msg/detail/sensor_baro__builder.hpp\n'}
[1.635477] (px4_msgs) StdoutLine: {'line': b'-- Up-to-date: /home/rudra/custom_flightmode/install/px4_msgs/include/px4_msgs/px4_msgs/msg/detail/home_position__traits.hpp\n'}
[1.635559] (px4_msgs) StdoutLine: {'line': b'-- Up-to-date: /home/rudra/custom_flightmode/install/px4_msgs/include/px4_msgs/px4_msgs/msg/detail/cellular_status__struct.hpp\n'}
[1.635630] (px4_msgs) StdoutLine: {'line': b'-- Up-to-date: /home/rudra/custom_flightmode/install/px4_msgs/include/px4_msgs/px4_msgs/msg/detail/px4io_status__builder.hpp\n'}
[1.635698] (px4_msgs) StdoutLine: {'line': b'-- Up-to-date: /home/rudra/custom_flightmode/install/px4_msgs/include/px4_msgs/px4_msgs/msg/detail/vehicle_command_ack__type_support.hpp\n'}
[1.635770] (px4_msgs) StdoutLine: {'line': b'-- Up-to-date: /home/rudra/custom_flightmode/install/px4_msgs/include/px4_msgs/px4_msgs/msg/sensor_gnss_relative.hpp\n'}
[1.635839] (px4_msgs) StdoutLine: {'line': b'-- Up-to-date: /home/rudra/custom_flightmode/install/px4_msgs/include/px4_msgs/px4_msgs/msg/fixed_wing_lateral_setpoint.hpp\n'}
[1.635909] (px4_msgs) StdoutLine: {'line': b'-- Up-to-date: /home/rudra/custom_flightmode/install/px4_msgs/include/px4_msgs/px4_msgs/msg/cellular_status.hpp\n'}
[1.635979] (px4_msgs) StdoutLine: {'line': b'-- Up-to-date: /home/rudra/custom_flightmode/install/px4_msgs/include/px4_msgs/px4_msgs/msg/rtl_time_estimate.hpp\n'}
[1.636052] (px4_msgs) StdoutLine: {'line': b'-- Up-to-date: /home/rudra/custom_flightmode/install/px4_msgs/include/px4_msgs/px4_msgs/msg/orb_test.hpp\n'}
[1.636122] (px4_msgs) StdoutLine: {'line': b'-- Up-to-date: /home/rudra/custom_flightmode/install/px4_msgs/include/px4_msgs/px4_msgs/msg/button_event.hpp\n'}
[1.636200] (px4_msgs) StdoutLine: {'line': b'-- Up-to-date: /home/rudra/custom_flightmode/install/px4_msgs/include/px4_msgs/px4_msgs/msg/vehicle_status.hpp\n'}
[1.636268] (px4_msgs) StdoutLine: {'line': b'-- Up-to-date: /home/rudra/custom_flightmode/install/px4_msgs/include/px4_msgs/px4_msgs/msg/actuator_outputs.hpp\n'}
[1.636334] (px4_msgs) StdoutLine: {'line': b'-- Up-to-date: /home/rudra/custom_flightmode/install/px4_msgs/include/px4_msgs/px4_msgs/msg/follow_target.hpp\n'}
[1.636398] (px4_msgs) StdoutLine: {'line': b'-- Up-to-date: /home/rudra/custom_flightmode/install/px4_msgs/include/px4_msgs/px4_msgs/msg/estimator_status_flags.hpp\n'}
[1.636461] (px4_msgs) StdoutLine: {'line': b'-- Up-to-date: /home/rudra/custom_flightmode/install/px4_msgs/include/px4_msgs/px4_msgs/msg/rover_rate_status.hpp\n'}
[1.636540] (px4_msgs) StdoutLine: {'line': b'-- Up-to-date: /home/rudra/custom_flightmode/install/px4_msgs/include/px4_msgs/px4_msgs/msg/sensor_gyro_fifo.hpp\n'}
[1.636608] (px4_msgs) StdoutLine: {'line': b'-- Up-to-date: /home/rudra/custom_flightmode/install/px4_msgs/include/px4_msgs/px4_msgs/msg/open_drone_id_basic_id.hpp\n'}
[1.636674] (px4_msgs) StdoutLine: {'line': b'-- Up-to-date: /home/rudra/custom_flightmode/install/px4_msgs/include/px4_msgs/px4_msgs/msg/vehicle_acceleration.hpp\n'}
[1.636741] (px4_msgs) StdoutLine: {'line': b'-- Up-to-date: /home/rudra/custom_flightmode/install/px4_msgs/include/px4_msgs/px4_msgs/msg/fixed_wing_runway_control.hpp\n'}
[1.636807] (px4_msgs) StdoutLine: {'line': b'-- Up-to-date: /home/rudra/custom_flightmode/install/px4_msgs/include/px4_msgs/px4_msgs/msg/rtcm_data.hpp\n'}
[1.636866] (px4_msgs) StdoutLine: {'line': b'-- Up-to-date: /home/rudra/custom_flightmode/install/px4_msgs/include/px4_msgs/px4_msgs/msg/estimator_event_flags.hpp\n'}
[1.636929] (px4_msgs) StdoutLine: {'line': b'-- Up-to-date: /home/rudra/custom_flightmode/install/px4_msgs/include/px4_msgs/px4_msgs/msg/geofence_status.hpp\n'}
[1.636989] (px4_msgs) StdoutLine: {'line': b'-- Up-to-date: /home/rudra/custom_flightmode/install/px4_msgs/include/px4_msgs/px4_msgs/msg/vte_bias_init_status.hpp\n'}
[1.637049] (px4_msgs) StdoutLine: {'line': b'-- Up-to-date: /home/rudra/custom_flightmode/install/px4_msgs/include/px4_msgs/px4_msgs/msg/estimator_bias.hpp\n'}
[1.637097] (px4_msgs) StdoutLine: {'line': b'-- Up-to-date: /home/rudra/custom_flightmode/install/px4_msgs/include/px4_msgs/px4_msgs/msg/gpio_config.hpp\n'}
[1.637138] (px4_msgs) StdoutLine: {'line': b'-- Up-to-date: /home/rudra/custom_flightmode/install/px4_msgs/include/px4_msgs/px4_msgs/msg/vtx.hpp\n'}
[1.637189] (px4_msgs) StdoutLine: {'line': b'-- Up-to-date: /home/rudra/custom_flightmode/install/px4_msgs/include/px4_msgs/px4_msgs/msg/led_control.hpp\n'}
[1.637230] (px4_msgs) StdoutLine: {'line': b'-- Up-to-date: /home/rudra/custom_flightmode/install/px4_msgs/include/px4_msgs/px4_msgs/msg/vehicle_imu.hpp\n'}
[1.637270] (px4_msgs) StdoutLine: {'line': b'-- Up-to-date: /home/rudra/custom_flightmode/install/px4_msgs/include/px4_msgs/px4_msgs/msg/vehicle_command_ack.hpp\n'}
[1.637310] (px4_msgs) StdoutLine: {'line': b'-- Up-to-date: /home/rudra/custom_flightmode/install/px4_msgs/include/px4_msgs/px4_msgs/msg/gimbal_manager_set_attitude.hpp\n'}
[1.637350] (px4_msgs) StdoutLine: {'line': b'-- Up-to-date: /home/rudra/custom_flightmode/install/px4_msgs/include/px4_msgs/px4_msgs/msg/sensor_selection.hpp\n'}
[1.637390] (px4_msgs) StdoutLine: {'line': b'-- Up-to-date: /home/rudra/custom_flightmode/install/px4_msgs/include/px4_msgs/px4_msgs/msg/uavcan_parameter_value.hpp\n'}
[1.637430] (px4_msgs) StdoutLine: {'line': b'-- Up-to-date: /home/rudra/custom_flightmode/install/px4_msgs/include/px4_msgs/px4_msgs/msg/sensor_preflight_mag.hpp\n'}
[1.637482] (px4_msgs) StdoutLine: {'line': b'-- Up-to-date: /home/rudra/custom_flightmode/install/px4_msgs/include/px4_msgs/px4_msgs/msg/mount_orientation.hpp\n'}
[1.637533] (px4_msgs) StdoutLine: {'line': b'-- Up-to-date: /home/rudra/custom_flightmode/install/px4_msgs/include/px4_msgs/px4_msgs/msg/esc_report.hpp\n'}
[1.637584] (px4_msgs) StdoutLine: {'line': b'-- Up-to-date: /home/rudra/custom_flightmode/install/px4_msgs/include/px4_msgs/px4_msgs/msg/rosidl_generator_cpp__visibility_control.hpp\n'}
[1.637626] (px4_msgs) StdoutLine: {'line': b'-- Up-to-date: /home/rudra/custom_flightmode/install/px4_msgs/include/px4_msgs/px4_msgs/msg/telemetry_status.hpp\n'}
[1.637667] (px4_msgs) StdoutLine: {'line': b'-- Up-to-date: /home/rudra/custom_flightmode/install/px4_msgs/include/px4_msgs/px4_msgs/msg/lateral_control_configuration.hpp\n'}
[1.637708] (px4_msgs) StdoutLine: {'line': b'-- Up-to-date: /home/rudra/custom_flightmode/install/px4_msgs/include/px4_msgs/px4_msgs/msg/autotune_attitude_control_status.hpp\n'}
[1.637749] (px4_msgs) StdoutLine: {'line': b'-- Up-to-date: /home/rudra/custom_flightmode/install/px4_msgs/include/px4_msgs/px4_msgs/msg/vehicle_roi.hpp\n'}
[1.637788] (px4_msgs) StdoutLine: {'line': b'-- Up-to-date: /home/rudra/custom_flightmode/install/px4_msgs/include/px4_msgs/px4_msgs/msg/target_gnss.hpp\n'}
[1.637826] (px4_msgs) StdoutLine: {'line': b'-- Up-to-date: /home/rudra/custom_flightmode/install/px4_msgs/include/px4_msgs/px4_msgs/msg/airspeed.hpp\n'}
[1.637867] (px4_msgs) StdoutLine: {'line': b'-- Up-to-date: /home/rudra/custom_flightmode/install/px4_msgs/include/px4_msgs/px4_msgs/msg/trajectory_setpoint6dof.hpp\n'}
[1.637913] (px4_msgs) StdoutLine: {'line': b'-- Up-to-date: /home/rudra/custom_flightmode/install/px4_msgs/include/px4_msgs/px4_msgs/msg/position_setpoint_triplet.hpp\n'}
[1.637953] (px4_msgs) StdoutLine: {'line': b'-- Up-to-date: /home/rudra/custom_flightmode/install/px4_msgs/include/px4_msgs/px4_msgs/msg/parameter_set_used_request.hpp\n'}
[1.637992] (px4_msgs) StdoutLine: {'line': b'-- Up-to-date: /home/rudra/custom_flightmode/install/px4_msgs/include/px4_msgs/px4_msgs/msg/landing_gear_wheel.hpp\n'}
[1.638032] (px4_msgs) StdoutLine: {'line': b'-- Up-to-date: /home/rudra/custom_flightmode/install/px4_msgs/include/px4_msgs/px4_msgs/msg/yaw_estimator_status.hpp\n'}
[1.638072] (px4_msgs) StdoutLine: {'line': b'-- Up-to-date: /home/rudra/custom_flightmode/install/px4_msgs/include/px4_msgs/px4_msgs/msg/offboard_control_mode.hpp\n'}
[1.638111] (px4_msgs) StdoutLine: {'line': b'-- Up-to-date: /home/rudra/custom_flightmode/install/px4_msgs/include/px4_msgs/px4_msgs/msg/vehicle_command.hpp\n'}
[1.638149] (px4_msgs) StdoutLine: {'line': b'-- Up-to-date: /home/rudra/custom_flightmode/install/px4_msgs/include/px4_msgs/px4_msgs/msg/estimator_sensor_bias.hpp\n'}
[1.638188] (px4_msgs) StdoutLine: {'line': b'-- Up-to-date: /home/rudra/custom_flightmode/install/px4_msgs/include/px4_msgs/px4_msgs/msg/esc_eeprom_write.hpp\n'}
[1.638231] (px4_msgs) StdoutLine: {'line': b'-- Up-to-date: /home/rudra/custom_flightmode/install/px4_msgs/include/px4_msgs/px4_msgs/msg/health_report.hpp\n'}
[1.638270] (px4_msgs) StdoutLine: {'line': b'-- Up-to-date: /home/rudra/custom_flightmode/install/px4_msgs/include/px4_msgs/px4_msgs/msg/adc_report.hpp\n'}
[1.638309] (px4_msgs) StdoutLine: {'line': b'-- Up-to-date: /home/rudra/custom_flightmode/install/px4_msgs/include/px4_msgs/px4_msgs/msg/rpm.hpp\n'}
[1.638347] (px4_msgs) StdoutLine: {'line': b'-- Up-to-date: /home/rudra/custom_flightmode/install/px4_msgs/include/px4_msgs/px4_msgs/msg/sensors_status_imu.hpp\n'}
[1.638388] (px4_msgs) StdoutLine: {'line': b'-- Up-to-date: /home/rudra/custom_flightmode/install/px4_msgs/include/px4_msgs/px4_msgs/msg/vehicle_constraints.hpp\n'}
[1.638427] (px4_msgs) StdoutLine: {'line': b'-- Up-to-date: /home/rudra/custom_flightmode/install/px4_msgs/include/px4_msgs/px4_msgs/msg/action_request.hpp\n'}
[1.638474] (px4_msgs) StdoutLine: {'line': b'-- Up-to-date: /home/rudra/custom_flightmode/install/px4_msgs/include/px4_msgs/px4_msgs/msg/ekf2_timestamps.hpp\n'}
[1.638528] (px4_msgs) StdoutLine: {'line': b'-- Up-to-date: /home/rudra/custom_flightmode/install/px4_msgs/include/px4_msgs/px4_msgs/msg/differential_pressure.hpp\n'}
[1.638570] (px4_msgs) StdoutLine: {'line': b'-- Up-to-date: /home/rudra/custom_flightmode/install/px4_msgs/include/px4_msgs/px4_msgs/msg/manual_control_setpoint.hpp\n'}
[1.638610] (px4_msgs) StdoutLine: {'line': b'-- Up-to-date: /home/rudra/custom_flightmode/install/px4_msgs/include/px4_msgs/px4_msgs/msg/velocity_limits.hpp\n'}
[1.638649] (px4_msgs) StdoutLine: {'line': b'-- Up-to-date: /home/rudra/custom_flightmode/install/px4_msgs/include/px4_msgs/px4_msgs/msg/debug_array.hpp\n'}
[1.638690] (px4_msgs) StdoutLine: {'line': b'-- Up-to-date: /home/rudra/custom_flightmode/install/px4_msgs/include/px4_msgs/px4_msgs/msg/radio_status.hpp\n'}
[1.638730] (px4_msgs) StdoutLine: {'line': b'-- Up-to-date: /home/rudra/custom_flightmode/install/px4_msgs/include/px4_msgs/px4_msgs\n'}
[1.638770] (px4_msgs) StdoutLine: {'line': b'-- Up-to-date: /home/rudra/custom_flightmode/install/px4_msgs/include/px4_msgs/px4_msgs/srv\n'}
[1.638809] (px4_msgs) StdoutLine: {'line': b'-- Up-to-date: /home/rudra/custom_flightmode/install/px4_msgs/include/px4_msgs/px4_msgs/srv/detail\n'}
[1.638847] (px4_msgs) StdoutLine: {'line': b'-- Up-to-date: /home/rudra/custom_flightmode/install/px4_msgs/include/px4_msgs/px4_msgs/srv/detail/vehicle_command__rosidl_typesupport_fastrtps_cpp.hpp\n'}
[1.638886] (px4_msgs) StdoutLine: {'line': b'-- Up-to-date: /home/rudra/custom_flightmode/install/px4_msgs/include/px4_msgs/px4_msgs/srv/detail/dds_fastrtps\n'}
[1.638924] (px4_msgs) StdoutLine: {'line': b'-- Up-to-date: /home/rudra/custom_flightmode/install/px4_msgs/include/px4_msgs/px4_msgs/msg\n'}
[1.638962] (px4_msgs) StdoutLine: {'line': b'-- Up-to-date: /home/rudra/custom_flightmode/install/px4_msgs/include/px4_msgs/px4_msgs/msg/detail\n'}
[1.639001] (px4_msgs) StdoutLine: {'line': b'-- Up-to-date: /home/rudra/custom_flightmode/install/px4_msgs/include/px4_msgs/px4_msgs/msg/detail/vehicle_command__rosidl_typesupport_fastrtps_cpp.hpp\n'}
[1.639048] (px4_msgs) StdoutLine: {'line': b'-- Up-to-date: /home/rudra/custom_flightmode/install/px4_msgs/include/px4_msgs/px4_msgs/msg/detail/estimator_aid_source2d__rosidl_typesupport_fastrtps_cpp.hpp\n'}
[1.639089] (px4_msgs) StdoutLine: {'line': b'-- Up-to-date: /home/rudra/custom_flightmode/install/px4_msgs/include/px4_msgs/px4_msgs/msg/detail/vehicle_thrust_setpoint__rosidl_typesupport_fastrtps_cpp.hpp\n'}
[1.639131] (px4_msgs) StdoutLine: {'line': b'-- Up-to-date: /home/rudra/custom_flightmode/install/px4_msgs/include/px4_msgs/px4_msgs/msg/detail/fixed_wing_lateral_setpoint__rosidl_typesupport_fastrtps_cpp.hpp\n'}
[1.639173] (px4_msgs) StdoutLine: {'line': b'-- Up-to-date: /home/rudra/custom_flightmode/install/px4_msgs/include/px4_msgs/px4_msgs/msg/detail/sensor_gps__rosidl_typesupport_fastrtps_cpp.hpp\n'}
[1.639221] (px4_msgs) StdoutLine: {'line': b'-- Up-to-date: /home/rudra/custom_flightmode/install/px4_msgs/include/px4_msgs/px4_msgs/msg/detail/system_power__rosidl_typesupport_fastrtps_cpp.hpp\n'}
[1.639262] (px4_msgs) StdoutLine: {'line': b'-- Up-to-date: /home/rudra/custom_flightmode/install/px4_msgs/include/px4_msgs/px4_msgs/msg/detail/vte_position__rosidl_typesupport_fastrtps_cpp.hpp\n'}
[1.639302] (px4_msgs) StdoutLine: {'line': b'-- Up-to-date: /home/rudra/custom_flightmode/install/px4_msgs/include/px4_msgs/px4_msgs/msg/detail/parameter_update__rosidl_typesupport_fastrtps_cpp.hpp\n'}
[1.639342] (px4_msgs) StdoutLine: {'line': b'-- Up-to-date: /home/rudra/custom_flightmode/install/px4_msgs/include/px4_msgs/px4_msgs/msg/detail/gimbal_manager_status__rosidl_typesupport_fastrtps_cpp.hpp\n'}
[1.639382] (px4_msgs) StdoutLine: {'line': b'-- Up-to-date: /home/rudra/custom_flightmode/install/px4_msgs/include/px4_msgs/px4_msgs/msg/detail/lateral_control_configuration__rosidl_typesupport_fastrtps_cpp.hpp\n'}
[1.639422] (px4_msgs) StdoutLine: {'line': b'-- Up-to-date: /home/rudra/custom_flightmode/install/px4_msgs/include/px4_msgs/px4_msgs/msg/detail/gimbal_manager_set_manual_control__rosidl_typesupport_fastrtps_cpp.hpp\n'}
[1.639462] (px4_msgs) StdoutLine: {'line': b'-- Up-to-date: /home/rudra/custom_flightmode/install/px4_msgs/include/px4_msgs/px4_msgs/msg/detail/fiducial_marker_yaw_report__rosidl_typesupport_fastrtps_cpp.hpp\n'}
[1.639521] (px4_msgs) StdoutLine: {'line': b'-- Up-to-date: /home/rudra/custom_flightmode/install/px4_msgs/include/px4_msgs/px4_msgs/msg/detail/debug_array__rosidl_typesupport_fastrtps_cpp.hpp\n'}
[1.639564] (px4_msgs) StdoutLine: {'line': b'-- Up-to-date: /home/rudra/custom_flightmode/install/px4_msgs/include/px4_msgs/px4_msgs/msg/detail/parameter_set_value_response__rosidl_typesupport_fastrtps_cpp.hpp\n'}
[1.639604] (px4_msgs) StdoutLine: {'line': b'-- Up-to-date: /home/rudra/custom_flightmode/install/px4_msgs/include/px4_msgs/px4_msgs/msg/detail/magnetometer_bias_estimate__rosidl_typesupport_fastrtps_cpp.hpp\n'}
[1.639644] (px4_msgs) StdoutLine: {'line': b'-- Up-to-date: /home/rudra/custom_flightmode/install/px4_msgs/include/px4_msgs/px4_msgs/msg/detail/vte_aid_source1d__rosidl_typesupport_fastrtps_cpp.hpp\n'}
[1.639683] (px4_msgs) StdoutLine: {'line': b'-- Up-to-date: /home/rudra/custom_flightmode/install/px4_msgs/include/px4_msgs/px4_msgs/msg/detail/launch_detection_status__rosidl_typesupport_fastrtps_cpp.hpp\n'}
[1.639721] (px4_msgs) StdoutLine: {'line': b'-- Up-to-date: /home/rudra/custom_flightmode/install/px4_msgs/include/px4_msgs/px4_msgs/msg/detail/rover_speed_setpoint__rosidl_typesupport_fastrtps_cpp.hpp\n'}
[1.639760] (px4_msgs) StdoutLine: {'line': b'-- Up-to-date: /home/rudra/custom_flightmode/install/px4_msgs/include/px4_msgs/px4_msgs/msg/detail/wheel_encoders__rosidl_typesupport_fastrtps_cpp.hpp\n'}
[1.639798] (px4_msgs) StdoutLine: {'line': b'-- Up-to-date: /home/rudra/custom_flightmode/install/px4_msgs/include/px4_msgs/px4_msgs/msg/detail/config_overrides__rosidl_typesupport_fastrtps_cpp.hpp\n'}
[1.639841] (px4_msgs) StdoutLine: {'line': b'-- Up-to-date: /home/rudra/custom_flightmode/install/px4_msgs/include/px4_msgs/px4_msgs/msg/detail/gps_dump__rosidl_typesupport_fastrtps_cpp.hpp\n'}
[1.639879] (px4_msgs) StdoutLine: {'line': b'-- Up-to-date: /home/rudra/custom_flightmode/install/px4_msgs/include/px4_msgs/px4_msgs/msg/detail/gimbal_device_set_attitude__rosidl_typesupport_fastrtps_cpp.hpp\n'}
[1.639918] (px4_msgs) StdoutLine: {'line': b'-- Up-to-date: /home/rudra/custom_flightmode/install/px4_msgs/include/px4_msgs/px4_msgs/msg/detail/mavlink_tunnel__rosidl_typesupport_fastrtps_cpp.hpp\n'}
[1.639957] (px4_msgs) StdoutLine: {'line': b'-- Up-to-date: /home/rudra/custom_flightmode/install/px4_msgs/include/px4_msgs/px4_msgs/msg/detail/rtl_status__rosidl_typesupport_fastrtps_cpp.hpp\n'}
[1.639995] (px4_msgs) StdoutLine: {'line': b'-- Up-to-date: /home/rudra/custom_flightmode/install/px4_msgs/include/px4_msgs/px4_msgs/msg/detail/power_button_state__rosidl_typesupport_fastrtps_cpp.hpp\n'}
[1.640040] (px4_msgs) StdoutLine: {'line': b'-- Up-to-date: /home/rudra/custom_flightmode/install/px4_msgs/include/px4_msgs/px4_msgs/msg/detail/mission__rosidl_typesupport_fastrtps_cpp.hpp\n'}
[1.640079] (px4_msgs) StdoutLine: {'line': b'-- Up-to-date: /home/rudra/custom_flightmode/install/px4_msgs/include/px4_msgs/px4_msgs/msg/detail/sensor_accel_fifo__rosidl_typesupport_fastrtps_cpp.hpp\n'}
[1.640140] (px4_msgs) StdoutLine: {'line': b'-- Up-to-date: /home/rudra/custom_flightmode/install/px4_msgs/include/px4_msgs/px4_msgs/msg/detail/rover_attitude_setpoint__rosidl_typesupport_fastrtps_cpp.hpp\n'}
[1.640182] (px4_msgs) StdoutLine: {'line': b'-- Up-to-date: /home/rudra/custom_flightmode/install/px4_msgs/include/px4_msgs/px4_msgs/msg/detail/parameter_reset_request__rosidl_typesupport_fastrtps_cpp.hpp\n'}
[1.640223] (px4_msgs) StdoutLine: {'line': b'-- Up-to-date: /home/rudra/custom_flightmode/install/px4_msgs/include/px4_msgs/px4_msgs/msg/detail/rover_speed_status__rosidl_typesupport_fastrtps_cpp.hpp\n'}
[1.640268] (px4_msgs) StdoutLine: {'line': b'-- Up-to-date: /home/rudra/custom_flightmode/install/px4_msgs/include/px4_msgs/px4_msgs/msg/detail/task_stack_info__rosidl_typesupport_fastrtps_cpp.hpp\n'}
[1.640308] (px4_msgs) StdoutLine: {'line': b'-- Up-to-date: /home/rudra/custom_flightmode/install/px4_msgs/include/px4_msgs/px4_msgs/msg/detail/battery_status__rosidl_typesupport_fastrtps_cpp.hpp\n'}
[1.640348] (px4_msgs) StdoutLine: {'line': b'-- Up-to-date: /home/rudra/custom_flightmode/install/px4_msgs/include/px4_msgs/px4_msgs/msg/detail/airspeed_validated__rosidl_typesupport_fastrtps_cpp.hpp\n'}
[1.640387] (px4_msgs) StdoutLine: {'line': b'-- Up-to-date: /home/rudra/custom_flightmode/install/px4_msgs/include/px4_msgs/px4_msgs/msg/detail/autotune_attitude_control_status__rosidl_typesupport_fastrtps_cpp.hpp\n'}
[1.640426] (px4_msgs) StdoutLine: {'line': b'-- Up-to-date: /home/rudra/custom_flightmode/install/px4_msgs/include/px4_msgs/px4_msgs/msg/detail/sensor_combined__rosidl_typesupport_fastrtps_cpp.hpp\n'}
[1.640470] (px4_msgs) StdoutLine: {'line': b'-- Up-to-date: /home/rudra/custom_flightmode/install/px4_msgs/include/px4_msgs/px4_msgs/msg/detail/vehicle_command_ack__rosidl_typesupport_fastrtps_cpp.hpp\n'}
[1.640522] (px4_msgs) StdoutLine: {'line': b'-- Up-to-date: /home/rudra/custom_flightmode/install/px4_msgs/include/px4_msgs/px4_msgs/msg/detail/actuator_test__rosidl_typesupport_fastrtps_cpp.hpp\n'}
[1.640563] (px4_msgs) StdoutLine: {'line': b'-- Up-to-date: /home/rudra/custom_flightmode/install/px4_msgs/include/px4_msgs/px4_msgs/msg/detail/transponder_report__rosidl_typesupport_fastrtps_cpp.hpp\n'}
[1.640603] (px4_msgs) StdoutLine: {'line': b'-- Up-to-date: /home/rudra/custom_flightmode/install/px4_msgs/include/px4_msgs/px4_msgs/msg/detail/rover_rate_status__rosidl_typesupport_fastrtps_cpp.hpp\n'}
[1.640641] (px4_msgs) StdoutLine: {'line': b'-- Up-to-date: /home/rudra/custom_flightmode/install/px4_msgs/include/px4_msgs/px4_msgs/msg/detail/vte_input__rosidl_typesupport_fastrtps_cpp.hpp\n'}
[1.640681] (px4_msgs) StdoutLine: {'line': b'-- Up-to-date: /home/rudra/custom_flightmode/install/px4_msgs/include/px4_msgs/px4_msgs/msg/detail/satellite_info__rosidl_typesupport_fastrtps_cpp.hpp\n'}
[1.640720] (px4_msgs) StdoutLine: {'line': b'-- Up-to-date: /home/rudra/custom_flightmode/install/px4_msgs/include/px4_msgs/px4_msgs/msg/detail/internal_combustion_engine_status__rosidl_typesupport_fastrtps_cpp.hpp\n'}
[1.640759] (px4_msgs) StdoutLine: {'line': b'-- Up-to-date: /home/rudra/custom_flightmode/install/px4_msgs/include/px4_msgs/px4_msgs/msg/detail/cellular_status__rosidl_typesupport_fastrtps_cpp.hpp\n'}
[1.640797] (px4_msgs) StdoutLine: {'line': b'-- Up-to-date: /home/rudra/custom_flightmode/install/px4_msgs/include/px4_msgs/px4_msgs/msg/detail/vehicle_local_position_setpoint__rosidl_typesupport_fastrtps_cpp.hpp\n'}
[1.640837] (px4_msgs) StdoutLine: {'line': b'-- Up-to-date: /home/rudra/custom_flightmode/install/px4_msgs/include/px4_msgs/px4_msgs/msg/detail/gpio_config__rosidl_typesupport_fastrtps_cpp.hpp\n'}
[1.640884] (px4_msgs) StdoutLine: {'line': b'-- Up-to-date: /home/rudra/custom_flightmode/install/px4_msgs/include/px4_msgs/px4_msgs/msg/detail/estimator_aid_source1d__rosidl_typesupport_fastrtps_cpp.hpp\n'}
[1.640923] (px4_msgs) StdoutLine: {'line': b'-- Up-to-date: /home/rudra/custom_flightmode/install/px4_msgs/include/px4_msgs/px4_msgs/msg/detail/estimator_status_flags__rosidl_typesupport_fastrtps_cpp.hpp\n'}
[1.640962] (px4_msgs) StdoutLine: {'line': b'-- Up-to-date: /home/rudra/custom_flightmode/install/px4_msgs/include/px4_msgs/px4_msgs/msg/detail/position_setpoint_triplet__rosidl_typesupport_fastrtps_cpp.hpp\n'}
[1.641001] (px4_msgs) StdoutLine: {'line': b'-- Up-to-date: /home/rudra/custom_flightmode/install/px4_msgs/include/px4_msgs/px4_msgs/msg/detail/estimator_states__rosidl_typesupport_fastrtps_cpp.hpp\n'}
[1.641039] (px4_msgs) StdoutLine: {'line': b'-- Up-to-date: /home/rudra/custom_flightmode/install/px4_msgs/include/px4_msgs/px4_msgs/msg/detail/actuator_controls_status__rosidl_typesupport_fastrtps_cpp.hpp\n'}
[1.641079] (px4_msgs) StdoutLine: {'line': b'-- Up-to-date: /home/rudra/custom_flightmode/install/px4_msgs/include/px4_msgs/px4_msgs/msg/detail/gpio_out__rosidl_typesupport_fastrtps_cpp.hpp\n'}
[1.641118] (px4_msgs) StdoutLine: {'line': b'-- Up-to-date: /home/rudra/custom_flightmode/install/px4_msgs/include/px4_msgs/px4_msgs/msg/detail/geofence_status__rosidl_typesupport_fastrtps_cpp.hpp\n'}
[1.641159] (px4_msgs) StdoutLine: {'line': b'-- Up-to-date: /home/rudra/custom_flightmode/install/px4_msgs/include/px4_msgs/px4_msgs/msg/detail/arming_check_request__rosidl_typesupport_fastrtps_cpp.hpp\n'}
[1.641197] (px4_msgs) StdoutLine: {'line': b'-- Up-to-date: /home/rudra/custom_flightmode/install/px4_msgs/include/px4_msgs/px4_msgs/msg/detail/distance_sensor__rosidl_typesupport_fastrtps_cpp.hpp\n'}
[1.641244] (px4_msgs) StdoutLine: {'line': b'-- Up-to-date: /home/rudra/custom_flightmode/install/px4_msgs/include/px4_msgs/px4_msgs/msg/detail/orb_test_medium__rosidl_typesupport_fastrtps_cpp.hpp\n'}
[1.641287] (px4_msgs) StdoutLine: {'line': b'-- Up-to-date: /home/rudra/custom_flightmode/install/px4_msgs/include/px4_msgs/px4_msgs/msg/detail/logger_status__rosidl_typesupport_fastrtps_cpp.hpp\n'}
[1.641327] (px4_msgs) StdoutLine: {'line': b'-- Up-to-date: /home/rudra/custom_flightmode/install/px4_msgs/include/px4_msgs/px4_msgs/msg/detail/sensor_gyro_fifo__rosidl_typesupport_fastrtps_cpp.hpp\n'}
[1.641366] (px4_msgs) StdoutLine: {'line': b'-- Up-to-date: /home/rudra/custom_flightmode/install/px4_msgs/include/px4_msgs/px4_msgs/msg/detail/generator_status__rosidl_typesupport_fastrtps_cpp.hpp\n'}
[1.641404] (px4_msgs) StdoutLine: {'line': b'-- Up-to-date: /home/rudra/custom_flightmode/install/px4_msgs/include/px4_msgs/px4_msgs/msg/detail/navigator_mission_item__rosidl_typesupport_fastrtps_cpp.hpp\n'}
[1.641444] (px4_msgs) StdoutLine: {'line': b'-- Up-to-date: /home/rudra/custom_flightmode/install/px4_msgs/include/px4_msgs/px4_msgs/msg/detail/hover_thrust_estimate__rosidl_typesupport_fastrtps_cpp.hpp\n'}
[1.641527] (px4_msgs) StdoutLine: {'line': b'-- Up-to-date: /home/rudra/custom_flightmode/install/px4_msgs/include/px4_msgs/px4_msgs/msg/detail/follow_target__rosidl_typesupport_fastrtps_cpp.hpp\n'}
[1.641601] (px4_msgs) StdoutLine: {'line': b'-- Up-to-date: /home/rudra/custom_flightmode/install/px4_msgs/include/px4_msgs/px4_msgs/msg/detail/rover_position_setpoint__rosidl_typesupport_fastrtps_cpp.hpp\n'}
[1.641673] (px4_msgs) StdoutLine: {'line': b'-- Up-to-date: /home/rudra/custom_flightmode/install/px4_msgs/include/px4_msgs/px4_msgs/msg/detail/position_controller_status__rosidl_typesupport_fastrtps_cpp.hpp\n'}
[1.641744] (px4_msgs) StdoutLine: {'line': b'-- Up-to-date: /home/rudra/custom_flightmode/install/px4_msgs/include/px4_msgs/px4_msgs/msg/detail/neural_control__rosidl_typesupport_fastrtps_cpp.hpp\n'}
[1.641821] (px4_msgs) StdoutLine: {'line': b'-- Up-to-date: /home/rudra/custom_flightmode/install/px4_msgs/include/px4_msgs/px4_msgs/msg/detail/sensor_gnss_relative__rosidl_typesupport_fastrtps_cpp.hpp\n'}
[1.641901] (px4_msgs) StdoutLine: {'line': b'-- Up-to-date: /home/rudra/custom_flightmode/install/px4_msgs/include/px4_msgs/px4_msgs/msg/detail/ulog_stream_ack__rosidl_typesupport_fastrtps_cpp.hpp\n'}
[1.641979] (px4_msgs) StdoutLine: {'line': b'-- Up-to-date: /home/rudra/custom_flightmode/install/px4_msgs/include/px4_msgs/px4_msgs/msg/detail/message_format_response__rosidl_typesupport_fastrtps_cpp.hpp\n'}
[1.642055] (px4_msgs) StdoutLine: {'line': b'-- Up-to-date: /home/rudra/custom_flightmode/install/px4_msgs/include/px4_msgs/px4_msgs/msg/detail/debug_key_value__rosidl_typesupport_fastrtps_cpp.hpp\n'}
[1.642132] (px4_msgs) StdoutLine: {'line': b'-- Up-to-date: /home/rudra/custom_flightmode/install/px4_msgs/include/px4_msgs/px4_msgs/msg/detail/rover_attitude_status__rosidl_typesupport_fastrtps_cpp.hpp\n'}
[1.642207] (px4_msgs) StdoutLine: {'line': b'-- Up-to-date: /home/rudra/custom_flightmode/install/px4_msgs/include/px4_msgs/px4_msgs/msg/detail/pwm_input__rosidl_typesupport_fastrtps_cpp.hpp\n'}
[1.642271] (px4_msgs) StdoutLine: {'line': b'-- Up-to-date: /home/rudra/custom_flightmode/install/px4_msgs/include/px4_msgs/px4_msgs/msg/detail/offboard_control_mode__rosidl_typesupport_fastrtps_cpp.hpp\n'}
[1.642334] (px4_msgs) StdoutLine: {'line': b'-- Up-to-date: /home/rudra/custom_flightmode/install/px4_msgs/include/px4_msgs/px4_msgs/msg/detail/home_position__rosidl_typesupport_fastrtps_cpp.hpp\n'}
[1.642405] (px4_msgs) StdoutLine: {'line': b'-- Up-to-date: /home/rudra/custom_flightmode/install/px4_msgs/include/px4_msgs/px4_msgs/msg/detail/sensor_selection__rosidl_typesupport_fastrtps_cpp.hpp\n'}
[1.642481] (px4_msgs) StdoutLine: {'line': b'-- Up-to-date: /home/rudra/custom_flightmode/install/px4_msgs/include/px4_msgs/px4_msgs/msg/detail/landing_gear_wheel__rosidl_typesupport_fastrtps_cpp.hpp\n'}
[1.642564] (px4_msgs) StdoutLine: {'line': b'-- Up-to-date: /home/rudra/custom_flightmode/install/px4_msgs/include/px4_msgs/px4_msgs/msg/detail/detect_and_avoid_most_urgent__rosidl_typesupport_fastrtps_cpp.hpp\n'}
[1.642635] (px4_msgs) StdoutLine: {'line': b'-- Up-to-date: /home/rudra/custom_flightmode/install/px4_msgs/include/px4_msgs/px4_msgs/msg/detail/rc_parameter_map__rosidl_typesupport_fastrtps_cpp.hpp\n'}
[1.642703] (px4_msgs) StdoutLine: {'line': b'-- Up-to-date: /home/rudra/custom_flightmode/install/px4_msgs/include/px4_msgs/px4_msgs/msg/detail/airspeed_wind__rosidl_typesupport_fastrtps_cpp.hpp\n'}
[1.642771] (px4_msgs) StdoutLine: {'line': b'-- Up-to-date: /home/rudra/custom_flightmode/install/px4_msgs/include/px4_msgs/px4_msgs/msg/detail/trajectory_setpoint__rosidl_typesupport_fastrtps_cpp.hpp\n'}
[1.642839] (px4_msgs) StdoutLine: {'line': b'-- Up-to-date: /home/rudra/custom_flightmode/install/px4_msgs/include/px4_msgs/px4_msgs/msg/detail/estimator_fusion_control__rosidl_typesupport_fastrtps_cpp.hpp\n'}
[1.642906] (px4_msgs) StdoutLine: {'line': b'-- Up-to-date: /home/rudra/custom_flightmode/install/px4_msgs/include/px4_msgs/px4_msgs/msg/detail/figure_eight_status__rosidl_typesupport_fastrtps_cpp.hpp\n'}
[1.643029] (px4_msgs) StdoutLine: {'line': b'-- Up-to-date: /home/rudra/custom_flightmode/install/px4_msgs/include/px4_msgs/px4_msgs/msg/detail/fuel_tank_status__rosidl_typesupport_fastrtps_cpp.hpp\n'}
[1.643098] (px4_msgs) StdoutLine: {'line': b'-- Up-to-date: /home/rudra/custom_flightmode/install/px4_msgs/include/px4_msgs/px4_msgs/msg/detail/px4io_status__rosidl_typesupport_fastrtps_cpp.hpp\n'}
[1.643147] (px4_msgs) StdoutLine: {'line': b'-- Up-to-date: /home/rudra/custom_flightmode/install/px4_msgs/include/px4_msgs/px4_msgs/msg/detail/rtcm_data__rosidl_typesupport_fastrtps_cpp.hpp\n'}
[1.643192] (px4_msgs) StdoutLine: {'line': b'-- Up-to-date: /home/rudra/custom_flightmode/install/px4_msgs/include/px4_msgs/px4_msgs/msg/detail/esc_status__rosidl_typesupport_fastrtps_cpp.hpp\n'}
[1.643235] (px4_msgs) StdoutLine: {'line': b'-- Up-to-date: /home/rudra/custom_flightmode/install/px4_msgs/include/px4_msgs/px4_msgs/msg/detail/vte_aid_source3d__rosidl_typesupport_fastrtps_cpp.hpp\n'}
[1.643282] (px4_msgs) StdoutLine: {'line': b'-- Up-to-date: /home/rudra/custom_flightmode/install/px4_msgs/include/px4_msgs/px4_msgs/msg/detail/airspeed__rosidl_typesupport_fastrtps_cpp.hpp\n'}
[1.643323] (px4_msgs) StdoutLine: {'line': b'-- Up-to-date: /home/rudra/custom_flightmode/install/px4_msgs/include/px4_msgs/px4_msgs/msg/detail/open_drone_id_basic_id__rosidl_typesupport_fastrtps_cpp.hpp\n'}
[1.643365] (px4_msgs) StdoutLine: {'line': b'-- Up-to-date: /home/rudra/custom_flightmode/install/px4_msgs/include/px4_msgs/px4_msgs/msg/detail/position_controller_landing_status__rosidl_typesupport_fastrtps_cpp.hpp\n'}
[1.643407] (px4_msgs) StdoutLine: {'line': b'-- Up-to-date: /home/rudra/custom_flightmode/install/px4_msgs/include/px4_msgs/px4_msgs/msg/detail/vehicle_angular_velocity__rosidl_typesupport_fastrtps_cpp.hpp\n'}
[1.643463] (px4_msgs) StdoutLine: {'line': b'-- Up-to-date: /home/rudra/custom_flightmode/install/px4_msgs/include/px4_msgs/px4_msgs/msg/detail/radio_status__rosidl_typesupport_fastrtps_cpp.hpp\n'}
[1.643554] (px4_msgs) StdoutLine: {'line': b'-- Up-to-date: /home/rudra/custom_flightmode/install/px4_msgs/include/px4_msgs/px4_msgs/msg/detail/actuator_servos__rosidl_typesupport_fastrtps_cpp.hpp\n'}
[1.643626] (px4_msgs) StdoutLine: {'line': b'-- Up-to-date: /home/rudra/custom_flightmode/install/px4_msgs/include/px4_msgs/px4_msgs/msg/detail/landing_target_pose__rosidl_typesupport_fastrtps_cpp.hpp\n'}
[1.643684] (px4_msgs) StdoutLine: {'line': b'-- Up-to-date: /home/rudra/custom_flightmode/install/px4_msgs/include/px4_msgs/px4_msgs/msg/detail/estimator_aid_source3d__rosidl_typesupport_fastrtps_cpp.hpp\n'}
[1.643728] (px4_msgs) StdoutLine: {'line': b'-- Up-to-date: /home/rudra/custom_flightmode/install/px4_msgs/include/px4_msgs/px4_msgs/msg/detail/vehicle_local_position__rosidl_typesupport_fastrtps_cpp.hpp\n'}
[1.643772] (px4_msgs) StdoutLine: {'line': b'-- Up-to-date: /home/rudra/custom_flightmode/install/px4_msgs/include/px4_msgs/px4_msgs/msg/detail/differential_pressure__rosidl_typesupport_fastrtps_cpp.hpp\n'}
[1.643815] (px4_msgs) StdoutLine: {'line': b'-- Up-to-date: /home/rudra/custom_flightmode/install/px4_msgs/include/px4_msgs/px4_msgs/msg/detail/setpoint_config__rosidl_typesupport_fastrtps_cpp.hpp\n'}
[1.643858] (px4_msgs) StdoutLine: {'line': b'-- Up-to-date: /home/rudra/custom_flightmode/install/px4_msgs/include/px4_msgs/px4_msgs/msg/detail/qshell_req__rosidl_typesupport_fastrtps_cpp.hpp\n'}
[1.643902] (px4_msgs) StdoutLine: {'line': b'-- Up-to-date: /home/rudra/custom_flightmode/install/px4_msgs/include/px4_msgs/px4_msgs/msg/detail/pure_pursuit_status__rosidl_typesupport_fastrtps_cpp.hpp\n'}
[1.643944] (px4_msgs) StdoutLine: {'line': b'-- Up-to-date: /home/rudra/custom_flightmode/install/px4_msgs/include/px4_msgs/px4_msgs/msg/detail/button_event__rosidl_typesupport_fastrtps_cpp.hpp\n'}
[1.643985] (px4_msgs) StdoutLine: {'line': b'-- Up-to-date: /home/rudra/custom_flightmode/install/px4_msgs/include/px4_msgs/px4_msgs/msg/detail/tune_control__rosidl_typesupport_fastrtps_cpp.hpp\n'}
[1.644026] (px4_msgs) StdoutLine: {'line': b'-- Up-to-date: /home/rudra/custom_flightmode/install/px4_msgs/include/px4_msgs/px4_msgs/msg/detail/dronecan_node_status__rosidl_typesupport_fastrtps_cpp.hpp\n'}
[1.644067] (px4_msgs) StdoutLine: {'line': b'-- Up-to-date: /home/rudra/custom_flightmode/install/px4_msgs/include/px4_msgs/px4_msgs/msg/detail/health_report__rosidl_typesupport_fastrtps_cpp.hpp\n'}
[1.644108] (px4_msgs) StdoutLine: {'line': b'-- Up-to-date: /home/rudra/custom_flightmode/install/px4_msgs/include/px4_msgs/px4_msgs/msg/detail/dds_fastrtps\n'}
[1.644150] (px4_msgs) StdoutLine: {'line': b'-- Up-to-date: /home/rudra/custom_flightmode/install/px4_msgs/include/px4_msgs/px4_msgs/msg/detail/uavcan_parameter_value__rosidl_typesupport_fastrtps_cpp.hpp\n'}
[1.644191] (px4_msgs) StdoutLine: {'line': b'-- Up-to-date: /home/rudra/custom_flightmode/install/px4_msgs/include/px4_msgs/px4_msgs/msg/detail/failsafe_flags__rosidl_typesupport_fastrtps_cpp.hpp\n'}
[1.644232] (px4_msgs) StdoutLine: {'line': b'-- Up-to-date: /home/rudra/custom_flightmode/install/px4_msgs/include/px4_msgs/px4_msgs/msg/detail/sensor_accel__rosidl_typesupport_fastrtps_cpp.hpp\n'}
[1.644283] (px4_msgs) StdoutLine: {'line': b'-- Up-to-date: /home/rudra/custom_flightmode/install/px4_msgs/include/px4_msgs/px4_msgs/msg/detail/open_drone_id_operator_id__rosidl_typesupport_fastrtps_cpp.hpp\n'}
[1.644337] (px4_msgs) StdoutLine: {'line': b'-- Up-to-date: /home/rudra/custom_flightmode/install/px4_msgs/include/px4_msgs/px4_msgs/msg/detail/estimator_status__rosidl_typesupport_fastrtps_cpp.hpp\n'}
[1.644383] (px4_msgs) StdoutLine: {'line': b'-- Up-to-date: /home/rudra/custom_flightmode/install/px4_msgs/include/px4_msgs/px4_msgs/msg/detail/raptor_input__rosidl_typesupport_fastrtps_cpp.hpp\n'}
[1.644425] (px4_msgs) StdoutLine: {'line': b'-- Up-to-date: /home/rudra/custom_flightmode/install/px4_msgs/include/px4_msgs/px4_msgs/msg/detail/vehicle_attitude_setpoint__rosidl_typesupport_fastrtps_cpp.hpp\n'}
[1.644517] (px4_msgs) StdoutLine: {'line': b'-- Up-to-date: /home/rudra/custom_flightmode/install/px4_msgs/include/px4_msgs/px4_msgs/msg/detail/raptor_status__rosidl_typesupport_fastrtps_cpp.hpp\n'}
[1.644574] (px4_msgs) StdoutLine: {'line': b'-- Up-to-date: /home/rudra/custom_flightmode/install/px4_msgs/include/px4_msgs/px4_msgs/msg/detail/rover_rate_setpoint__rosidl_typesupport_fastrtps_cpp.hpp\n'}
[1.644620] (px4_msgs) StdoutLine: {'line': b'-- Up-to-date: /home/rudra/custom_flightmode/install/px4_msgs/include/px4_msgs/px4_msgs/msg/detail/gripper__rosidl_typesupport_fastrtps_cpp.hpp\n'}
[1.644662] (px4_msgs) StdoutLine: {'line': b'-- Up-to-date: /home/rudra/custom_flightmode/install/px4_msgs/include/px4_msgs/px4_msgs/msg/detail/sensor_baro__rosidl_typesupport_fastrtps_cpp.hpp\n'}
[1.644703] (px4_msgs) StdoutLine: {'line': b'-- Up-to-date: /home/rudra/custom_flightmode/install/px4_msgs/include/px4_msgs/px4_msgs/msg/detail/rover_throttle_setpoint__rosidl_typesupport_fastrtps_cpp.hpp\n'}
[1.644746] (px4_msgs) StdoutLine: {'line': b'-- Up-to-date: /home/rudra/custom_flightmode/install/px4_msgs/include/px4_msgs/px4_msgs/msg/detail/sensors_status_imu__rosidl_typesupport_fastrtps_cpp.hpp\n'}
[1.644786] (px4_msgs) StdoutLine: {'line': b'-- Up-to-date: /home/rudra/custom_flightmode/install/px4_msgs/include/px4_msgs/px4_msgs/msg/detail/telemetry_status__rosidl_typesupport_fastrtps_cpp.hpp\n'}
[1.644826] (px4_msgs) StdoutLine: {'line': b'-- Up-to-date: /home/rudra/custom_flightmode/install/px4_msgs/include/px4_msgs/px4_msgs/msg/detail/vtx__rosidl_typesupport_fastrtps_cpp.hpp\n'}
[1.644866] (px4_msgs) StdoutLine: {'line': b'-- Up-to-date: /home/rudra/custom_flightmode/install/px4_msgs/include/px4_msgs/px4_msgs/msg/detail/ulog_stream__rosidl_typesupport_fastrtps_cpp.hpp\n'}
[1.644907] (px4_msgs) StdoutLine: {'line': b'-- Up-to-date: /home/rudra/custom_flightmode/install/px4_msgs/include/px4_msgs/px4_msgs/msg/detail/tiltrotor_extra_controls__rosidl_typesupport_fastrtps_cpp.hpp\n'}
[1.644948] (px4_msgs) StdoutLine: {'line': b'-- Up-to-date: /home/rudra/custom_flightmode/install/px4_msgs/include/px4_msgs/px4_msgs/msg/detail/power_monitor__rosidl_typesupport_fastrtps_cpp.hpp\n'}
[1.644988] (px4_msgs) StdoutLine: {'line': b'-- Up-to-date: /home/rudra/custom_flightmode/install/px4_msgs/include/px4_msgs/px4_msgs/msg/detail/flight_phase_estimation__rosidl_typesupport_fastrtps_cpp.hpp\n'}
[1.645031] (px4_msgs) StdoutLine: {'line': b'-- Up-to-date: /home/rudra/custom_flightmode/install/px4_msgs/include/px4_msgs/px4_msgs/msg/detail/geofence_result__rosidl_typesupport_fastrtps_cpp.hpp\n'}
[1.645074] (px4_msgs) StdoutLine: {'line': b'-- Up-to-date: /home/rudra/custom_flightmode/install/px4_msgs/include/px4_msgs/px4_msgs/msg/detail/esc_eeprom_write__rosidl_typesupport_fastrtps_cpp.hpp\n'}
[1.645115] (px4_msgs) StdoutLine: {'line': b'-- Up-to-date: /home/rudra/custom_flightmode/install/px4_msgs/include/px4_msgs/px4_msgs/msg/detail/actuator_armed__rosidl_typesupport_fastrtps_cpp.hpp\n'}
[1.645155] (px4_msgs) StdoutLine: {'line': b'-- Up-to-date: /home/rudra/custom_flightmode/install/px4_msgs/include/px4_msgs/px4_msgs/msg/detail/takeoff_status__rosidl_typesupport_fastrtps_cpp.hpp\n'}
[1.645202] (px4_msgs) StdoutLine: {'line': b'-- Up-to-date: /home/rudra/custom_flightmode/install/px4_msgs/include/px4_msgs/px4_msgs/msg/detail/orb_test__rosidl_typesupport_fastrtps_cpp.hpp\n'}
[1.645242] (px4_msgs) StdoutLine: {'line': b'-- Up-to-date: /home/rudra/custom_flightmode/install/px4_msgs/include/px4_msgs/px4_msgs/msg/detail/debug_value__rosidl_typesupport_fastrtps_cpp.hpp\n'}
[1.645282] (px4_msgs) StdoutLine: {'line': b'-- Up-to-date: /home/rudra/custom_flightmode/install/px4_msgs/include/px4_msgs/px4_msgs/msg/detail/ekf2_timestamps__rosidl_typesupport_fastrtps_cpp.hpp\n'}
[1.645322] (px4_msgs) StdoutLine: {'line': b'-- Up-to-date: /home/rudra/custom_flightmode/install/px4_msgs/include/px4_msgs/px4_msgs/msg/detail/camera_status__rosidl_typesupport_fastrtps_cpp.hpp\n'}
[1.645361] (px4_msgs) StdoutLine: {'line': b'-- Up-to-date: /home/rudra/custom_flightmode/install/px4_msgs/include/px4_msgs/px4_msgs/msg/detail/estimator_bias3d__rosidl_typesupport_fastrtps_cpp.hpp\n'}
[1.645404] (px4_msgs) StdoutLine: {'line': b'-- Up-to-date: /home/rudra/custom_flightmode/install/px4_msgs/include/px4_msgs/px4_msgs/msg/detail/sensor_gyro_fft__rosidl_typesupport_fastrtps_cpp.hpp\n'}
[1.645445] (px4_msgs) StdoutLine: {'line': b'-- Up-to-date: /home/rudra/custom_flightmode/install/px4_msgs/include/px4_msgs/px4_msgs/msg/detail/sensor_optical_flow__rosidl_typesupport_fastrtps_cpp.hpp\n'}
[1.645550] (px4_msgs) StdoutLine: {'line': b'-- Up-to-date: /home/rudra/custom_flightmode/install/px4_msgs/include/px4_msgs/px4_msgs/msg/detail/open_drone_id_arm_status__rosidl_typesupport_fastrtps_cpp.hpp\n'}
[1.645624] (px4_msgs) StdoutLine: {'line': b'-- Up-to-date: /home/rudra/custom_flightmode/install/px4_msgs/include/px4_msgs/px4_msgs/msg/detail/battery_info__rosidl_typesupport_fastrtps_cpp.hpp\n'}
[1.645675] (px4_msgs) StdoutLine: {'line': b'-- Up-to-date: /home/rudra/custom_flightmode/install/px4_msgs/include/px4_msgs/px4_msgs/msg/detail/rate_ctrl_status__rosidl_typesupport_fastrtps_cpp.hpp\n'}
[1.645721] (px4_msgs) StdoutLine: {'line': b'-- Up-to-date: /home/rudra/custom_flightmode/install/px4_msgs/include/px4_msgs/px4_msgs/msg/detail/estimator_selector_status__rosidl_typesupport_fastrtps_cpp.hpp\n'}
[1.645768] (px4_msgs) StdoutLine: {'line': b'-- Up-to-date: /home/rudra/custom_flightmode/install/px4_msgs/include/px4_msgs/px4_msgs/msg/detail/adc_report__rosidl_typesupport_fastrtps_cpp.hpp\n'}
[1.645814] (px4_msgs) StdoutLine: {'line': b'-- Up-to-date: /home/rudra/custom_flightmode/install/px4_msgs/include/px4_msgs/px4_msgs/msg/detail/mission_result__rosidl_typesupport_fastrtps_cpp.hpp\n'}
[1.645857] (px4_msgs) StdoutLine: {'line': b'-- Up-to-date: /home/rudra/custom_flightmode/install/px4_msgs/include/px4_msgs/px4_msgs/msg/detail/vehicle_global_position__rosidl_typesupport_fastrtps_cpp.hpp\n'}
[1.645899] (px4_msgs) StdoutLine: {'line': b'-- Up-to-date: /home/rudra/custom_flightmode/install/px4_msgs/include/px4_msgs/px4_msgs/msg/detail/estimator_bias__rosidl_typesupport_fastrtps_cpp.hpp\n'}
[1.645941] (px4_msgs) StdoutLine: {'line': b'-- Up-to-date: /home/rudra/custom_flightmode/install/px4_msgs/include/px4_msgs/px4_msgs/msg/detail/open_drone_id_system__rosidl_typesupport_fastrtps_cpp.hpp\n'}
[1.645982] (px4_msgs) StdoutLine: {'line': b'-- Up-to-date: /home/rudra/custom_flightmode/install/px4_msgs/include/px4_msgs/px4_msgs/msg/detail/gpio_in__rosidl_typesupport_fastrtps_cpp.hpp\n'}
[1.646023] (px4_msgs) StdoutLine: {'line': b'-- Up-to-date: /home/rudra/custom_flightmode/install/px4_msgs/include/px4_msgs/px4_msgs/msg/detail/pps_capture__rosidl_typesupport_fastrtps_cpp.hpp\n'}
[1.646064] (px4_msgs) StdoutLine: {'line': b'-- Up-to-date: /home/rudra/custom_flightmode/install/px4_msgs/include/px4_msgs/px4_msgs/msg/detail/longitudinal_control_configuration__rosidl_typesupport_fastrtps_cpp.hpp\n'}
[1.646105] (px4_msgs) StdoutLine: {'line': b'-- Up-to-date: /home/rudra/custom_flightmode/install/px4_msgs/include/px4_msgs/px4_msgs/msg/detail/landing_target_innovations__rosidl_typesupport_fastrtps_cpp.hpp\n'}
[1.646152] (px4_msgs) StdoutLine: {'line': b'-- Up-to-date: /home/rudra/custom_flightmode/install/px4_msgs/include/px4_msgs/px4_msgs/msg/detail/qshell_retval__rosidl_typesupport_fastrtps_cpp.hpp\n'}
[1.646192] (px4_msgs) StdoutLine: {'line': b'-- Up-to-date: /home/rudra/custom_flightmode/install/px4_msgs/include/px4_msgs/px4_msgs/msg/detail/gimbal_manager_set_attitude__rosidl_typesupport_fastrtps_cpp.hpp\n'}
[1.646232] (px4_msgs) StdoutLine: {'line': b'-- Up-to-date: /home/rudra/custom_flightmode/install/px4_msgs/include/px4_msgs/px4_msgs/msg/detail/estimator_gps_status__rosidl_typesupport_fastrtps_cpp.hpp\n'}
[1.646274] (px4_msgs) StdoutLine: {'line': b'-- Up-to-date: /home/rudra/custom_flightmode/install/px4_msgs/include/px4_msgs/px4_msgs/msg/detail/vehicle_control_mode__rosidl_typesupport_fastrtps_cpp.hpp\n'}
[1.646316] (px4_msgs) StdoutLine: {'line': b'-- Up-to-date: /home/rudra/custom_flightmode/install/px4_msgs/include/px4_msgs/px4_msgs/msg/detail/actuator_servos_trim__rosidl_typesupport_fastrtps_cpp.hpp\n'}
[1.646355] (px4_msgs) StdoutLine: {'line': b'-- Up-to-date: /home/rudra/custom_flightmode/install/px4_msgs/include/px4_msgs/px4_msgs/msg/detail/parameter_set_value_request__rosidl_typesupport_fastrtps_cpp.hpp\n'}
[1.646395] (px4_msgs) StdoutLine: {'line': b'-- Up-to-date: /home/rudra/custom_flightmode/install/px4_msgs/include/px4_msgs/px4_msgs/msg/detail/follow_target_status__rosidl_typesupport_fastrtps_cpp.hpp\n'}
[1.646435] (px4_msgs) StdoutLine: {'line': b'-- Up-to-date: /home/rudra/custom_flightmode/install/px4_msgs/include/px4_msgs/px4_msgs/msg/detail/rpm__rosidl_typesupport_fastrtps_cpp.hpp\n'}
[1.646486] (px4_msgs) StdoutLine: {'line': b'-- Up-to-date: /home/rudra/custom_flightmode/install/px4_msgs/include/px4_msgs/px4_msgs/msg/detail/orbit_status__rosidl_typesupport_fastrtps_cpp.hpp\n'}
[1.646533] (px4_msgs) StdoutLine: {'line': b'-- Up-to-date: /home/rudra/custom_flightmode/install/px4_msgs/include/px4_msgs/px4_msgs/msg/detail/ping__rosidl_typesupport_fastrtps_cpp.hpp\n'}
[1.646582] (px4_msgs) StdoutLine: {'line': b'-- Up-to-date: /home/rudra/custom_flightmode/install/px4_msgs/include/px4_msgs/px4_msgs/msg/detail/mag_worker_data__rosidl_typesupport_fastrtps_cpp.hpp\n'}
[1.646626] (px4_msgs) StdoutLine: {'line': b'-- Up-to-date: /home/rudra/custom_flightmode/install/px4_msgs/include/px4_msgs/px4_msgs/msg/detail/gimbal_device_attitude_status__rosidl_typesupport_fastrtps_cpp.hpp\n'}
[1.646667] (px4_msgs) StdoutLine: {'line': b'-- Up-to-date: /home/rudra/custom_flightmode/install/px4_msgs/include/px4_msgs/px4_msgs/msg/detail/uavcan_parameter_request__rosidl_typesupport_fastrtps_cpp.hpp\n'}
[1.646708] (px4_msgs) StdoutLine: {'line': b'-- Up-to-date: /home/rudra/custom_flightmode/install/px4_msgs/include/px4_msgs/px4_msgs/msg/detail/vehicle_optical_flow__rosidl_typesupport_fastrtps_cpp.hpp\n'}
[1.646756] (px4_msgs) StdoutLine: {'line': b'-- Up-to-date: /home/rudra/custom_flightmode/install/px4_msgs/include/px4_msgs/px4_msgs/msg/detail/actuator_motors__rosidl_typesupport_fastrtps_cpp.hpp\n'}
[1.646797] (px4_msgs) StdoutLine: {'line': b'-- Up-to-date: /home/rudra/custom_flightmode/install/px4_msgs/include/px4_msgs/px4_msgs/msg/detail/register_ext_component_request__rosidl_typesupport_fastrtps_cpp.hpp\n'}
[1.646836] (px4_msgs) StdoutLine: {'line': b'-- Up-to-date: /home/rudra/custom_flightmode/install/px4_msgs/include/px4_msgs/px4_msgs/msg/detail/actuator_outputs__rosidl_typesupport_fastrtps_cpp.hpp\n'}
[1.646875] (px4_msgs) StdoutLine: {'line': b'-- Up-to-date: /home/rudra/custom_flightmode/install/px4_msgs/include/px4_msgs/px4_msgs/msg/detail/tecs_status__rosidl_typesupport_fastrtps_cpp.hpp\n'}
[1.646913] (px4_msgs) StdoutLine: {'line': b'-- Up-to-date: /home/rudra/custom_flightmode/install/px4_msgs/include/px4_msgs/px4_msgs/msg/detail/vehicle_attitude__rosidl_typesupport_fastrtps_cpp.hpp\n'}
[1.646951] (px4_msgs) StdoutLine: {'line': b'-- Up-to-date: /home/rudra/custom_flightmode/install/px4_msgs/include/px4_msgs/px4_msgs/msg/detail/sensor_mag__rosidl_typesupport_fastrtps_cpp.hpp\n'}
[1.646996] (px4_msgs) StdoutLine: {'line': b'-- Up-to-date: /home/rudra/custom_flightmode/install/px4_msgs/include/px4_msgs/px4_msgs/msg/detail/fixed_wing_lateral_guidance_status__rosidl_typesupport_fastrtps_cpp.hpp\n'}
[1.647037] (px4_msgs) StdoutLine: {'line': b'-- Up-to-date: /home/rudra/custom_flightmode/install/px4_msgs/include/px4_msgs/px4_msgs/msg/detail/estimator_innovations__rosidl_typesupport_fastrtps_cpp.hpp\n'}
[1.647078] (px4_msgs) StdoutLine: {'line': b'-- Up-to-date: /home/rudra/custom_flightmode/install/px4_msgs/include/px4_msgs/px4_msgs/msg/detail/internal_combustion_engine_control__rosidl_typesupport_fastrtps_cpp.hpp\n'}
[1.647118] (px4_msgs) StdoutLine: {'line': b'-- Up-to-date: /home/rudra/custom_flightmode/install/px4_msgs/include/px4_msgs/px4_msgs/msg/detail/mode_completed__rosidl_typesupport_fastrtps_cpp.hpp\n'}
[1.647158] (px4_msgs) StdoutLine: {'line': b'-- Up-to-date: /home/rudra/custom_flightmode/install/px4_msgs/include/px4_msgs/px4_msgs/msg/detail/estimator_sensor_bias__rosidl_typesupport_fastrtps_cpp.hpp\n'}
[1.647197] (px4_msgs) StdoutLine: {'line': b'-- Up-to-date: /home/rudra/custom_flightmode/install/px4_msgs/include/px4_msgs/px4_msgs/msg/detail/message_format_request__rosidl_typesupport_fastrtps_cpp.hpp\n'}
[1.647236] (px4_msgs) StdoutLine: {'line': b'-- Up-to-date: /home/rudra/custom_flightmode/install/px4_msgs/include/px4_msgs/px4_msgs/msg/detail/fixed_wing_longitudinal_setpoint__rosidl_typesupport_fastrtps_cpp.hpp\n'}
[1.647277] (px4_msgs) StdoutLine: {'line': b'-- Up-to-date: /home/rudra/custom_flightmode/install/px4_msgs/include/px4_msgs/px4_msgs/msg/detail/rc_channels__rosidl_typesupport_fastrtps_cpp.hpp\n'}
[1.647317] (px4_msgs) StdoutLine: {'line': b'-- Up-to-date: /home/rudra/custom_flightmode/install/px4_msgs/include/px4_msgs/px4_msgs/msg/detail/unregister_ext_component__rosidl_typesupport_fastrtps_cpp.hpp\n'}
[1.647357] (px4_msgs) StdoutLine: {'line': b'-- Up-to-date: /home/rudra/custom_flightmode/install/px4_msgs/include/px4_msgs/px4_msgs/msg/detail/gpio_request__rosidl_typesupport_fastrtps_cpp.hpp\n'}
[1.647397] (px4_msgs) StdoutLine: {'line': b'-- Up-to-date: /home/rudra/custom_flightmode/install/px4_msgs/include/px4_msgs/px4_msgs/msg/detail/vehicle_air_data__rosidl_typesupport_fastrtps_cpp.hpp\n'}
[1.647436] (px4_msgs) StdoutLine: {'line': b'-- Up-to-date: /home/rudra/custom_flightmode/install/px4_msgs/include/px4_msgs/px4_msgs/msg/detail/sensor_gyro__rosidl_typesupport_fastrtps_cpp.hpp\n'}
[1.647489] (px4_msgs) StdoutLine: {'line': b'-- Up-to-date: /home/rudra/custom_flightmode/install/px4_msgs/include/px4_msgs/px4_msgs/msg/detail/heater_status__rosidl_typesupport_fastrtps_cpp.hpp\n'}
[1.647538] (px4_msgs) StdoutLine: {'line': b'-- Up-to-date: /home/rudra/custom_flightmode/install/px4_msgs/include/px4_msgs/px4_msgs/msg/detail/navigator_status__rosidl_typesupport_fastrtps_cpp.hpp\n'}
[1.647580] (px4_msgs) StdoutLine: {'line': b'-- Up-to-date: /home/rudra/custom_flightmode/install/px4_msgs/include/px4_msgs/px4_msgs/msg/detail/follow_target_estimator__rosidl_typesupport_fastrtps_cpp.hpp\n'}
[1.647625] (px4_msgs) StdoutLine: {'line': b'-- Up-to-date: /home/rudra/custom_flightmode/install/px4_msgs/include/px4_msgs/px4_msgs/msg/detail/setpoint_config_reply__rosidl_typesupport_fastrtps_cpp.hpp\n'}
[1.647666] (px4_msgs) StdoutLine: {'line': b'-- Up-to-date: /home/rudra/custom_flightmode/install/px4_msgs/include/px4_msgs/px4_msgs/msg/detail/sensor_temp__rosidl_typesupport_fastrtps_cpp.hpp\n'}
[1.647708] (px4_msgs) StdoutLine: {'line': b'-- Up-to-date: /home/rudra/custom_flightmode/install/px4_msgs/include/px4_msgs/px4_msgs/msg/detail/vehicle_imu__rosidl_typesupport_fastrtps_cpp.hpp\n'}
[1.647748] (px4_msgs) StdoutLine: {'line': b'-- Up-to-date: /home/rudra/custom_flightmode/install/px4_msgs/include/px4_msgs/px4_msgs/msg/detail/vehicle_optical_flow_vel__rosidl_typesupport_fastrtps_cpp.hpp\n'}
[1.647787] (px4_msgs) StdoutLine: {'line': b'-- Up-to-date: /home/rudra/custom_flightmode/install/px4_msgs/include/px4_msgs/px4_msgs/msg/detail/detect_and_avoid__rosidl_typesupport_fastrtps_cpp.hpp\n'}
[1.647832] (px4_msgs) StdoutLine: {'line': b'-- Up-to-date: /home/rudra/custom_flightmode/install/px4_msgs/include/px4_msgs/px4_msgs/msg/detail/vehicle_imu_status__rosidl_typesupport_fastrtps_cpp.hpp\n'}
[1.647930] (px4_msgs) StdoutLine: {'line': b'-- Up-to-date: /home/rudra/custom_flightmode/install/px4_msgs/include/px4_msgs/px4_msgs/msg/detail/debug_vect__rosidl_typesupport_fastrtps_cpp.hpp\n'}
[1.648012] (px4_msgs) StdoutLine: {'line': b'-- Up-to-date: /home/rudra/custom_flightmode/install/px4_msgs/include/px4_msgs/px4_msgs/msg/detail/vehicle_acceleration__rosidl_typesupport_fastrtps_cpp.hpp\n'}
[1.648084] (px4_msgs) StdoutLine: {'line': b'-- Up-to-date: /home/rudra/custom_flightmode/install/px4_msgs/include/px4_msgs/px4_msgs/msg/detail/orb_test_large__rosidl_typesupport_fastrtps_cpp.hpp\n'}
[1.648161] (px4_msgs) StdoutLine: {'line': b'-- Up-to-date: /home/rudra/custom_flightmode/install/px4_msgs/include/px4_msgs/px4_msgs/msg/detail/normalized_unsigned_setpoint__rosidl_typesupport_fastrtps_cpp.hpp\n'}
[1.648234] (px4_msgs) StdoutLine: {'line': b'-- Up-to-date: /home/rudra/custom_flightmode/install/px4_msgs/include/px4_msgs/px4_msgs/msg/detail/position_setpoint__rosidl_typesupport_fastrtps_cpp.hpp\n'}
[1.648310] (px4_msgs) StdoutLine: {'line': b'-- Up-to-date: /home/rudra/custom_flightmode/install/px4_msgs/include/px4_msgs/px4_msgs/msg/detail/target_gnss__rosidl_typesupport_fastrtps_cpp.hpp\n'}
[1.648384] (px4_msgs) StdoutLine: {'line': b'-- Up-to-date: /home/rudra/custom_flightmode/install/px4_msgs/include/px4_msgs/px4_msgs/msg/detail/esc_eeprom_read__rosidl_typesupport_fastrtps_cpp.hpp\n'}
[1.648459] (px4_msgs) StdoutLine: {'line': b'-- Up-to-date: /home/rudra/custom_flightmode/install/px4_msgs/include/px4_msgs/px4_msgs/msg/detail/control_allocator_status__rosidl_typesupport_fastrtps_cpp.hpp\n'}
[1.648552] (px4_msgs) StdoutLine: {'line': b'-- Up-to-date: /home/rudra/custom_flightmode/install/px4_msgs/include/px4_msgs/px4_msgs/msg/detail/arming_check_reply__rosidl_typesupport_fastrtps_cpp.hpp\n'}
[1.648624] (px4_msgs) StdoutLine: {'line': b'-- Up-to-date: /home/rudra/custom_flightmode/install/px4_msgs/include/px4_msgs/px4_msgs/msg/detail/failure_detector_status__rosidl_typesupport_fastrtps_cpp.hpp\n'}
[1.648690] (px4_msgs) StdoutLine: {'line': b'-- Up-to-date: /home/rudra/custom_flightmode/install/px4_msgs/include/px4_msgs/px4_msgs/msg/detail/sensor_correction__rosidl_typesupport_fastrtps_cpp.hpp\n'}
[1.648764] (px4_msgs) StdoutLine: {'line': b'-- Up-to-date: /home/rudra/custom_flightmode/install/px4_msgs/include/px4_msgs/px4_msgs/msg/detail/trajectory_setpoint6dof__rosidl_typesupport_fastrtps_cpp.hpp\n'}
[1.648837] (px4_msgs) StdoutLine: {'line': b'-- Up-to-date: /home/rudra/custom_flightmode/install/px4_msgs/include/px4_msgs/px4_msgs/msg/detail/velocity_limits__rosidl_typesupport_fastrtps_cpp.hpp\n'}
[1.648910] (px4_msgs) StdoutLine: {'line': b'-- Up-to-date: /home/rudra/custom_flightmode/install/px4_msgs/include/px4_msgs/px4_msgs/msg/detail/mount_orientation__rosidl_typesupport_fastrtps_cpp.hpp\n'}
[1.648980] (px4_msgs) StdoutLine: {'line': b'-- Up-to-date: /home/rudra/custom_flightmode/install/px4_msgs/include/px4_msgs/px4_msgs/msg/detail/sensor_gnss_status__rosidl_typesupport_fastrtps_cpp.hpp\n'}
[1.649051] (px4_msgs) StdoutLine: {'line': b'-- Up-to-date: /home/rudra/custom_flightmode/install/px4_msgs/include/px4_msgs/px4_msgs/msg/detail/cpuload__rosidl_typesupport_fastrtps_cpp.hpp\n'}
[1.649122] (px4_msgs) StdoutLine: {'line': b'-- Up-to-date: /home/rudra/custom_flightmode/install/px4_msgs/include/px4_msgs/px4_msgs/msg/detail/device_information__rosidl_typesupport_fastrtps_cpp.hpp\n'}
[1.649193] (px4_msgs) StdoutLine: {'line': b'-- Up-to-date: /home/rudra/custom_flightmode/install/px4_msgs/include/px4_msgs/px4_msgs/msg/detail/rtl_time_estimate__rosidl_typesupport_fastrtps_cpp.hpp\n'}
[1.649266] (px4_msgs) StdoutLine: {'line': b'-- Up-to-date: /home/rudra/custom_flightmode/install/px4_msgs/include/px4_msgs/px4_msgs/msg/detail/onboard_computer_status__rosidl_typesupport_fastrtps_cpp.hpp\n'}
[1.649348] (px4_msgs) StdoutLine: {'line': b'-- Up-to-date: /home/rudra/custom_flightmode/install/px4_msgs/include/px4_msgs/px4_msgs/msg/detail/dataman_request__rosidl_typesupport_fastrtps_cpp.hpp\n'}
[1.649417] (px4_msgs) StdoutLine: {'line': b'-- Up-to-date: /home/rudra/custom_flightmode/install/px4_msgs/include/px4_msgs/px4_msgs/msg/detail/fiducial_marker_pos_report__rosidl_typesupport_fastrtps_cpp.hpp\n'}
[1.649543] (px4_msgs) StdoutLine: {'line': b'-- Up-to-date: /home/rudra/custom_flightmode/install/px4_msgs/include/px4_msgs/px4_msgs/msg/detail/gimbal_controls__rosidl_typesupport_fastrtps_cpp.hpp\n'}
[1.649635] (px4_msgs) StdoutLine: {'line': b'-- Up-to-date: /home/rudra/custom_flightmode/install/px4_msgs/include/px4_msgs/px4_msgs/msg/detail/input_rc__rosidl_typesupport_fastrtps_cpp.hpp\n'}
[1.649688] (px4_msgs) StdoutLine: {'line': b'-- Up-to-date: /home/rudra/custom_flightmode/install/px4_msgs/include/px4_msgs/px4_msgs/msg/detail/vehicle_roi__rosidl_typesupport_fastrtps_cpp.hpp\n'}
[1.649735] (px4_msgs) StdoutLine: {'line': b'-- Up-to-date: /home/rudra/custom_flightmode/install/px4_msgs/include/px4_msgs/px4_msgs/msg/detail/vehicle_constraints__rosidl_typesupport_fastrtps_cpp.hpp\n'}
[1.649780] (px4_msgs) StdoutLine: {'line': b'-- Up-to-date: /home/rudra/custom_flightmode/install/px4_msgs/include/px4_msgs/px4_msgs/msg/detail/manual_control_setpoint__rosidl_typesupport_fastrtps_cpp.hpp\n'}
[1.649857] (px4_msgs) StdoutLine: {'line': b'-- Up-to-date: /home/rudra/custom_flightmode/install/px4_msgs/include/px4_msgs/px4_msgs/msg/detail/yaw_estimator_status__rosidl_typesupport_fastrtps_cpp.hpp\n'}
[1.649933] (px4_msgs) StdoutLine: {'line': b'-- Up-to-date: /home/rudra/custom_flightmode/install/px4_msgs/include/px4_msgs/px4_msgs/msg/detail/manual_control_switches__rosidl_typesupport_fastrtps_cpp.hpp\n'}
[1.650003] (px4_msgs) StdoutLine: {'line': b'-- Up-to-date: /home/rudra/custom_flightmode/install/px4_msgs/include/px4_msgs/px4_msgs/msg/detail/sensors_status__rosidl_typesupport_fastrtps_cpp.hpp\n'}
[1.650048] (px4_msgs) StdoutLine: {'line': b'-- Up-to-date: /home/rudra/custom_flightmode/install/px4_msgs/include/px4_msgs/px4_msgs/msg/detail/vte_bias_init_status__rosidl_typesupport_fastrtps_cpp.hpp\n'}
[1.650090] (px4_msgs) StdoutLine: {'line': b'-- Up-to-date: /home/rudra/custom_flightmode/install/px4_msgs/include/px4_msgs/px4_msgs/msg/detail/open_drone_id_self_id__rosidl_typesupport_fastrtps_cpp.hpp\n'}
[1.650132] (px4_msgs) StdoutLine: {'line': b'-- Up-to-date: /home/rudra/custom_flightmode/install/px4_msgs/include/px4_msgs/px4_msgs/msg/detail/esc_report__rosidl_typesupport_fastrtps_cpp.hpp\n'}
[1.650173] (px4_msgs) StdoutLine: {'line': b'-- Up-to-date: /home/rudra/custom_flightmode/install/px4_msgs/include/px4_msgs/px4_msgs/msg/detail/sensor_preflight_mag__rosidl_typesupport_fastrtps_cpp.hpp\n'}
[1.650215] (px4_msgs) StdoutLine: {'line': b'-- Up-to-date: /home/rudra/custom_flightmode/install/px4_msgs/include/px4_msgs/px4_msgs/msg/detail/landing_gear__rosidl_typesupport_fastrtps_cpp.hpp\n'}
[1.650256] (px4_msgs) StdoutLine: {'line': b'-- Up-to-date: /home/rudra/custom_flightmode/install/px4_msgs/include/px4_msgs/px4_msgs/msg/detail/parameter_set_used_request__rosidl_typesupport_fastrtps_cpp.hpp\n'}
[1.650296] (px4_msgs) StdoutLine: {'line': b'-- Up-to-date: /home/rudra/custom_flightmode/install/px4_msgs/include/px4_msgs/px4_msgs/msg/detail/rover_steering_setpoint__rosidl_typesupport_fastrtps_cpp.hpp\n'}
[1.650336] (px4_msgs) StdoutLine: {'line': b'-- Up-to-date: /home/rudra/custom_flightmode/install/px4_msgs/include/px4_msgs/px4_msgs/msg/detail/gain_compression__rosidl_typesupport_fastrtps_cpp.hpp\n'}
[1.650375] (px4_msgs) StdoutLine: {'line': b'-- Up-to-date: /home/rudra/custom_flightmode/install/px4_msgs/include/px4_msgs/px4_msgs/msg/detail/iridiumsbd_status__rosidl_typesupport_fastrtps_cpp.hpp\n'}
[1.650414] (px4_msgs) StdoutLine: {'line': b'-- Up-to-date: /home/rudra/custom_flightmode/install/px4_msgs/include/px4_msgs/px4_msgs/msg/detail/goto_setpoint__rosidl_typesupport_fastrtps_cpp.hpp\n'}
[1.650454] (px4_msgs) StdoutLine: {'line': b'-- Up-to-date: /home/rudra/custom_flightmode/install/px4_msgs/include/px4_msgs/px4_msgs/msg/detail/estimator_event_flags__rosidl_typesupport_fastrtps_cpp.hpp\n'}
[1.650516] (px4_msgs) StdoutLine: {'line': b'-- Up-to-date: /home/rudra/custom_flightmode/install/px4_msgs/include/px4_msgs/px4_msgs/msg/detail/aux_global_position__rosidl_typesupport_fastrtps_cpp.hpp\n'}
[1.650561] (px4_msgs) StdoutLine: {'line': b'-- Up-to-date: /home/rudra/custom_flightmode/install/px4_msgs/include/px4_msgs/px4_msgs/msg/detail/dataman_response__rosidl_typesupport_fastrtps_cpp.hpp\n'}
[1.650602] (px4_msgs) StdoutLine: {'line': b'-- Up-to-date: /home/rudra/custom_flightmode/install/px4_msgs/include/px4_msgs/px4_msgs/msg/detail/collision_constraints__rosidl_typesupport_fastrtps_cpp.hpp\n'}
[1.650644] (px4_msgs) StdoutLine: {'line': b'-- Up-to-date: /home/rudra/custom_flightmode/install/px4_msgs/include/px4_msgs/px4_msgs/msg/detail/sensor_hygrometer__rosidl_typesupport_fastrtps_cpp.hpp\n'}
[1.650693] (px4_msgs) StdoutLine: {'line': b'-- Up-to-date: /home/rudra/custom_flightmode/install/px4_msgs/include/px4_msgs/px4_msgs/msg/detail/vte_orientation__rosidl_typesupport_fastrtps_cpp.hpp\n'}
[1.650735] (px4_msgs) StdoutLine: {'line': b'-- Up-to-date: /home/rudra/custom_flightmode/install/px4_msgs/include/px4_msgs/px4_msgs/msg/detail/irlock_report__rosidl_typesupport_fastrtps_cpp.hpp\n'}
[1.650776] (px4_msgs) StdoutLine: {'line': b'-- Up-to-date: /home/rudra/custom_flightmode/install/px4_msgs/include/px4_msgs/px4_msgs/msg/detail/vtol_vehicle_status__rosidl_typesupport_fastrtps_cpp.hpp\n'}
[1.650815] (px4_msgs) StdoutLine: {'line': b'-- Up-to-date: /home/rudra/custom_flightmode/install/px4_msgs/include/px4_msgs/px4_msgs/msg/detail/failure_injection__rosidl_typesupport_fastrtps_cpp.hpp\n'}
[1.650855] (px4_msgs) StdoutLine: {'line': b'-- Up-to-date: /home/rudra/custom_flightmode/install/px4_msgs/include/px4_msgs/px4_msgs/msg/detail/camera_trigger__rosidl_typesupport_fastrtps_cpp.hpp\n'}
[1.650896] (px4_msgs) StdoutLine: {'line': b'-- Up-to-date: /home/rudra/custom_flightmode/install/px4_msgs/include/px4_msgs/px4_msgs/msg/detail/vehicle_magnetometer__rosidl_typesupport_fastrtps_cpp.hpp\n'}
[1.650936] (px4_msgs) StdoutLine: {'line': b'-- Up-to-date: /home/rudra/custom_flightmode/install/px4_msgs/include/px4_msgs/px4_msgs/msg/detail/vehicle_rates_setpoint__rosidl_typesupport_fastrtps_cpp.hpp\n'}
[1.650976] (px4_msgs) StdoutLine: {'line': b'-- Up-to-date: /home/rudra/custom_flightmode/install/px4_msgs/include/px4_msgs/px4_msgs/msg/detail/action_request__rosidl_typesupport_fastrtps_cpp.hpp\n'}
[1.651016] (px4_msgs) StdoutLine: {'line': b'-- Up-to-date: /home/rudra/custom_flightmode/install/px4_msgs/include/px4_msgs/px4_msgs/msg/detail/camera_capture__rosidl_typesupport_fastrtps_cpp.hpp\n'}
[1.651067] (px4_msgs) StdoutLine: {'line': b'-- Up-to-date: /home/rudra/custom_flightmode/install/px4_msgs/include/px4_msgs/px4_msgs/msg/detail/mavlink_log__rosidl_typesupport_fastrtps_cpp.hpp\n'}
[1.651109] (px4_msgs) StdoutLine: {'line': b'-- Up-to-date: /home/rudra/custom_flightmode/install/px4_msgs/include/px4_msgs/px4_msgs/msg/detail/event__rosidl_typesupport_fastrtps_cpp.hpp\n'}
[1.651150] (px4_msgs) StdoutLine: {'line': b'-- Up-to-date: /home/rudra/custom_flightmode/install/px4_msgs/include/px4_msgs/px4_msgs/msg/detail/vehicle_status__rosidl_typesupport_fastrtps_cpp.hpp\n'}
[1.651195] (px4_msgs) StdoutLine: {'line': b'-- Up-to-date: /home/rudra/custom_flightmode/install/px4_msgs/include/px4_msgs/px4_msgs/msg/detail/sensor_uwb__rosidl_typesupport_fastrtps_cpp.hpp\n'}
[1.651238] (px4_msgs) StdoutLine: {'line': b'-- Up-to-date: /home/rudra/custom_flightmode/install/px4_msgs/include/px4_msgs/px4_msgs/msg/detail/vehicle_odometry__rosidl_typesupport_fastrtps_cpp.hpp\n'}
[1.651283] (px4_msgs) StdoutLine: {'line': b'-- Up-to-date: /home/rudra/custom_flightmode/install/px4_msgs/include/px4_msgs/px4_msgs/msg/detail/distance_sensor_mode_change_request__rosidl_typesupport_fastrtps_cpp.hpp\n'}
[1.651384] (px4_msgs) StdoutLine: {'line': b'-- Up-to-date: /home/rudra/custom_flightmode/install/px4_msgs/include/px4_msgs/px4_msgs/msg/detail/gimbal_device_information__rosidl_typesupport_fastrtps_cpp.hpp\n'}
[1.651475] (px4_msgs) StdoutLine: {'line': b'-- Up-to-date: /home/rudra/custom_flightmode/install/px4_msgs/include/px4_msgs/px4_msgs/msg/detail/obstacle_distance__rosidl_typesupport_fastrtps_cpp.hpp\n'}
[1.651536] (px4_msgs) StdoutLine: {'line': b'-- Up-to-date: /home/rudra/custom_flightmode/install/px4_msgs/include/px4_msgs/px4_msgs/msg/detail/gimbal_manager_information__rosidl_typesupport_fastrtps_cpp.hpp\n'}
[1.651582] (px4_msgs) StdoutLine: {'line': b'-- Up-to-date: /home/rudra/custom_flightmode/install/px4_msgs/include/px4_msgs/px4_msgs/msg/detail/ranging_beacon__rosidl_typesupport_fastrtps_cpp.hpp\n'}
[1.651625] (px4_msgs) StdoutLine: {'line': b'-- Up-to-date: /home/rudra/custom_flightmode/install/px4_msgs/include/px4_msgs/px4_msgs/msg/detail/wind__rosidl_typesupport_fastrtps_cpp.hpp\n'}
[1.651668] (px4_msgs) StdoutLine: {'line': b'-- Up-to-date: /home/rudra/custom_flightmode/install/px4_msgs/include/px4_msgs/px4_msgs/msg/detail/led_control__rosidl_typesupport_fastrtps_cpp.hpp\n'}
[1.651710] (px4_msgs) StdoutLine: {'line': b'-- Up-to-date: /home/rudra/custom_flightmode/install/px4_msgs/include/px4_msgs/px4_msgs/msg/detail/sensor_airflow__rosidl_typesupport_fastrtps_cpp.hpp\n'}
[1.651752] (px4_msgs) StdoutLine: {'line': b'-- Up-to-date: /home/rudra/custom_flightmode/install/px4_msgs/include/px4_msgs/px4_msgs/msg/detail/timesync_status__rosidl_typesupport_fastrtps_cpp.hpp\n'}
[1.651792] (px4_msgs) StdoutLine: {'line': b'-- Up-to-date: /home/rudra/custom_flightmode/install/px4_msgs/include/px4_msgs/px4_msgs/msg/detail/prec_land_status__rosidl_typesupport_fastrtps_cpp.hpp\n'}
[1.651832] (px4_msgs) StdoutLine: {'line': b'-- Up-to-date: /home/rudra/custom_flightmode/install/px4_msgs/include/px4_msgs/px4_msgs/msg/detail/vehicle_torque_setpoint__rosidl_typesupport_fastrtps_cpp.hpp\n'}
[1.651877] (px4_msgs) StdoutLine: {'line': b'-- Up-to-date: /home/rudra/custom_flightmode/install/px4_msgs/include/px4_msgs/px4_msgs/msg/detail/fixed_wing_runway_control__rosidl_typesupport_fastrtps_cpp.hpp\n'}
[1.651919] (px4_msgs) StdoutLine: {'line': b'-- Up-to-date: /home/rudra/custom_flightmode/install/px4_msgs/include/px4_msgs/px4_msgs/msg/detail/fixed_wing_lateral_status__rosidl_typesupport_fastrtps_cpp.hpp\n'}
[1.651960] (px4_msgs) StdoutLine: {'line': b'-- Up-to-date: /home/rudra/custom_flightmode/install/px4_msgs/include/px4_msgs/px4_msgs/msg/detail/can_interface_status__rosidl_typesupport_fastrtps_cpp.hpp\n'}
[1.652000] (px4_msgs) StdoutLine: {'line': b'-- Up-to-date: /home/rudra/custom_flightmode/install/px4_msgs/include/px4_msgs/px4_msgs/msg/detail/register_ext_component_reply__rosidl_typesupport_fastrtps_cpp.hpp\n'}
[1.652040] (px4_msgs) StdoutLine: {'line': b'-- Up-to-date: /home/rudra/custom_flightmode/install/px4_msgs/include/px4_msgs/px4_msgs/msg/detail/vehicle_land_detected__rosidl_typesupport_fastrtps_cpp.hpp\n'}
[1.652080] (px4_msgs) StdoutLine: {'line': b'-- Up-to-date: /home/rudra/custom_flightmode/install/px4_msgs/include/px4_msgs/px4_msgs/msg/detail/log_message__rosidl_typesupport_fastrtps_cpp.hpp\n'}
[1.652123] (px4_msgs) StdoutLine: {'line': b'-- Up-to-date: /home/rudra/custom_flightmode/install/px4_msgs/include/px4_msgs/px4_msgs/msg/rosidl_typesupport_fastrtps_cpp__visibility_control.h\n'}
[1.652165] (px4_msgs) StdoutLine: {'line': b'-- Up-to-date: /home/rudra/custom_flightmode/install/px4_msgs/lib/libpx4_msgs__rosidl_typesupport_fastrtps_cpp.so\n'}
[1.652207] (px4_msgs) StdoutLine: {'line': b'-- Up-to-date: /home/rudra/custom_flightmode/install/px4_msgs/include/px4_msgs/px4_msgs\n'}
[1.652247] (px4_msgs) StdoutLine: {'line': b'-- Up-to-date: /home/rudra/custom_flightmode/install/px4_msgs/include/px4_msgs/px4_msgs/srv\n'}
[1.652287] (px4_msgs) StdoutLine: {'line': b'-- Up-to-date: /home/rudra/custom_flightmode/install/px4_msgs/include/px4_msgs/px4_msgs/srv/detail\n'}
[1.652329] (px4_msgs) StdoutLine: {'line': b'-- Up-to-date: /home/rudra/custom_flightmode/install/px4_msgs/include/px4_msgs/px4_msgs/srv/detail/vehicle_command__rosidl_typesupport_introspection_cpp.hpp\n'}
[1.652382] (px4_msgs) StdoutLine: {'line': b'-- Up-to-date: /home/rudra/custom_flightmode/install/px4_msgs/include/px4_msgs/px4_msgs/srv/detail/vehicle_command__type_support.cpp\n'}
[1.652424] (px4_msgs) StdoutLine: {'line': b'-- Up-to-date: /home/rudra/custom_flightmode/install/px4_msgs/include/px4_msgs/px4_msgs/msg\n'}
[1.652470] (px4_msgs) StdoutLine: {'line': b'-- Up-to-date: /home/rudra/custom_flightmode/install/px4_msgs/include/px4_msgs/px4_msgs/msg/detail\n'}
[1.652522] (px4_msgs) StdoutLine: {'line': b'-- Up-to-date: /home/rudra/custom_flightmode/install/px4_msgs/include/px4_msgs/px4_msgs/msg/detail/longitudinal_control_configuration__rosidl_typesupport_introspection_cpp.hpp\n'}
[1.652565] (px4_msgs) StdoutLine: {'line': b'-- Up-to-date: /home/rudra/custom_flightmode/install/px4_msgs/include/px4_msgs/px4_msgs/msg/detail/rate_ctrl_status__type_support.cpp\n'}
[1.652605] (px4_msgs) StdoutLine: {'line': b'-- Up-to-date: /home/rudra/custom_flightmode/install/px4_msgs/include/px4_msgs/px4_msgs/msg/detail/landing_gear__rosidl_typesupport_introspection_cpp.hpp\n'}
[1.652646] (px4_msgs) StdoutLine: {'line': b'-- Up-to-date: /home/rudra/custom_flightmode/install/px4_msgs/include/px4_msgs/px4_msgs/msg/detail/position_setpoint__type_support.cpp\n'}
[1.652686] (px4_msgs) StdoutLine: {'line': b'-- Up-to-date: /home/rudra/custom_flightmode/install/px4_msgs/include/px4_msgs/px4_msgs/msg/detail/sensor_hygrometer__rosidl_typesupport_introspection_cpp.hpp\n'}
[1.652727] (px4_msgs) StdoutLine: {'line': b'-- Up-to-date: /home/rudra/custom_flightmode/install/px4_msgs/include/px4_msgs/px4_msgs/msg/detail/fixed_wing_runway_control__type_support.cpp\n'}
[1.652767] (px4_msgs) StdoutLine: {'line': b'-- Up-to-date: /home/rudra/custom_flightmode/install/px4_msgs/include/px4_msgs/px4_msgs/msg/detail/sensor_accel__rosidl_typesupport_introspection_cpp.hpp\n'}
[1.652809] (px4_msgs) StdoutLine: {'line': b'-- Up-to-date: /home/rudra/custom_flightmode/install/px4_msgs/include/px4_msgs/px4_msgs/msg/detail/neural_control__type_support.cpp\n'}
[1.652850] (px4_msgs) StdoutLine: {'line': b'-- Up-to-date: /home/rudra/custom_flightmode/install/px4_msgs/include/px4_msgs/px4_msgs/msg/detail/rtcm_data__type_support.cpp\n'}
[1.652892] (px4_msgs) StdoutLine: {'line': b'-- Up-to-date: /home/rudra/custom_flightmode/install/px4_msgs/include/px4_msgs/px4_msgs/msg/detail/sensor_gnss_relative__rosidl_typesupport_introspection_cpp.hpp\n'}
[1.652932] (px4_msgs) StdoutLine: {'line': b'-- Up-to-date: /home/rudra/custom_flightmode/install/px4_msgs/include/px4_msgs/px4_msgs/msg/detail/vehicle_thrust_setpoint__type_support.cpp\n'}
[1.652972] (px4_msgs) StdoutLine: {'line': b'-- Up-to-date: /home/rudra/custom_flightmode/install/px4_msgs/include/px4_msgs/px4_msgs/msg/detail/ulog_stream_ack__type_support.cpp\n'}
[1.653012] (px4_msgs) StdoutLine: {'line': b'-- Up-to-date: /home/rudra/custom_flightmode/install/px4_msgs/include/px4_msgs/px4_msgs/msg/detail/manual_control_setpoint__type_support.cpp\n'}
[1.653056] (px4_msgs) StdoutLine: {'line': b'-- Up-to-date: /home/rudra/custom_flightmode/install/px4_msgs/include/px4_msgs/px4_msgs/msg/detail/gripper__type_support.cpp\n'}
[1.653097] (px4_msgs) StdoutLine: {'line': b'-- Up-to-date: /home/rudra/custom_flightmode/install/px4_msgs/include/px4_msgs/px4_msgs/msg/detail/estimator_status_flags__type_support.cpp\n'}
[1.653136] (px4_msgs) StdoutLine: {'line': b'-- Up-to-date: /home/rudra/custom_flightmode/install/px4_msgs/include/px4_msgs/px4_msgs/msg/detail/actuator_outputs__type_support.cpp\n'}
[1.653176] (px4_msgs) StdoutLine: {'line': b'-- Up-to-date: /home/rudra/custom_flightmode/install/px4_msgs/include/px4_msgs/px4_msgs/msg/detail/dronecan_node_status__type_support.cpp\n'}
[1.653215] (px4_msgs) StdoutLine: {'line': b'-- Up-to-date: /home/rudra/custom_flightmode/install/px4_msgs/include/px4_msgs/px4_msgs/msg/detail/button_event__type_support.cpp\n'}
[1.653255] (px4_msgs) StdoutLine: {'line': b'-- Up-to-date: /home/rudra/custom_flightmode/install/px4_msgs/include/px4_msgs/px4_msgs/msg/detail/unregister_ext_component__type_support.cpp\n'}
[1.653300] (px4_msgs) StdoutLine: {'line': b'-- Up-to-date: /home/rudra/custom_flightmode/install/px4_msgs/include/px4_msgs/px4_msgs/msg/detail/rover_rate_setpoint__type_support.cpp\n'}
[1.653341] (px4_msgs) StdoutLine: {'line': b'-- Up-to-date: /home/rudra/custom_flightmode/install/px4_msgs/include/px4_msgs/px4_msgs/msg/detail/vte_bias_init_status__rosidl_typesupport_introspection_cpp.hpp\n'}
[1.653381] (px4_msgs) StdoutLine: {'line': b'-- Up-to-date: /home/rudra/custom_flightmode/install/px4_msgs/include/px4_msgs/px4_msgs/msg/detail/geofence_status__type_support.cpp\n'}
[1.653422] (px4_msgs) StdoutLine: {'line': b'-- Up-to-date: /home/rudra/custom_flightmode/install/px4_msgs/include/px4_msgs/px4_msgs/msg/detail/airspeed_wind__rosidl_typesupport_introspection_cpp.hpp\n'}
[1.653471] (px4_msgs) StdoutLine: {'line': b'-- Up-to-date: /home/rudra/custom_flightmode/install/px4_msgs/include/px4_msgs/px4_msgs/msg/detail/gimbal_controls__type_support.cpp\n'}
[1.653523] (px4_msgs) StdoutLine: {'line': b'-- Up-to-date: /home/rudra/custom_flightmode/install/px4_msgs/include/px4_msgs/px4_msgs/msg/detail/estimator_aid_source3d__type_support.cpp\n'}
[1.653564] (px4_msgs) StdoutLine: {'line': b'-- Up-to-date: /home/rudra/custom_flightmode/install/px4_msgs/include/px4_msgs/px4_msgs/msg/detail/pwm_input__type_support.cpp\n'}
[1.653613] (px4_msgs) StdoutLine: {'line': b'-- Up-to-date: /home/rudra/custom_flightmode/install/px4_msgs/include/px4_msgs/px4_msgs/msg/detail/manual_control_switches__rosidl_typesupport_introspection_cpp.hpp\n'}
[1.653654] (px4_msgs) StdoutLine: {'line': b'-- Up-to-date: /home/rudra/custom_flightmode/install/px4_msgs/include/px4_msgs/px4_msgs/msg/detail/wind__type_support.cpp\n'}
[1.653695] (px4_msgs) StdoutLine: {'line': b'-- Up-to-date: /home/rudra/custom_flightmode/install/px4_msgs/include/px4_msgs/px4_msgs/msg/detail/rover_throttle_setpoint__rosidl_typesupport_introspection_cpp.hpp\n'}
[1.653735] (px4_msgs) StdoutLine: {'line': b'-- Up-to-date: /home/rudra/custom_flightmode/install/px4_msgs/include/px4_msgs/px4_msgs/msg/detail/actuator_armed__type_support.cpp\n'}
[1.653774] (px4_msgs) StdoutLine: {'line': b'-- Up-to-date: /home/rudra/custom_flightmode/install/px4_msgs/include/px4_msgs/px4_msgs/msg/detail/parameter_set_value_response__rosidl_typesupport_introspection_cpp.hpp\n'}
[1.653813] (px4_msgs) StdoutLine: {'line': b'-- Up-to-date: /home/rudra/custom_flightmode/install/px4_msgs/include/px4_msgs/px4_msgs/msg/detail/device_information__rosidl_typesupport_introspection_cpp.hpp\n'}
[1.653853] (px4_msgs) StdoutLine: {'line': b'-- Up-to-date: /home/rudra/custom_flightmode/install/px4_msgs/include/px4_msgs/px4_msgs/msg/detail/camera_capture__rosidl_typesupport_introspection_cpp.hpp\n'}
[1.653892] (px4_msgs) StdoutLine: {'line': b'-- Up-to-date: /home/rudra/custom_flightmode/install/px4_msgs/include/px4_msgs/px4_msgs/msg/detail/irlock_report__rosidl_typesupport_introspection_cpp.hpp\n'}
[1.653931] (px4_msgs) StdoutLine: {'line': b'-- Up-to-date: /home/rudra/custom_flightmode/install/px4_msgs/include/px4_msgs/px4_msgs/msg/detail/fiducial_marker_pos_report__rosidl_typesupport_introspection_cpp.hpp\n'}
[1.653970] (px4_msgs) StdoutLine: {'line': b'-- Up-to-date: /home/rudra/custom_flightmode/install/px4_msgs/include/px4_msgs/px4_msgs/msg/detail/sensor_correction__type_support.cpp\n'}
[1.654010] (px4_msgs) StdoutLine: {'line': b'-- Up-to-date: /home/rudra/custom_flightmode/install/px4_msgs/include/px4_msgs/px4_msgs/msg/detail/sensor_temp__rosidl_typesupport_introspection_cpp.hpp\n'}
[1.654049] (px4_msgs) StdoutLine: {'line': b'-- Up-to-date: /home/rudra/custom_flightmode/install/px4_msgs/include/px4_msgs/px4_msgs/msg/detail/raptor_input__type_support.cpp\n'}
[1.654088] (px4_msgs) StdoutLine: {'line': b'-- Up-to-date: /home/rudra/custom_flightmode/install/px4_msgs/include/px4_msgs/px4_msgs/msg/detail/vehicle_odometry__type_support.cpp\n'}
[1.654130] (px4_msgs) StdoutLine: {'line': b'-- Up-to-date: /home/rudra/custom_flightmode/install/px4_msgs/include/px4_msgs/px4_msgs/msg/detail/onboard_computer_status__rosidl_typesupport_introspection_cpp.hpp\n'}
[1.654179] (px4_msgs) StdoutLine: {'line': b'-- Up-to-date: /home/rudra/custom_flightmode/install/px4_msgs/include/px4_msgs/px4_msgs/msg/detail/mode_completed__type_support.cpp\n'}
[1.654221] (px4_msgs) StdoutLine: {'line': b'-- Up-to-date: /home/rudra/custom_flightmode/install/px4_msgs/include/px4_msgs/px4_msgs/msg/detail/power_monitor__rosidl_typesupport_introspection_cpp.hpp\n'}
[1.654262] (px4_msgs) StdoutLine: {'line': b'-- Up-to-date: /home/rudra/custom_flightmode/install/px4_msgs/include/px4_msgs/px4_msgs/msg/detail/irlock_report__type_support.cpp\n'}
[1.654302] (px4_msgs) StdoutLine: {'line': b'-- Up-to-date: /home/rudra/custom_flightmode/install/px4_msgs/include/px4_msgs/px4_msgs/msg/detail/ulog_stream__type_support.cpp\n'}
[1.654342] (px4_msgs) StdoutLine: {'line': b'-- Up-to-date: /home/rudra/custom_flightmode/install/px4_msgs/include/px4_msgs/px4_msgs/msg/detail/open_drone_id_system__type_support.cpp\n'}
[1.654382] (px4_msgs) StdoutLine: {'line': b'-- Up-to-date: /home/rudra/custom_flightmode/install/px4_msgs/include/px4_msgs/px4_msgs/msg/detail/button_event__rosidl_typesupport_introspection_cpp.hpp\n'}
[1.654421] (px4_msgs) StdoutLine: {'line': b'-- Up-to-date: /home/rudra/custom_flightmode/install/px4_msgs/include/px4_msgs/px4_msgs/msg/detail/esc_eeprom_read__type_support.cpp\n'}
[1.654460] (px4_msgs) StdoutLine: {'line': b'-- Up-to-date: /home/rudra/custom_flightmode/install/px4_msgs/include/px4_msgs/px4_msgs/msg/detail/health_report__type_support.cpp\n'}
[1.654516] (px4_msgs) StdoutLine: {'line': b'-- Up-to-date: /home/rudra/custom_flightmode/install/px4_msgs/include/px4_msgs/px4_msgs/msg/detail/goto_setpoint__rosidl_typesupport_introspection_cpp.hpp\n'}
[1.654561] (px4_msgs) StdoutLine: {'line': b'-- Up-to-date: /home/rudra/custom_flightmode/install/px4_msgs/include/px4_msgs/px4_msgs/msg/detail/orb_test__type_support.cpp\n'}
[1.654603] (px4_msgs) StdoutLine: {'line': b'-- Up-to-date: /home/rudra/custom_flightmode/install/px4_msgs/include/px4_msgs/px4_msgs/msg/detail/collision_constraints__type_support.cpp\n'}
[1.654645] (px4_msgs) StdoutLine: {'line': b'-- Up-to-date: /home/rudra/custom_flightmode/install/px4_msgs/include/px4_msgs/px4_msgs/msg/detail/parameter_set_used_request__type_support.cpp\n'}
[1.654687] (px4_msgs) StdoutLine: {'line': b'-- Up-to-date: /home/rudra/custom_flightmode/install/px4_msgs/include/px4_msgs/px4_msgs/msg/detail/debug_vect__type_support.cpp\n'}
[1.654729] (px4_msgs) StdoutLine: {'line': b'-- Up-to-date: /home/rudra/custom_flightmode/install/px4_msgs/include/px4_msgs/px4_msgs/msg/detail/vtol_vehicle_status__type_support.cpp\n'}
[1.654781] (px4_msgs) StdoutLine: {'line': b'-- Up-to-date: /home/rudra/custom_flightmode/install/px4_msgs/include/px4_msgs/px4_msgs/msg/detail/mag_worker_data__type_support.cpp\n'}
[1.654825] (px4_msgs) StdoutLine: {'line': b'-- Up-to-date: /home/rudra/custom_flightmode/install/px4_msgs/include/px4_msgs/px4_msgs/msg/detail/control_allocator_status__type_support.cpp\n'}
[1.654866] (px4_msgs) StdoutLine: {'line': b'-- Up-to-date: /home/rudra/custom_flightmode/install/px4_msgs/include/px4_msgs/px4_msgs/msg/detail/sensor_mag__rosidl_typesupport_introspection_cpp.hpp\n'}
[1.654906] (px4_msgs) StdoutLine: {'line': b'-- Up-to-date: /home/rudra/custom_flightmode/install/px4_msgs/include/px4_msgs/px4_msgs/msg/detail/sensor_accel__type_support.cpp\n'}
[1.654945] (px4_msgs) StdoutLine: {'line': b'-- Up-to-date: /home/rudra/custom_flightmode/install/px4_msgs/include/px4_msgs/px4_msgs/msg/detail/neural_control__rosidl_typesupport_introspection_cpp.hpp\n'}
[1.654984] (px4_msgs) StdoutLine: {'line': b'-- Up-to-date: /home/rudra/custom_flightmode/install/px4_msgs/include/px4_msgs/px4_msgs/msg/detail/debug_array__rosidl_typesupport_introspection_cpp.hpp\n'}
[1.655023] (px4_msgs) StdoutLine: {'line': b'-- Up-to-date: /home/rudra/custom_flightmode/install/px4_msgs/include/px4_msgs/px4_msgs/msg/detail/estimator_bias__rosidl_typesupport_introspection_cpp.hpp\n'}
[1.655068] (px4_msgs) StdoutLine: {'line': b'-- Up-to-date: /home/rudra/custom_flightmode/install/px4_msgs/include/px4_msgs/px4_msgs/msg/detail/airspeed_validated__rosidl_typesupport_introspection_cpp.hpp\n'}
[1.655109] (px4_msgs) StdoutLine: {'line': b'-- Up-to-date: /home/rudra/custom_flightmode/install/px4_msgs/include/px4_msgs/px4_msgs/msg/detail/camera_capture__type_support.cpp\n'}
[1.655182] (px4_msgs) StdoutLine: {'line': b'-- Up-to-date: /home/rudra/custom_flightmode/install/px4_msgs/include/px4_msgs/px4_msgs/msg/detail/estimator_fusion_control__rosidl_typesupport_introspection_cpp.hpp\n'}
[1.655256] (px4_msgs) StdoutLine: {'line': b'-- Up-to-date: /home/rudra/custom_flightmode/install/px4_msgs/include/px4_msgs/px4_msgs/msg/detail/orb_test_medium__rosidl_typesupport_introspection_cpp.hpp\n'}
[1.655305] (px4_msgs) StdoutLine: {'line': b'-- Up-to-date: /home/rudra/custom_flightmode/install/px4_msgs/include/px4_msgs/px4_msgs/msg/detail/rtl_status__rosidl_typesupport_introspection_cpp.hpp\n'}
[1.655349] (px4_msgs) StdoutLine: {'line': b'-- Up-to-date: /home/rudra/custom_flightmode/install/px4_msgs/include/px4_msgs/px4_msgs/msg/detail/sensor_selection__rosidl_typesupport_introspection_cpp.hpp\n'}
[1.655397] (px4_msgs) StdoutLine: {'line': b'-- Up-to-date: /home/rudra/custom_flightmode/install/px4_msgs/include/px4_msgs/px4_msgs/msg/detail/failsafe_flags__rosidl_typesupport_introspection_cpp.hpp\n'}
[1.655441] (px4_msgs) StdoutLine: {'line': b'-- Up-to-date: /home/rudra/custom_flightmode/install/px4_msgs/include/px4_msgs/px4_msgs/msg/detail/vehicle_torque_setpoint__rosidl_typesupport_introspection_cpp.hpp\n'}
[1.655498] (px4_msgs) StdoutLine: {'line': b'-- Up-to-date: /home/rudra/custom_flightmode/install/px4_msgs/include/px4_msgs/px4_msgs/msg/detail/open_drone_id_basic_id__rosidl_typesupport_introspection_cpp.hpp\n'}
[1.655545] (px4_msgs) StdoutLine: {'line': b'-- Up-to-date: /home/rudra/custom_flightmode/install/px4_msgs/include/px4_msgs/px4_msgs/msg/detail/gpio_in__rosidl_typesupport_introspection_cpp.hpp\n'}
[1.655591] (px4_msgs) StdoutLine: {'line': b'-- Up-to-date: /home/rudra/custom_flightmode/install/px4_msgs/include/px4_msgs/px4_msgs/msg/detail/follow_target_estimator__type_support.cpp\n'}
[1.655632] (px4_msgs) StdoutLine: {'line': b'-- Up-to-date: /home/rudra/custom_flightmode/install/px4_msgs/include/px4_msgs/px4_msgs/msg/detail/action_request__type_support.cpp\n'}
[1.655673] (px4_msgs) StdoutLine: {'line': b'-- Up-to-date: /home/rudra/custom_flightmode/install/px4_msgs/include/px4_msgs/px4_msgs/msg/detail/can_interface_status__type_support.cpp\n'}
[1.655713] (px4_msgs) StdoutLine: {'line': b'-- Up-to-date: /home/rudra/custom_flightmode/install/px4_msgs/include/px4_msgs/px4_msgs/msg/detail/esc_eeprom_write__type_support.cpp\n'}
[1.655753] (px4_msgs) StdoutLine: {'line': b'-- Up-to-date: /home/rudra/custom_flightmode/install/px4_msgs/include/px4_msgs/px4_msgs/msg/detail/message_format_response__rosidl_typesupport_introspection_cpp.hpp\n'}
[1.655793] (px4_msgs) StdoutLine: {'line': b'-- Up-to-date: /home/rudra/custom_flightmode/install/px4_msgs/include/px4_msgs/px4_msgs/msg/detail/gimbal_controls__rosidl_typesupport_introspection_cpp.hpp\n'}
[1.655835] (px4_msgs) StdoutLine: {'line': b'-- Up-to-date: /home/rudra/custom_flightmode/install/px4_msgs/include/px4_msgs/px4_msgs/msg/detail/health_report__rosidl_typesupport_introspection_cpp.hpp\n'}
[1.655878] (px4_msgs) StdoutLine: {'line': b'-- Up-to-date: /home/rudra/custom_flightmode/install/px4_msgs/include/px4_msgs/px4_msgs/msg/detail/wheel_encoders__rosidl_typesupport_introspection_cpp.hpp\n'}
[1.655919] (px4_msgs) StdoutLine: {'line': b'-- Up-to-date: /home/rudra/custom_flightmode/install/px4_msgs/include/px4_msgs/px4_msgs/msg/detail/failure_injection__rosidl_typesupport_introspection_cpp.hpp\n'}
[1.655961] (px4_msgs) StdoutLine: {'line': b'-- Up-to-date: /home/rudra/custom_flightmode/install/px4_msgs/include/px4_msgs/px4_msgs/msg/detail/sensor_optical_flow__rosidl_typesupport_introspection_cpp.hpp\n'}
[1.656005] (px4_msgs) StdoutLine: {'line': b'-- Up-to-date: /home/rudra/custom_flightmode/install/px4_msgs/include/px4_msgs/px4_msgs/msg/detail/distance_sensor__type_support.cpp\n'}
[1.656058] (px4_msgs) StdoutLine: {'line': b'-- Up-to-date: /home/rudra/custom_flightmode/install/px4_msgs/include/px4_msgs/px4_msgs/msg/detail/mission_result__type_support.cpp\n'}
[1.656099] (px4_msgs) StdoutLine: {'line': b'-- Up-to-date: /home/rudra/custom_flightmode/install/px4_msgs/include/px4_msgs/px4_msgs/msg/detail/gimbal_device_attitude_status__type_support.cpp\n'}
[1.656139] (px4_msgs) StdoutLine: {'line': b'-- Up-to-date: /home/rudra/custom_flightmode/install/px4_msgs/include/px4_msgs/px4_msgs/msg/detail/esc_eeprom_read__rosidl_typesupport_introspection_cpp.hpp\n'}
[1.656179] (px4_msgs) StdoutLine: {'line': b'-- Up-to-date: /home/rudra/custom_flightmode/install/px4_msgs/include/px4_msgs/px4_msgs/msg/detail/failure_detector_status__rosidl_typesupport_introspection_cpp.hpp\n'}
[1.656218] (px4_msgs) StdoutLine: {'line': b'-- Up-to-date: /home/rudra/custom_flightmode/install/px4_msgs/include/px4_msgs/px4_msgs/msg/detail/vehicle_magnetometer__rosidl_typesupport_introspection_cpp.hpp\n'}
[1.656259] (px4_msgs) StdoutLine: {'line': b'-- Up-to-date: /home/rudra/custom_flightmode/install/px4_msgs/include/px4_msgs/px4_msgs/msg/detail/estimator_gps_status__type_support.cpp\n'}
[1.656298] (px4_msgs) StdoutLine: {'line': b'-- Up-to-date: /home/rudra/custom_flightmode/install/px4_msgs/include/px4_msgs/px4_msgs/msg/detail/event__type_support.cpp\n'}
[1.656337] (px4_msgs) StdoutLine: {'line': b'-- Up-to-date: /home/rudra/custom_flightmode/install/px4_msgs/include/px4_msgs/px4_msgs/msg/detail/vehicle_status__rosidl_typesupport_introspection_cpp.hpp\n'}
[1.656378] (px4_msgs) StdoutLine: {'line': b'-- Up-to-date: /home/rudra/custom_flightmode/install/px4_msgs/include/px4_msgs/px4_msgs/msg/detail/vtx__rosidl_typesupport_introspection_cpp.hpp\n'}
[1.656418] (px4_msgs) StdoutLine: {'line': b'-- Up-to-date: /home/rudra/custom_flightmode/install/px4_msgs/include/px4_msgs/px4_msgs/msg/detail/vehicle_roi__rosidl_typesupport_introspection_cpp.hpp\n'}
[1.656463] (px4_msgs) StdoutLine: {'line': b'-- Up-to-date: /home/rudra/custom_flightmode/install/px4_msgs/include/px4_msgs/px4_msgs/msg/detail/tecs_status__rosidl_typesupport_introspection_cpp.hpp\n'}
[1.656519] (px4_msgs) StdoutLine: {'line': b'-- Up-to-date: /home/rudra/custom_flightmode/install/px4_msgs/include/px4_msgs/px4_msgs/msg/detail/radio_status__type_support.cpp\n'}
[1.656561] (px4_msgs) StdoutLine: {'line': b'-- Up-to-date: /home/rudra/custom_flightmode/install/px4_msgs/include/px4_msgs/px4_msgs/msg/detail/longitudinal_control_configuration__type_support.cpp\n'}
[1.656602] (px4_msgs) StdoutLine: {'line': b'-- Up-to-date: /home/rudra/custom_flightmode/install/px4_msgs/include/px4_msgs/px4_msgs/msg/detail/estimator_gps_status__rosidl_typesupport_introspection_cpp.hpp\n'}
[1.656641] (px4_msgs) StdoutLine: {'line': b'-- Up-to-date: /home/rudra/custom_flightmode/install/px4_msgs/include/px4_msgs/px4_msgs/msg/detail/gimbal_device_set_attitude__rosidl_typesupport_introspection_cpp.hpp\n'}
[1.656680] (px4_msgs) StdoutLine: {'line': b'-- Up-to-date: /home/rudra/custom_flightmode/install/px4_msgs/include/px4_msgs/px4_msgs/msg/detail/estimator_bias3d__rosidl_typesupport_introspection_cpp.hpp\n'}
[1.656720] (px4_msgs) StdoutLine: {'line': b'-- Up-to-date: /home/rudra/custom_flightmode/install/px4_msgs/include/px4_msgs/px4_msgs/msg/detail/sensor_baro__type_support.cpp\n'}
[1.656760] (px4_msgs) StdoutLine: {'line': b'-- Up-to-date: /home/rudra/custom_flightmode/install/px4_msgs/include/px4_msgs/px4_msgs/msg/detail/gimbal_manager_set_attitude__rosidl_typesupport_introspection_cpp.hpp\n'}
[1.656818] (px4_msgs) StdoutLine: {'line': b'-- Up-to-date: /home/rudra/custom_flightmode/install/px4_msgs/include/px4_msgs/px4_msgs/msg/detail/mount_orientation__type_support.cpp\n'}
[1.656887] (px4_msgs) StdoutLine: {'line': b'-- Up-to-date: /home/rudra/custom_flightmode/install/px4_msgs/include/px4_msgs/px4_msgs/msg/detail/aux_global_position__rosidl_typesupport_introspection_cpp.hpp\n'}
[1.656957] (px4_msgs) StdoutLine: {'line': b'-- Up-to-date: /home/rudra/custom_flightmode/install/px4_msgs/include/px4_msgs/px4_msgs/msg/detail/vte_bias_init_status__type_support.cpp\n'}
[1.657022] (px4_msgs) StdoutLine: {'line': b'-- Up-to-date: /home/rudra/custom_flightmode/install/px4_msgs/include/px4_msgs/px4_msgs/msg/detail/vehicle_status__type_support.cpp\n'}
[1.657066] (px4_msgs) StdoutLine: {'line': b'-- Up-to-date: /home/rudra/custom_flightmode/install/px4_msgs/include/px4_msgs/px4_msgs/msg/detail/dataman_response__type_support.cpp\n'}
[1.657107] (px4_msgs) StdoutLine: {'line': b'-- Up-to-date: /home/rudra/custom_flightmode/install/px4_msgs/include/px4_msgs/px4_msgs/msg/detail/estimator_aid_source2d__rosidl_typesupport_introspection_cpp.hpp\n'}
[1.657205] (px4_msgs) StdoutLine: {'line': b'-- Up-to-date: /home/rudra/custom_flightmode/install/px4_msgs/include/px4_msgs/px4_msgs/msg/detail/telemetry_status__type_support.cpp\n'}
[1.657252] (px4_msgs) StdoutLine: {'line': b'-- Up-to-date: /home/rudra/custom_flightmode/install/px4_msgs/include/px4_msgs/px4_msgs/msg/detail/satellite_info__rosidl_typesupport_introspection_cpp.hpp\n'}
[1.657294] (px4_msgs) StdoutLine: {'line': b'-- Up-to-date: /home/rudra/custom_flightmode/install/px4_msgs/include/px4_msgs/px4_msgs/msg/detail/gimbal_device_information__rosidl_typesupport_introspection_cpp.hpp\n'}
[1.657347] (px4_msgs) StdoutLine: {'line': b'-- Up-to-date: /home/rudra/custom_flightmode/install/px4_msgs/include/px4_msgs/px4_msgs/msg/detail/trajectory_setpoint6dof__type_support.cpp\n'}
[1.657389] (px4_msgs) StdoutLine: {'line': b'-- Up-to-date: /home/rudra/custom_flightmode/install/px4_msgs/include/px4_msgs/px4_msgs/msg/detail/wind__rosidl_typesupport_introspection_cpp.hpp\n'}
[1.657431] (px4_msgs) StdoutLine: {'line': b'-- Up-to-date: /home/rudra/custom_flightmode/install/px4_msgs/include/px4_msgs/px4_msgs/msg/detail/cellular_status__rosidl_typesupport_introspection_cpp.hpp\n'}
[1.657479] (px4_msgs) StdoutLine: {'line': b'-- Up-to-date: /home/rudra/custom_flightmode/install/px4_msgs/include/px4_msgs/px4_msgs/msg/detail/vehicle_command__rosidl_typesupport_introspection_cpp.hpp\n'}
[1.657530] (px4_msgs) StdoutLine: {'line': b'-- Up-to-date: /home/rudra/custom_flightmode/install/px4_msgs/include/px4_msgs/px4_msgs/msg/detail/log_message__type_support.cpp\n'}
[1.657570] (px4_msgs) StdoutLine: {'line': b'-- Up-to-date: /home/rudra/custom_flightmode/install/px4_msgs/include/px4_msgs/px4_msgs/msg/detail/rover_attitude_setpoint__rosidl_typesupport_introspection_cpp.hpp\n'}
[1.657609] (px4_msgs) StdoutLine: {'line': b'-- Up-to-date: /home/rudra/custom_flightmode/install/px4_msgs/include/px4_msgs/px4_msgs/msg/detail/esc_eeprom_write__rosidl_typesupport_introspection_cpp.hpp\n'}
[1.657649] (px4_msgs) StdoutLine: {'line': b'-- Up-to-date: /home/rudra/custom_flightmode/install/px4_msgs/include/px4_msgs/px4_msgs/msg/detail/vehicle_optical_flow__type_support.cpp\n'}
[1.657688] (px4_msgs) StdoutLine: {'line': b'-- Up-to-date: /home/rudra/custom_flightmode/install/px4_msgs/include/px4_msgs/px4_msgs/msg/detail/device_information__type_support.cpp\n'}
[1.657748] (px4_msgs) StdoutLine: {'line': b'-- Up-to-date: /home/rudra/custom_flightmode/install/px4_msgs/include/px4_msgs/px4_msgs/msg/detail/sensor_mag__type_support.cpp\n'}
[1.657792] (px4_msgs) StdoutLine: {'line': b'-- Up-to-date: /home/rudra/custom_flightmode/install/px4_msgs/include/px4_msgs/px4_msgs/msg/detail/figure_eight_status__rosidl_typesupport_introspection_cpp.hpp\n'}
[1.657832] (px4_msgs) StdoutLine: {'line': b'-- Up-to-date: /home/rudra/custom_flightmode/install/px4_msgs/include/px4_msgs/px4_msgs/msg/detail/system_power__rosidl_typesupport_introspection_cpp.hpp\n'}
[1.657873] (px4_msgs) StdoutLine: {'line': b'-- Up-to-date: /home/rudra/custom_flightmode/install/px4_msgs/include/px4_msgs/px4_msgs/msg/detail/sensor_gps__type_support.cpp\n'}
[1.657914] (px4_msgs) StdoutLine: {'line': b'-- Up-to-date: /home/rudra/custom_flightmode/install/px4_msgs/include/px4_msgs/px4_msgs/msg/detail/esc_status__type_support.cpp\n'}
[1.657960] (px4_msgs) StdoutLine: {'line': b'-- Up-to-date: /home/rudra/custom_flightmode/install/px4_msgs/include/px4_msgs/px4_msgs/msg/detail/failure_detector_status__type_support.cpp\n'}
[1.658000] (px4_msgs) StdoutLine: {'line': b'-- Up-to-date: /home/rudra/custom_flightmode/install/px4_msgs/include/px4_msgs/px4_msgs/msg/detail/vtx__type_support.cpp\n'}
[1.658040] (px4_msgs) StdoutLine: {'line': b'-- Up-to-date: /home/rudra/custom_flightmode/install/px4_msgs/include/px4_msgs/px4_msgs/msg/detail/estimator_status__rosidl_typesupport_introspection_cpp.hpp\n'}
[1.658081] (px4_msgs) StdoutLine: {'line': b'-- Up-to-date: /home/rudra/custom_flightmode/install/px4_msgs/include/px4_msgs/px4_msgs/msg/detail/magnetometer_bias_estimate__type_support.cpp\n'}
[1.658120] (px4_msgs) StdoutLine: {'line': b'-- Up-to-date: /home/rudra/custom_flightmode/install/px4_msgs/include/px4_msgs/px4_msgs/msg/detail/parameter_set_value_response__type_support.cpp\n'}
[1.658159] (px4_msgs) StdoutLine: {'line': b'-- Up-to-date: /home/rudra/custom_flightmode/install/px4_msgs/include/px4_msgs/px4_msgs/msg/detail/vehicle_imu_status__type_support.cpp\n'}
[1.658198] (px4_msgs) StdoutLine: {'line': b'-- Up-to-date: /home/rudra/custom_flightmode/install/px4_msgs/include/px4_msgs/px4_msgs/msg/detail/prec_land_status__rosidl_typesupport_introspection_cpp.hpp\n'}
[1.658238] (px4_msgs) StdoutLine: {'line': b'-- Up-to-date: /home/rudra/custom_flightmode/install/px4_msgs/include/px4_msgs/px4_msgs/msg/detail/lateral_control_configuration__type_support.cpp\n'}
[1.658277] (px4_msgs) StdoutLine: {'line': b'-- Up-to-date: /home/rudra/custom_flightmode/install/px4_msgs/include/px4_msgs/px4_msgs/msg/detail/vehicle_acceleration__type_support.cpp\n'}
[1.658315] (px4_msgs) StdoutLine: {'line': b'-- Up-to-date: /home/rudra/custom_flightmode/install/px4_msgs/include/px4_msgs/px4_msgs/msg/detail/gps_dump__type_support.cpp\n'}
[1.658354] (px4_msgs) StdoutLine: {'line': b'-- Up-to-date: /home/rudra/custom_flightmode/install/px4_msgs/include/px4_msgs/px4_msgs/msg/detail/message_format_request__type_support.cpp\n'}
[1.658393] (px4_msgs) StdoutLine: {'line': b'-- Up-to-date: /home/rudra/custom_flightmode/install/px4_msgs/include/px4_msgs/px4_msgs/msg/detail/estimator_innovations__type_support.cpp\n'}
[1.658433] (px4_msgs) StdoutLine: {'line': b'-- Up-to-date: /home/rudra/custom_flightmode/install/px4_msgs/include/px4_msgs/px4_msgs/msg/detail/debug_key_value__type_support.cpp\n'}
[1.658534] (px4_msgs) StdoutLine: {'line': b'-- Up-to-date: /home/rudra/custom_flightmode/install/px4_msgs/include/px4_msgs/px4_msgs/msg/detail/vehicle_odometry__rosidl_typesupport_introspection_cpp.hpp\n'}
[1.658591] (px4_msgs) StdoutLine: {'line': b'-- Up-to-date: /home/rudra/custom_flightmode/install/px4_msgs/include/px4_msgs/px4_msgs/msg/detail/detect_and_avoid__rosidl_typesupport_introspection_cpp.hpp\n'}
[1.658649] (px4_msgs) StdoutLine: {'line': b'-- Up-to-date: /home/rudra/custom_flightmode/install/px4_msgs/include/px4_msgs/px4_msgs/msg/detail/dataman_request__type_support.cpp\n'}
[1.658694] (px4_msgs) StdoutLine: {'line': b'-- Up-to-date: /home/rudra/custom_flightmode/install/px4_msgs/include/px4_msgs/px4_msgs/msg/detail/estimator_innovations__rosidl_typesupport_introspection_cpp.hpp\n'}
[1.658737] (px4_msgs) StdoutLine: {'line': b'-- Up-to-date: /home/rudra/custom_flightmode/install/px4_msgs/include/px4_msgs/px4_msgs/msg/detail/arming_check_request__type_support.cpp\n'}
[1.658779] (px4_msgs) StdoutLine: {'line': b'-- Up-to-date: /home/rudra/custom_flightmode/install/px4_msgs/include/px4_msgs/px4_msgs/msg/detail/raptor_input__rosidl_typesupport_introspection_cpp.hpp\n'}
[1.658867] (px4_msgs) StdoutLine: {'line': b'-- Up-to-date: /home/rudra/custom_flightmode/install/px4_msgs/include/px4_msgs/px4_msgs/msg/detail/flight_phase_estimation__type_support.cpp\n'}
[1.658914] (px4_msgs) StdoutLine: {'line': b'-- Up-to-date: /home/rudra/custom_flightmode/install/px4_msgs/include/px4_msgs/px4_msgs/msg/detail/fiducial_marker_yaw_report__rosidl_typesupport_introspection_cpp.hpp\n'}
[1.658963] (px4_msgs) StdoutLine: {'line': b'-- Up-to-date: /home/rudra/custom_flightmode/install/px4_msgs/include/px4_msgs/px4_msgs/msg/detail/timesync_status__rosidl_typesupport_introspection_cpp.hpp\n'}
[1.659011] (px4_msgs) StdoutLine: {'line': b'-- Up-to-date: /home/rudra/custom_flightmode/install/px4_msgs/include/px4_msgs/px4_msgs/msg/detail/follow_target_estimator__rosidl_typesupport_introspection_cpp.hpp\n'}
[1.659053] (px4_msgs) StdoutLine: {'line': b'-- Up-to-date: /home/rudra/custom_flightmode/install/px4_msgs/include/px4_msgs/px4_msgs/msg/detail/orb_test_large__type_support.cpp\n'}
[1.659093] (px4_msgs) StdoutLine: {'line': b'-- Up-to-date: /home/rudra/custom_flightmode/install/px4_msgs/include/px4_msgs/px4_msgs/msg/detail/offboard_control_mode__type_support.cpp\n'}
[1.659132] (px4_msgs) StdoutLine: {'line': b'-- Up-to-date: /home/rudra/custom_flightmode/install/px4_msgs/include/px4_msgs/px4_msgs/msg/detail/uavcan_parameter_request__rosidl_typesupport_introspection_cpp.hpp\n'}
[1.659173] (px4_msgs) StdoutLine: {'line': b'-- Up-to-date: /home/rudra/custom_flightmode/install/px4_msgs/include/px4_msgs/px4_msgs/msg/detail/qshell_req__type_support.cpp\n'}
[1.659212] (px4_msgs) StdoutLine: {'line': b'-- Up-to-date: /home/rudra/custom_flightmode/install/px4_msgs/include/px4_msgs/px4_msgs/msg/detail/register_ext_component_request__type_support.cpp\n'}
[1.659254] (px4_msgs) StdoutLine: {'line': b'-- Up-to-date: /home/rudra/custom_flightmode/install/px4_msgs/include/px4_msgs/px4_msgs/msg/detail/fiducial_marker_pos_report__type_support.cpp\n'}
[1.659294] (px4_msgs) StdoutLine: {'line': b'-- Up-to-date: /home/rudra/custom_flightmode/install/px4_msgs/include/px4_msgs/px4_msgs/msg/detail/rover_rate_setpoint__rosidl_typesupport_introspection_cpp.hpp\n'}
[1.659333] (px4_msgs) StdoutLine: {'line': b'-- Up-to-date: /home/rudra/custom_flightmode/install/px4_msgs/include/px4_msgs/px4_msgs/msg/detail/airspeed_validated__type_support.cpp\n'}
[1.659372] (px4_msgs) StdoutLine: {'line': b'-- Up-to-date: /home/rudra/custom_flightmode/install/px4_msgs/include/px4_msgs/px4_msgs/msg/detail/position_controller_status__type_support.cpp\n'}
[1.659411] (px4_msgs) StdoutLine: {'line': b'-- Up-to-date: /home/rudra/custom_flightmode/install/px4_msgs/include/px4_msgs/px4_msgs/msg/detail/takeoff_status__type_support.cpp\n'}
[1.659450] (px4_msgs) StdoutLine: {'line': b'-- Up-to-date: /home/rudra/custom_flightmode/install/px4_msgs/include/px4_msgs/px4_msgs/msg/detail/sensor_temp__type_support.cpp\n'}
[1.659517] (px4_msgs) StdoutLine: {'line': b'-- Up-to-date: /home/rudra/custom_flightmode/install/px4_msgs/include/px4_msgs/px4_msgs/msg/detail/figure_eight_status__type_support.cpp\n'}
[1.659563] (px4_msgs) StdoutLine: {'line': b'-- Up-to-date: /home/rudra/custom_flightmode/install/px4_msgs/include/px4_msgs/px4_msgs/msg/detail/sensor_hygrometer__type_support.cpp\n'}
[1.659604] (px4_msgs) StdoutLine: {'line': b'-- Up-to-date: /home/rudra/custom_flightmode/install/px4_msgs/include/px4_msgs/px4_msgs/msg/detail/estimator_status_flags__rosidl_typesupport_introspection_cpp.hpp\n'}
[1.659644] (px4_msgs) StdoutLine: {'line': b'-- Up-to-date: /home/rudra/custom_flightmode/install/px4_msgs/include/px4_msgs/px4_msgs/msg/detail/qshell_retval__rosidl_typesupport_introspection_cpp.hpp\n'}
[1.659693] (px4_msgs) StdoutLine: {'line': b'-- Up-to-date: /home/rudra/custom_flightmode/install/px4_msgs/include/px4_msgs/px4_msgs/msg/detail/camera_trigger__rosidl_typesupport_introspection_cpp.hpp\n'}
[1.659733] (px4_msgs) StdoutLine: {'line': b'-- Up-to-date: /home/rudra/custom_flightmode/install/px4_msgs/include/px4_msgs/px4_msgs/msg/detail/vte_orientation__type_support.cpp\n'}
[1.659773] (px4_msgs) StdoutLine: {'line': b'-- Up-to-date: /home/rudra/custom_flightmode/install/px4_msgs/include/px4_msgs/px4_msgs/msg/detail/vtol_vehicle_status__rosidl_typesupport_introspection_cpp.hpp\n'}
[1.659813] (px4_msgs) StdoutLine: {'line': b'-- Up-to-date: /home/rudra/custom_flightmode/install/px4_msgs/include/px4_msgs/px4_msgs/msg/detail/internal_combustion_engine_status__type_support.cpp\n'}
[1.659860] (px4_msgs) StdoutLine: {'line': b'-- Up-to-date: /home/rudra/custom_flightmode/install/px4_msgs/include/px4_msgs/px4_msgs/msg/detail/gimbal_manager_status__rosidl_typesupport_introspection_cpp.hpp\n'}
[1.659912] (px4_msgs) StdoutLine: {'line': b'-- Up-to-date: /home/rudra/custom_flightmode/install/px4_msgs/include/px4_msgs/px4_msgs/msg/detail/vte_aid_source3d__rosidl_typesupport_introspection_cpp.hpp\n'}
[1.659956] (px4_msgs) StdoutLine: {'line': b'-- Up-to-date: /home/rudra/custom_flightmode/install/px4_msgs/include/px4_msgs/px4_msgs/msg/detail/gimbal_manager_status__type_support.cpp\n'}
[1.659997] (px4_msgs) StdoutLine: {'line': b'-- Up-to-date: /home/rudra/custom_flightmode/install/px4_msgs/include/px4_msgs/px4_msgs/msg/detail/transponder_report__type_support.cpp\n'}
[1.660037] (px4_msgs) StdoutLine: {'line': b'-- Up-to-date: /home/rudra/custom_flightmode/install/px4_msgs/include/px4_msgs/px4_msgs/msg/detail/mavlink_log__rosidl_typesupport_introspection_cpp.hpp\n'}
[1.660078] (px4_msgs) StdoutLine: {'line': b'-- Up-to-date: /home/rudra/custom_flightmode/install/px4_msgs/include/px4_msgs/px4_msgs/msg/detail/vehicle_attitude__type_support.cpp\n'}
[1.660153] (px4_msgs) StdoutLine: {'line': b'-- Up-to-date: /home/rudra/custom_flightmode/install/px4_msgs/include/px4_msgs/px4_msgs/msg/detail/fixed_wing_lateral_setpoint__rosidl_typesupport_introspection_cpp.hpp\n'}
[1.660207] (px4_msgs) StdoutLine: {'line': b'-- Up-to-date: /home/rudra/custom_flightmode/install/px4_msgs/include/px4_msgs/px4_msgs/msg/detail/actuator_outputs__rosidl_typesupport_introspection_cpp.hpp\n'}
[1.660250] (px4_msgs) StdoutLine: {'line': b'-- Up-to-date: /home/rudra/custom_flightmode/install/px4_msgs/include/px4_msgs/px4_msgs/msg/detail/heater_status__rosidl_typesupport_introspection_cpp.hpp\n'}
[1.660291] (px4_msgs) StdoutLine: {'line': b'-- Up-to-date: /home/rudra/custom_flightmode/install/px4_msgs/include/px4_msgs/px4_msgs/msg/detail/actuator_test__type_support.cpp\n'}
[1.660331] (px4_msgs) StdoutLine: {'line': b'-- Up-to-date: /home/rudra/custom_flightmode/install/px4_msgs/include/px4_msgs/px4_msgs/msg/detail/vehicle_angular_velocity__rosidl_typesupport_introspection_cpp.hpp\n'}
[1.660374] (px4_msgs) StdoutLine: {'line': b'-- Up-to-date: /home/rudra/custom_flightmode/install/px4_msgs/include/px4_msgs/px4_msgs/msg/detail/logger_status__type_support.cpp\n'}
[1.660416] (px4_msgs) StdoutLine: {'line': b'-- Up-to-date: /home/rudra/custom_flightmode/install/px4_msgs/include/px4_msgs/px4_msgs/msg/detail/estimator_status__type_support.cpp\n'}
[1.660458] (px4_msgs) StdoutLine: {'line': b'-- Up-to-date: /home/rudra/custom_flightmode/install/px4_msgs/include/px4_msgs/px4_msgs/msg/detail/sensor_gps__rosidl_typesupport_introspection_cpp.hpp\n'}
[1.660515] (px4_msgs) StdoutLine: {'line': b'-- Up-to-date: /home/rudra/custom_flightmode/install/px4_msgs/include/px4_msgs/px4_msgs/msg/detail/battery_info__rosidl_typesupport_introspection_cpp.hpp\n'}
[1.660559] (px4_msgs) StdoutLine: {'line': b'-- Up-to-date: /home/rudra/custom_flightmode/install/px4_msgs/include/px4_msgs/px4_msgs/msg/detail/rover_attitude_setpoint__type_support.cpp\n'}
[1.660601] (px4_msgs) StdoutLine: {'line': b'-- Up-to-date: /home/rudra/custom_flightmode/install/px4_msgs/include/px4_msgs/px4_msgs/msg/detail/actuator_motors__rosidl_typesupport_introspection_cpp.hpp\n'}
[1.660641] (px4_msgs) StdoutLine: {'line': b'-- Up-to-date: /home/rudra/custom_flightmode/install/px4_msgs/include/px4_msgs/px4_msgs/msg/detail/sensor_airflow__rosidl_typesupport_introspection_cpp.hpp\n'}
[1.660684] (px4_msgs) StdoutLine: {'line': b'-- Up-to-date: /home/rudra/custom_flightmode/install/px4_msgs/include/px4_msgs/px4_msgs/msg/detail/vehicle_control_mode__rosidl_typesupport_introspection_cpp.hpp\n'}
[1.660726] (px4_msgs) StdoutLine: {'line': b'-- Up-to-date: /home/rudra/custom_flightmode/install/px4_msgs/include/px4_msgs/px4_msgs/msg/detail/gpio_request__type_support.cpp\n'}
[1.660766] (px4_msgs) StdoutLine: {'line': b'-- Up-to-date: /home/rudra/custom_flightmode/install/px4_msgs/include/px4_msgs/px4_msgs/msg/detail/estimator_sensor_bias__rosidl_typesupport_introspection_cpp.hpp\n'}
[1.660813] (px4_msgs) StdoutLine: {'line': b'-- Up-to-date: /home/rudra/custom_flightmode/install/px4_msgs/include/px4_msgs/px4_msgs/msg/detail/generator_status__type_support.cpp\n'}
[1.660855] (px4_msgs) StdoutLine: {'line': b'-- Up-to-date: /home/rudra/custom_flightmode/install/px4_msgs/include/px4_msgs/px4_msgs/msg/detail/vehicle_optical_flow_vel__type_support.cpp\n'}
[1.660895] (px4_msgs) StdoutLine: {'line': b'-- Up-to-date: /home/rudra/custom_flightmode/install/px4_msgs/include/px4_msgs/px4_msgs/msg/detail/normalized_unsigned_setpoint__type_support.cpp\n'}
[1.660935] (px4_msgs) StdoutLine: {'line': b'-- Up-to-date: /home/rudra/custom_flightmode/install/px4_msgs/include/px4_msgs/px4_msgs/msg/detail/vehicle_local_position__rosidl_typesupport_introspection_cpp.hpp\n'}
[1.660974] (px4_msgs) StdoutLine: {'line': b'-- Up-to-date: /home/rudra/custom_flightmode/install/px4_msgs/include/px4_msgs/px4_msgs/msg/detail/debug_vect__rosidl_typesupport_introspection_cpp.hpp\n'}
[1.661013] (px4_msgs) StdoutLine: {'line': b'-- Up-to-date: /home/rudra/custom_flightmode/install/px4_msgs/include/px4_msgs/px4_msgs/msg/detail/transponder_report__rosidl_typesupport_introspection_cpp.hpp\n'}
[1.661052] (px4_msgs) StdoutLine: {'line': b'-- Up-to-date: /home/rudra/custom_flightmode/install/px4_msgs/include/px4_msgs/px4_msgs/msg/detail/velocity_limits__type_support.cpp\n'}
[1.661124] (px4_msgs) StdoutLine: {'line': b'-- Up-to-date: /home/rudra/custom_flightmode/install/px4_msgs/include/px4_msgs/px4_msgs/msg/detail/estimator_event_flags__rosidl_typesupport_introspection_cpp.hpp\n'}
[1.661169] (px4_msgs) StdoutLine: {'line': b'-- Up-to-date: /home/rudra/custom_flightmode/install/px4_msgs/include/px4_msgs/px4_msgs/msg/detail/debug_value__rosidl_typesupport_introspection_cpp.hpp\n'}
[1.661210] (px4_msgs) StdoutLine: {'line': b'-- Up-to-date: /home/rudra/custom_flightmode/install/px4_msgs/include/px4_msgs/px4_msgs/msg/detail/setpoint_config_reply__type_support.cpp\n'}
[1.661250] (px4_msgs) StdoutLine: {'line': b'-- Up-to-date: /home/rudra/custom_flightmode/install/px4_msgs/include/px4_msgs/px4_msgs/msg/detail/vehicle_magnetometer__type_support.cpp\n'}
[1.661294] (px4_msgs) StdoutLine: {'line': b'-- Up-to-date: /home/rudra/custom_flightmode/install/px4_msgs/include/px4_msgs/px4_msgs/msg/detail/debug_key_value__rosidl_typesupport_introspection_cpp.hpp\n'}
[1.661335] (px4_msgs) StdoutLine: {'line': b'-- Up-to-date: /home/rudra/custom_flightmode/install/px4_msgs/include/px4_msgs/px4_msgs/msg/detail/dataman_response__rosidl_typesupport_introspection_cpp.hpp\n'}
[1.661376] (px4_msgs) StdoutLine: {'line': b'-- Up-to-date: /home/rudra/custom_flightmode/install/px4_msgs/include/px4_msgs/px4_msgs/msg/detail/open_drone_id_operator_id__type_support.cpp\n'}
[1.661415] (px4_msgs) StdoutLine: {'line': b'-- Up-to-date: /home/rudra/custom_flightmode/install/px4_msgs/include/px4_msgs/px4_msgs/msg/detail/esc_report__rosidl_typesupport_introspection_cpp.hpp\n'}
[1.661453] (px4_msgs) StdoutLine: {'line': b'-- Up-to-date: /home/rudra/custom_flightmode/install/px4_msgs/include/px4_msgs/px4_msgs/msg/detail/parameter_set_used_request__rosidl_typesupport_introspection_cpp.hpp\n'}
[1.661505] (px4_msgs) StdoutLine: {'line': b'-- Up-to-date: /home/rudra/custom_flightmode/install/px4_msgs/include/px4_msgs/px4_msgs/msg/detail/rover_speed_status__type_support.cpp\n'}
[1.661548] (px4_msgs) StdoutLine: {'line': b'-- Up-to-date: /home/rudra/custom_flightmode/install/px4_msgs/include/px4_msgs/px4_msgs/msg/detail/navigator_mission_item__type_support.cpp\n'}
[1.661587] (px4_msgs) StdoutLine: {'line': b'-- Up-to-date: /home/rudra/custom_flightmode/install/px4_msgs/include/px4_msgs/px4_msgs/msg/detail/fixed_wing_longitudinal_setpoint__type_support.cpp\n'}
[1.661627] (px4_msgs) StdoutLine: {'line': b'-- Up-to-date: /home/rudra/custom_flightmode/install/px4_msgs/include/px4_msgs/px4_msgs/msg/detail/gimbal_manager_set_manual_control__rosidl_typesupport_introspection_cpp.hpp\n'}
[1.661667] (px4_msgs) StdoutLine: {'line': b'-- Up-to-date: /home/rudra/custom_flightmode/install/px4_msgs/include/px4_msgs/px4_msgs/msg/detail/estimator_bias__type_support.cpp\n'}
[1.661712] (px4_msgs) StdoutLine: {'line': b'-- Up-to-date: /home/rudra/custom_flightmode/install/px4_msgs/include/px4_msgs/px4_msgs/msg/detail/mount_orientation__rosidl_typesupport_introspection_cpp.hpp\n'}
[1.661758] (px4_msgs) StdoutLine: {'line': b'-- Up-to-date: /home/rudra/custom_flightmode/install/px4_msgs/include/px4_msgs/px4_msgs/msg/detail/event__rosidl_typesupport_introspection_cpp.hpp\n'}
[1.661802] (px4_msgs) StdoutLine: {'line': b'-- Up-to-date: /home/rudra/custom_flightmode/install/px4_msgs/include/px4_msgs/px4_msgs/msg/detail/yaw_estimator_status__type_support.cpp\n'}
[1.661847] (px4_msgs) StdoutLine: {'line': b'-- Up-to-date: /home/rudra/custom_flightmode/install/px4_msgs/include/px4_msgs/px4_msgs/msg/detail/navigator_status__type_support.cpp\n'}
[1.663545] (px4_msgs) StdoutLine: {'line': b'-- Up-to-date: /home/rudra/custom_flightmode/install/px4_msgs/include/px4_msgs/px4_msgs/msg/detail/magnetometer_bias_estimate__rosidl_typesupport_introspection_cpp.hpp\n'}
[1.663656] (px4_msgs) StdoutLine: {'line': b'-- Up-to-date: /home/rudra/custom_flightmode/install/px4_msgs/include/px4_msgs/px4_msgs/msg/detail/sensor_gyro__rosidl_typesupport_introspection_cpp.hpp\n'}
[1.663726] (px4_msgs) StdoutLine: {'line': b'-- Up-to-date: /home/rudra/custom_flightmode/install/px4_msgs/include/px4_msgs/px4_msgs/msg/detail/debug_value__type_support.cpp\n'}
[1.663789] (px4_msgs) StdoutLine: {'line': b'-- Up-to-date: /home/rudra/custom_flightmode/install/px4_msgs/include/px4_msgs/px4_msgs/msg/detail/takeoff_status__rosidl_typesupport_introspection_cpp.hpp\n'}
[1.663856] (px4_msgs) StdoutLine: {'line': b'-- Up-to-date: /home/rudra/custom_flightmode/install/px4_msgs/include/px4_msgs/px4_msgs/msg/detail/vte_position__rosidl_typesupport_introspection_cpp.hpp\n'}
[1.663914] (px4_msgs) StdoutLine: {'line': b'-- Up-to-date: /home/rudra/custom_flightmode/install/px4_msgs/include/px4_msgs/px4_msgs/msg/detail/vte_aid_source1d__type_support.cpp\n'}
[1.663974] (px4_msgs) StdoutLine: {'line': b'-- Up-to-date: /home/rudra/custom_flightmode/install/px4_msgs/include/px4_msgs/px4_msgs/msg/detail/rover_attitude_status__rosidl_typesupport_introspection_cpp.hpp\n'}
[1.664033] (px4_msgs) StdoutLine: {'line': b'-- Up-to-date: /home/rudra/custom_flightmode/install/px4_msgs/include/px4_msgs/px4_msgs/msg/detail/target_gnss__rosidl_typesupport_introspection_cpp.hpp\n'}
[1.664094] (px4_msgs) StdoutLine: {'line': b'-- Up-to-date: /home/rudra/custom_flightmode/install/px4_msgs/include/px4_msgs/px4_msgs/msg/detail/mission__rosidl_typesupport_introspection_cpp.hpp\n'}
[1.664166] (px4_msgs) StdoutLine: {'line': b'-- Up-to-date: /home/rudra/custom_flightmode/install/px4_msgs/include/px4_msgs/px4_msgs/msg/detail/sensor_gyro__type_support.cpp\n'}
[1.664258] (px4_msgs) StdoutLine: {'line': b'-- Up-to-date: /home/rudra/custom_flightmode/install/px4_msgs/include/px4_msgs/px4_msgs/msg/detail/distance_sensor__rosidl_typesupport_introspection_cpp.hpp\n'}
[1.664323] (px4_msgs) StdoutLine: {'line': b'-- Up-to-date: /home/rudra/custom_flightmode/install/px4_msgs/include/px4_msgs/px4_msgs/msg/detail/open_drone_id_basic_id__type_support.cpp\n'}
[1.664391] (px4_msgs) StdoutLine: {'line': b'-- Up-to-date: /home/rudra/custom_flightmode/install/px4_msgs/include/px4_msgs/px4_msgs/msg/detail/tune_control__type_support.cpp\n'}
[1.664450] (px4_msgs) StdoutLine: {'line': b'-- Up-to-date: /home/rudra/custom_flightmode/install/px4_msgs/include/px4_msgs/px4_msgs/msg/detail/estimator_aid_source1d__rosidl_typesupport_introspection_cpp.hpp\n'}
[1.664526] (px4_msgs) StdoutLine: {'line': b'-- Up-to-date: /home/rudra/custom_flightmode/install/px4_msgs/include/px4_msgs/px4_msgs/msg/detail/open_drone_id_arm_status__type_support.cpp\n'}
[1.664586] (px4_msgs) StdoutLine: {'line': b'-- Up-to-date: /home/rudra/custom_flightmode/install/px4_msgs/include/px4_msgs/px4_msgs/msg/detail/vte_orientation__rosidl_typesupport_introspection_cpp.hpp\n'}
[1.664647] (px4_msgs) StdoutLine: {'line': b'-- Up-to-date: /home/rudra/custom_flightmode/install/px4_msgs/include/px4_msgs/px4_msgs/msg/detail/rover_position_setpoint__type_support.cpp\n'}
[1.664743] (px4_msgs) StdoutLine: {'line': b'-- Up-to-date: /home/rudra/custom_flightmode/install/px4_msgs/include/px4_msgs/px4_msgs/msg/detail/landing_gear__type_support.cpp\n'}
[1.664804] (px4_msgs) StdoutLine: {'line': b'-- Up-to-date: /home/rudra/custom_flightmode/install/px4_msgs/include/px4_msgs/px4_msgs/msg/detail/detect_and_avoid_most_urgent__type_support.cpp\n'}
[1.664864] (px4_msgs) StdoutLine: {'line': b'-- Up-to-date: /home/rudra/custom_flightmode/install/px4_msgs/include/px4_msgs/px4_msgs/msg/detail/rover_speed_setpoint__rosidl_typesupport_introspection_cpp.hpp\n'}
[1.664926] (px4_msgs) StdoutLine: {'line': b'-- Up-to-date: /home/rudra/custom_flightmode/install/px4_msgs/include/px4_msgs/px4_msgs/msg/detail/actuator_servos__type_support.cpp\n'}
[1.664986] (px4_msgs) StdoutLine: {'line': b'-- Up-to-date: /home/rudra/custom_flightmode/install/px4_msgs/include/px4_msgs/px4_msgs/msg/detail/geofence_result__rosidl_typesupport_introspection_cpp.hpp\n'}
[1.665045] (px4_msgs) StdoutLine: {'line': b'-- Up-to-date: /home/rudra/custom_flightmode/install/px4_msgs/include/px4_msgs/px4_msgs/msg/detail/dataman_request__rosidl_typesupport_introspection_cpp.hpp\n'}
[1.665104] (px4_msgs) StdoutLine: {'line': b'-- Up-to-date: /home/rudra/custom_flightmode/install/px4_msgs/include/px4_msgs/px4_msgs/msg/detail/led_control__rosidl_typesupport_introspection_cpp.hpp\n'}
[1.665161] (px4_msgs) StdoutLine: {'line': b'-- Up-to-date: /home/rudra/custom_flightmode/install/px4_msgs/include/px4_msgs/px4_msgs/msg/detail/message_format_response__type_support.cpp\n'}
[1.665218] (px4_msgs) StdoutLine: {'line': b'-- Up-to-date: /home/rudra/custom_flightmode/install/px4_msgs/include/px4_msgs/px4_msgs/msg/detail/iridiumsbd_status__rosidl_typesupport_introspection_cpp.hpp\n'}
[1.665275] (px4_msgs) StdoutLine: {'line': b'-- Up-to-date: /home/rudra/custom_flightmode/install/px4_msgs/include/px4_msgs/px4_msgs/msg/detail/led_control__type_support.cpp\n'}
[1.665332] (px4_msgs) StdoutLine: {'line': b'-- Up-to-date: /home/rudra/custom_flightmode/install/px4_msgs/include/px4_msgs/px4_msgs/msg/detail/battery_status__rosidl_typesupport_introspection_cpp.hpp\n'}
[1.665394] (px4_msgs) StdoutLine: {'line': b'-- Up-to-date: /home/rudra/custom_flightmode/install/px4_msgs/include/px4_msgs/px4_msgs/msg/detail/camera_status__rosidl_typesupport_introspection_cpp.hpp\n'}
[1.665480] (px4_msgs) StdoutLine: {'line': b'-- Up-to-date: /home/rudra/custom_flightmode/install/px4_msgs/include/px4_msgs/px4_msgs/msg/detail/iridiumsbd_status__type_support.cpp\n'}
[1.665551] (px4_msgs) StdoutLine: {'line': b'-- Up-to-date: /home/rudra/custom_flightmode/install/px4_msgs/include/px4_msgs/px4_msgs/msg/detail/actuator_controls_status__rosidl_typesupport_introspection_cpp.hpp\n'}
[1.665611] (px4_msgs) StdoutLine: {'line': b'-- Up-to-date: /home/rudra/custom_flightmode/install/px4_msgs/include/px4_msgs/px4_msgs/msg/detail/arming_check_request__rosidl_typesupport_introspection_cpp.hpp\n'}
[1.665670] (px4_msgs) StdoutLine: {'line': b'-- Up-to-date: /home/rudra/custom_flightmode/install/px4_msgs/include/px4_msgs/px4_msgs/msg/detail/trajectory_setpoint__rosidl_typesupport_introspection_cpp.hpp\n'}
[1.665728] (px4_msgs) StdoutLine: {'line': b'-- Up-to-date: /home/rudra/custom_flightmode/install/px4_msgs/include/px4_msgs/px4_msgs/msg/detail/goto_setpoint__type_support.cpp\n'}
[1.665786] (px4_msgs) StdoutLine: {'line': b'-- Up-to-date: /home/rudra/custom_flightmode/install/px4_msgs/include/px4_msgs/px4_msgs/msg/detail/fixed_wing_runway_control__rosidl_typesupport_introspection_cpp.hpp\n'}
[1.665844] (px4_msgs) StdoutLine: {'line': b'-- Up-to-date: /home/rudra/custom_flightmode/install/px4_msgs/include/px4_msgs/px4_msgs/msg/detail/gain_compression__type_support.cpp\n'}
[1.665904] (px4_msgs) StdoutLine: {'line': b'-- Up-to-date: /home/rudra/custom_flightmode/install/px4_msgs/include/px4_msgs/px4_msgs/msg/detail/landing_target_innovations__rosidl_typesupport_introspection_cpp.hpp\n'}
[1.665978] (px4_msgs) StdoutLine: {'line': b'-- Up-to-date: /home/rudra/custom_flightmode/install/px4_msgs/include/px4_msgs/px4_msgs/msg/detail/distance_sensor_mode_change_request__rosidl_typesupport_introspection_cpp.hpp\n'}
[1.666041] (px4_msgs) StdoutLine: {'line': b'-- Up-to-date: /home/rudra/custom_flightmode/install/px4_msgs/include/px4_msgs/px4_msgs/msg/detail/raptor_status__rosidl_typesupport_introspection_cpp.hpp\n'}
[1.666112] (px4_msgs) StdoutLine: {'line': b'-- Up-to-date: /home/rudra/custom_flightmode/install/px4_msgs/include/px4_msgs/px4_msgs/msg/detail/gpio_out__rosidl_typesupport_introspection_cpp.hpp\n'}
[1.666173] (px4_msgs) StdoutLine: {'line': b'-- Up-to-date: /home/rudra/custom_flightmode/install/px4_msgs/include/px4_msgs/px4_msgs/msg/detail/pwm_input__rosidl_typesupport_introspection_cpp.hpp\n'}
[1.666231] (px4_msgs) StdoutLine: {'line': b'-- Up-to-date: /home/rudra/custom_flightmode/install/px4_msgs/include/px4_msgs/px4_msgs/msg/detail/vehicle_command_ack__type_support.cpp\n'}
[1.666290] (px4_msgs) StdoutLine: {'line': b'-- Up-to-date: /home/rudra/custom_flightmode/install/px4_msgs/include/px4_msgs/px4_msgs/msg/detail/battery_status__type_support.cpp\n'}
[1.666348] (px4_msgs) StdoutLine: {'line': b'-- Up-to-date: /home/rudra/custom_flightmode/install/px4_msgs/include/px4_msgs/px4_msgs/msg/detail/position_setpoint_triplet__rosidl_typesupport_introspection_cpp.hpp\n'}
[1.666404] (px4_msgs) StdoutLine: {'line': b'-- Up-to-date: /home/rudra/custom_flightmode/install/px4_msgs/include/px4_msgs/px4_msgs/msg/detail/power_button_state__type_support.cpp\n'}
[1.666462] (px4_msgs) StdoutLine: {'line': b'-- Up-to-date: /home/rudra/custom_flightmode/install/px4_msgs/include/px4_msgs/px4_msgs/msg/detail/trajectory_setpoint__type_support.cpp\n'}
[1.666542] (px4_msgs) StdoutLine: {'line': b'-- Up-to-date: /home/rudra/custom_flightmode/install/px4_msgs/include/px4_msgs/px4_msgs/msg/detail/rover_attitude_status__type_support.cpp\n'}
[1.666601] (px4_msgs) StdoutLine: {'line': b'-- Up-to-date: /home/rudra/custom_flightmode/install/px4_msgs/include/px4_msgs/px4_msgs/msg/detail/home_position__type_support.cpp\n'}
[1.666657] (px4_msgs) StdoutLine: {'line': b'-- Up-to-date: /home/rudra/custom_flightmode/install/px4_msgs/include/px4_msgs/px4_msgs/msg/detail/gain_compression__rosidl_typesupport_introspection_cpp.hpp\n'}
[1.666715] (px4_msgs) StdoutLine: {'line': b'-- Up-to-date: /home/rudra/custom_flightmode/install/px4_msgs/include/px4_msgs/px4_msgs/msg/detail/vehicle_imu__rosidl_typesupport_introspection_cpp.hpp\n'}
[1.666773] (px4_msgs) StdoutLine: {'line': b'-- Up-to-date: /home/rudra/custom_flightmode/install/px4_msgs/include/px4_msgs/px4_msgs/msg/detail/vehicle_land_detected__rosidl_typesupport_introspection_cpp.hpp\n'}
[1.666830] (px4_msgs) StdoutLine: {'line': b'-- Up-to-date: /home/rudra/custom_flightmode/install/px4_msgs/include/px4_msgs/px4_msgs/msg/detail/register_ext_component_reply__rosidl_typesupport_introspection_cpp.hpp\n'}
[1.666906] (px4_msgs) StdoutLine: {'line': b'-- Up-to-date: /home/rudra/custom_flightmode/install/px4_msgs/include/px4_msgs/px4_msgs/msg/detail/mission__type_support.cpp\n'}
[1.666966] (px4_msgs) StdoutLine: {'line': b'-- Up-to-date: /home/rudra/custom_flightmode/install/px4_msgs/include/px4_msgs/px4_msgs/msg/detail/vehicle_air_data__type_support.cpp\n'}
[1.667023] (px4_msgs) StdoutLine: {'line': b'-- Up-to-date: /home/rudra/custom_flightmode/install/px4_msgs/include/px4_msgs/px4_msgs/msg/detail/trajectory_setpoint6dof__rosidl_typesupport_introspection_cpp.hpp\n'}
[1.667081] (px4_msgs) StdoutLine: {'line': b'-- Up-to-date: /home/rudra/custom_flightmode/install/px4_msgs/include/px4_msgs/px4_msgs/msg/detail/generator_status__rosidl_typesupport_introspection_cpp.hpp\n'}
[1.667139] (px4_msgs) StdoutLine: {'line': b'-- Up-to-date: /home/rudra/custom_flightmode/install/px4_msgs/include/px4_msgs/px4_msgs/msg/detail/qshell_retval__type_support.cpp\n'}
[1.667196] (px4_msgs) StdoutLine: {'line': b'-- Up-to-date: /home/rudra/custom_flightmode/install/px4_msgs/include/px4_msgs/px4_msgs/msg/detail/failure_injection__type_support.cpp\n'}
[1.667260] (px4_msgs) StdoutLine: {'line': b'-- Up-to-date: /home/rudra/custom_flightmode/install/px4_msgs/include/px4_msgs/px4_msgs/msg/detail/follow_target_status__type_support.cpp\n'}
[1.667317] (px4_msgs) StdoutLine: {'line': b'-- Up-to-date: /home/rudra/custom_flightmode/install/px4_msgs/include/px4_msgs/px4_msgs/msg/detail/landing_target_pose__rosidl_typesupport_introspection_cpp.hpp\n'}
[1.667375] (px4_msgs) StdoutLine: {'line': b'-- Up-to-date: /home/rudra/custom_flightmode/install/px4_msgs/include/px4_msgs/px4_msgs/msg/detail/target_gnss__type_support.cpp\n'}
[1.667432] (px4_msgs) StdoutLine: {'line': b'-- Up-to-date: /home/rudra/custom_flightmode/install/px4_msgs/include/px4_msgs/px4_msgs/msg/detail/sensor_combined__type_support.cpp\n'}
[1.667503] (px4_msgs) StdoutLine: {'line': b'-- Up-to-date: /home/rudra/custom_flightmode/install/px4_msgs/include/px4_msgs/px4_msgs/msg/detail/vehicle_rates_setpoint__rosidl_typesupport_introspection_cpp.hpp\n'}
[1.667566] (px4_msgs) StdoutLine: {'line': b'-- Up-to-date: /home/rudra/custom_flightmode/install/px4_msgs/include/px4_msgs/px4_msgs/msg/detail/vte_aid_source1d__rosidl_typesupport_introspection_cpp.hpp\n'}
[1.667646] (px4_msgs) StdoutLine: {'line': b'-- Up-to-date: /home/rudra/custom_flightmode/install/px4_msgs/include/px4_msgs/px4_msgs/msg/detail/open_drone_id_self_id__rosidl_typesupport_introspection_cpp.hpp\n'}
[1.667716] (px4_msgs) StdoutLine: {'line': b'-- Up-to-date: /home/rudra/custom_flightmode/install/px4_msgs/include/px4_msgs/px4_msgs/msg/detail/esc_status__rosidl_typesupport_introspection_cpp.hpp\n'}
[1.667774] (px4_msgs) StdoutLine: {'line': b'-- Up-to-date: /home/rudra/custom_flightmode/install/px4_msgs/include/px4_msgs/px4_msgs/msg/detail/gimbal_manager_set_attitude__type_support.cpp\n'}
[1.667836] (px4_msgs) StdoutLine: {'line': b'-- Up-to-date: /home/rudra/custom_flightmode/install/px4_msgs/include/px4_msgs/px4_msgs/msg/detail/internal_combustion_engine_control__rosidl_typesupport_introspection_cpp.hpp\n'}
[1.667913] (px4_msgs) StdoutLine: {'line': b'-- Up-to-date: /home/rudra/custom_flightmode/install/px4_msgs/include/px4_msgs/px4_msgs/msg/detail/landing_target_innovations__type_support.cpp\n'}
[1.667972] (px4_msgs) StdoutLine: {'line': b'-- Up-to-date: /home/rudra/custom_flightmode/install/px4_msgs/include/px4_msgs/px4_msgs/msg/detail/sensor_baro__rosidl_typesupport_introspection_cpp.hpp\n'}
[1.668029] (px4_msgs) StdoutLine: {'line': b'-- Up-to-date: /home/rudra/custom_flightmode/install/px4_msgs/include/px4_msgs/px4_msgs/msg/detail/power_monitor__type_support.cpp\n'}
[1.668085] (px4_msgs) StdoutLine: {'line': b'-- Up-to-date: /home/rudra/custom_flightmode/install/px4_msgs/include/px4_msgs/px4_msgs/msg/detail/onboard_computer_status__type_support.cpp\n'}
[1.668142] (px4_msgs) StdoutLine: {'line': b'-- Up-to-date: /home/rudra/custom_flightmode/install/px4_msgs/include/px4_msgs/px4_msgs/msg/detail/actuator_controls_status__type_support.cpp\n'}
[1.668198] (px4_msgs) StdoutLine: {'line': b'-- Up-to-date: /home/rudra/custom_flightmode/install/px4_msgs/include/px4_msgs/px4_msgs/msg/detail/wheel_encoders__type_support.cpp\n'}
[1.668253] (px4_msgs) StdoutLine: {'line': b'-- Up-to-date: /home/rudra/custom_flightmode/install/px4_msgs/include/px4_msgs/px4_msgs/msg/detail/navigator_status__rosidl_typesupport_introspection_cpp.hpp\n'}
[1.668309] (px4_msgs) StdoutLine: {'line': b'-- Up-to-date: /home/rudra/custom_flightmode/install/px4_msgs/include/px4_msgs/px4_msgs/msg/detail/sensor_optical_flow__type_support.cpp\n'}
[1.668365] (px4_msgs) StdoutLine: {'line': b'-- Up-to-date: /home/rudra/custom_flightmode/install/px4_msgs/include/px4_msgs/px4_msgs/msg/detail/setpoint_config__type_support.cpp\n'}
[1.668421] (px4_msgs) StdoutLine: {'line': b'-- Up-to-date: /home/rudra/custom_flightmode/install/px4_msgs/include/px4_msgs/px4_msgs/msg/detail/mavlink_tunnel__rosidl_typesupport_introspection_cpp.hpp\n'}
[1.668484] (px4_msgs) StdoutLine: {'line': b'-- Up-to-date: /home/rudra/custom_flightmode/install/px4_msgs/include/px4_msgs/px4_msgs/msg/detail/vehicle_thrust_setpoint__rosidl_typesupport_introspection_cpp.hpp\n'}
[1.668557] (px4_msgs) StdoutLine: {'line': b'-- Up-to-date: /home/rudra/custom_flightmode/install/px4_msgs/include/px4_msgs/px4_msgs/msg/detail/manual_control_setpoint__rosidl_typesupport_introspection_cpp.hpp\n'}
[1.668620] (px4_msgs) StdoutLine: {'line': b'-- Up-to-date: /home/rudra/custom_flightmode/install/px4_msgs/include/px4_msgs/px4_msgs/msg/detail/orb_test_large__rosidl_typesupport_introspection_cpp.hpp\n'}
[1.668680] (px4_msgs) StdoutLine: {'line': b'-- Up-to-date: /home/rudra/custom_flightmode/install/px4_msgs/include/px4_msgs/px4_msgs/msg/detail/sensor_airflow__type_support.cpp\n'}
[1.668741] (px4_msgs) StdoutLine: {'line': b'-- Up-to-date: /home/rudra/custom_flightmode/install/px4_msgs/include/px4_msgs/px4_msgs/msg/detail/sensor_gnss_status__rosidl_typesupport_introspection_cpp.hpp\n'}
[1.668802] (px4_msgs) StdoutLine: {'line': b'-- Up-to-date: /home/rudra/custom_flightmode/install/px4_msgs/include/px4_msgs/px4_msgs/msg/detail/geofence_status__rosidl_typesupport_introspection_cpp.hpp\n'}
[1.668885] (px4_msgs) StdoutLine: {'line': b'-- Up-to-date: /home/rudra/custom_flightmode/install/px4_msgs/include/px4_msgs/px4_msgs/msg/detail/rover_rate_status__rosidl_typesupport_introspection_cpp.hpp\n'}
[1.668944] (px4_msgs) StdoutLine: {'line': b'-- Up-to-date: /home/rudra/custom_flightmode/install/px4_msgs/include/px4_msgs/px4_msgs/msg/detail/sensor_correction__rosidl_typesupport_introspection_cpp.hpp\n'}
[1.669001] (px4_msgs) StdoutLine: {'line': b'-- Up-to-date: /home/rudra/custom_flightmode/install/px4_msgs/include/px4_msgs/px4_msgs/msg/detail/estimator_selector_status__rosidl_typesupport_introspection_cpp.hpp\n'}
[1.669060] (px4_msgs) StdoutLine: {'line': b'-- Up-to-date: /home/rudra/custom_flightmode/install/px4_msgs/include/px4_msgs/px4_msgs/msg/detail/rover_steering_setpoint__type_support.cpp\n'}
[1.669117] (px4_msgs) StdoutLine: {'line': b'-- Up-to-date: /home/rudra/custom_flightmode/install/px4_msgs/include/px4_msgs/px4_msgs/msg/detail/fuel_tank_status__rosidl_typesupport_introspection_cpp.hpp\n'}
[1.669173] (px4_msgs) StdoutLine: {'line': b'-- Up-to-date: /home/rudra/custom_flightmode/install/px4_msgs/include/px4_msgs/px4_msgs/msg/detail/gpio_config__type_support.cpp\n'}
[1.669242] (px4_msgs) StdoutLine: {'line': b'-- Up-to-date: /home/rudra/custom_flightmode/install/px4_msgs/include/px4_msgs/px4_msgs/msg/detail/vehicle_command_ack__rosidl_typesupport_introspection_cpp.hpp\n'}
[1.669302] (px4_msgs) StdoutLine: {'line': b'-- Up-to-date: /home/rudra/custom_flightmode/install/px4_msgs/include/px4_msgs/px4_msgs/msg/detail/px4io_status__type_support.cpp\n'}
[1.669368] (px4_msgs) StdoutLine: {'line': b'-- Up-to-date: /home/rudra/custom_flightmode/install/px4_msgs/include/px4_msgs/px4_msgs/msg/detail/distance_sensor_mode_change_request__type_support.cpp\n'}
[1.669424] (px4_msgs) StdoutLine: {'line': b'-- Up-to-date: /home/rudra/custom_flightmode/install/px4_msgs/include/px4_msgs/px4_msgs/msg/detail/pps_capture__type_support.cpp\n'}
[1.669491] (px4_msgs) StdoutLine: {'line': b'-- Up-to-date: /home/rudra/custom_flightmode/install/px4_msgs/include/px4_msgs/px4_msgs/msg/detail/manual_control_switches__type_support.cpp\n'}
[1.669554] (px4_msgs) StdoutLine: {'line': b'-- Up-to-date: /home/rudra/custom_flightmode/install/px4_msgs/include/px4_msgs/px4_msgs/msg/detail/pps_capture__rosidl_typesupport_introspection_cpp.hpp\n'}
[1.669613] (px4_msgs) StdoutLine: {'line': b'-- Up-to-date: /home/rudra/custom_flightmode/install/px4_msgs/include/px4_msgs/px4_msgs/msg/detail/hover_thrust_estimate__rosidl_typesupport_introspection_cpp.hpp\n'}
[1.669675] (px4_msgs) StdoutLine: {'line': b'-- Up-to-date: /home/rudra/custom_flightmode/install/px4_msgs/include/px4_msgs/px4_msgs/msg/detail/rate_ctrl_status__rosidl_typesupport_introspection_cpp.hpp\n'}
[1.669735] (px4_msgs) StdoutLine: {'line': b'-- Up-to-date: /home/rudra/custom_flightmode/install/px4_msgs/include/px4_msgs/px4_msgs/msg/detail/vte_input__type_support.cpp\n'}
[1.669823] (px4_msgs) StdoutLine: {'line': b'-- Up-to-date: /home/rudra/custom_flightmode/install/px4_msgs/include/px4_msgs/px4_msgs/msg/detail/airspeed__type_support.cpp\n'}
[1.669885] (px4_msgs) StdoutLine: {'line': b'-- Up-to-date: /home/rudra/custom_flightmode/install/px4_msgs/include/px4_msgs/px4_msgs/msg/detail/failsafe_flags__type_support.cpp\n'}
[1.669943] (px4_msgs) StdoutLine: {'line': b'-- Up-to-date: /home/rudra/custom_flightmode/install/px4_msgs/include/px4_msgs/px4_msgs/msg/detail/velocity_limits__rosidl_typesupport_introspection_cpp.hpp\n'}
[1.670001] (px4_msgs) StdoutLine: {'line': b'-- Up-to-date: /home/rudra/custom_flightmode/install/px4_msgs/include/px4_msgs/px4_msgs/msg/detail/tiltrotor_extra_controls__type_support.cpp\n'}
[1.670057] (px4_msgs) StdoutLine: {'line': b'-- Up-to-date: /home/rudra/custom_flightmode/install/px4_msgs/include/px4_msgs/px4_msgs/msg/detail/sensor_gyro_fft__type_support.cpp\n'}
[1.670115] (px4_msgs) StdoutLine: {'line': b'-- Up-to-date: /home/rudra/custom_flightmode/install/px4_msgs/include/px4_msgs/px4_msgs/msg/detail/estimator_aid_source1d__type_support.cpp\n'}
[1.670176] (px4_msgs) StdoutLine: {'line': b'-- Up-to-date: /home/rudra/custom_flightmode/install/px4_msgs/include/px4_msgs/px4_msgs/msg/detail/ekf2_timestamps__rosidl_typesupport_introspection_cpp.hpp\n'}
[1.670250] (px4_msgs) StdoutLine: {'line': b'-- Up-to-date: /home/rudra/custom_flightmode/install/px4_msgs/include/px4_msgs/px4_msgs/msg/detail/vehicle_optical_flow_vel__rosidl_typesupport_introspection_cpp.hpp\n'}
[1.670309] (px4_msgs) StdoutLine: {'line': b'-- Up-to-date: /home/rudra/custom_flightmode/install/px4_msgs/include/px4_msgs/px4_msgs/msg/detail/can_interface_status__rosidl_typesupport_introspection_cpp.hpp\n'}
[1.670367] (px4_msgs) StdoutLine: {'line': b'-- Up-to-date: /home/rudra/custom_flightmode/install/px4_msgs/include/px4_msgs/px4_msgs/msg/detail/mag_worker_data__rosidl_typesupport_introspection_cpp.hpp\n'}
[1.670428] (px4_msgs) StdoutLine: {'line': b'-- Up-to-date: /home/rudra/custom_flightmode/install/px4_msgs/include/px4_msgs/px4_msgs/msg/detail/uavcan_parameter_value__rosidl_typesupport_introspection_cpp.hpp\n'}
[1.670495] (px4_msgs) StdoutLine: {'line': b'-- Up-to-date: /home/rudra/custom_flightmode/install/px4_msgs/include/px4_msgs/px4_msgs/msg/detail/aux_global_position__type_support.cpp\n'}
[1.670561] (px4_msgs) StdoutLine: {'line': b'-- Up-to-date: /home/rudra/custom_flightmode/install/px4_msgs/include/px4_msgs/px4_msgs/msg/detail/fixed_wing_lateral_setpoint__type_support.cpp\n'}
[1.670619] (px4_msgs) StdoutLine: {'line': b'-- Up-to-date: /home/rudra/custom_flightmode/install/px4_msgs/include/px4_msgs/px4_msgs/msg/detail/timesync_status__type_support.cpp\n'}
[1.670678] (px4_msgs) StdoutLine: {'line': b'-- Up-to-date: /home/rudra/custom_flightmode/install/px4_msgs/include/px4_msgs/px4_msgs/msg/detail/position_controller_landing_status__rosidl_typesupport_introspection_cpp.hpp\n'}
[1.670741] (px4_msgs) StdoutLine: {'line': b'-- Up-to-date: /home/rudra/custom_flightmode/install/px4_msgs/include/px4_msgs/px4_msgs/msg/detail/rc_channels__rosidl_typesupport_introspection_cpp.hpp\n'}
[1.670803] (px4_msgs) StdoutLine: {'line': b'-- Up-to-date: /home/rudra/custom_flightmode/install/px4_msgs/include/px4_msgs/px4_msgs/msg/detail/telemetry_status__rosidl_typesupport_introspection_cpp.hpp\n'}
[1.670894] (px4_msgs) StdoutLine: {'line': b'-- Up-to-date: /home/rudra/custom_flightmode/install/px4_msgs/include/px4_msgs/px4_msgs/msg/detail/register_ext_component_request__rosidl_typesupport_introspection_cpp.hpp\n'}
[1.670956] (px4_msgs) StdoutLine: {'line': b'-- Up-to-date: /home/rudra/custom_flightmode/install/px4_msgs/include/px4_msgs/px4_msgs/msg/detail/config_overrides__rosidl_typesupport_introspection_cpp.hpp\n'}
[1.671015] (px4_msgs) StdoutLine: {'line': b'-- Up-to-date: /home/rudra/custom_flightmode/install/px4_msgs/include/px4_msgs/px4_msgs/msg/detail/uavcan_parameter_value__type_support.cpp\n'}
[1.671084] (px4_msgs) StdoutLine: {'line': b'-- Up-to-date: /home/rudra/custom_flightmode/install/px4_msgs/include/px4_msgs/px4_msgs/msg/detail/position_setpoint_triplet__type_support.cpp\n'}
[1.671148] (px4_msgs) StdoutLine: {'line': b'-- Up-to-date: /home/rudra/custom_flightmode/install/px4_msgs/include/px4_msgs/px4_msgs/msg/detail/debug_array__type_support.cpp\n'}
[1.671205] (px4_msgs) StdoutLine: {'line': b'-- Up-to-date: /home/rudra/custom_flightmode/install/px4_msgs/include/px4_msgs/px4_msgs/msg/detail/vehicle_imu__type_support.cpp\n'}
[1.671263] (px4_msgs) StdoutLine: {'line': b'-- Up-to-date: /home/rudra/custom_flightmode/install/px4_msgs/include/px4_msgs/px4_msgs/msg/detail/gps_dump__rosidl_typesupport_introspection_cpp.hpp\n'}
[1.671321] (px4_msgs) StdoutLine: {'line': b'-- Up-to-date: /home/rudra/custom_flightmode/install/px4_msgs/include/px4_msgs/px4_msgs/msg/detail/tune_control__rosidl_typesupport_introspection_cpp.hpp\n'}
[1.671376] (px4_msgs) StdoutLine: {'line': b'-- Up-to-date: /home/rudra/custom_flightmode/install/px4_msgs/include/px4_msgs/px4_msgs/msg/detail/battery_info__type_support.cpp\n'}
[1.671452] (px4_msgs) StdoutLine: {'line': b'-- Up-to-date: /home/rudra/custom_flightmode/install/px4_msgs/include/px4_msgs/px4_msgs/msg/detail/sensor_gyro_fifo__type_support.cpp\n'}
[1.671528] (px4_msgs) StdoutLine: {'line': b'-- Up-to-date: /home/rudra/custom_flightmode/install/px4_msgs/include/px4_msgs/px4_msgs/msg/detail/launch_detection_status__rosidl_typesupport_introspection_cpp.hpp\n'}
[1.671589] (px4_msgs) StdoutLine: {'line': b'-- Up-to-date: /home/rudra/custom_flightmode/install/px4_msgs/include/px4_msgs/px4_msgs/msg/detail/task_stack_info__rosidl_typesupport_introspection_cpp.hpp\n'}
[1.671647] (px4_msgs) StdoutLine: {'line': b'-- Up-to-date: /home/rudra/custom_flightmode/install/px4_msgs/include/px4_msgs/px4_msgs/msg/detail/vehicle_land_detected__type_support.cpp\n'}
[1.671701] (px4_msgs) StdoutLine: {'line': b'-- Up-to-date: /home/rudra/custom_flightmode/install/px4_msgs/include/px4_msgs/px4_msgs/msg/detail/fiducial_marker_yaw_report__type_support.cpp\n'}
[1.671756] (px4_msgs) StdoutLine: {'line': b'-- Up-to-date: /home/rudra/custom_flightmode/install/px4_msgs/include/px4_msgs/px4_msgs/msg/detail/open_drone_id_self_id__type_support.cpp\n'}
[1.671813] (px4_msgs) StdoutLine: {'line': b'-- Up-to-date: /home/rudra/custom_flightmode/install/px4_msgs/include/px4_msgs/px4_msgs/msg/detail/action_request__rosidl_typesupport_introspection_cpp.hpp\n'}
[1.671872] (px4_msgs) StdoutLine: {'line': b'-- Up-to-date: /home/rudra/custom_flightmode/install/px4_msgs/include/px4_msgs/px4_msgs/msg/detail/vehicle_optical_flow__rosidl_typesupport_introspection_cpp.hpp\n'}
[1.671929] (px4_msgs) StdoutLine: {'line': b'-- Up-to-date: /home/rudra/custom_flightmode/install/px4_msgs/include/px4_msgs/px4_msgs/msg/detail/pure_pursuit_status__type_support.cpp\n'}
[1.671991] (px4_msgs) StdoutLine: {'line': b'-- Up-to-date: /home/rudra/custom_flightmode/install/px4_msgs/include/px4_msgs/px4_msgs/msg/detail/actuator_test__rosidl_typesupport_introspection_cpp.hpp\n'}
[1.672052] (px4_msgs) StdoutLine: {'line': b'-- Up-to-date: /home/rudra/custom_flightmode/install/px4_msgs/include/px4_msgs/px4_msgs/msg/detail/estimator_states__type_support.cpp\n'}
[1.672113] (px4_msgs) StdoutLine: {'line': b'-- Up-to-date: /home/rudra/custom_flightmode/install/px4_msgs/include/px4_msgs/px4_msgs/msg/detail/gpio_in__type_support.cpp\n'}
[1.672174] (px4_msgs) StdoutLine: {'line': b'-- Up-to-date: /home/rudra/custom_flightmode/install/px4_msgs/include/px4_msgs/px4_msgs/msg/detail/gimbal_device_information__type_support.cpp\n'}
[1.672234] (px4_msgs) StdoutLine: {'line': b'-- Up-to-date: /home/rudra/custom_flightmode/install/px4_msgs/include/px4_msgs/px4_msgs/msg/detail/vte_aid_source3d__type_support.cpp\n'}
[1.672295] (px4_msgs) StdoutLine: {'line': b'-- Up-to-date: /home/rudra/custom_flightmode/install/px4_msgs/include/px4_msgs/px4_msgs/msg/detail/setpoint_config__rosidl_typesupport_introspection_cpp.hpp\n'}
[1.672356] (px4_msgs) StdoutLine: {'line': b'-- Up-to-date: /home/rudra/custom_flightmode/install/px4_msgs/include/px4_msgs/px4_msgs/msg/detail/parameter_set_value_request__rosidl_typesupport_introspection_cpp.hpp\n'}
[1.672446] (px4_msgs) StdoutLine: {'line': b'-- Up-to-date: /home/rudra/custom_flightmode/install/px4_msgs/include/px4_msgs/px4_msgs/msg/detail/sensor_uwb__rosidl_typesupport_introspection_cpp.hpp\n'}
[1.672525] (px4_msgs) StdoutLine: {'line': b'-- Up-to-date: /home/rudra/custom_flightmode/install/px4_msgs/include/px4_msgs/px4_msgs/msg/detail/sensor_gyro_fifo__rosidl_typesupport_introspection_cpp.hpp\n'}
[1.672586] (px4_msgs) StdoutLine: {'line': b'-- Up-to-date: /home/rudra/custom_flightmode/install/px4_msgs/include/px4_msgs/px4_msgs/msg/detail/gpio_out__type_support.cpp\n'}
[1.672643] (px4_msgs) StdoutLine: {'line': b'-- Up-to-date: /home/rudra/custom_flightmode/install/px4_msgs/include/px4_msgs/px4_msgs/msg/detail/vehicle_rates_setpoint__type_support.cpp\n'}
[1.672697] (px4_msgs) StdoutLine: {'line': b'-- Up-to-date: /home/rudra/custom_flightmode/install/px4_msgs/include/px4_msgs/px4_msgs/msg/detail/cpuload__type_support.cpp\n'}
[1.672752] (px4_msgs) StdoutLine: {'line': b'-- Up-to-date: /home/rudra/custom_flightmode/install/px4_msgs/include/px4_msgs/px4_msgs/msg/detail/normalized_unsigned_setpoint__rosidl_typesupport_introspection_cpp.hpp\n'}
[1.672808] (px4_msgs) StdoutLine: {'line': b'-- Up-to-date: /home/rudra/custom_flightmode/install/px4_msgs/include/px4_msgs/px4_msgs/msg/detail/position_controller_landing_status__type_support.cpp\n'}
[1.672876] (px4_msgs) StdoutLine: {'line': b'-- Up-to-date: /home/rudra/custom_flightmode/install/px4_msgs/include/px4_msgs/px4_msgs/msg/detail/open_drone_id_arm_status__rosidl_typesupport_introspection_cpp.hpp\n'}
[1.672935] (px4_msgs) StdoutLine: {'line': b'-- Up-to-date: /home/rudra/custom_flightmode/install/px4_msgs/include/px4_msgs/px4_msgs/msg/detail/vte_position__type_support.cpp\n'}
[1.672991] (px4_msgs) StdoutLine: {'line': b'-- Up-to-date: /home/rudra/custom_flightmode/install/px4_msgs/include/px4_msgs/px4_msgs/msg/detail/sensor_gnss_status__type_support.cpp\n'}
[1.673052] (px4_msgs) StdoutLine: {'line': b'-- Up-to-date: /home/rudra/custom_flightmode/install/px4_msgs/include/px4_msgs/px4_msgs/msg/detail/cpuload__rosidl_typesupport_introspection_cpp.hpp\n'}
[1.673112] (px4_msgs) StdoutLine: {'line': b'-- Up-to-date: /home/rudra/custom_flightmode/install/px4_msgs/include/px4_msgs/px4_msgs/msg/detail/follow_target__type_support.cpp\n'}
[1.673171] (px4_msgs) StdoutLine: {'line': b'-- Up-to-date: /home/rudra/custom_flightmode/install/px4_msgs/include/px4_msgs/px4_msgs/msg/detail/rover_speed_setpoint__type_support.cpp\n'}
[1.673244] (px4_msgs) StdoutLine: {'line': b'-- Up-to-date: /home/rudra/custom_flightmode/install/px4_msgs/include/px4_msgs/px4_msgs/msg/detail/rtcm_data__rosidl_typesupport_introspection_cpp.hpp\n'}
[1.673302] (px4_msgs) StdoutLine: {'line': b'-- Up-to-date: /home/rudra/custom_flightmode/install/px4_msgs/include/px4_msgs/px4_msgs/msg/detail/esc_report__type_support.cpp\n'}
[1.673359] (px4_msgs) StdoutLine: {'line': b'-- Up-to-date: /home/rudra/custom_flightmode/install/px4_msgs/include/px4_msgs/px4_msgs/msg/detail/uavcan_parameter_request__type_support.cpp\n'}
[1.673416] (px4_msgs) StdoutLine: {'line': b'-- Up-to-date: /home/rudra/custom_flightmode/install/px4_msgs/include/px4_msgs/px4_msgs/msg/detail/rover_steering_setpoint__rosidl_typesupport_introspection_cpp.hpp\n'}
[1.673498] (px4_msgs) StdoutLine: {'line': b'-- Up-to-date: /home/rudra/custom_flightmode/install/px4_msgs/include/px4_msgs/px4_msgs/msg/detail/ranging_beacon__type_support.cpp\n'}
[1.673595] (px4_msgs) StdoutLine: {'line': b'-- Up-to-date: /home/rudra/custom_flightmode/install/px4_msgs/include/px4_msgs/px4_msgs/msg/detail/follow_target_status__rosidl_typesupport_introspection_cpp.hpp\n'}
[1.673654] (px4_msgs) StdoutLine: {'line': b'-- Up-to-date: /home/rudra/custom_flightmode/install/px4_msgs/include/px4_msgs/px4_msgs/msg/detail/landing_gear_wheel__type_support.cpp\n'}
[1.673712] (px4_msgs) StdoutLine: {'line': b'-- Up-to-date: /home/rudra/custom_flightmode/install/px4_msgs/include/px4_msgs/px4_msgs/msg/detail/gripper__rosidl_typesupport_introspection_cpp.hpp\n'}
[1.673791] (px4_msgs) StdoutLine: {'line': b'-- Up-to-date: /home/rudra/custom_flightmode/install/px4_msgs/include/px4_msgs/px4_msgs/msg/detail/yaw_estimator_status__rosidl_typesupport_introspection_cpp.hpp\n'}
[1.673842] (px4_msgs) StdoutLine: {'line': b'-- Up-to-date: /home/rudra/custom_flightmode/install/px4_msgs/include/px4_msgs/px4_msgs/msg/detail/gimbal_manager_set_manual_control__type_support.cpp\n'}
[1.673893] (px4_msgs) StdoutLine: {'line': b'-- Up-to-date: /home/rudra/custom_flightmode/install/px4_msgs/include/px4_msgs/px4_msgs/msg/detail/vehicle_global_position__rosidl_typesupport_introspection_cpp.hpp\n'}
[1.673947] (px4_msgs) StdoutLine: {'line': b'-- Up-to-date: /home/rudra/custom_flightmode/install/px4_msgs/include/px4_msgs/px4_msgs/msg/detail/flight_phase_estimation__rosidl_typesupport_introspection_cpp.hpp\n'}
[1.673996] (px4_msgs) StdoutLine: {'line': b'-- Up-to-date: /home/rudra/custom_flightmode/install/px4_msgs/include/px4_msgs/px4_msgs/msg/detail/rc_parameter_map__rosidl_typesupport_introspection_cpp.hpp\n'}
[1.674044] (px4_msgs) StdoutLine: {'line': b'-- Up-to-date: /home/rudra/custom_flightmode/install/px4_msgs/include/px4_msgs/px4_msgs/msg/detail/detect_and_avoid_most_urgent__rosidl_typesupport_introspection_cpp.hpp\n'}
[1.674124] (px4_msgs) StdoutLine: {'line': b'-- Up-to-date: /home/rudra/custom_flightmode/install/px4_msgs/include/px4_msgs/px4_msgs/msg/detail/airspeed__rosidl_typesupport_introspection_cpp.hpp\n'}
[1.674225] (px4_msgs) StdoutLine: {'line': b'-- Up-to-date: /home/rudra/custom_flightmode/install/px4_msgs/include/px4_msgs/px4_msgs/msg/detail/task_stack_info__type_support.cpp\n'}
[1.674301] (px4_msgs) StdoutLine: {'line': b'-- Up-to-date: /home/rudra/custom_flightmode/install/px4_msgs/include/px4_msgs/px4_msgs/msg/detail/estimator_event_flags__type_support.cpp\n'}
[1.674370] (px4_msgs) StdoutLine: {'line': b'-- Up-to-date: /home/rudra/custom_flightmode/install/px4_msgs/include/px4_msgs/px4_msgs/msg/detail/vte_input__rosidl_typesupport_introspection_cpp.hpp\n'}
[1.674439] (px4_msgs) StdoutLine: {'line': b'-- Up-to-date: /home/rudra/custom_flightmode/install/px4_msgs/include/px4_msgs/px4_msgs/msg/detail/ulog_stream__rosidl_typesupport_introspection_cpp.hpp\n'}
[1.674526] (px4_msgs) StdoutLine: {'line': b'-- Up-to-date: /home/rudra/custom_flightmode/install/px4_msgs/include/px4_msgs/px4_msgs/msg/detail/vehicle_control_mode__type_support.cpp\n'}
[1.674625] (px4_msgs) StdoutLine: {'line': b'-- Up-to-date: /home/rudra/custom_flightmode/install/px4_msgs/include/px4_msgs/px4_msgs/msg/detail/mavlink_tunnel__type_support.cpp\n'}
[1.674719] (px4_msgs) StdoutLine: {'line': b'-- Up-to-date: /home/rudra/custom_flightmode/install/px4_msgs/include/px4_msgs/px4_msgs/msg/detail/sensor_gnss_relative__type_support.cpp\n'}
[1.674798] (px4_msgs) StdoutLine: {'line': b'-- Up-to-date: /home/rudra/custom_flightmode/install/px4_msgs/include/px4_msgs/px4_msgs/msg/detail/input_rc__rosidl_typesupport_introspection_cpp.hpp\n'}
[1.674877] (px4_msgs) StdoutLine: {'line': b'-- Up-to-date: /home/rudra/custom_flightmode/install/px4_msgs/include/px4_msgs/px4_msgs/msg/detail/sensor_accel_fifo__type_support.cpp\n'}
[1.674937] (px4_msgs) StdoutLine: {'line': b'-- Up-to-date: /home/rudra/custom_flightmode/install/px4_msgs/include/px4_msgs/px4_msgs/msg/detail/differential_pressure__type_support.cpp\n'}
[1.675001] (px4_msgs) StdoutLine: {'line': b'-- Up-to-date: /home/rudra/custom_flightmode/install/px4_msgs/include/px4_msgs/px4_msgs/msg/detail/position_controller_status__rosidl_typesupport_introspection_cpp.hpp\n'}
[1.675065] (px4_msgs) StdoutLine: {'line': b'-- Up-to-date: /home/rudra/custom_flightmode/install/px4_msgs/include/px4_msgs/px4_msgs/msg/detail/estimator_sensor_bias__type_support.cpp\n'}
[1.675151] (px4_msgs) StdoutLine: {'line': b'-- Up-to-date: /home/rudra/custom_flightmode/install/px4_msgs/include/px4_msgs/px4_msgs/msg/detail/collision_constraints__rosidl_typesupport_introspection_cpp.hpp\n'}
[1.675218] (px4_msgs) StdoutLine: {'line': b'-- Up-to-date: /home/rudra/custom_flightmode/install/px4_msgs/include/px4_msgs/px4_msgs/msg/detail/gpio_config__rosidl_typesupport_introspection_cpp.hpp\n'}
[1.675287] (px4_msgs) StdoutLine: {'line': b'-- Up-to-date: /home/rudra/custom_flightmode/install/px4_msgs/include/px4_msgs/px4_msgs/msg/detail/sensor_preflight_mag__type_support.cpp\n'}
[1.675353] (px4_msgs) StdoutLine: {'line': b'-- Up-to-date: /home/rudra/custom_flightmode/install/px4_msgs/include/px4_msgs/px4_msgs/msg/detail/fixed_wing_lateral_guidance_status__rosidl_typesupport_introspection_cpp.hpp\n'}
[1.675414] (px4_msgs) StdoutLine: {'line': b'-- Up-to-date: /home/rudra/custom_flightmode/install/px4_msgs/include/px4_msgs/px4_msgs/msg/detail/radio_status__rosidl_typesupport_introspection_cpp.hpp\n'}
[1.675475] (px4_msgs) StdoutLine: {'line': b'-- Up-to-date: /home/rudra/custom_flightmode/install/px4_msgs/include/px4_msgs/px4_msgs/msg/detail/vehicle_roi__type_support.cpp\n'}
[1.675555] (px4_msgs) StdoutLine: {'line': b'-- Up-to-date: /home/rudra/custom_flightmode/install/px4_msgs/include/px4_msgs/px4_msgs/msg/detail/sensor_gyro_fft__rosidl_typesupport_introspection_cpp.hpp\n'}
[1.675626] (px4_msgs) StdoutLine: {'line': b'-- Up-to-date: /home/rudra/custom_flightmode/install/px4_msgs/include/px4_msgs/px4_msgs/msg/detail/vehicle_attitude_setpoint__rosidl_typesupport_introspection_cpp.hpp\n'}
[1.675674] (px4_msgs) StdoutLine: {'line': b'-- Up-to-date: /home/rudra/custom_flightmode/install/px4_msgs/include/px4_msgs/px4_msgs/msg/detail/parameter_reset_request__rosidl_typesupport_introspection_cpp.hpp\n'}
[1.675715] (px4_msgs) StdoutLine: {'line': b'-- Up-to-date: /home/rudra/custom_flightmode/install/px4_msgs/include/px4_msgs/px4_msgs/msg/detail/detect_and_avoid__type_support.cpp\n'}
[1.675757] (px4_msgs) StdoutLine: {'line': b'-- Up-to-date: /home/rudra/custom_flightmode/install/px4_msgs/include/px4_msgs/px4_msgs/msg/detail/parameter_set_value_request__type_support.cpp\n'}
[1.675807] (px4_msgs) StdoutLine: {'line': b'-- Up-to-date: /home/rudra/custom_flightmode/install/px4_msgs/include/px4_msgs/px4_msgs/msg/detail/camera_status__type_support.cpp\n'}
[1.675867] (px4_msgs) StdoutLine: {'line': b'-- Up-to-date: /home/rudra/custom_flightmode/install/px4_msgs/include/px4_msgs/px4_msgs/msg/detail/vehicle_attitude_setpoint__type_support.cpp\n'}
[1.675912] (px4_msgs) StdoutLine: {'line': b'-- Up-to-date: /home/rudra/custom_flightmode/install/px4_msgs/include/px4_msgs/px4_msgs/msg/detail/vehicle_local_position_setpoint__type_support.cpp\n'}
[1.675975] (px4_msgs) StdoutLine: {'line': b'-- Up-to-date: /home/rudra/custom_flightmode/install/px4_msgs/include/px4_msgs/px4_msgs/msg/detail/orbit_status__rosidl_typesupport_introspection_cpp.hpp\n'}
[1.676021] (px4_msgs) StdoutLine: {'line': b'-- Up-to-date: /home/rudra/custom_flightmode/install/px4_msgs/include/px4_msgs/px4_msgs/msg/detail/mission_result__rosidl_typesupport_introspection_cpp.hpp\n'}
[1.676061] (px4_msgs) StdoutLine: {'line': b'-- Up-to-date: /home/rudra/custom_flightmode/install/px4_msgs/include/px4_msgs/px4_msgs/msg/detail/fixed_wing_lateral_status__type_support.cpp\n'}
[1.676111] (px4_msgs) StdoutLine: {'line': b'-- Up-to-date: /home/rudra/custom_flightmode/install/px4_msgs/include/px4_msgs/px4_msgs/msg/detail/differential_pressure__rosidl_typesupport_introspection_cpp.hpp\n'}
[1.676152] (px4_msgs) StdoutLine: {'line': b'-- Up-to-date: /home/rudra/custom_flightmode/install/px4_msgs/include/px4_msgs/px4_msgs/msg/detail/tiltrotor_extra_controls__rosidl_typesupport_introspection_cpp.hpp\n'}
[1.676212] (px4_msgs) StdoutLine: {'line': b'-- Up-to-date: /home/rudra/custom_flightmode/install/px4_msgs/include/px4_msgs/px4_msgs/msg/detail/lateral_control_configuration__rosidl_typesupport_introspection_cpp.hpp\n'}
[1.676292] (px4_msgs) StdoutLine: {'line': b'-- Up-to-date: /home/rudra/custom_flightmode/install/px4_msgs/include/px4_msgs/px4_msgs/msg/detail/rover_throttle_setpoint__type_support.cpp\n'}
[1.676345] (px4_msgs) StdoutLine: {'line': b'-- Up-to-date: /home/rudra/custom_flightmode/install/px4_msgs/include/px4_msgs/px4_msgs/msg/detail/gimbal_device_attitude_status__rosidl_typesupport_introspection_cpp.hpp\n'}
[1.676400] (px4_msgs) StdoutLine: {'line': b'-- Up-to-date: /home/rudra/custom_flightmode/install/px4_msgs/include/px4_msgs/px4_msgs/msg/detail/sensor_accel_fifo__rosidl_typesupport_introspection_cpp.hpp\n'}
[1.676440] (px4_msgs) StdoutLine: {'line': b'-- Up-to-date: /home/rudra/custom_flightmode/install/px4_msgs/include/px4_msgs/px4_msgs/msg/detail/vehicle_constraints__type_support.cpp\n'}
[1.676493] (px4_msgs) StdoutLine: {'line': b'-- Up-to-date: /home/rudra/custom_flightmode/install/px4_msgs/include/px4_msgs/px4_msgs/msg/detail/unregister_ext_component__rosidl_typesupport_introspection_cpp.hpp\n'}
[1.676539] (px4_msgs) StdoutLine: {'line': b'-- Up-to-date: /home/rudra/custom_flightmode/install/px4_msgs/include/px4_msgs/px4_msgs/msg/detail/open_drone_id_operator_id__rosidl_typesupport_introspection_cpp.hpp\n'}
[1.676581] (px4_msgs) StdoutLine: {'line': b'-- Up-to-date: /home/rudra/custom_flightmode/install/px4_msgs/include/px4_msgs/px4_msgs/msg/detail/arming_check_reply__type_support.cpp\n'}
[1.676620] (px4_msgs) StdoutLine: {'line': b'-- Up-to-date: /home/rudra/custom_flightmode/install/px4_msgs/include/px4_msgs/px4_msgs/msg/detail/camera_trigger__type_support.cpp\n'}
[1.676658] (px4_msgs) StdoutLine: {'line': b'-- Up-to-date: /home/rudra/custom_flightmode/install/px4_msgs/include/px4_msgs/px4_msgs/msg/detail/sensors_status_imu__rosidl_typesupport_introspection_cpp.hpp\n'}
[1.676710] (px4_msgs) StdoutLine: {'line': b'-- Up-to-date: /home/rudra/custom_flightmode/install/px4_msgs/include/px4_msgs/px4_msgs/msg/detail/heater_status__type_support.cpp\n'}
[1.676753] (px4_msgs) StdoutLine: {'line': b'-- Up-to-date: /home/rudra/custom_flightmode/install/px4_msgs/include/px4_msgs/px4_msgs/msg/detail/estimator_aid_source2d__type_support.cpp\n'}
[1.676791] (px4_msgs) StdoutLine: {'line': b'-- Up-to-date: /home/rudra/custom_flightmode/install/px4_msgs/include/px4_msgs/px4_msgs/msg/detail/fixed_wing_longitudinal_setpoint__rosidl_typesupport_introspection_cpp.hpp\n'}
[1.676828] (px4_msgs) StdoutLine: {'line': b'-- Up-to-date: /home/rudra/custom_flightmode/install/px4_msgs/include/px4_msgs/px4_msgs/msg/detail/internal_combustion_engine_status__rosidl_typesupport_introspection_cpp.hpp\n'}
[1.676866] (px4_msgs) StdoutLine: {'line': b'-- Up-to-date: /home/rudra/custom_flightmode/install/px4_msgs/include/px4_msgs/px4_msgs/msg/detail/vehicle_angular_velocity__type_support.cpp\n'}
[1.676903] (px4_msgs) StdoutLine: {'line': b'-- Up-to-date: /home/rudra/custom_flightmode/install/px4_msgs/include/px4_msgs/px4_msgs/msg/detail/ranging_beacon__rosidl_typesupport_introspection_cpp.hpp\n'}
[1.676942] (px4_msgs) StdoutLine: {'line': b'-- Up-to-date: /home/rudra/custom_flightmode/install/px4_msgs/include/px4_msgs/px4_msgs/msg/detail/vehicle_constraints__rosidl_typesupport_introspection_cpp.hpp\n'}
[1.676982] (px4_msgs) StdoutLine: {'line': b'-- Up-to-date: /home/rudra/custom_flightmode/install/px4_msgs/include/px4_msgs/px4_msgs/msg/detail/config_overrides__type_support.cpp\n'}
[1.677022] (px4_msgs) StdoutLine: {'line': b'-- Up-to-date: /home/rudra/custom_flightmode/install/px4_msgs/include/px4_msgs/px4_msgs/msg/detail/satellite_info__type_support.cpp\n'}
[1.677060] (px4_msgs) StdoutLine: {'line': b'-- Up-to-date: /home/rudra/custom_flightmode/install/px4_msgs/include/px4_msgs/px4_msgs/msg/detail/home_position__rosidl_typesupport_introspection_cpp.hpp\n'}
[1.677104] (px4_msgs) StdoutLine: {'line': b'-- Up-to-date: /home/rudra/custom_flightmode/install/px4_msgs/include/px4_msgs/px4_msgs/msg/detail/actuator_servos__rosidl_typesupport_introspection_cpp.hpp\n'}
[1.677144] (px4_msgs) StdoutLine: {'line': b'-- Up-to-date: /home/rudra/custom_flightmode/install/px4_msgs/include/px4_msgs/px4_msgs/msg/detail/sensors_status__type_support.cpp\n'}
[1.677182] (px4_msgs) StdoutLine: {'line': b'-- Up-to-date: /home/rudra/custom_flightmode/install/px4_msgs/include/px4_msgs/px4_msgs/msg/detail/rover_speed_status__rosidl_typesupport_introspection_cpp.hpp\n'}
[1.677224] (px4_msgs) StdoutLine: {'line': b'-- Up-to-date: /home/rudra/custom_flightmode/install/px4_msgs/include/px4_msgs/px4_msgs/msg/detail/gpio_request__rosidl_typesupport_introspection_cpp.hpp\n'}
[1.677269] (px4_msgs) StdoutLine: {'line': b'-- Up-to-date: /home/rudra/custom_flightmode/install/px4_msgs/include/px4_msgs/px4_msgs/msg/detail/ping__rosidl_typesupport_introspection_cpp.hpp\n'}
[1.677333] (px4_msgs) StdoutLine: {'line': b'-- Up-to-date: /home/rudra/custom_flightmode/install/px4_msgs/include/px4_msgs/px4_msgs/msg/detail/internal_combustion_engine_control__type_support.cpp\n'}
[1.677373] (px4_msgs) StdoutLine: {'line': b'-- Up-to-date: /home/rudra/custom_flightmode/install/px4_msgs/include/px4_msgs/px4_msgs/msg/detail/estimator_selector_status__type_support.cpp\n'}
[1.677412] (px4_msgs) StdoutLine: {'line': b'-- Up-to-date: /home/rudra/custom_flightmode/install/px4_msgs/include/px4_msgs/px4_msgs/msg/detail/cellular_status__type_support.cpp\n'}
[1.677451] (px4_msgs) StdoutLine: {'line': b'-- Up-to-date: /home/rudra/custom_flightmode/install/px4_msgs/include/px4_msgs/px4_msgs/msg/detail/ping__type_support.cpp\n'}
[1.677506] (px4_msgs) StdoutLine: {'line': b'-- Up-to-date: /home/rudra/custom_flightmode/install/px4_msgs/include/px4_msgs/px4_msgs/msg/detail/obstacle_distance__rosidl_typesupport_introspection_cpp.hpp\n'}
[1.677559] (px4_msgs) StdoutLine: {'line': b'-- Up-to-date: /home/rudra/custom_flightmode/install/px4_msgs/include/px4_msgs/px4_msgs/msg/detail/landing_target_pose__type_support.cpp\n'}
[1.677599] (px4_msgs) StdoutLine: {'line': b'-- Up-to-date: /home/rudra/custom_flightmode/install/px4_msgs/include/px4_msgs/px4_msgs/msg/detail/ulog_stream_ack__rosidl_typesupport_introspection_cpp.hpp\n'}
[1.677639] (px4_msgs) StdoutLine: {'line': b'-- Up-to-date: /home/rudra/custom_flightmode/install/px4_msgs/include/px4_msgs/px4_msgs/msg/detail/qshell_req__rosidl_typesupport_introspection_cpp.hpp\n'}
[1.677677] (px4_msgs) StdoutLine: {'line': b'-- Up-to-date: /home/rudra/custom_flightmode/install/px4_msgs/include/px4_msgs/px4_msgs/msg/detail/sensor_combined__rosidl_typesupport_introspection_cpp.hpp\n'}
[1.677715] (px4_msgs) StdoutLine: {'line': b'-- Up-to-date: /home/rudra/custom_flightmode/install/px4_msgs/include/px4_msgs/px4_msgs/msg/detail/setpoint_config_reply__rosidl_typesupport_introspection_cpp.hpp\n'}
[1.677753] (px4_msgs) StdoutLine: {'line': b'-- Up-to-date: /home/rudra/custom_flightmode/install/px4_msgs/include/px4_msgs/px4_msgs/msg/detail/raptor_status__type_support.cpp\n'}
[1.677792] (px4_msgs) StdoutLine: {'line': b'-- Up-to-date: /home/rudra/custom_flightmode/install/px4_msgs/include/px4_msgs/px4_msgs/msg/detail/autotune_attitude_control_status__type_support.cpp\n'}
[1.677830] (px4_msgs) StdoutLine: {'line': b'-- Up-to-date: /home/rudra/custom_flightmode/install/px4_msgs/include/px4_msgs/px4_msgs/msg/detail/gimbal_manager_information__type_support.cpp\n'}
[1.677869] (px4_msgs) StdoutLine: {'line': b'-- Up-to-date: /home/rudra/custom_flightmode/install/px4_msgs/include/px4_msgs/px4_msgs/msg/detail/landing_gear_wheel__rosidl_typesupport_introspection_cpp.hpp\n'}
[1.677922] (px4_msgs) StdoutLine: {'line': b'-- Up-to-date: /home/rudra/custom_flightmode/install/px4_msgs/include/px4_msgs/px4_msgs/msg/detail/fixed_wing_lateral_status__rosidl_typesupport_introspection_cpp.hpp\n'}
[1.677990] (px4_msgs) StdoutLine: {'line': b'-- Up-to-date: /home/rudra/custom_flightmode/install/px4_msgs/include/px4_msgs/px4_msgs/msg/detail/vehicle_imu_status__rosidl_typesupport_introspection_cpp.hpp\n'}
[1.678053] (px4_msgs) StdoutLine: {'line': b'-- Up-to-date: /home/rudra/custom_flightmode/install/px4_msgs/include/px4_msgs/px4_msgs/msg/detail/mode_completed__rosidl_typesupport_introspection_cpp.hpp\n'}
[1.678115] (px4_msgs) StdoutLine: {'line': b'-- Up-to-date: /home/rudra/custom_flightmode/install/px4_msgs/include/px4_msgs/px4_msgs/msg/detail/estimator_bias3d__type_support.cpp\n'}
[1.678176] (px4_msgs) StdoutLine: {'line': b'-- Up-to-date: /home/rudra/custom_flightmode/install/px4_msgs/include/px4_msgs/px4_msgs/msg/detail/rpm__type_support.cpp\n'}
[1.678260] (px4_msgs) StdoutLine: {'line': b'-- Up-to-date: /home/rudra/custom_flightmode/install/px4_msgs/include/px4_msgs/px4_msgs/msg/detail/sensor_uwb__type_support.cpp\n'}
[1.678338] (px4_msgs) StdoutLine: {'line': b'-- Up-to-date: /home/rudra/custom_flightmode/install/px4_msgs/include/px4_msgs/px4_msgs/msg/detail/parameter_update__rosidl_typesupport_introspection_cpp.hpp\n'}
[1.678417] (px4_msgs) StdoutLine: {'line': b'-- Up-to-date: /home/rudra/custom_flightmode/install/px4_msgs/include/px4_msgs/px4_msgs/msg/detail/open_drone_id_system__rosidl_typesupport_introspection_cpp.hpp\n'}
[1.678464] (px4_msgs) StdoutLine: {'line': b'-- Up-to-date: /home/rudra/custom_flightmode/install/px4_msgs/include/px4_msgs/px4_msgs/msg/detail/estimator_fusion_control__type_support.cpp\n'}
[1.678526] (px4_msgs) StdoutLine: {'line': b'-- Up-to-date: /home/rudra/custom_flightmode/install/px4_msgs/include/px4_msgs/px4_msgs/msg/detail/rc_parameter_map__type_support.cpp\n'}
[1.678569] (px4_msgs) StdoutLine: {'line': b'-- Up-to-date: /home/rudra/custom_flightmode/install/px4_msgs/include/px4_msgs/px4_msgs/msg/detail/message_format_request__rosidl_typesupport_introspection_cpp.hpp\n'}
[1.678611] (px4_msgs) StdoutLine: {'line': b'-- Up-to-date: /home/rudra/custom_flightmode/install/px4_msgs/include/px4_msgs/px4_msgs/msg/detail/adc_report__rosidl_typesupport_introspection_cpp.hpp\n'}
[1.678676] (px4_msgs) StdoutLine: {'line': b'-- Up-to-date: /home/rudra/custom_flightmode/install/px4_msgs/include/px4_msgs/px4_msgs/msg/detail/actuator_servos_trim__type_support.cpp\n'}
[1.678724] (px4_msgs) StdoutLine: {'line': b'-- Up-to-date: /home/rudra/custom_flightmode/install/px4_msgs/include/px4_msgs/px4_msgs/msg/detail/vehicle_local_position__type_support.cpp\n'}
[1.678776] (px4_msgs) StdoutLine: {'line': b'-- Up-to-date: /home/rudra/custom_flightmode/install/px4_msgs/include/px4_msgs/px4_msgs/msg/detail/vehicle_torque_setpoint__type_support.cpp\n'}
[1.678817] (px4_msgs) StdoutLine: {'line': b'-- Up-to-date: /home/rudra/custom_flightmode/install/px4_msgs/include/px4_msgs/px4_msgs/msg/detail/estimator_states__rosidl_typesupport_introspection_cpp.hpp\n'}
[1.678862] (px4_msgs) StdoutLine: {'line': b'-- Up-to-date: /home/rudra/custom_flightmode/install/px4_msgs/include/px4_msgs/px4_msgs/msg/detail/actuator_motors__type_support.cpp\n'}
[1.678901] (px4_msgs) StdoutLine: {'line': b'-- Up-to-date: /home/rudra/custom_flightmode/install/px4_msgs/include/px4_msgs/px4_msgs/msg/detail/pure_pursuit_status__rosidl_typesupport_introspection_cpp.hpp\n'}
[1.678939] (px4_msgs) StdoutLine: {'line': b'-- Up-to-date: /home/rudra/custom_flightmode/install/px4_msgs/include/px4_msgs/px4_msgs/msg/detail/obstacle_distance__type_support.cpp\n'}
[1.678988] (px4_msgs) StdoutLine: {'line': b'-- Up-to-date: /home/rudra/custom_flightmode/install/px4_msgs/include/px4_msgs/px4_msgs/msg/detail/gimbal_device_set_attitude__type_support.cpp\n'}
[1.679026] (px4_msgs) StdoutLine: {'line': b'-- Up-to-date: /home/rudra/custom_flightmode/install/px4_msgs/include/px4_msgs/px4_msgs/msg/detail/arming_check_reply__rosidl_typesupport_introspection_cpp.hpp\n'}
[1.679064] (px4_msgs) StdoutLine: {'line': b'-- Up-to-date: /home/rudra/custom_flightmode/install/px4_msgs/include/px4_msgs/px4_msgs/msg/detail/parameter_reset_request__type_support.cpp\n'}
[1.679101] (px4_msgs) StdoutLine: {'line': b'-- Up-to-date: /home/rudra/custom_flightmode/install/px4_msgs/include/px4_msgs/px4_msgs/msg/detail/vehicle_local_position_setpoint__rosidl_typesupport_introspection_cpp.hpp\n'}
[1.679140] (px4_msgs) StdoutLine: {'line': b'-- Up-to-date: /home/rudra/custom_flightmode/install/px4_msgs/include/px4_msgs/px4_msgs/msg/detail/fixed_wing_lateral_guidance_status__type_support.cpp\n'}
[1.679194] (px4_msgs) StdoutLine: {'line': b'-- Up-to-date: /home/rudra/custom_flightmode/install/px4_msgs/include/px4_msgs/px4_msgs/msg/detail/parameter_update__type_support.cpp\n'}
[1.679237] (px4_msgs) StdoutLine: {'line': b'-- Up-to-date: /home/rudra/custom_flightmode/install/px4_msgs/include/px4_msgs/px4_msgs/msg/detail/tecs_status__type_support.cpp\n'}
[1.679286] (px4_msgs) StdoutLine: {'line': b'-- Up-to-date: /home/rudra/custom_flightmode/install/px4_msgs/include/px4_msgs/px4_msgs/msg/detail/input_rc__type_support.cpp\n'}
[1.679325] (px4_msgs) StdoutLine: {'line': b'-- Up-to-date: /home/rudra/custom_flightmode/install/px4_msgs/include/px4_msgs/px4_msgs/msg/detail/sensors_status_imu__type_support.cpp\n'}
[1.679364] (px4_msgs) StdoutLine: {'line': b'-- Up-to-date: /home/rudra/custom_flightmode/install/px4_msgs/include/px4_msgs/px4_msgs/msg/detail/actuator_servos_trim__rosidl_typesupport_introspection_cpp.hpp\n'}
[1.679404] (px4_msgs) StdoutLine: {'line': b'-- Up-to-date: /home/rudra/custom_flightmode/install/px4_msgs/include/px4_msgs/px4_msgs/msg/detail/mavlink_log__type_support.cpp\n'}
[1.679442] (px4_msgs) StdoutLine: {'line': b'-- Up-to-date: /home/rudra/custom_flightmode/install/px4_msgs/include/px4_msgs/px4_msgs/msg/detail/ekf2_timestamps__type_support.cpp\n'}
[1.679496] (px4_msgs) StdoutLine: {'line': b'-- Up-to-date: /home/rudra/custom_flightmode/install/px4_msgs/include/px4_msgs/px4_msgs/msg/detail/rtl_time_estimate__rosidl_typesupport_introspection_cpp.hpp\n'}
[1.679545] (px4_msgs) StdoutLine: {'line': b'-- Up-to-date: /home/rudra/custom_flightmode/install/px4_msgs/include/px4_msgs/px4_msgs/msg/detail/autotune_attitude_control_status__rosidl_typesupport_introspection_cpp.hpp\n'}
[1.679590] (px4_msgs) StdoutLine: {'line': b'-- Up-to-date: /home/rudra/custom_flightmode/install/px4_msgs/include/px4_msgs/px4_msgs/msg/detail/navigator_mission_item__rosidl_typesupport_introspection_cpp.hpp\n'}
[1.679632] (px4_msgs) StdoutLine: {'line': b'-- Up-to-date: /home/rudra/custom_flightmode/install/px4_msgs/include/px4_msgs/px4_msgs/msg/detail/actuator_armed__rosidl_typesupport_introspection_cpp.hpp\n'}
[1.679670] (px4_msgs) StdoutLine: {'line': b'-- Up-to-date: /home/rudra/custom_flightmode/install/px4_msgs/include/px4_msgs/px4_msgs/msg/detail/follow_target__rosidl_typesupport_introspection_cpp.hpp\n'}
[1.679708] (px4_msgs) StdoutLine: {'line': b'-- Up-to-date: /home/rudra/custom_flightmode/install/px4_msgs/include/px4_msgs/px4_msgs/msg/detail/vehicle_air_data__rosidl_typesupport_introspection_cpp.hpp\n'}
[1.679745] (px4_msgs) StdoutLine: {'line': b'-- Up-to-date: /home/rudra/custom_flightmode/install/px4_msgs/include/px4_msgs/px4_msgs/msg/detail/orb_test_medium__type_support.cpp\n'}
[1.679782] (px4_msgs) StdoutLine: {'line': b'-- Up-to-date: /home/rudra/custom_flightmode/install/px4_msgs/include/px4_msgs/px4_msgs/msg/detail/register_ext_component_reply__type_support.cpp\n'}
[1.679819] (px4_msgs) StdoutLine: {'line': b'-- Up-to-date: /home/rudra/custom_flightmode/install/px4_msgs/include/px4_msgs/px4_msgs/msg/detail/adc_report__type_support.cpp\n'}
[1.679856] (px4_msgs) StdoutLine: {'line': b'-- Up-to-date: /home/rudra/custom_flightmode/install/px4_msgs/include/px4_msgs/px4_msgs/msg/detail/offboard_control_mode__rosidl_typesupport_introspection_cpp.hpp\n'}
[1.679895] (px4_msgs) StdoutLine: {'line': b'-- Up-to-date: /home/rudra/custom_flightmode/install/px4_msgs/include/px4_msgs/px4_msgs/msg/detail/gimbal_manager_information__rosidl_typesupport_introspection_cpp.hpp\n'}
[1.679934] (px4_msgs) StdoutLine: {'line': b'-- Up-to-date: /home/rudra/custom_flightmode/install/px4_msgs/include/px4_msgs/px4_msgs/msg/detail/rpm__rosidl_typesupport_introspection_cpp.hpp\n'}
[1.679972] (px4_msgs) StdoutLine: {'line': b'-- Up-to-date: /home/rudra/custom_flightmode/install/px4_msgs/include/px4_msgs/px4_msgs/msg/detail/launch_detection_status__type_support.cpp\n'}
[1.680009] (px4_msgs) StdoutLine: {'line': b'-- Up-to-date: /home/rudra/custom_flightmode/install/px4_msgs/include/px4_msgs/px4_msgs/msg/detail/prec_land_status__type_support.cpp\n'}
[1.680047] (px4_msgs) StdoutLine: {'line': b'-- Up-to-date: /home/rudra/custom_flightmode/install/px4_msgs/include/px4_msgs/px4_msgs/msg/detail/logger_status__rosidl_typesupport_introspection_cpp.hpp\n'}
[1.680114] (px4_msgs) StdoutLine: {'line': b'-- Up-to-date: /home/rudra/custom_flightmode/install/px4_msgs/include/px4_msgs/px4_msgs/msg/detail/estimator_aid_source3d__rosidl_typesupport_introspection_cpp.hpp\n'}
[1.680161] (px4_msgs) StdoutLine: {'line': b'-- Up-to-date: /home/rudra/custom_flightmode/install/px4_msgs/include/px4_msgs/px4_msgs/msg/detail/vehicle_global_position__type_support.cpp\n'}
[1.680203] (px4_msgs) StdoutLine: {'line': b'-- Up-to-date: /home/rudra/custom_flightmode/install/px4_msgs/include/px4_msgs/px4_msgs/msg/detail/px4io_status__rosidl_typesupport_introspection_cpp.hpp\n'}
[1.680242] (px4_msgs) StdoutLine: {'line': b'-- Up-to-date: /home/rudra/custom_flightmode/install/px4_msgs/include/px4_msgs/px4_msgs/msg/detail/position_setpoint__rosidl_typesupport_introspection_cpp.hpp\n'}
[1.680280] (px4_msgs) StdoutLine: {'line': b'-- Up-to-date: /home/rudra/custom_flightmode/install/px4_msgs/include/px4_msgs/px4_msgs/msg/detail/orbit_status__type_support.cpp\n'}
[1.680318] (px4_msgs) StdoutLine: {'line': b'-- Up-to-date: /home/rudra/custom_flightmode/install/px4_msgs/include/px4_msgs/px4_msgs/msg/detail/rover_rate_status__type_support.cpp\n'}
[1.680355] (px4_msgs) StdoutLine: {'line': b'-- Up-to-date: /home/rudra/custom_flightmode/install/px4_msgs/include/px4_msgs/px4_msgs/msg/detail/sensor_selection__type_support.cpp\n'}
[1.680394] (px4_msgs) StdoutLine: {'line': b'-- Up-to-date: /home/rudra/custom_flightmode/install/px4_msgs/include/px4_msgs/px4_msgs/msg/detail/system_power__type_support.cpp\n'}
[1.680431] (px4_msgs) StdoutLine: {'line': b'-- Up-to-date: /home/rudra/custom_flightmode/install/px4_msgs/include/px4_msgs/px4_msgs/msg/detail/dronecan_node_status__rosidl_typesupport_introspection_cpp.hpp\n'}
[1.680478] (px4_msgs) StdoutLine: {'line': b'-- Up-to-date: /home/rudra/custom_flightmode/install/px4_msgs/include/px4_msgs/px4_msgs/msg/detail/vehicle_attitude__rosidl_typesupport_introspection_cpp.hpp\n'}
[1.680528] (px4_msgs) StdoutLine: {'line': b'-- Up-to-date: /home/rudra/custom_flightmode/install/px4_msgs/include/px4_msgs/px4_msgs/msg/detail/rover_position_setpoint__rosidl_typesupport_introspection_cpp.hpp\n'}
[1.680568] (px4_msgs) StdoutLine: {'line': b'-- Up-to-date: /home/rudra/custom_flightmode/install/px4_msgs/include/px4_msgs/px4_msgs/msg/detail/rtl_time_estimate__type_support.cpp\n'}
[1.680606] (px4_msgs) StdoutLine: {'line': b'-- Up-to-date: /home/rudra/custom_flightmode/install/px4_msgs/include/px4_msgs/px4_msgs/msg/detail/fuel_tank_status__type_support.cpp\n'}
[1.680648] (px4_msgs) StdoutLine: {'line': b'-- Up-to-date: /home/rudra/custom_flightmode/install/px4_msgs/include/px4_msgs/px4_msgs/msg/detail/control_allocator_status__rosidl_typesupport_introspection_cpp.hpp\n'}
[1.680687] (px4_msgs) StdoutLine: {'line': b'-- Up-to-date: /home/rudra/custom_flightmode/install/px4_msgs/include/px4_msgs/px4_msgs/msg/detail/orb_test__rosidl_typesupport_introspection_cpp.hpp\n'}
[1.680724] (px4_msgs) StdoutLine: {'line': b'-- Up-to-date: /home/rudra/custom_flightmode/install/px4_msgs/include/px4_msgs/px4_msgs/msg/detail/vehicle_acceleration__rosidl_typesupport_introspection_cpp.hpp\n'}
[1.680762] (px4_msgs) StdoutLine: {'line': b'-- Up-to-date: /home/rudra/custom_flightmode/install/px4_msgs/include/px4_msgs/px4_msgs/msg/detail/log_message__rosidl_typesupport_introspection_cpp.hpp\n'}
[1.680799] (px4_msgs) StdoutLine: {'line': b'-- Up-to-date: /home/rudra/custom_flightmode/install/px4_msgs/include/px4_msgs/px4_msgs/msg/detail/sensor_preflight_mag__rosidl_typesupport_introspection_cpp.hpp\n'}
[1.680839] (px4_msgs) StdoutLine: {'line': b'-- Up-to-date: /home/rudra/custom_flightmode/install/px4_msgs/include/px4_msgs/px4_msgs/msg/detail/sensors_status__rosidl_typesupport_introspection_cpp.hpp\n'}
[1.680876] (px4_msgs) StdoutLine: {'line': b'-- Up-to-date: /home/rudra/custom_flightmode/install/px4_msgs/include/px4_msgs/px4_msgs/msg/detail/airspeed_wind__type_support.cpp\n'}
[1.680914] (px4_msgs) StdoutLine: {'line': b'-- Up-to-date: /home/rudra/custom_flightmode/install/px4_msgs/include/px4_msgs/px4_msgs/msg/detail/rtl_status__type_support.cpp\n'}
[1.680957] (px4_msgs) StdoutLine: {'line': b'-- Up-to-date: /home/rudra/custom_flightmode/install/px4_msgs/include/px4_msgs/px4_msgs/msg/detail/hover_thrust_estimate__type_support.cpp\n'}
[1.681020] (px4_msgs) StdoutLine: {'line': b'-- Up-to-date: /home/rudra/custom_flightmode/install/px4_msgs/include/px4_msgs/px4_msgs/msg/detail/power_button_state__rosidl_typesupport_introspection_cpp.hpp\n'}
[1.681062] (px4_msgs) StdoutLine: {'line': b'-- Up-to-date: /home/rudra/custom_flightmode/install/px4_msgs/include/px4_msgs/px4_msgs/msg/detail/geofence_result__type_support.cpp\n'}
[1.681101] (px4_msgs) StdoutLine: {'line': b'-- Up-to-date: /home/rudra/custom_flightmode/install/px4_msgs/include/px4_msgs/px4_msgs/msg/detail/vehicle_command__type_support.cpp\n'}
[1.681139] (px4_msgs) StdoutLine: {'line': b'-- Up-to-date: /home/rudra/custom_flightmode/install/px4_msgs/include/px4_msgs/px4_msgs/msg/detail/rc_channels__type_support.cpp\n'}
[1.681177] (px4_msgs) StdoutLine: {'line': b'-- Up-to-date: /home/rudra/custom_flightmode/install/px4_msgs/lib/libpx4_msgs__rosidl_typesupport_introspection_cpp.so\n'}
[1.681215] (px4_msgs) StdoutLine: {'line': b'-- Up-to-date: /home/rudra/custom_flightmode/install/px4_msgs/lib/libpx4_msgs__rosidl_typesupport_cpp.so\n'}
[1.681254] (px4_msgs) StdoutLine: {'line': b'-- Up-to-date: /home/rudra/custom_flightmode/install/px4_msgs/share/px4_msgs/environment/pythonpath.sh\n'}
[1.681301] (px4_msgs) StdoutLine: {'line': b'-- Up-to-date: /home/rudra/custom_flightmode/install/px4_msgs/share/px4_msgs/environment/pythonpath.dsv\n'}
[1.681339] (px4_msgs) StdoutLine: {'line': b'-- Up-to-date: /home/rudra/custom_flightmode/install/px4_msgs/local/lib/python3.10/dist-packages/px4_msgs-1.17.0-py3.10.egg-info\n'}
[1.681376] (px4_msgs) StdoutLine: {'line': b'-- Installing: /home/rudra/custom_flightmode/install/px4_msgs/local/lib/python3.10/dist-packages/px4_msgs-1.17.0-py3.10.egg-info/SOURCES.txt\n'}
[1.681415] (px4_msgs) StdoutLine: {'line': b'-- Installing: /home/rudra/custom_flightmode/install/px4_msgs/local/lib/python3.10/dist-packages/px4_msgs-1.17.0-py3.10.egg-info/top_level.txt\n'}
[1.681453] (px4_msgs) StdoutLine: {'line': b'-- Installing: /home/rudra/custom_flightmode/install/px4_msgs/local/lib/python3.10/dist-packages/px4_msgs-1.17.0-py3.10.egg-info/PKG-INFO\n'}
[1.681506] (px4_msgs) StdoutLine: {'line': b'-- Installing: /home/rudra/custom_flightmode/install/px4_msgs/local/lib/python3.10/dist-packages/px4_msgs-1.17.0-py3.10.egg-info/dependency_links.txt\n'}
[1.681547] (px4_msgs) StdoutLine: {'line': b'-- Up-to-date: /home/rudra/custom_flightmode/install/px4_msgs/local/lib/python3.10/dist-packages/px4_msgs\n'}
[1.681584] (px4_msgs) StdoutLine: {'line': b'-- Up-to-date: /home/rudra/custom_flightmode/install/px4_msgs/local/lib/python3.10/dist-packages/px4_msgs/__init__.py\n'}
[1.681622] (px4_msgs) StdoutLine: {'line': b'-- Up-to-date: /home/rudra/custom_flightmode/install/px4_msgs/local/lib/python3.10/dist-packages/px4_msgs/_px4_msgs_s.ep.rosidl_typesupport_c.c\n'}
[1.681659] (px4_msgs) StdoutLine: {'line': b'-- Up-to-date: /home/rudra/custom_flightmode/install/px4_msgs/local/lib/python3.10/dist-packages/px4_msgs/px4_msgs_s__rosidl_typesupport_fastrtps_c.cpython-310-x86_64-linux-gnu.so\n'}
[1.681696] (px4_msgs) StdoutLine: {'line': b'-- Up-to-date: /home/rudra/custom_flightmode/install/px4_msgs/local/lib/python3.10/dist-packages/px4_msgs/px4_msgs_s__rosidl_typesupport_introspection_c.cpython-310-x86_64-linux-gnu.so\n'}
[1.681734] (px4_msgs) StdoutLine: {'line': b'-- Up-to-date: /home/rudra/custom_flightmode/install/px4_msgs/local/lib/python3.10/dist-packages/px4_msgs/px4_msgs_s__rosidl_typesupport_c.cpython-310-x86_64-linux-gnu.so\n'}
[1.681776] (px4_msgs) StdoutLine: {'line': b'-- Up-to-date: /home/rudra/custom_flightmode/install/px4_msgs/local/lib/python3.10/dist-packages/px4_msgs/srv\n'}
[1.681814] (px4_msgs) StdoutLine: {'line': b'-- Up-to-date: /home/rudra/custom_flightmode/install/px4_msgs/local/lib/python3.10/dist-packages/px4_msgs/srv/__init__.py\n'}
[1.681854] (px4_msgs) StdoutLine: {'line': b'-- Up-to-date: /home/rudra/custom_flightmode/install/px4_msgs/local/lib/python3.10/dist-packages/px4_msgs/srv/_vehicle_command.py\n'}
[1.681914] (px4_msgs) StdoutLine: {'line': b'-- Up-to-date: /home/rudra/custom_flightmode/install/px4_msgs/local/lib/python3.10/dist-packages/px4_msgs/srv/_vehicle_command_s.c\n'}
[1.681954] (px4_msgs) StdoutLine: {'line': b'-- Up-to-date: /home/rudra/custom_flightmode/install/px4_msgs/local/lib/python3.10/dist-packages/px4_msgs/_px4_msgs_s.ep.rosidl_typesupport_fastrtps_c.c\n'}
[1.681993] (px4_msgs) StdoutLine: {'line': b'-- Up-to-date: /home/rudra/custom_flightmode/install/px4_msgs/local/lib/python3.10/dist-packages/px4_msgs/libpx4_msgs__rosidl_generator_py.so\n'}
[1.682031] (px4_msgs) StdoutLine: {'line': b'-- Up-to-date: /home/rudra/custom_flightmode/install/px4_msgs/local/lib/python3.10/dist-packages/px4_msgs/_px4_msgs_s.ep.rosidl_typesupport_introspection_c.c\n'}
[1.682070] (px4_msgs) StdoutLine: {'line': b'-- Up-to-date: /home/rudra/custom_flightmode/install/px4_msgs/local/lib/python3.10/dist-packages/px4_msgs/msg\n'}
[1.682111] (px4_msgs) StdoutLine: {'line': b'-- Up-to-date: /home/rudra/custom_flightmode/install/px4_msgs/local/lib/python3.10/dist-packages/px4_msgs/msg/_vehicle_torque_setpoint_s.c\n'}
[1.682169] (px4_msgs) StdoutLine: {'line': b'-- Up-to-date: /home/rudra/custom_flightmode/install/px4_msgs/local/lib/python3.10/dist-packages/px4_msgs/msg/_vehicle_control_mode.py\n'}
[1.682208] (px4_msgs) StdoutLine: {'line': b'-- Up-to-date: /home/rudra/custom_flightmode/install/px4_msgs/local/lib/python3.10/dist-packages/px4_msgs/msg/_estimator_states_s.c\n'}
[1.682246] (px4_msgs) StdoutLine: {'line': b'-- Up-to-date: /home/rudra/custom_flightmode/install/px4_msgs/local/lib/python3.10/dist-packages/px4_msgs/msg/_rc_channels_s.c\n'}
[1.682284] (px4_msgs) StdoutLine: {'line': b'-- Up-to-date: /home/rudra/custom_flightmode/install/px4_msgs/local/lib/python3.10/dist-packages/px4_msgs/msg/_mode_completed.py\n'}
[1.682321] (px4_msgs) StdoutLine: {'line': b'-- Up-to-date: /home/rudra/custom_flightmode/install/px4_msgs/local/lib/python3.10/dist-packages/px4_msgs/msg/_landing_gear.py\n'}
[1.682358] (px4_msgs) StdoutLine: {'line': b'-- Up-to-date: /home/rudra/custom_flightmode/install/px4_msgs/local/lib/python3.10/dist-packages/px4_msgs/msg/_parameter_set_value_request_s.c\n'}
[1.682395] (px4_msgs) StdoutLine: {'line': b'-- Up-to-date: /home/rudra/custom_flightmode/install/px4_msgs/local/lib/python3.10/dist-packages/px4_msgs/msg/_home_position_s.c\n'}
[1.682431] (px4_msgs) StdoutLine: {'line': b'-- Up-to-date: /home/rudra/custom_flightmode/install/px4_msgs/local/lib/python3.10/dist-packages/px4_msgs/msg/_camera_status_s.c\n'}
[1.682476] (px4_msgs) StdoutLine: {'line': b'-- Up-to-date: /home/rudra/custom_flightmode/install/px4_msgs/local/lib/python3.10/dist-packages/px4_msgs/msg/_gpio_config.py\n'}
[1.682538] (px4_msgs) StdoutLine: {'line': b'-- Up-to-date: /home/rudra/custom_flightmode/install/px4_msgs/local/lib/python3.10/dist-packages/px4_msgs/msg/_sensor_gyro_fifo_s.c\n'}
[1.682579] (px4_msgs) StdoutLine: {'line': b'-- Up-to-date: /home/rudra/custom_flightmode/install/px4_msgs/local/lib/python3.10/dist-packages/px4_msgs/msg/_parameter_reset_request.py\n'}
[1.682617] (px4_msgs) StdoutLine: {'line': b'-- Up-to-date: /home/rudra/custom_flightmode/install/px4_msgs/local/lib/python3.10/dist-packages/px4_msgs/msg/_rover_throttle_setpoint_s.c\n'}
[1.682654] (px4_msgs) StdoutLine: {'line': b'-- Up-to-date: /home/rudra/custom_flightmode/install/px4_msgs/local/lib/python3.10/dist-packages/px4_msgs/msg/_manual_control_setpoint.py\n'}
[1.682692] (px4_msgs) StdoutLine: {'line': b'-- Up-to-date: /home/rudra/custom_flightmode/install/px4_msgs/local/lib/python3.10/dist-packages/px4_msgs/msg/_vehicle_air_data.py\n'}
[1.682730] (px4_msgs) StdoutLine: {'line': b'-- Up-to-date: /home/rudra/custom_flightmode/install/px4_msgs/local/lib/python3.10/dist-packages/px4_msgs/msg/_rtl_status_s.c\n'}
[1.682768] (px4_msgs) StdoutLine: {'line': b'-- Up-to-date: /home/rudra/custom_flightmode/install/px4_msgs/local/lib/python3.10/dist-packages/px4_msgs/msg/_sensor_accel_fifo.py\n'}
[1.682808] (px4_msgs) StdoutLine: {'line': b'-- Up-to-date: /home/rudra/custom_flightmode/install/px4_msgs/local/lib/python3.10/dist-packages/px4_msgs/msg/_fixed_wing_lateral_status.py\n'}
[1.682851] (px4_msgs) StdoutLine: {'line': b'-- Up-to-date: /home/rudra/custom_flightmode/install/px4_msgs/local/lib/python3.10/dist-packages/px4_msgs/msg/_figure_eight_status.py\n'}
[1.682912] (px4_msgs) StdoutLine: {'line': b'-- Up-to-date: /home/rudra/custom_flightmode/install/px4_msgs/local/lib/python3.10/dist-packages/px4_msgs/msg/_satellite_info.py\n'}
[1.682952] (px4_msgs) StdoutLine: {'line': b'-- Up-to-date: /home/rudra/custom_flightmode/install/px4_msgs/local/lib/python3.10/dist-packages/px4_msgs/msg/_estimator_selector_status.py\n'}
[1.682994] (px4_msgs) StdoutLine: {'line': b'-- Up-to-date: /home/rudra/custom_flightmode/install/px4_msgs/local/lib/python3.10/dist-packages/px4_msgs/msg/_estimator_event_flags_s.c\n'}
[1.683033] (px4_msgs) StdoutLine: {'line': b'-- Up-to-date: /home/rudra/custom_flightmode/install/px4_msgs/local/lib/python3.10/dist-packages/px4_msgs/msg/_rover_speed_status.py\n'}
[1.683071] (px4_msgs) StdoutLine: {'line': b'-- Up-to-date: /home/rudra/custom_flightmode/install/px4_msgs/local/lib/python3.10/dist-packages/px4_msgs/msg/_vehicle_rates_setpoint.py\n'}
[1.683109] (px4_msgs) StdoutLine: {'line': b'-- Up-to-date: /home/rudra/custom_flightmode/install/px4_msgs/local/lib/python3.10/dist-packages/px4_msgs/msg/_sensors_status_imu_s.c\n'}
[1.683146] (px4_msgs) StdoutLine: {'line': b'-- Up-to-date: /home/rudra/custom_flightmode/install/px4_msgs/local/lib/python3.10/dist-packages/px4_msgs/msg/_vehicle_odometry_s.c\n'}
[1.683184] (px4_msgs) StdoutLine: {'line': b'-- Up-to-date: /home/rudra/custom_flightmode/install/px4_msgs/local/lib/python3.10/dist-packages/px4_msgs/msg/_airspeed_validated.py\n'}
[1.683221] (px4_msgs) StdoutLine: {'line': b'-- Up-to-date: /home/rudra/custom_flightmode/install/px4_msgs/local/lib/python3.10/dist-packages/px4_msgs/msg/_actuator_servos_trim.py\n'}
[1.683258] (px4_msgs) StdoutLine: {'line': b'-- Up-to-date: /home/rudra/custom_flightmode/install/px4_msgs/local/lib/python3.10/dist-packages/px4_msgs/msg/_rtl_time_estimate.py\n'}
[1.683296] (px4_msgs) StdoutLine: {'line': b'-- Up-to-date: /home/rudra/custom_flightmode/install/px4_msgs/local/lib/python3.10/dist-packages/px4_msgs/msg/_ulog_stream_ack.py\n'}
[1.683333] (px4_msgs) StdoutLine: {'line': b'-- Up-to-date: /home/rudra/custom_flightmode/install/px4_msgs/local/lib/python3.10/dist-packages/px4_msgs/msg/_gain_compression.py\n'}
[1.683371] (px4_msgs) StdoutLine: {'line': b'-- Up-to-date: /home/rudra/custom_flightmode/install/px4_msgs/local/lib/python3.10/dist-packages/px4_msgs/msg/_fixed_wing_lateral_setpoint.py\n'}
[1.683409] (px4_msgs) StdoutLine: {'line': b'-- Up-to-date: /home/rudra/custom_flightmode/install/px4_msgs/local/lib/python3.10/dist-packages/px4_msgs/msg/_vte_orientation.py\n'}
[1.683487] (px4_msgs) StdoutLine: {'line': b'-- Up-to-date: /home/rudra/custom_flightmode/install/px4_msgs/local/lib/python3.10/dist-packages/px4_msgs/msg/_fixed_wing_longitudinal_setpoint.py\n'}
[1.683545] (px4_msgs) StdoutLine: {'line': b'-- Up-to-date: /home/rudra/custom_flightmode/install/px4_msgs/local/lib/python3.10/dist-packages/px4_msgs/msg/_fixed_wing_lateral_guidance_status_s.c\n'}
[1.683587] (px4_msgs) StdoutLine: {'line': b'-- Up-to-date: /home/rudra/custom_flightmode/install/px4_msgs/local/lib/python3.10/dist-packages/px4_msgs/msg/_actuator_test_s.c\n'}
[1.683626] (px4_msgs) StdoutLine: {'line': b'-- Up-to-date: /home/rudra/custom_flightmode/install/px4_msgs/local/lib/python3.10/dist-packages/px4_msgs/msg/_vehicle_imu.py\n'}
[1.683668] (px4_msgs) StdoutLine: {'line': b'-- Up-to-date: /home/rudra/custom_flightmode/install/px4_msgs/local/lib/python3.10/dist-packages/px4_msgs/msg/_position_setpoint.py\n'}
[1.683710] (px4_msgs) StdoutLine: {'line': b'-- Up-to-date: /home/rudra/custom_flightmode/install/px4_msgs/local/lib/python3.10/dist-packages/px4_msgs/msg/_parameter_update.py\n'}
[1.683752] (px4_msgs) StdoutLine: {'line': b'-- Up-to-date: /home/rudra/custom_flightmode/install/px4_msgs/local/lib/python3.10/dist-packages/px4_msgs/msg/_message_format_response_s.c\n'}
[1.683818] (px4_msgs) StdoutLine: {'line': b'-- Up-to-date: /home/rudra/custom_flightmode/install/px4_msgs/local/lib/python3.10/dist-packages/px4_msgs/msg/_distance_sensor.py\n'}
[1.683868] (px4_msgs) StdoutLine: {'line': b'-- Up-to-date: /home/rudra/custom_flightmode/install/px4_msgs/local/lib/python3.10/dist-packages/px4_msgs/msg/_aux_global_position_s.c\n'}
[1.683909] (px4_msgs) StdoutLine: {'line': b'-- Up-to-date: /home/rudra/custom_flightmode/install/px4_msgs/local/lib/python3.10/dist-packages/px4_msgs/msg/_qshell_retval_s.c\n'}
[1.683947] (px4_msgs) StdoutLine: {'line': b'-- Up-to-date: /home/rudra/custom_flightmode/install/px4_msgs/local/lib/python3.10/dist-packages/px4_msgs/msg/_fuel_tank_status.py\n'}
[1.683985] (px4_msgs) StdoutLine: {'line': b'-- Up-to-date: /home/rudra/custom_flightmode/install/px4_msgs/local/lib/python3.10/dist-packages/px4_msgs/msg/_navigator_mission_item_s.c\n'}
[1.684024] (px4_msgs) StdoutLine: {'line': b'-- Up-to-date: /home/rudra/custom_flightmode/install/px4_msgs/local/lib/python3.10/dist-packages/px4_msgs/msg/_vehicle_status.py\n'}
[1.684062] (px4_msgs) StdoutLine: {'line': b'-- Up-to-date: /home/rudra/custom_flightmode/install/px4_msgs/local/lib/python3.10/dist-packages/px4_msgs/msg/_actuator_test.py\n'}
[1.684099] (px4_msgs) StdoutLine: {'line': b'-- Up-to-date: /home/rudra/custom_flightmode/install/px4_msgs/local/lib/python3.10/dist-packages/px4_msgs/msg/_lateral_control_configuration_s.c\n'}
[1.684137] (px4_msgs) StdoutLine: {'line': b'-- Up-to-date: /home/rudra/custom_flightmode/install/px4_msgs/local/lib/python3.10/dist-packages/px4_msgs/msg/_parameter_set_value_request.py\n'}
[1.684197] (px4_msgs) StdoutLine: {'line': b'-- Up-to-date: /home/rudra/custom_flightmode/install/px4_msgs/local/lib/python3.10/dist-packages/px4_msgs/msg/_uavcan_parameter_request.py\n'}
[1.684238] (px4_msgs) StdoutLine: {'line': b'-- Up-to-date: /home/rudra/custom_flightmode/install/px4_msgs/local/lib/python3.10/dist-packages/px4_msgs/msg/_esc_eeprom_read_s.c\n'}
[1.684276] (px4_msgs) StdoutLine: {'line': b'-- Up-to-date: /home/rudra/custom_flightmode/install/px4_msgs/local/lib/python3.10/dist-packages/px4_msgs/msg/_orbit_status_s.c\n'}
[1.684314] (px4_msgs) StdoutLine: {'line': b'-- Up-to-date: /home/rudra/custom_flightmode/install/px4_msgs/local/lib/python3.10/dist-packages/px4_msgs/msg/_vehicle_local_position.py\n'}
[1.684353] (px4_msgs) StdoutLine: {'line': b'-- Up-to-date: /home/rudra/custom_flightmode/install/px4_msgs/local/lib/python3.10/dist-packages/px4_msgs/msg/_ekf2_timestamps_s.c\n'}
[1.684421] (px4_msgs) StdoutLine: {'line': b'-- Up-to-date: /home/rudra/custom_flightmode/install/px4_msgs/local/lib/python3.10/dist-packages/px4_msgs/msg/_landing_gear_s.c\n'}
[1.684498] (px4_msgs) StdoutLine: {'line': b'-- Up-to-date: /home/rudra/custom_flightmode/install/px4_msgs/local/lib/python3.10/dist-packages/px4_msgs/msg/_differential_pressure.py\n'}
[1.684558] (px4_msgs) StdoutLine: {'line': b'-- Up-to-date: /home/rudra/custom_flightmode/install/px4_msgs/local/lib/python3.10/dist-packages/px4_msgs/msg/_vte_aid_source1d.py\n'}
[1.684632] (px4_msgs) StdoutLine: {'line': b'-- Up-to-date: /home/rudra/custom_flightmode/install/px4_msgs/local/lib/python3.10/dist-packages/px4_msgs/msg/_estimator_aid_source1d.py\n'}
[1.684734] (px4_msgs) StdoutLine: {'line': b'-- Up-to-date: /home/rudra/custom_flightmode/install/px4_msgs/local/lib/python3.10/dist-packages/px4_msgs/msg/_hover_thrust_estimate_s.c\n'}
[1.684808] (px4_msgs) StdoutLine: {'line': b'-- Up-to-date: /home/rudra/custom_flightmode/install/px4_msgs/local/lib/python3.10/dist-packages/px4_msgs/msg/_gpio_out_s.c\n'}
[1.684866] (px4_msgs) StdoutLine: {'line': b'-- Up-to-date: /home/rudra/custom_flightmode/install/px4_msgs/local/lib/python3.10/dist-packages/px4_msgs/msg/_control_allocator_status.py\n'}
[1.684910] (px4_msgs) StdoutLine: {'line': b'-- Up-to-date: /home/rudra/custom_flightmode/install/px4_msgs/local/lib/python3.10/dist-packages/px4_msgs/msg/_position_controller_landing_status.py\n'}
[1.684959] (px4_msgs) StdoutLine: {'line': b'-- Up-to-date: /home/rudra/custom_flightmode/install/px4_msgs/local/lib/python3.10/dist-packages/px4_msgs/msg/_rate_ctrl_status_s.c\n'}
[1.685002] (px4_msgs) StdoutLine: {'line': b'-- Up-to-date: /home/rudra/custom_flightmode/install/px4_msgs/local/lib/python3.10/dist-packages/px4_msgs/msg/_heater_status_s.c\n'}
[1.685042] (px4_msgs) StdoutLine: {'line': b'-- Up-to-date: /home/rudra/custom_flightmode/install/px4_msgs/local/lib/python3.10/dist-packages/px4_msgs/msg/_tecs_status_s.c\n'}
[1.685087] (px4_msgs) StdoutLine: {'line': b'-- Up-to-date: /home/rudra/custom_flightmode/install/px4_msgs/local/lib/python3.10/dist-packages/px4_msgs/msg/_system_power_s.c\n'}
[1.685127] (px4_msgs) StdoutLine: {'line': b'-- Up-to-date: /home/rudra/custom_flightmode/install/px4_msgs/local/lib/python3.10/dist-packages/px4_msgs/msg/_sensor_correction_s.c\n'}
[1.685168] (px4_msgs) StdoutLine: {'line': b'-- Up-to-date: /home/rudra/custom_flightmode/install/px4_msgs/local/lib/python3.10/dist-packages/px4_msgs/msg/_setpoint_config.py\n'}
[1.685250] (px4_msgs) StdoutLine: {'line': b'-- Up-to-date: /home/rudra/custom_flightmode/install/px4_msgs/local/lib/python3.10/dist-packages/px4_msgs/msg/_mavlink_tunnel.py\n'}
[1.685314] (px4_msgs) StdoutLine: {'line': b'-- Up-to-date: /home/rudra/custom_flightmode/install/px4_msgs/local/lib/python3.10/dist-packages/px4_msgs/msg/_qshell_req.py\n'}
[1.685383] (px4_msgs) StdoutLine: {'line': b'-- Up-to-date: /home/rudra/custom_flightmode/install/px4_msgs/local/lib/python3.10/dist-packages/px4_msgs/msg/_sensors_status.py\n'}
[1.685445] (px4_msgs) StdoutLine: {'line': b'-- Up-to-date: /home/rudra/custom_flightmode/install/px4_msgs/local/lib/python3.10/dist-packages/px4_msgs/msg/_fixed_wing_runway_control.py\n'}
[1.685517] (px4_msgs) StdoutLine: {'line': b'-- Up-to-date: /home/rudra/custom_flightmode/install/px4_msgs/local/lib/python3.10/dist-packages/px4_msgs/msg/_qshell_retval.py\n'}
[1.685564] (px4_msgs) StdoutLine: {'line': b'-- Up-to-date: /home/rudra/custom_flightmode/install/px4_msgs/local/lib/python3.10/dist-packages/px4_msgs/msg/_register_ext_component_reply.py\n'}
[1.685607] (px4_msgs) StdoutLine: {'line': b'-- Up-to-date: /home/rudra/custom_flightmode/install/px4_msgs/local/lib/python3.10/dist-packages/px4_msgs/msg/_esc_eeprom_read.py\n'}
[1.685662] (px4_msgs) StdoutLine: {'line': b'-- Up-to-date: /home/rudra/custom_flightmode/install/px4_msgs/local/lib/python3.10/dist-packages/px4_msgs/msg/_sensor_gyro_fifo.py\n'}
[1.685704] (px4_msgs) StdoutLine: {'line': b'-- Up-to-date: /home/rudra/custom_flightmode/install/px4_msgs/local/lib/python3.10/dist-packages/px4_msgs/msg/_sensor_gyro_fft.py\n'}
[1.685744] (px4_msgs) StdoutLine: {'line': b'-- Up-to-date: /home/rudra/custom_flightmode/install/px4_msgs/local/lib/python3.10/dist-packages/px4_msgs/msg/_estimator_bias_s.c\n'}
[1.685789] (px4_msgs) StdoutLine: {'line': b'-- Up-to-date: /home/rudra/custom_flightmode/install/px4_msgs/local/lib/python3.10/dist-packages/px4_msgs/msg/_follow_target.py\n'}
[1.685837] (px4_msgs) StdoutLine: {'line': b'-- Up-to-date: /home/rudra/custom_flightmode/install/px4_msgs/local/lib/python3.10/dist-packages/px4_msgs/msg/_vehicle_optical_flow.py\n'}
[1.685887] (px4_msgs) StdoutLine: {'line': b'-- Up-to-date: /home/rudra/custom_flightmode/install/px4_msgs/local/lib/python3.10/dist-packages/px4_msgs/msg/_rover_speed_setpoint.py\n'}
[1.685932] (px4_msgs) StdoutLine: {'line': b'-- Up-to-date: /home/rudra/custom_flightmode/install/px4_msgs/local/lib/python3.10/dist-packages/px4_msgs/msg/_vehicle_local_position_setpoint.py\n'}
[1.685987] (px4_msgs) StdoutLine: {'line': b'-- Up-to-date: /home/rudra/custom_flightmode/install/px4_msgs/local/lib/python3.10/dist-packages/px4_msgs/msg/_gimbal_manager_information.py\n'}
[1.686038] (px4_msgs) StdoutLine: {'line': b'-- Up-to-date: /home/rudra/custom_flightmode/install/px4_msgs/local/lib/python3.10/dist-packages/px4_msgs/msg/_vehicle_land_detected_s.c\n'}
[1.686082] (px4_msgs) StdoutLine: {'line': b'-- Up-to-date: /home/rudra/custom_flightmode/install/px4_msgs/local/lib/python3.10/dist-packages/px4_msgs/msg/_battery_info_s.c\n'}
[1.686151] (px4_msgs) StdoutLine: {'line': b'-- Up-to-date: /home/rudra/custom_flightmode/install/px4_msgs/local/lib/python3.10/dist-packages/px4_msgs/msg/_sensor_combined_s.c\n'}
[1.686221] (px4_msgs) StdoutLine: {'line': b'-- Up-to-date: /home/rudra/custom_flightmode/install/px4_msgs/local/lib/python3.10/dist-packages/px4_msgs/msg/_orb_test_large_s.c\n'}
[1.686273] (px4_msgs) StdoutLine: {'line': b'-- Up-to-date: /home/rudra/custom_flightmode/install/px4_msgs/local/lib/python3.10/dist-packages/px4_msgs/msg/_neural_control_s.c\n'}
[1.686314] (px4_msgs) StdoutLine: {'line': b'-- Up-to-date: /home/rudra/custom_flightmode/install/px4_msgs/local/lib/python3.10/dist-packages/px4_msgs/msg/_vehicle_optical_flow_vel.py\n'}
[1.686355] (px4_msgs) StdoutLine: {'line': b'-- Up-to-date: /home/rudra/custom_flightmode/install/px4_msgs/local/lib/python3.10/dist-packages/px4_msgs/msg/_sensor_selection.py\n'}
[1.686394] (px4_msgs) StdoutLine: {'line': b'-- Up-to-date: /home/rudra/custom_flightmode/install/px4_msgs/local/lib/python3.10/dist-packages/px4_msgs/msg/_vehicle_angular_velocity.py\n'}
[1.686434] (px4_msgs) StdoutLine: {'line': b'-- Up-to-date: /home/rudra/custom_flightmode/install/px4_msgs/local/lib/python3.10/dist-packages/px4_msgs/msg/_device_information_s.c\n'}
[1.686481] (px4_msgs) StdoutLine: {'line': b'-- Up-to-date: /home/rudra/custom_flightmode/install/px4_msgs/local/lib/python3.10/dist-packages/px4_msgs/msg/_setpoint_config_reply_s.c\n'}
[1.686549] (px4_msgs) StdoutLine: {'line': b'-- Up-to-date: /home/rudra/custom_flightmode/install/px4_msgs/local/lib/python3.10/dist-packages/px4_msgs/msg/_generator_status_s.c\n'}
[1.686591] (px4_msgs) StdoutLine: {'line': b'-- Up-to-date: /home/rudra/custom_flightmode/install/px4_msgs/local/lib/python3.10/dist-packages/px4_msgs/msg/_parameter_set_value_response.py\n'}
[1.686631] (px4_msgs) StdoutLine: {'line': b'-- Up-to-date: /home/rudra/custom_flightmode/install/px4_msgs/local/lib/python3.10/dist-packages/px4_msgs/msg/_follow_target_s.c\n'}
[1.686672] (px4_msgs) StdoutLine: {'line': b'-- Up-to-date: /home/rudra/custom_flightmode/install/px4_msgs/local/lib/python3.10/dist-packages/px4_msgs/msg/__init__.py\n'}
[1.686715] (px4_msgs) StdoutLine: {'line': b'-- Up-to-date: /home/rudra/custom_flightmode/install/px4_msgs/local/lib/python3.10/dist-packages/px4_msgs/msg/_can_interface_status_s.c\n'}
[1.686756] (px4_msgs) StdoutLine: {'line': b'-- Up-to-date: /home/rudra/custom_flightmode/install/px4_msgs/local/lib/python3.10/dist-packages/px4_msgs/msg/_magnetometer_bias_estimate_s.c\n'}
[1.686798] (px4_msgs) StdoutLine: {'line': b'-- Up-to-date: /home/rudra/custom_flightmode/install/px4_msgs/local/lib/python3.10/dist-packages/px4_msgs/msg/_sensor_preflight_mag_s.c\n'}
[1.686836] (px4_msgs) StdoutLine: {'line': b'-- Up-to-date: /home/rudra/custom_flightmode/install/px4_msgs/local/lib/python3.10/dist-packages/px4_msgs/msg/_debug_key_value_s.c\n'}
[1.686876] (px4_msgs) StdoutLine: {'line': b'-- Up-to-date: /home/rudra/custom_flightmode/install/px4_msgs/local/lib/python3.10/dist-packages/px4_msgs/msg/_sensor_hygrometer_s.c\n'}
[1.686925] (px4_msgs) StdoutLine: {'line': b'-- Up-to-date: /home/rudra/custom_flightmode/install/px4_msgs/local/lib/python3.10/dist-packages/px4_msgs/msg/_autotune_attitude_control_status_s.c\n'}
[1.686985] (px4_msgs) StdoutLine: {'line': b'-- Up-to-date: /home/rudra/custom_flightmode/install/px4_msgs/local/lib/python3.10/dist-packages/px4_msgs/msg/_fixed_wing_lateral_status_s.c\n'}
[1.687028] (px4_msgs) StdoutLine: {'line': b'-- Up-to-date: /home/rudra/custom_flightmode/install/px4_msgs/local/lib/python3.10/dist-packages/px4_msgs/msg/_sensor_gnss_status_s.c\n'}
[1.687069] (px4_msgs) StdoutLine: {'line': b'-- Up-to-date: /home/rudra/custom_flightmode/install/px4_msgs/local/lib/python3.10/dist-packages/px4_msgs/msg/_led_control.py\n'}
[1.687109] (px4_msgs) StdoutLine: {'line': b'-- Up-to-date: /home/rudra/custom_flightmode/install/px4_msgs/local/lib/python3.10/dist-packages/px4_msgs/msg/_distance_sensor_mode_change_request.py\n'}
[1.687161] (px4_msgs) StdoutLine: {'line': b'-- Up-to-date: /home/rudra/custom_flightmode/install/px4_msgs/local/lib/python3.10/dist-packages/px4_msgs/msg/_setpoint_config_reply.py\n'}
[1.687203] (px4_msgs) StdoutLine: {'line': b'-- Up-to-date: /home/rudra/custom_flightmode/install/px4_msgs/local/lib/python3.10/dist-packages/px4_msgs/msg/_offboard_control_mode.py\n'}
[1.687244] (px4_msgs) StdoutLine: {'line': b'-- Up-to-date: /home/rudra/custom_flightmode/install/px4_msgs/local/lib/python3.10/dist-packages/px4_msgs/msg/_gimbal_manager_status_s.c\n'}
[1.687282] (px4_msgs) StdoutLine: {'line': b'-- Up-to-date: /home/rudra/custom_flightmode/install/px4_msgs/local/lib/python3.10/dist-packages/px4_msgs/msg/_open_drone_id_arm_status.py\n'}
[1.687320] (px4_msgs) StdoutLine: {'line': b'-- Up-to-date: /home/rudra/custom_flightmode/install/px4_msgs/local/lib/python3.10/dist-packages/px4_msgs/msg/_actuator_servos_trim_s.c\n'}
[1.687358] (px4_msgs) StdoutLine: {'line': b'-- Up-to-date: /home/rudra/custom_flightmode/install/px4_msgs/local/lib/python3.10/dist-packages/px4_msgs/msg/_internal_combustion_engine_status_s.c\n'}
[1.687396] (px4_msgs) StdoutLine: {'line': b'-- Up-to-date: /home/rudra/custom_flightmode/install/px4_msgs/local/lib/python3.10/dist-packages/px4_msgs/msg/_message_format_response.py\n'}
[1.687433] (px4_msgs) StdoutLine: {'line': b'-- Up-to-date: /home/rudra/custom_flightmode/install/px4_msgs/local/lib/python3.10/dist-packages/px4_msgs/msg/_target_gnss.py\n'}
[1.687477] (px4_msgs) StdoutLine: {'line': b'-- Up-to-date: /home/rudra/custom_flightmode/install/px4_msgs/local/lib/python3.10/dist-packages/px4_msgs/msg/_rover_throttle_setpoint.py\n'}
[1.687525] (px4_msgs) StdoutLine: {'line': b'-- Up-to-date: /home/rudra/custom_flightmode/install/px4_msgs/local/lib/python3.10/dist-packages/px4_msgs/msg/_parameter_reset_request_s.c\n'}
[1.687564] (px4_msgs) StdoutLine: {'line': b'-- Up-to-date: /home/rudra/custom_flightmode/install/px4_msgs/local/lib/python3.10/dist-packages/px4_msgs/msg/_position_setpoint_triplet_s.c\n'}
[1.687606] (px4_msgs) StdoutLine: {'line': b'-- Up-to-date: /home/rudra/custom_flightmode/install/px4_msgs/local/lib/python3.10/dist-packages/px4_msgs/msg/_offboard_control_mode_s.c\n'}
[1.687647] (px4_msgs) StdoutLine: {'line': b'-- Up-to-date: /home/rudra/custom_flightmode/install/px4_msgs/local/lib/python3.10/dist-packages/px4_msgs/msg/_rc_parameter_map.py\n'}
[1.687688] (px4_msgs) StdoutLine: {'line': b'-- Up-to-date: /home/rudra/custom_flightmode/install/px4_msgs/local/lib/python3.10/dist-packages/px4_msgs/msg/_esc_status.py\n'}
[1.687728] (px4_msgs) StdoutLine: {'line': b'-- Up-to-date: /home/rudra/custom_flightmode/install/px4_msgs/local/lib/python3.10/dist-packages/px4_msgs/msg/_ranging_beacon.py\n'}
[1.687769] (px4_msgs) StdoutLine: {'line': b'-- Up-to-date: /home/rudra/custom_flightmode/install/px4_msgs/local/lib/python3.10/dist-packages/px4_msgs/msg/_sensor_mag.py\n'}
[1.687811] (px4_msgs) StdoutLine: {'line': b'-- Up-to-date: /home/rudra/custom_flightmode/install/px4_msgs/local/lib/python3.10/dist-packages/px4_msgs/msg/_dataman_response.py\n'}
[1.687852] (px4_msgs) StdoutLine: {'line': b'-- Up-to-date: /home/rudra/custom_flightmode/install/px4_msgs/local/lib/python3.10/dist-packages/px4_msgs/msg/_mavlink_log.py\n'}
[1.687893] (px4_msgs) StdoutLine: {'line': b'-- Up-to-date: /home/rudra/custom_flightmode/install/px4_msgs/local/lib/python3.10/dist-packages/px4_msgs/msg/_rpm_s.c\n'}
[1.687934] (px4_msgs) StdoutLine: {'line': b'-- Up-to-date: /home/rudra/custom_flightmode/install/px4_msgs/local/lib/python3.10/dist-packages/px4_msgs/msg/_fixed_wing_runway_control_s.c\n'}
[1.687975] (px4_msgs) StdoutLine: {'line': b'-- Up-to-date: /home/rudra/custom_flightmode/install/px4_msgs/local/lib/python3.10/dist-packages/px4_msgs/msg/_actuator_controls_status.py\n'}
[1.688015] (px4_msgs) StdoutLine: {'line': b'-- Up-to-date: /home/rudra/custom_flightmode/install/px4_msgs/local/lib/python3.10/dist-packages/px4_msgs/msg/_rtcm_data_s.c\n'}
[1.688056] (px4_msgs) StdoutLine: {'line': b'-- Up-to-date: /home/rudra/custom_flightmode/install/px4_msgs/local/lib/python3.10/dist-packages/px4_msgs/msg/_launch_detection_status.py\n'}
[1.688114] (px4_msgs) StdoutLine: {'line': b'-- Up-to-date: /home/rudra/custom_flightmode/install/px4_msgs/local/lib/python3.10/dist-packages/px4_msgs/msg/_cellular_status.py\n'}
[1.688154] (px4_msgs) StdoutLine: {'line': b'-- Up-to-date: /home/rudra/custom_flightmode/install/px4_msgs/local/lib/python3.10/dist-packages/px4_msgs/msg/_gain_compression_s.c\n'}
[1.688194] (px4_msgs) StdoutLine: {'line': b'-- Up-to-date: /home/rudra/custom_flightmode/install/px4_msgs/local/lib/python3.10/dist-packages/px4_msgs/msg/_estimator_selector_status_s.c\n'}
[1.688250] (px4_msgs) StdoutLine: {'line': b'-- Up-to-date: /home/rudra/custom_flightmode/install/px4_msgs/local/lib/python3.10/dist-packages/px4_msgs/msg/_vehicle_local_position_setpoint_s.c\n'}
[1.688290] (px4_msgs) StdoutLine: {'line': b'-- Up-to-date: /home/rudra/custom_flightmode/install/px4_msgs/local/lib/python3.10/dist-packages/px4_msgs/msg/_vehicle_attitude_setpoint_s.c\n'}
[1.688332] (px4_msgs) StdoutLine: {'line': b'-- Up-to-date: /home/rudra/custom_flightmode/install/px4_msgs/local/lib/python3.10/dist-packages/px4_msgs/msg/_uavcan_parameter_request_s.c\n'}
[1.688370] (px4_msgs) StdoutLine: {'line': b'-- Up-to-date: /home/rudra/custom_flightmode/install/px4_msgs/local/lib/python3.10/dist-packages/px4_msgs/msg/_generator_status.py\n'}
[1.688407] (px4_msgs) StdoutLine: {'line': b'-- Up-to-date: /home/rudra/custom_flightmode/install/px4_msgs/local/lib/python3.10/dist-packages/px4_msgs/msg/_actuator_controls_status_s.c\n'}
[1.688444] (px4_msgs) StdoutLine: {'line': b'-- Up-to-date: /home/rudra/custom_flightmode/install/px4_msgs/local/lib/python3.10/dist-packages/px4_msgs/msg/_mavlink_tunnel_s.c\n'}
[1.688493] (px4_msgs) StdoutLine: {'line': b'-- Up-to-date: /home/rudra/custom_flightmode/install/px4_msgs/local/lib/python3.10/dist-packages/px4_msgs/msg/_internal_combustion_engine_control_s.c\n'}
[1.688536] (px4_msgs) StdoutLine: {'line': b'-- Up-to-date: /home/rudra/custom_flightmode/install/px4_msgs/local/lib/python3.10/dist-packages/px4_msgs/msg/_failure_injection_s.c\n'}
[1.688573] (px4_msgs) StdoutLine: {'line': b'-- Up-to-date: /home/rudra/custom_flightmode/install/px4_msgs/local/lib/python3.10/dist-packages/px4_msgs/msg/_vtol_vehicle_status_s.c\n'}
[1.688610] (px4_msgs) StdoutLine: {'line': b'-- Up-to-date: /home/rudra/custom_flightmode/install/px4_msgs/local/lib/python3.10/dist-packages/px4_msgs/msg/_gps_dump.py\n'}
[1.688647] (px4_msgs) StdoutLine: {'line': b'-- Up-to-date: /home/rudra/custom_flightmode/install/px4_msgs/local/lib/python3.10/dist-packages/px4_msgs/msg/_actuator_outputs_s.c\n'}
[1.688685] (px4_msgs) StdoutLine: {'line': b'-- Up-to-date: /home/rudra/custom_flightmode/install/px4_msgs/local/lib/python3.10/dist-packages/px4_msgs/msg/_rover_position_setpoint.py\n'}
[1.688724] (px4_msgs) StdoutLine: {'line': b'-- Up-to-date: /home/rudra/custom_flightmode/install/px4_msgs/local/lib/python3.10/dist-packages/px4_msgs/msg/_rtl_status.py\n'}
[1.688765] (px4_msgs) StdoutLine: {'line': b'-- Up-to-date: /home/rudra/custom_flightmode/install/px4_msgs/local/lib/python3.10/dist-packages/px4_msgs/msg/_power_button_state.py\n'}
[1.688805] (px4_msgs) StdoutLine: {'line': b'-- Up-to-date: /home/rudra/custom_flightmode/install/px4_msgs/local/lib/python3.10/dist-packages/px4_msgs/msg/_fiducial_marker_pos_report.py\n'}
[1.688846] (px4_msgs) StdoutLine: {'line': b'-- Up-to-date: /home/rudra/custom_flightmode/install/px4_msgs/local/lib/python3.10/dist-packages/px4_msgs/msg/_sensors_status_s.c\n'}
[1.688887] (px4_msgs) StdoutLine: {'line': b'-- Up-to-date: /home/rudra/custom_flightmode/install/px4_msgs/local/lib/python3.10/dist-packages/px4_msgs/msg/_ulog_stream_s.c\n'}
[1.688927] (px4_msgs) StdoutLine: {'line': b'-- Up-to-date: /home/rudra/custom_flightmode/install/px4_msgs/local/lib/python3.10/dist-packages/px4_msgs/msg/_task_stack_info_s.c\n'}
[1.688967] (px4_msgs) StdoutLine: {'line': b'-- Up-to-date: /home/rudra/custom_flightmode/install/px4_msgs/local/lib/python3.10/dist-packages/px4_msgs/msg/_vehicle_optical_flow_s.c\n'}
[1.689023] (px4_msgs) StdoutLine: {'line': b'-- Up-to-date: /home/rudra/custom_flightmode/install/px4_msgs/local/lib/python3.10/dist-packages/px4_msgs/msg/_sensor_selection_s.c\n'}
[1.689064] (px4_msgs) StdoutLine: {'line': b'-- Up-to-date: /home/rudra/custom_flightmode/install/px4_msgs/local/lib/python3.10/dist-packages/px4_msgs/msg/_parameter_set_used_request.py\n'}
[1.689103] (px4_msgs) StdoutLine: {'line': b'-- Up-to-date: /home/rudra/custom_flightmode/install/px4_msgs/local/lib/python3.10/dist-packages/px4_msgs/msg/_sensor_preflight_mag.py\n'}
[1.689141] (px4_msgs) StdoutLine: {'line': b'-- Up-to-date: /home/rudra/custom_flightmode/install/px4_msgs/local/lib/python3.10/dist-packages/px4_msgs/msg/_position_controller_status_s.c\n'}
[1.689178] (px4_msgs) StdoutLine: {'line': b'-- Up-to-date: /home/rudra/custom_flightmode/install/px4_msgs/local/lib/python3.10/dist-packages/px4_msgs/msg/_qshell_req_s.c\n'}
[1.689228] (px4_msgs) StdoutLine: {'line': b'-- Up-to-date: /home/rudra/custom_flightmode/install/px4_msgs/local/lib/python3.10/dist-packages/px4_msgs/msg/_rtcm_data.py\n'}
[1.689268] (px4_msgs) StdoutLine: {'line': b'-- Up-to-date: /home/rudra/custom_flightmode/install/px4_msgs/local/lib/python3.10/dist-packages/px4_msgs/msg/_gps_dump_s.c\n'}
[1.689305] (px4_msgs) StdoutLine: {'line': b'-- Up-to-date: /home/rudra/custom_flightmode/install/px4_msgs/local/lib/python3.10/dist-packages/px4_msgs/msg/_adc_report.py\n'}
[1.689341] (px4_msgs) StdoutLine: {'line': b'-- Up-to-date: /home/rudra/custom_flightmode/install/px4_msgs/local/lib/python3.10/dist-packages/px4_msgs/msg/_vehicle_angular_velocity_s.c\n'}
[1.689378] (px4_msgs) StdoutLine: {'line': b'-- Up-to-date: /home/rudra/custom_flightmode/install/px4_msgs/local/lib/python3.10/dist-packages/px4_msgs/msg/_rover_rate_setpoint_s.c\n'}
[1.689415] (px4_msgs) StdoutLine: {'line': b'-- Up-to-date: /home/rudra/custom_flightmode/install/px4_msgs/local/lib/python3.10/dist-packages/px4_msgs/msg/_debug_value_s.c\n'}
[1.689459] (px4_msgs) StdoutLine: {'line': b'-- Up-to-date: /home/rudra/custom_flightmode/install/px4_msgs/local/lib/python3.10/dist-packages/px4_msgs/msg/_open_drone_id_operator_id_s.c\n'}
[1.689516] (px4_msgs) StdoutLine: {'line': b'-- Up-to-date: /home/rudra/custom_flightmode/install/px4_msgs/local/lib/python3.10/dist-packages/px4_msgs/msg/_ulog_stream_ack_s.c\n'}
[1.689557] (px4_msgs) StdoutLine: {'line': b'-- Up-to-date: /home/rudra/custom_flightmode/install/px4_msgs/local/lib/python3.10/dist-packages/px4_msgs/msg/_estimator_fusion_control.py\n'}
[1.689595] (px4_msgs) StdoutLine: {'line': b'-- Up-to-date: /home/rudra/custom_flightmode/install/px4_msgs/local/lib/python3.10/dist-packages/px4_msgs/msg/_vehicle_acceleration_s.c\n'}
[1.689632] (px4_msgs) StdoutLine: {'line': b'-- Up-to-date: /home/rudra/custom_flightmode/install/px4_msgs/local/lib/python3.10/dist-packages/px4_msgs/msg/_rover_attitude_setpoint.py\n'}
[1.689669] (px4_msgs) StdoutLine: {'line': b'-- Up-to-date: /home/rudra/custom_flightmode/install/px4_msgs/local/lib/python3.10/dist-packages/px4_msgs/msg/_vte_bias_init_status.py\n'}
[1.689705] (px4_msgs) StdoutLine: {'line': b'-- Up-to-date: /home/rudra/custom_flightmode/install/px4_msgs/local/lib/python3.10/dist-packages/px4_msgs/msg/_message_format_request.py\n'}
[1.689743] (px4_msgs) StdoutLine: {'line': b'-- Up-to-date: /home/rudra/custom_flightmode/install/px4_msgs/local/lib/python3.10/dist-packages/px4_msgs/msg/_dataman_response_s.c\n'}
[1.689804] (px4_msgs) StdoutLine: {'line': b'-- Up-to-date: /home/rudra/custom_flightmode/install/px4_msgs/local/lib/python3.10/dist-packages/px4_msgs/msg/_gimbal_device_set_attitude_s.c\n'}
[1.689844] (px4_msgs) StdoutLine: {'line': b'-- Up-to-date: /home/rudra/custom_flightmode/install/px4_msgs/local/lib/python3.10/dist-packages/px4_msgs/msg/_landing_target_pose_s.c\n'}
[1.689881] (px4_msgs) StdoutLine: {'line': b'-- Up-to-date: /home/rudra/custom_flightmode/install/px4_msgs/local/lib/python3.10/dist-packages/px4_msgs/msg/_control_allocator_status_s.c\n'}
[1.689924] (px4_msgs) StdoutLine: {'line': b'-- Up-to-date: /home/rudra/custom_flightmode/install/px4_msgs/local/lib/python3.10/dist-packages/px4_msgs/msg/_takeoff_status_s.c\n'}
[1.689964] (px4_msgs) StdoutLine: {'line': b'-- Up-to-date: /home/rudra/custom_flightmode/install/px4_msgs/local/lib/python3.10/dist-packages/px4_msgs/msg/_vehicle_optical_flow_vel_s.c\n'}
[1.690032] (px4_msgs) StdoutLine: {'line': b'-- Up-to-date: /home/rudra/custom_flightmode/install/px4_msgs/local/lib/python3.10/dist-packages/px4_msgs/msg/_goto_setpoint_s.c\n'}
[1.690081] (px4_msgs) StdoutLine: {'line': b'-- Up-to-date: /home/rudra/custom_flightmode/install/px4_msgs/local/lib/python3.10/dist-packages/px4_msgs/msg/_sensor_baro.py\n'}
[1.690121] (px4_msgs) StdoutLine: {'line': b'-- Up-to-date: /home/rudra/custom_flightmode/install/px4_msgs/local/lib/python3.10/dist-packages/px4_msgs/msg/_uavcan_parameter_value.py\n'}
[1.690159] (px4_msgs) StdoutLine: {'line': b'-- Up-to-date: /home/rudra/custom_flightmode/install/px4_msgs/local/lib/python3.10/dist-packages/px4_msgs/msg/_open_drone_id_system.py\n'}
[1.690197] (px4_msgs) StdoutLine: {'line': b'-- Up-to-date: /home/rudra/custom_flightmode/install/px4_msgs/local/lib/python3.10/dist-packages/px4_msgs/msg/_register_ext_component_reply_s.c\n'}
[1.690235] (px4_msgs) StdoutLine: {'line': b'-- Up-to-date: /home/rudra/custom_flightmode/install/px4_msgs/local/lib/python3.10/dist-packages/px4_msgs/msg/_tiltrotor_extra_controls.py\n'}
[1.690273] (px4_msgs) StdoutLine: {'line': b'-- Up-to-date: /home/rudra/custom_flightmode/install/px4_msgs/local/lib/python3.10/dist-packages/px4_msgs/msg/_pwm_input.py\n'}
[1.690311] (px4_msgs) StdoutLine: {'line': b'-- Up-to-date: /home/rudra/custom_flightmode/install/px4_msgs/local/lib/python3.10/dist-packages/px4_msgs/msg/_vehicle_odometry.py\n'}
[1.690348] (px4_msgs) StdoutLine: {'line': b'-- Up-to-date: /home/rudra/custom_flightmode/install/px4_msgs/local/lib/python3.10/dist-packages/px4_msgs/msg/_yaw_estimator_status_s.c\n'}
[1.690385] (px4_msgs) StdoutLine: {'line': b'-- Up-to-date: /home/rudra/custom_flightmode/install/px4_msgs/local/lib/python3.10/dist-packages/px4_msgs/msg/_estimator_status_flags.py\n'}
[1.690428] (px4_msgs) StdoutLine: {'line': b'-- Up-to-date: /home/rudra/custom_flightmode/install/px4_msgs/local/lib/python3.10/dist-packages/px4_msgs/msg/_action_request.py\n'}
[1.690474] (px4_msgs) StdoutLine: {'line': b'-- Up-to-date: /home/rudra/custom_flightmode/install/px4_msgs/local/lib/python3.10/dist-packages/px4_msgs/msg/_vehicle_global_position_s.c\n'}
[1.690524] (px4_msgs) StdoutLine: {'line': b'-- Up-to-date: /home/rudra/custom_flightmode/install/px4_msgs/local/lib/python3.10/dist-packages/px4_msgs/msg/_sensor_optical_flow.py\n'}
[1.690566] (px4_msgs) StdoutLine: {'line': b'-- Up-to-date: /home/rudra/custom_flightmode/install/px4_msgs/local/lib/python3.10/dist-packages/px4_msgs/msg/_transponder_report_s.c\n'}
[1.690607] (px4_msgs) StdoutLine: {'line': b'-- Up-to-date: /home/rudra/custom_flightmode/install/px4_msgs/local/lib/python3.10/dist-packages/px4_msgs/msg/_takeoff_status.py\n'}
[1.690647] (px4_msgs) StdoutLine: {'line': b'-- Up-to-date: /home/rudra/custom_flightmode/install/px4_msgs/local/lib/python3.10/dist-packages/px4_msgs/msg/_fixed_wing_lateral_guidance_status.py\n'}
[1.690713] (px4_msgs) StdoutLine: {'line': b'-- Up-to-date: /home/rudra/custom_flightmode/install/px4_msgs/local/lib/python3.10/dist-packages/px4_msgs/msg/_vte_position.py\n'}
[1.690765] (px4_msgs) StdoutLine: {'line': b'-- Up-to-date: /home/rudra/custom_flightmode/install/px4_msgs/local/lib/python3.10/dist-packages/px4_msgs/msg/_manual_control_setpoint_s.c\n'}
[1.690820] (px4_msgs) StdoutLine: {'line': b'-- Up-to-date: /home/rudra/custom_flightmode/install/px4_msgs/local/lib/python3.10/dist-packages/px4_msgs/msg/_sensors_status_imu.py\n'}
[1.690862] (px4_msgs) StdoutLine: {'line': b'-- Up-to-date: /home/rudra/custom_flightmode/install/px4_msgs/local/lib/python3.10/dist-packages/px4_msgs/msg/_pure_pursuit_status.py\n'}
[1.690901] (px4_msgs) StdoutLine: {'line': b'-- Up-to-date: /home/rudra/custom_flightmode/install/px4_msgs/local/lib/python3.10/dist-packages/px4_msgs/msg/_tune_control_s.c\n'}
[1.690945] (px4_msgs) StdoutLine: {'line': b'-- Up-to-date: /home/rudra/custom_flightmode/install/px4_msgs/local/lib/python3.10/dist-packages/px4_msgs/msg/_fixed_wing_longitudinal_setpoint_s.c\n'}
[1.690984] (px4_msgs) StdoutLine: {'line': b'-- Up-to-date: /home/rudra/custom_flightmode/install/px4_msgs/local/lib/python3.10/dist-packages/px4_msgs/msg/_landing_target_pose.py\n'}
[1.691022] (px4_msgs) StdoutLine: {'line': b'-- Up-to-date: /home/rudra/custom_flightmode/install/px4_msgs/local/lib/python3.10/dist-packages/px4_msgs/msg/_vehicle_imu_status.py\n'}
[1.691060] (px4_msgs) StdoutLine: {'line': b'-- Up-to-date: /home/rudra/custom_flightmode/install/px4_msgs/local/lib/python3.10/dist-packages/px4_msgs/msg/_satellite_info_s.c\n'}
[1.691099] (px4_msgs) StdoutLine: {'line': b'-- Up-to-date: /home/rudra/custom_flightmode/install/px4_msgs/local/lib/python3.10/dist-packages/px4_msgs/msg/_estimator_innovations_s.c\n'}
[1.691136] (px4_msgs) StdoutLine: {'line': b'-- Up-to-date: /home/rudra/custom_flightmode/install/px4_msgs/local/lib/python3.10/dist-packages/px4_msgs/msg/_navigator_status.py\n'}
[1.691182] (px4_msgs) StdoutLine: {'line': b'-- Up-to-date: /home/rudra/custom_flightmode/install/px4_msgs/local/lib/python3.10/dist-packages/px4_msgs/msg/_cpuload.py\n'}
[1.691278] (px4_msgs) StdoutLine: {'line': b'-- Up-to-date: /home/rudra/custom_flightmode/install/px4_msgs/local/lib/python3.10/dist-packages/px4_msgs/msg/_can_interface_status.py\n'}
[1.691347] (px4_msgs) StdoutLine: {'line': b'-- Up-to-date: /home/rudra/custom_flightmode/install/px4_msgs/local/lib/python3.10/dist-packages/px4_msgs/msg/_battery_status.py\n'}
[1.691419] (px4_msgs) StdoutLine: {'line': b'-- Up-to-date: /home/rudra/custom_flightmode/install/px4_msgs/local/lib/python3.10/dist-packages/px4_msgs/msg/_pwm_input_s.c\n'}
[1.691473] (px4_msgs) StdoutLine: {'line': b'-- Up-to-date: /home/rudra/custom_flightmode/install/px4_msgs/local/lib/python3.10/dist-packages/px4_msgs/msg/_actuator_outputs.py\n'}
[1.691539] (px4_msgs) StdoutLine: {'line': b'-- Up-to-date: /home/rudra/custom_flightmode/install/px4_msgs/local/lib/python3.10/dist-packages/px4_msgs/msg/_fiducial_marker_pos_report_s.c\n'}
[1.691620] (px4_msgs) StdoutLine: {'line': b'-- Up-to-date: /home/rudra/custom_flightmode/install/px4_msgs/local/lib/python3.10/dist-packages/px4_msgs/msg/_mag_worker_data.py\n'}
[1.691677] (px4_msgs) StdoutLine: {'line': b'-- Up-to-date: /home/rudra/custom_flightmode/install/px4_msgs/local/lib/python3.10/dist-packages/px4_msgs/msg/_actuator_servos_s.c\n'}
[1.691776] (px4_msgs) StdoutLine: {'line': b'-- Up-to-date: /home/rudra/custom_flightmode/install/px4_msgs/local/lib/python3.10/dist-packages/px4_msgs/msg/_vehicle_command.py\n'}
[1.691845] (px4_msgs) StdoutLine: {'line': b'-- Up-to-date: /home/rudra/custom_flightmode/install/px4_msgs/local/lib/python3.10/dist-packages/px4_msgs/msg/_gpio_in.py\n'}
[1.691918] (px4_msgs) StdoutLine: {'line': b'-- Up-to-date: /home/rudra/custom_flightmode/install/px4_msgs/local/lib/python3.10/dist-packages/px4_msgs/msg/_mission_s.c\n'}
[1.691984] (px4_msgs) StdoutLine: {'line': b'-- Up-to-date: /home/rudra/custom_flightmode/install/px4_msgs/local/lib/python3.10/dist-packages/px4_msgs/msg/_gimbal_manager_information_s.c\n'}
[1.692028] (px4_msgs) StdoutLine: {'line': b'-- Up-to-date: /home/rudra/custom_flightmode/install/px4_msgs/local/lib/python3.10/dist-packages/px4_msgs/msg/_fiducial_marker_yaw_report_s.c\n'}
[1.692068] (px4_msgs) StdoutLine: {'line': b'-- Up-to-date: /home/rudra/custom_flightmode/install/px4_msgs/local/lib/python3.10/dist-packages/px4_msgs/msg/_raptor_status.py\n'}
[1.692106] (px4_msgs) StdoutLine: {'line': b'-- Up-to-date: /home/rudra/custom_flightmode/install/px4_msgs/local/lib/python3.10/dist-packages/px4_msgs/msg/_sensor_gnss_status.py\n'}
[1.692144] (px4_msgs) StdoutLine: {'line': b'-- Up-to-date: /home/rudra/custom_flightmode/install/px4_msgs/local/lib/python3.10/dist-packages/px4_msgs/msg/_differential_pressure_s.c\n'}
[1.692192] (px4_msgs) StdoutLine: {'line': b'-- Up-to-date: /home/rudra/custom_flightmode/install/px4_msgs/local/lib/python3.10/dist-packages/px4_msgs/msg/_battery_status_s.c\n'}
[1.692230] (px4_msgs) StdoutLine: {'line': b'-- Up-to-date: /home/rudra/custom_flightmode/install/px4_msgs/local/lib/python3.10/dist-packages/px4_msgs/msg/_raptor_status_s.c\n'}
[1.692278] (px4_msgs) StdoutLine: {'line': b'-- Up-to-date: /home/rudra/custom_flightmode/install/px4_msgs/local/lib/python3.10/dist-packages/px4_msgs/msg/_airspeed_validated_s.c\n'}
[1.692317] (px4_msgs) StdoutLine: {'line': b'-- Up-to-date: /home/rudra/custom_flightmode/install/px4_msgs/local/lib/python3.10/dist-packages/px4_msgs/msg/_esc_eeprom_write_s.c\n'}
[1.692372] (px4_msgs) StdoutLine: {'line': b'-- Up-to-date: /home/rudra/custom_flightmode/install/px4_msgs/local/lib/python3.10/dist-packages/px4_msgs/msg/_wind.py\n'}
[1.692451] (px4_msgs) StdoutLine: {'line': b'-- Up-to-date: /home/rudra/custom_flightmode/install/px4_msgs/local/lib/python3.10/dist-packages/px4_msgs/msg/_vehicle_attitude_setpoint.py\n'}
[1.692554] (px4_msgs) StdoutLine: {'line': b'-- Up-to-date: /home/rudra/custom_flightmode/install/px4_msgs/local/lib/python3.10/dist-packages/px4_msgs/msg/_gimbal_device_attitude_status.py\n'}
[1.692629] (px4_msgs) StdoutLine: {'line': b'-- Up-to-date: /home/rudra/custom_flightmode/install/px4_msgs/local/lib/python3.10/dist-packages/px4_msgs/msg/_gpio_in_s.c\n'}
[1.692672] (px4_msgs) StdoutLine: {'line': b'-- Up-to-date: /home/rudra/custom_flightmode/install/px4_msgs/local/lib/python3.10/dist-packages/px4_msgs/msg/_rover_rate_status_s.c\n'}
[1.692711] (px4_msgs) StdoutLine: {'line': b'-- Up-to-date: /home/rudra/custom_flightmode/install/px4_msgs/local/lib/python3.10/dist-packages/px4_msgs/msg/_rover_steering_setpoint_s.c\n'}
[1.692750] (px4_msgs) StdoutLine: {'line': b'-- Up-to-date: /home/rudra/custom_flightmode/install/px4_msgs/local/lib/python3.10/dist-packages/px4_msgs/msg/_airspeed_wind_s.c\n'}
[1.692808] (px4_msgs) StdoutLine: {'line': b'-- Up-to-date: /home/rudra/custom_flightmode/install/px4_msgs/local/lib/python3.10/dist-packages/px4_msgs/msg/_sensor_accel.py\n'}
[1.692853] (px4_msgs) StdoutLine: {'line': b'-- Up-to-date: /home/rudra/custom_flightmode/install/px4_msgs/local/lib/python3.10/dist-packages/px4_msgs/msg/_cpuload_s.c\n'}
[1.692893] (px4_msgs) StdoutLine: {'line': b'-- Up-to-date: /home/rudra/custom_flightmode/install/px4_msgs/local/lib/python3.10/dist-packages/px4_msgs/msg/_vte_aid_source1d_s.c\n'}
[1.692954] (px4_msgs) StdoutLine: {'line': b'-- Up-to-date: /home/rudra/custom_flightmode/install/px4_msgs/local/lib/python3.10/dist-packages/px4_msgs/msg/_unregister_ext_component.py\n'}
[1.692997] (px4_msgs) StdoutLine: {'line': b'-- Up-to-date: /home/rudra/custom_flightmode/install/px4_msgs/local/lib/python3.10/dist-packages/px4_msgs/msg/_dataman_request.py\n'}
[1.693040] (px4_msgs) StdoutLine: {'line': b'-- Up-to-date: /home/rudra/custom_flightmode/install/px4_msgs/local/lib/python3.10/dist-packages/px4_msgs/msg/_debug_array.py\n'}
[1.693081] (px4_msgs) StdoutLine: {'line': b'-- Up-to-date: /home/rudra/custom_flightmode/install/px4_msgs/local/lib/python3.10/dist-packages/px4_msgs/msg/_figure_eight_status_s.c\n'}
[1.693151] (px4_msgs) StdoutLine: {'line': b'-- Up-to-date: /home/rudra/custom_flightmode/install/px4_msgs/local/lib/python3.10/dist-packages/px4_msgs/msg/_sensor_gyro_s.c\n'}
[1.693220] (px4_msgs) StdoutLine: {'line': b'-- Up-to-date: /home/rudra/custom_flightmode/install/px4_msgs/local/lib/python3.10/dist-packages/px4_msgs/msg/_arming_check_reply.py\n'}
[1.693264] (px4_msgs) StdoutLine: {'line': b'-- Up-to-date: /home/rudra/custom_flightmode/install/px4_msgs/local/lib/python3.10/dist-packages/px4_msgs/msg/_iridiumsbd_status.py\n'}
[1.693303] (px4_msgs) StdoutLine: {'line': b'-- Up-to-date: /home/rudra/custom_flightmode/install/px4_msgs/local/lib/python3.10/dist-packages/px4_msgs/msg/_power_button_state_s.c\n'}
[1.693341] (px4_msgs) StdoutLine: {'line': b'-- Up-to-date: /home/rudra/custom_flightmode/install/px4_msgs/local/lib/python3.10/dist-packages/px4_msgs/msg/_airspeed_s.c\n'}
[1.693386] (px4_msgs) StdoutLine: {'line': b'-- Up-to-date: /home/rudra/custom_flightmode/install/px4_msgs/local/lib/python3.10/dist-packages/px4_msgs/msg/_sensor_hygrometer.py\n'}
[1.693425] (px4_msgs) StdoutLine: {'line': b'-- Up-to-date: /home/rudra/custom_flightmode/install/px4_msgs/local/lib/python3.10/dist-packages/px4_msgs/msg/_irlock_report.py\n'}
[1.693463] (px4_msgs) StdoutLine: {'line': b'-- Up-to-date: /home/rudra/custom_flightmode/install/px4_msgs/local/lib/python3.10/dist-packages/px4_msgs/msg/_follow_target_estimator.py\n'}
[1.693606] (px4_msgs) StdoutLine: {'line': b'-- Up-to-date: /home/rudra/custom_flightmode/install/px4_msgs/local/lib/python3.10/dist-packages/px4_msgs/msg/_detect_and_avoid_s.c\n'}
[1.693677] (px4_msgs) StdoutLine: {'line': b'-- Up-to-date: /home/rudra/custom_flightmode/install/px4_msgs/local/lib/python3.10/dist-packages/px4_msgs/msg/_mavlink_log_s.c\n'}
[1.693748] (px4_msgs) StdoutLine: {'line': b'-- Up-to-date: /home/rudra/custom_flightmode/install/px4_msgs/local/lib/python3.10/dist-packages/px4_msgs/msg/_vtx.py\n'}
[1.693809] (px4_msgs) StdoutLine: {'line': b'-- Up-to-date: /home/rudra/custom_flightmode/install/px4_msgs/local/lib/python3.10/dist-packages/px4_msgs/msg/_manual_control_switches_s.c\n'}
[1.693869] (px4_msgs) StdoutLine: {'line': b'-- Up-to-date: /home/rudra/custom_flightmode/install/px4_msgs/local/lib/python3.10/dist-packages/px4_msgs/msg/_dronecan_node_status.py\n'}
[1.693942] (px4_msgs) StdoutLine: {'line': b'-- Up-to-date: /home/rudra/custom_flightmode/install/px4_msgs/local/lib/python3.10/dist-packages/px4_msgs/msg/_orb_test.py\n'}
[1.694009] (px4_msgs) StdoutLine: {'line': b'-- Up-to-date: /home/rudra/custom_flightmode/install/px4_msgs/local/lib/python3.10/dist-packages/px4_msgs/msg/_ping_s.c\n'}
[1.694072] (px4_msgs) StdoutLine: {'line': b'-- Up-to-date: /home/rudra/custom_flightmode/install/px4_msgs/local/lib/python3.10/dist-packages/px4_msgs/msg/_geofence_status_s.c\n'}
[1.694133] (px4_msgs) StdoutLine: {'line': b'-- Up-to-date: /home/rudra/custom_flightmode/install/px4_msgs/local/lib/python3.10/dist-packages/px4_msgs/msg/_cellular_status_s.c\n'}
[1.694195] (px4_msgs) StdoutLine: {'line': b'-- Up-to-date: /home/rudra/custom_flightmode/install/px4_msgs/local/lib/python3.10/dist-packages/px4_msgs/msg/_vehicle_air_data_s.c\n'}
[1.694259] (px4_msgs) StdoutLine: {'line': b'-- Up-to-date: /home/rudra/custom_flightmode/install/px4_msgs/local/lib/python3.10/dist-packages/px4_msgs/msg/_longitudinal_control_configuration.py\n'}
[1.694347] (px4_msgs) StdoutLine: {'line': b'-- Up-to-date: /home/rudra/custom_flightmode/install/px4_msgs/local/lib/python3.10/dist-packages/px4_msgs/msg/_esc_report_s.c\n'}
[1.694409] (px4_msgs) StdoutLine: {'line': b'-- Up-to-date: /home/rudra/custom_flightmode/install/px4_msgs/local/lib/python3.10/dist-packages/px4_msgs/msg/_failsafe_flags.py\n'}
[1.694475] (px4_msgs) StdoutLine: {'line': b'-- Up-to-date: /home/rudra/custom_flightmode/install/px4_msgs/local/lib/python3.10/dist-packages/px4_msgs/msg/_pps_capture_s.c\n'}
[1.694550] (px4_msgs) StdoutLine: {'line': b'-- Up-to-date: /home/rudra/custom_flightmode/install/px4_msgs/local/lib/python3.10/dist-packages/px4_msgs/msg/_follow_target_status_s.c\n'}
[1.694612] (px4_msgs) StdoutLine: {'line': b'-- Up-to-date: /home/rudra/custom_flightmode/install/px4_msgs/local/lib/python3.10/dist-packages/px4_msgs/msg/_normalized_unsigned_setpoint.py\n'}
[1.694670] (px4_msgs) StdoutLine: {'line': b'-- Up-to-date: /home/rudra/custom_flightmode/install/px4_msgs/local/lib/python3.10/dist-packages/px4_msgs/msg/_follow_target_estimator_s.c\n'}
[1.694729] (px4_msgs) StdoutLine: {'line': b'-- Up-to-date: /home/rudra/custom_flightmode/install/px4_msgs/local/lib/python3.10/dist-packages/px4_msgs/msg/_onboard_computer_status.py\n'}
[1.694789] (px4_msgs) StdoutLine: {'line': b'-- Up-to-date: /home/rudra/custom_flightmode/install/px4_msgs/local/lib/python3.10/dist-packages/px4_msgs/msg/_estimator_innovations.py\n'}
[1.694852] (px4_msgs) StdoutLine: {'line': b'-- Up-to-date: /home/rudra/custom_flightmode/install/px4_msgs/local/lib/python3.10/dist-packages/px4_msgs/msg/_vte_aid_source3d.py\n'}
[1.694901] (px4_msgs) StdoutLine: {'line': b'-- Up-to-date: /home/rudra/custom_flightmode/install/px4_msgs/local/lib/python3.10/dist-packages/px4_msgs/msg/_pure_pursuit_status_s.c\n'}
[1.694949] (px4_msgs) StdoutLine: {'line': b'-- Up-to-date: /home/rudra/custom_flightmode/install/px4_msgs/local/lib/python3.10/dist-packages/px4_msgs/msg/_airspeed.py\n'}
[1.694993] (px4_msgs) StdoutLine: {'line': b'-- Up-to-date: /home/rudra/custom_flightmode/install/px4_msgs/local/lib/python3.10/dist-packages/px4_msgs/msg/_vehicle_magnetometer_s.c\n'}
[1.695038] (px4_msgs) StdoutLine: {'line': b'-- Up-to-date: /home/rudra/custom_flightmode/install/px4_msgs/local/lib/python3.10/dist-packages/px4_msgs/msg/_yaw_estimator_status.py\n'}
[1.695082] (px4_msgs) StdoutLine: {'line': b'-- Up-to-date: /home/rudra/custom_flightmode/install/px4_msgs/local/lib/python3.10/dist-packages/px4_msgs/msg/_airspeed_wind.py\n'}
[1.695128] (px4_msgs) StdoutLine: {'line': b'-- Up-to-date: /home/rudra/custom_flightmode/install/px4_msgs/local/lib/python3.10/dist-packages/px4_msgs/msg/_iridiumsbd_status_s.c\n'}
[1.695173] (px4_msgs) StdoutLine: {'line': b'-- Up-to-date: /home/rudra/custom_flightmode/install/px4_msgs/local/lib/python3.10/dist-packages/px4_msgs/msg/_internal_combustion_engine_status.py\n'}
[1.695217] (px4_msgs) StdoutLine: {'line': b'-- Up-to-date: /home/rudra/custom_flightmode/install/px4_msgs/local/lib/python3.10/dist-packages/px4_msgs/msg/_tiltrotor_extra_controls_s.c\n'}
[1.695261] (px4_msgs) StdoutLine: {'line': b'-- Up-to-date: /home/rudra/custom_flightmode/install/px4_msgs/local/lib/python3.10/dist-packages/px4_msgs/msg/_mission_result.py\n'}
[1.695305] (px4_msgs) StdoutLine: {'line': b'-- Up-to-date: /home/rudra/custom_flightmode/install/px4_msgs/local/lib/python3.10/dist-packages/px4_msgs/msg/_position_setpoint_triplet.py\n'}
[1.695349] (px4_msgs) StdoutLine: {'line': b'-- Up-to-date: /home/rudra/custom_flightmode/install/px4_msgs/local/lib/python3.10/dist-packages/px4_msgs/msg/_prec_land_status_s.c\n'}
[1.695393] (px4_msgs) StdoutLine: {'line': b'-- Up-to-date: /home/rudra/custom_flightmode/install/px4_msgs/local/lib/python3.10/dist-packages/px4_msgs/msg/_detect_and_avoid_most_urgent.py\n'}
[1.695438] (px4_msgs) StdoutLine: {'line': b'-- Up-to-date: /home/rudra/custom_flightmode/install/px4_msgs/local/lib/python3.10/dist-packages/px4_msgs/msg/_open_drone_id_operator_id.py\n'}
[1.695508] (px4_msgs) StdoutLine: {'line': b'-- Up-to-date: /home/rudra/custom_flightmode/install/px4_msgs/local/lib/python3.10/dist-packages/px4_msgs/msg/_rover_position_setpoint_s.c\n'}
[1.695570] (px4_msgs) StdoutLine: {'line': b'-- Up-to-date: /home/rudra/custom_flightmode/install/px4_msgs/local/lib/python3.10/dist-packages/px4_msgs/msg/_geofence_result_s.c\n'}
[1.695615] (px4_msgs) StdoutLine: {'line': b'-- Up-to-date: /home/rudra/custom_flightmode/install/px4_msgs/local/lib/python3.10/dist-packages/px4_msgs/msg/_position_controller_status.py\n'}
[1.695662] (px4_msgs) StdoutLine: {'line': b'-- Up-to-date: /home/rudra/custom_flightmode/install/px4_msgs/local/lib/python3.10/dist-packages/px4_msgs/msg/_timesync_status.py\n'}
[1.695707] (px4_msgs) StdoutLine: {'line': b'-- Up-to-date: /home/rudra/custom_flightmode/install/px4_msgs/local/lib/python3.10/dist-packages/px4_msgs/msg/_actuator_motors_s.c\n'}
[1.695751] (px4_msgs) StdoutLine: {'line': b'-- Up-to-date: /home/rudra/custom_flightmode/install/px4_msgs/local/lib/python3.10/dist-packages/px4_msgs/msg/_debug_array_s.c\n'}
[1.695795] (px4_msgs) StdoutLine: {'line': b'-- Up-to-date: /home/rudra/custom_flightmode/install/px4_msgs/local/lib/python3.10/dist-packages/px4_msgs/msg/_camera_trigger.py\n'}
[1.695838] (px4_msgs) StdoutLine: {'line': b'-- Up-to-date: /home/rudra/custom_flightmode/install/px4_msgs/local/lib/python3.10/dist-packages/px4_msgs/msg/_vte_bias_init_status_s.c\n'}
[1.695899] (px4_msgs) StdoutLine: {'line': b'-- Up-to-date: /home/rudra/custom_flightmode/install/px4_msgs/local/lib/python3.10/dist-packages/px4_msgs/msg/_onboard_computer_status_s.c\n'}
[1.695945] (px4_msgs) StdoutLine: {'line': b'-- Up-to-date: /home/rudra/custom_flightmode/install/px4_msgs/local/lib/python3.10/dist-packages/px4_msgs/msg/_estimator_states.py\n'}
[1.695986] (px4_msgs) StdoutLine: {'line': b'-- Up-to-date: /home/rudra/custom_flightmode/install/px4_msgs/local/lib/python3.10/dist-packages/px4_msgs/msg/_landing_gear_wheel_s.c\n'}
[1.696027] (px4_msgs) StdoutLine: {'line': b'-- Up-to-date: /home/rudra/custom_flightmode/install/px4_msgs/local/lib/python3.10/dist-packages/px4_msgs/msg/_event_s.c\n'}
[1.696067] (px4_msgs) StdoutLine: {'line': b'-- Up-to-date: /home/rudra/custom_flightmode/install/px4_msgs/local/lib/python3.10/dist-packages/px4_msgs/msg/_ping.py\n'}
[1.696107] (px4_msgs) StdoutLine: {'line': b'-- Up-to-date: /home/rudra/custom_flightmode/install/px4_msgs/local/lib/python3.10/dist-packages/px4_msgs/msg/_sensor_gnss_relative_s.c\n'}
[1.696147] (px4_msgs) StdoutLine: {'line': b'-- Up-to-date: /home/rudra/custom_flightmode/install/px4_msgs/local/lib/python3.10/dist-packages/px4_msgs/msg/_sensor_mag_s.c\n'}
[1.696188] (px4_msgs) StdoutLine: {'line': b'-- Up-to-date: /home/rudra/custom_flightmode/install/px4_msgs/local/lib/python3.10/dist-packages/px4_msgs/msg/_input_rc.py\n'}
[1.696229] (px4_msgs) StdoutLine: {'line': b'-- Up-to-date: /home/rudra/custom_flightmode/install/px4_msgs/local/lib/python3.10/dist-packages/px4_msgs/msg/_gripper_s.c\n'}
[1.696284] (px4_msgs) StdoutLine: {'line': b'-- Up-to-date: /home/rudra/custom_flightmode/install/px4_msgs/local/lib/python3.10/dist-packages/px4_msgs/msg/_prec_land_status.py\n'}
[1.696348] (px4_msgs) StdoutLine: {'line': b'-- Up-to-date: /home/rudra/custom_flightmode/install/px4_msgs/local/lib/python3.10/dist-packages/px4_msgs/msg/_config_overrides_s.c\n'}
[1.696434] (px4_msgs) StdoutLine: {'line': b'-- Up-to-date: /home/rudra/custom_flightmode/install/px4_msgs/local/lib/python3.10/dist-packages/px4_msgs/msg/_rover_attitude_status.py\n'}
[1.696530] (px4_msgs) StdoutLine: {'line': b'-- Up-to-date: /home/rudra/custom_flightmode/install/px4_msgs/local/lib/python3.10/dist-packages/px4_msgs/msg/_rover_rate_status.py\n'}
[1.696614] (px4_msgs) StdoutLine: {'line': b'-- Up-to-date: /home/rudra/custom_flightmode/install/px4_msgs/local/lib/python3.10/dist-packages/px4_msgs/msg/_open_drone_id_basic_id_s.c\n'}
[1.696714] (px4_msgs) StdoutLine: {'line': b'-- Up-to-date: /home/rudra/custom_flightmode/install/px4_msgs/local/lib/python3.10/dist-packages/px4_msgs/msg/_estimator_bias.py\n'}
[1.696797] (px4_msgs) StdoutLine: {'line': b'-- Up-to-date: /home/rudra/custom_flightmode/install/px4_msgs/local/lib/python3.10/dist-packages/px4_msgs/msg/_vehicle_control_mode_s.c\n'}
[1.696876] (px4_msgs) StdoutLine: {'line': b'-- Up-to-date: /home/rudra/custom_flightmode/install/px4_msgs/local/lib/python3.10/dist-packages/px4_msgs/msg/_vehicle_constraints_s.c\n'}
[1.696946] (px4_msgs) StdoutLine: {'line': b'-- Up-to-date: /home/rudra/custom_flightmode/install/px4_msgs/local/lib/python3.10/dist-packages/px4_msgs/msg/_vehicle_rates_setpoint_s.c\n'}
[1.697021] (px4_msgs) StdoutLine: {'line': b'-- Up-to-date: /home/rudra/custom_flightmode/install/px4_msgs/local/lib/python3.10/dist-packages/px4_msgs/msg/_gpio_request_s.c\n'}
[1.697093] (px4_msgs) StdoutLine: {'line': b'-- Up-to-date: /home/rudra/custom_flightmode/install/px4_msgs/local/lib/python3.10/dist-packages/px4_msgs/msg/_collision_constraints.py\n'}
[1.697162] (px4_msgs) StdoutLine: {'line': b'-- Up-to-date: /home/rudra/custom_flightmode/install/px4_msgs/local/lib/python3.10/dist-packages/px4_msgs/msg/_raptor_input.py\n'}
[1.697223] (px4_msgs) StdoutLine: {'line': b'-- Up-to-date: /home/rudra/custom_flightmode/install/px4_msgs/local/lib/python3.10/dist-packages/px4_msgs/msg/_estimator_gps_status_s.c\n'}
[1.697300] (px4_msgs) StdoutLine: {'line': b'-- Up-to-date: /home/rudra/custom_flightmode/install/px4_msgs/local/lib/python3.10/dist-packages/px4_msgs/msg/_flight_phase_estimation_s.c\n'}
[1.697370] (px4_msgs) StdoutLine: {'line': b'-- Up-to-date: /home/rudra/custom_flightmode/install/px4_msgs/local/lib/python3.10/dist-packages/px4_msgs/msg/_actuator_motors.py\n'}
[1.697449] (px4_msgs) StdoutLine: {'line': b'-- Up-to-date: /home/rudra/custom_flightmode/install/px4_msgs/local/lib/python3.10/dist-packages/px4_msgs/msg/_radio_status.py\n'}
[1.697562] (px4_msgs) StdoutLine: {'line': b'-- Up-to-date: /home/rudra/custom_flightmode/install/px4_msgs/local/lib/python3.10/dist-packages/px4_msgs/msg/_estimator_event_flags.py\n'}
[1.697623] (px4_msgs) StdoutLine: {'line': b'-- Up-to-date: /home/rudra/custom_flightmode/install/px4_msgs/local/lib/python3.10/dist-packages/px4_msgs/msg/_gimbal_device_information_s.c\n'}
[1.697696] (px4_msgs) StdoutLine: {'line': b'-- Up-to-date: /home/rudra/custom_flightmode/install/px4_msgs/local/lib/python3.10/dist-packages/px4_msgs/msg/_ulog_stream.py\n'}
[1.697763] (px4_msgs) StdoutLine: {'line': b'-- Up-to-date: /home/rudra/custom_flightmode/install/px4_msgs/local/lib/python3.10/dist-packages/px4_msgs/msg/_estimator_bias3d.py\n'}
[1.697825] (px4_msgs) StdoutLine: {'line': b'-- Up-to-date: /home/rudra/custom_flightmode/install/px4_msgs/local/lib/python3.10/dist-packages/px4_msgs/msg/_sensor_optical_flow_s.c\n'}
[1.697888] (px4_msgs) StdoutLine: {'line': b'-- Up-to-date: /home/rudra/custom_flightmode/install/px4_msgs/local/lib/python3.10/dist-packages/px4_msgs/msg/_sensor_gps_s.c\n'}
[1.697974] (px4_msgs) StdoutLine: {'line': b'-- Up-to-date: /home/rudra/custom_flightmode/install/px4_msgs/local/lib/python3.10/dist-packages/px4_msgs/msg/_sensor_combined.py\n'}
[1.698021] (px4_msgs) StdoutLine: {'line': b'-- Up-to-date: /home/rudra/custom_flightmode/install/px4_msgs/local/lib/python3.10/dist-packages/px4_msgs/msg/_detect_and_avoid.py\n'}
[1.698101] (px4_msgs) StdoutLine: {'line': b'-- Up-to-date: /home/rudra/custom_flightmode/install/px4_msgs/local/lib/python3.10/dist-packages/px4_msgs/msg/_gripper.py\n'}
[1.698201] (px4_msgs) StdoutLine: {'line': b'-- Up-to-date: /home/rudra/custom_flightmode/install/px4_msgs/local/lib/python3.10/dist-packages/px4_msgs/msg/_trajectory_setpoint6dof.py\n'}
[1.698276] (px4_msgs) StdoutLine: {'line': b'-- Up-to-date: /home/rudra/custom_flightmode/install/px4_msgs/local/lib/python3.10/dist-packages/px4_msgs/msg/_vtx_s.c\n'}
[1.698328] (px4_msgs) StdoutLine: {'line': b'-- Up-to-date: /home/rudra/custom_flightmode/install/px4_msgs/local/lib/python3.10/dist-packages/px4_msgs/msg/_estimator_aid_source3d_s.c\n'}
[1.698374] (px4_msgs) StdoutLine: {'line': b'-- Up-to-date: /home/rudra/custom_flightmode/install/px4_msgs/local/lib/python3.10/dist-packages/px4_msgs/msg/_wheel_encoders_s.c\n'}
[1.698417] (px4_msgs) StdoutLine: {'line': b'-- Up-to-date: /home/rudra/custom_flightmode/install/px4_msgs/local/lib/python3.10/dist-packages/px4_msgs/msg/_mount_orientation_s.c\n'}
[1.698457] (px4_msgs) StdoutLine: {'line': b'-- Up-to-date: /home/rudra/custom_flightmode/install/px4_msgs/local/lib/python3.10/dist-packages/px4_msgs/msg/_sensor_correction.py\n'}
[1.698511] (px4_msgs) StdoutLine: {'line': b'-- Up-to-date: /home/rudra/custom_flightmode/install/px4_msgs/local/lib/python3.10/dist-packages/px4_msgs/msg/_parameter_set_used_request_s.c\n'}
[1.698556] (px4_msgs) StdoutLine: {'line': b'-- Up-to-date: /home/rudra/custom_flightmode/install/px4_msgs/local/lib/python3.10/dist-packages/px4_msgs/msg/_geofence_result.py\n'}
[1.698596] (px4_msgs) StdoutLine: {'line': b'-- Up-to-date: /home/rudra/custom_flightmode/install/px4_msgs/local/lib/python3.10/dist-packages/px4_msgs/msg/_hover_thrust_estimate.py\n'}
[1.698637] (px4_msgs) StdoutLine: {'line': b'-- Up-to-date: /home/rudra/custom_flightmode/install/px4_msgs/local/lib/python3.10/dist-packages/px4_msgs/msg/_wheel_encoders.py\n'}
[1.698677] (px4_msgs) StdoutLine: {'line': b'-- Up-to-date: /home/rudra/custom_flightmode/install/px4_msgs/local/lib/python3.10/dist-packages/px4_msgs/msg/_vte_aid_source3d_s.c\n'}
[1.698718] (px4_msgs) StdoutLine: {'line': b'-- Up-to-date: /home/rudra/custom_flightmode/install/px4_msgs/local/lib/python3.10/dist-packages/px4_msgs/msg/_distance_sensor_s.c\n'}
[1.698795] (px4_msgs) StdoutLine: {'line': b'-- Up-to-date: /home/rudra/custom_flightmode/install/px4_msgs/local/lib/python3.10/dist-packages/px4_msgs/msg/_timesync_status_s.c\n'}
[1.698840] (px4_msgs) StdoutLine: {'line': b'-- Up-to-date: /home/rudra/custom_flightmode/install/px4_msgs/local/lib/python3.10/dist-packages/px4_msgs/msg/_magnetometer_bias_estimate.py\n'}
[1.698881] (px4_msgs) StdoutLine: {'line': b'-- Up-to-date: /home/rudra/custom_flightmode/install/px4_msgs/local/lib/python3.10/dist-packages/px4_msgs/msg/_vehicle_command_ack.py\n'}
[1.698921] (px4_msgs) StdoutLine: {'line': b'-- Up-to-date: /home/rudra/custom_flightmode/install/px4_msgs/local/lib/python3.10/dist-packages/px4_msgs/msg/_logger_status_s.c\n'}
[1.698962] (px4_msgs) StdoutLine: {'line': b'-- Up-to-date: /home/rudra/custom_flightmode/install/px4_msgs/local/lib/python3.10/dist-packages/px4_msgs/msg/_esc_status_s.c\n'}
[1.699010] (px4_msgs) StdoutLine: {'line': b'-- Up-to-date: /home/rudra/custom_flightmode/install/px4_msgs/local/lib/python3.10/dist-packages/px4_msgs/msg/_sensor_gyro.py\n'}
[1.699057] (px4_msgs) StdoutLine: {'line': b'-- Up-to-date: /home/rudra/custom_flightmode/install/px4_msgs/local/lib/python3.10/dist-packages/px4_msgs/msg/_vehicle_attitude.py\n'}
[1.699102] (px4_msgs) StdoutLine: {'line': b'-- Up-to-date: /home/rudra/custom_flightmode/install/px4_msgs/local/lib/python3.10/dist-packages/px4_msgs/msg/_estimator_status.py\n'}
[1.699141] (px4_msgs) StdoutLine: {'line': b'-- Up-to-date: /home/rudra/custom_flightmode/install/px4_msgs/local/lib/python3.10/dist-packages/px4_msgs/msg/_vehicle_command_ack_s.c\n'}
[1.699183] (px4_msgs) StdoutLine: {'line': b'-- Up-to-date: /home/rudra/custom_flightmode/install/px4_msgs/local/lib/python3.10/dist-packages/px4_msgs/msg/_px4io_status_s.c\n'}
[1.699226] (px4_msgs) StdoutLine: {'line': b'-- Up-to-date: /home/rudra/custom_flightmode/install/px4_msgs/local/lib/python3.10/dist-packages/px4_msgs/msg/_position_setpoint_s.c\n'}
[1.699267] (px4_msgs) StdoutLine: {'line': b'-- Up-to-date: /home/rudra/custom_flightmode/install/px4_msgs/local/lib/python3.10/dist-packages/px4_msgs/msg/_camera_capture_s.c\n'}
[1.699307] (px4_msgs) StdoutLine: {'line': b'-- Up-to-date: /home/rudra/custom_flightmode/install/px4_msgs/local/lib/python3.10/dist-packages/px4_msgs/msg/_event.py\n'}
[1.699378] (px4_msgs) StdoutLine: {'line': b'-- Up-to-date: /home/rudra/custom_flightmode/install/px4_msgs/local/lib/python3.10/dist-packages/px4_msgs/msg/_debug_value.py\n'}
[1.699442] (px4_msgs) StdoutLine: {'line': b'-- Up-to-date: /home/rudra/custom_flightmode/install/px4_msgs/local/lib/python3.10/dist-packages/px4_msgs/msg/_detect_and_avoid_most_urgent_s.c\n'}
[1.699505] (px4_msgs) StdoutLine: {'line': b'-- Up-to-date: /home/rudra/custom_flightmode/install/px4_msgs/local/lib/python3.10/dist-packages/px4_msgs/msg/_vehicle_status_s.c\n'}
[1.699569] (px4_msgs) StdoutLine: {'line': b'-- Up-to-date: /home/rudra/custom_flightmode/install/px4_msgs/local/lib/python3.10/dist-packages/px4_msgs/msg/_rover_attitude_setpoint_s.c\n'}
[1.699621] (px4_msgs) StdoutLine: {'line': b'-- Up-to-date: /home/rudra/custom_flightmode/install/px4_msgs/local/lib/python3.10/dist-packages/px4_msgs/msg/_sensor_gyro_fft_s.c\n'}
[1.699667] (px4_msgs) StdoutLine: {'line': b'-- Up-to-date: /home/rudra/custom_flightmode/install/px4_msgs/local/lib/python3.10/dist-packages/px4_msgs/msg/_orb_test_medium.py\n'}
[1.699711] (px4_msgs) StdoutLine: {'line': b'-- Up-to-date: /home/rudra/custom_flightmode/install/px4_msgs/local/lib/python3.10/dist-packages/px4_msgs/msg/_irlock_report_s.c\n'}
[1.699758] (px4_msgs) StdoutLine: {'line': b'-- Up-to-date: /home/rudra/custom_flightmode/install/px4_msgs/local/lib/python3.10/dist-packages/px4_msgs/msg/_message_format_request_s.c\n'}
[1.699805] (px4_msgs) StdoutLine: {'line': b'-- Up-to-date: /home/rudra/custom_flightmode/install/px4_msgs/local/lib/python3.10/dist-packages/px4_msgs/msg/_vehicle_imu_status_s.c\n'}
[1.699849] (px4_msgs) StdoutLine: {'line': b'-- Up-to-date: /home/rudra/custom_flightmode/install/px4_msgs/local/lib/python3.10/dist-packages/px4_msgs/msg/_estimator_aid_source2d.py\n'}
[1.699923] (px4_msgs) StdoutLine: {'line': b'-- Up-to-date: /home/rudra/custom_flightmode/install/px4_msgs/local/lib/python3.10/dist-packages/px4_msgs/msg/_actuator_armed_s.c\n'}
[1.699969] (px4_msgs) StdoutLine: {'line': b'-- Up-to-date: /home/rudra/custom_flightmode/install/px4_msgs/local/lib/python3.10/dist-packages/px4_msgs/msg/_trajectory_setpoint6dof_s.c\n'}
[1.700011] (px4_msgs) StdoutLine: {'line': b'-- Up-to-date: /home/rudra/custom_flightmode/install/px4_msgs/local/lib/python3.10/dist-packages/px4_msgs/msg/_vehicle_global_position.py\n'}
[1.700054] (px4_msgs) StdoutLine: {'line': b'-- Up-to-date: /home/rudra/custom_flightmode/install/px4_msgs/local/lib/python3.10/dist-packages/px4_msgs/msg/_geofence_status.py\n'}
[1.700102] (px4_msgs) StdoutLine: {'line': b'-- Up-to-date: /home/rudra/custom_flightmode/install/px4_msgs/local/lib/python3.10/dist-packages/px4_msgs/msg/_ranging_beacon_s.c\n'}
[1.700160] (px4_msgs) StdoutLine: {'line': b'-- Up-to-date: /home/rudra/custom_flightmode/install/px4_msgs/local/lib/python3.10/dist-packages/px4_msgs/msg/_sensor_temp.py\n'}
[1.700222] (px4_msgs) StdoutLine: {'line': b'-- Up-to-date: /home/rudra/custom_flightmode/install/px4_msgs/local/lib/python3.10/dist-packages/px4_msgs/msg/_button_event.py\n'}
[1.700282] (px4_msgs) StdoutLine: {'line': b'-- Up-to-date: /home/rudra/custom_flightmode/install/px4_msgs/local/lib/python3.10/dist-packages/px4_msgs/msg/_home_position.py\n'}
[1.700340] (px4_msgs) StdoutLine: {'line': b'-- Up-to-date: /home/rudra/custom_flightmode/install/px4_msgs/local/lib/python3.10/dist-packages/px4_msgs/msg/_vehicle_constraints.py\n'}
[1.700401] (px4_msgs) StdoutLine: {'line': b'-- Up-to-date: /home/rudra/custom_flightmode/install/px4_msgs/local/lib/python3.10/dist-packages/px4_msgs/msg/_register_ext_component_request_s.c\n'}
[1.700462] (px4_msgs) StdoutLine: {'line': b'-- Up-to-date: /home/rudra/custom_flightmode/install/px4_msgs/local/lib/python3.10/dist-packages/px4_msgs/msg/_input_rc_s.c\n'}
[1.700572] (px4_msgs) StdoutLine: {'line': b'-- Up-to-date: /home/rudra/custom_flightmode/install/px4_msgs/local/lib/python3.10/dist-packages/px4_msgs/msg/_wind_s.c\n'}
[1.700639] (px4_msgs) StdoutLine: {'line': b'-- Up-to-date: /home/rudra/custom_flightmode/install/px4_msgs/local/lib/python3.10/dist-packages/px4_msgs/msg/_longitudinal_control_configuration_s.c\n'}
[1.700700] (px4_msgs) StdoutLine: {'line': b'-- Up-to-date: /home/rudra/custom_flightmode/install/px4_msgs/local/lib/python3.10/dist-packages/px4_msgs/msg/_action_request_s.c\n'}
[1.700761] (px4_msgs) StdoutLine: {'line': b'-- Up-to-date: /home/rudra/custom_flightmode/install/px4_msgs/local/lib/python3.10/dist-packages/px4_msgs/msg/_actuator_servos.py\n'}
[1.700820] (px4_msgs) StdoutLine: {'line': b'-- Up-to-date: /home/rudra/custom_flightmode/install/px4_msgs/local/lib/python3.10/dist-packages/px4_msgs/msg/_gimbal_manager_set_attitude.py\n'}
[1.700878] (px4_msgs) StdoutLine: {'line': b'-- Up-to-date: /home/rudra/custom_flightmode/install/px4_msgs/local/lib/python3.10/dist-packages/px4_msgs/msg/_obstacle_distance_s.c\n'}
[1.700938] (px4_msgs) StdoutLine: {'line': b'-- Up-to-date: /home/rudra/custom_flightmode/install/px4_msgs/local/lib/python3.10/dist-packages/px4_msgs/msg/_follow_target_status.py\n'}
[1.700997] (px4_msgs) StdoutLine: {'line': b'-- Up-to-date: /home/rudra/custom_flightmode/install/px4_msgs/local/lib/python3.10/dist-packages/px4_msgs/msg/_rpm.py\n'}
[1.701055] (px4_msgs) StdoutLine: {'line': b'-- Up-to-date: /home/rudra/custom_flightmode/install/px4_msgs/local/lib/python3.10/dist-packages/px4_msgs/msg/_esc_eeprom_write.py\n'}
[1.701114] (px4_msgs) StdoutLine: {'line': b'-- Up-to-date: /home/rudra/custom_flightmode/install/px4_msgs/local/lib/python3.10/dist-packages/px4_msgs/msg/_vehicle_magnetometer.py\n'}
[1.701173] (px4_msgs) StdoutLine: {'line': b'-- Up-to-date: /home/rudra/custom_flightmode/install/px4_msgs/local/lib/python3.10/dist-packages/px4_msgs/msg/_log_message.py\n'}
[1.701250] (px4_msgs) StdoutLine: {'line': b'-- Up-to-date: /home/rudra/custom_flightmode/install/px4_msgs/local/lib/python3.10/dist-packages/px4_msgs/msg/_pps_capture.py\n'}
[1.701311] (px4_msgs) StdoutLine: {'line': b'-- Up-to-date: /home/rudra/custom_flightmode/install/px4_msgs/local/lib/python3.10/dist-packages/px4_msgs/msg/_telemetry_status_s.c\n'}
[1.701388] (px4_msgs) StdoutLine: {'line': b'-- Up-to-date: /home/rudra/custom_flightmode/install/px4_msgs/local/lib/python3.10/dist-packages/px4_msgs/msg/_mount_orientation.py\n'}
[1.701434] (px4_msgs) StdoutLine: {'line': b'-- Up-to-date: /home/rudra/custom_flightmode/install/px4_msgs/local/lib/python3.10/dist-packages/px4_msgs/msg/_raptor_input_s.c\n'}
[1.701486] (px4_msgs) StdoutLine: {'line': b'-- Up-to-date: /home/rudra/custom_flightmode/install/px4_msgs/local/lib/python3.10/dist-packages/px4_msgs/msg/_sensor_temp_s.c\n'}
[1.701535] (px4_msgs) StdoutLine: {'line': b'-- Up-to-date: /home/rudra/custom_flightmode/install/px4_msgs/local/lib/python3.10/dist-packages/px4_msgs/msg/_tecs_status.py\n'}
[1.701577] (px4_msgs) StdoutLine: {'line': b'-- Up-to-date: /home/rudra/custom_flightmode/install/px4_msgs/local/lib/python3.10/dist-packages/px4_msgs/msg/_open_drone_id_self_id.py\n'}
[1.701616] (px4_msgs) StdoutLine: {'line': b'-- Up-to-date: /home/rudra/custom_flightmode/install/px4_msgs/local/lib/python3.10/dist-packages/px4_msgs/msg/_open_drone_id_arm_status_s.c\n'}
[1.701654] (px4_msgs) StdoutLine: {'line': b'-- Up-to-date: /home/rudra/custom_flightmode/install/px4_msgs/local/lib/python3.10/dist-packages/px4_msgs/msg/_dronecan_node_status_s.c\n'}
[1.701692] (px4_msgs) StdoutLine: {'line': b'-- Up-to-date: /home/rudra/custom_flightmode/install/px4_msgs/local/lib/python3.10/dist-packages/px4_msgs/msg/_sensor_baro_s.c\n'}
[1.701731] (px4_msgs) StdoutLine: {'line': b'-- Up-to-date: /home/rudra/custom_flightmode/install/px4_msgs/local/lib/python3.10/dist-packages/px4_msgs/msg/_estimator_gps_status.py\n'}
[1.701772] (px4_msgs) StdoutLine: {'line': b'-- Up-to-date: /home/rudra/custom_flightmode/install/px4_msgs/local/lib/python3.10/dist-packages/px4_msgs/msg/_landing_target_innovations.py\n'}
[1.701811] (px4_msgs) StdoutLine: {'line': b'-- Up-to-date: /home/rudra/custom_flightmode/install/px4_msgs/local/lib/python3.10/dist-packages/px4_msgs/msg/_parameter_update_s.c\n'}
[1.701850] (px4_msgs) StdoutLine: {'line': b'-- Up-to-date: /home/rudra/custom_flightmode/install/px4_msgs/local/lib/python3.10/dist-packages/px4_msgs/msg/_estimator_sensor_bias_s.c\n'}
[1.701893] (px4_msgs) StdoutLine: {'line': b'-- Up-to-date: /home/rudra/custom_flightmode/install/px4_msgs/local/lib/python3.10/dist-packages/px4_msgs/msg/_fixed_wing_lateral_setpoint_s.c\n'}
[1.701954] (px4_msgs) StdoutLine: {'line': b'-- Up-to-date: /home/rudra/custom_flightmode/install/px4_msgs/local/lib/python3.10/dist-packages/px4_msgs/msg/_gimbal_manager_status.py\n'}
[1.702014] (px4_msgs) StdoutLine: {'line': b'-- Up-to-date: /home/rudra/custom_flightmode/install/px4_msgs/local/lib/python3.10/dist-packages/px4_msgs/msg/_vehicle_thrust_setpoint.py\n'}
[1.702073] (px4_msgs) StdoutLine: {'line': b'-- Up-to-date: /home/rudra/custom_flightmode/install/px4_msgs/local/lib/python3.10/dist-packages/px4_msgs/msg/_vehicle_acceleration.py\n'}
[1.702146] (px4_msgs) StdoutLine: {'line': b'-- Up-to-date: /home/rudra/custom_flightmode/install/px4_msgs/local/lib/python3.10/dist-packages/px4_msgs/msg/_sensor_gnss_relative.py\n'}
[1.702196] (px4_msgs) StdoutLine: {'line': b'-- Up-to-date: /home/rudra/custom_flightmode/install/px4_msgs/local/lib/python3.10/dist-packages/px4_msgs/msg/_gimbal_device_attitude_status_s.c\n'}
[1.702239] (px4_msgs) StdoutLine: {'line': b'-- Up-to-date: /home/rudra/custom_flightmode/install/px4_msgs/local/lib/python3.10/dist-packages/px4_msgs/msg/_gimbal_device_set_attitude.py\n'}
[1.702280] (px4_msgs) StdoutLine: {'line': b'-- Up-to-date: /home/rudra/custom_flightmode/install/px4_msgs/local/lib/python3.10/dist-packages/px4_msgs/msg/_vehicle_land_detected.py\n'}
[1.702319] (px4_msgs) StdoutLine: {'line': b'-- Up-to-date: /home/rudra/custom_flightmode/install/px4_msgs/local/lib/python3.10/dist-packages/px4_msgs/msg/_sensor_airflow_s.c\n'}
[1.702368] (px4_msgs) StdoutLine: {'line': b'-- Up-to-date: /home/rudra/custom_flightmode/install/px4_msgs/local/lib/python3.10/dist-packages/px4_msgs/msg/_failure_detector_status_s.c\n'}
[1.702431] (px4_msgs) StdoutLine: {'line': b'-- Up-to-date: /home/rudra/custom_flightmode/install/px4_msgs/local/lib/python3.10/dist-packages/px4_msgs/msg/_ekf2_timestamps.py\n'}
[1.702487] (px4_msgs) StdoutLine: {'line': b'-- Up-to-date: /home/rudra/custom_flightmode/install/px4_msgs/local/lib/python3.10/dist-packages/px4_msgs/msg/_velocity_limits_s.c\n'}
[1.702538] (px4_msgs) StdoutLine: {'line': b'-- Up-to-date: /home/rudra/custom_flightmode/install/px4_msgs/local/lib/python3.10/dist-packages/px4_msgs/msg/_parameter_set_value_response_s.c\n'}
[1.702580] (px4_msgs) StdoutLine: {'line': b'-- Up-to-date: /home/rudra/custom_flightmode/install/px4_msgs/local/lib/python3.10/dist-packages/px4_msgs/msg/_gimbal_manager_set_manual_control.py\n'}
[1.702620] (px4_msgs) StdoutLine: {'line': b'-- Up-to-date: /home/rudra/custom_flightmode/install/px4_msgs/local/lib/python3.10/dist-packages/px4_msgs/msg/_setpoint_config_s.c\n'}
[1.702662] (px4_msgs) StdoutLine: {'line': b'-- Up-to-date: /home/rudra/custom_flightmode/install/px4_msgs/local/lib/python3.10/dist-packages/px4_msgs/msg/_fiducial_marker_yaw_report.py\n'}
[1.702701] (px4_msgs) StdoutLine: {'line': b'-- Up-to-date: /home/rudra/custom_flightmode/install/px4_msgs/local/lib/python3.10/dist-packages/px4_msgs/msg/_launch_detection_status_s.c\n'}
[1.702741] (px4_msgs) StdoutLine: {'line': b'-- Up-to-date: /home/rudra/custom_flightmode/install/px4_msgs/local/lib/python3.10/dist-packages/px4_msgs/msg/_power_monitor_s.c\n'}
[1.702780] (px4_msgs) StdoutLine: {'line': b'-- Up-to-date: /home/rudra/custom_flightmode/install/px4_msgs/local/lib/python3.10/dist-packages/px4_msgs/msg/_esc_report.py\n'}
[1.702852] (px4_msgs) StdoutLine: {'line': b'-- Up-to-date: /home/rudra/custom_flightmode/install/px4_msgs/local/lib/python3.10/dist-packages/px4_msgs/msg/_navigator_status_s.c\n'}
[1.702897] (px4_msgs) StdoutLine: {'line': b'-- Up-to-date: /home/rudra/custom_flightmode/install/px4_msgs/local/lib/python3.10/dist-packages/px4_msgs/msg/_power_monitor.py\n'}
[1.702938] (px4_msgs) StdoutLine: {'line': b'-- Up-to-date: /home/rudra/custom_flightmode/install/px4_msgs/local/lib/python3.10/dist-packages/px4_msgs/msg/_tune_control.py\n'}
[1.702977] (px4_msgs) StdoutLine: {'line': b'-- Up-to-date: /home/rudra/custom_flightmode/install/px4_msgs/local/lib/python3.10/dist-packages/px4_msgs/msg/_battery_info.py\n'}
[1.703018] (px4_msgs) StdoutLine: {'line': b'-- Up-to-date: /home/rudra/custom_flightmode/install/px4_msgs/local/lib/python3.10/dist-packages/px4_msgs/msg/_estimator_status_s.c\n'}
[1.703057] (px4_msgs) StdoutLine: {'line': b'-- Up-to-date: /home/rudra/custom_flightmode/install/px4_msgs/local/lib/python3.10/dist-packages/px4_msgs/msg/_health_report_s.c\n'}
[1.703096] (px4_msgs) StdoutLine: {'line': b'-- Up-to-date: /home/rudra/custom_flightmode/install/px4_msgs/local/lib/python3.10/dist-packages/px4_msgs/msg/_arming_check_request.py\n'}
[1.703135] (px4_msgs) StdoutLine: {'line': b'-- Up-to-date: /home/rudra/custom_flightmode/install/px4_msgs/local/lib/python3.10/dist-packages/px4_msgs/msg/_gimbal_device_information.py\n'}
[1.703175] (px4_msgs) StdoutLine: {'line': b'-- Up-to-date: /home/rudra/custom_flightmode/install/px4_msgs/local/lib/python3.10/dist-packages/px4_msgs/msg/_target_gnss_s.c\n'}
[1.703214] (px4_msgs) StdoutLine: {'line': b'-- Up-to-date: /home/rudra/custom_flightmode/install/px4_msgs/local/lib/python3.10/dist-packages/px4_msgs/msg/_open_drone_id_basic_id.py\n'}
[1.703252] (px4_msgs) StdoutLine: {'line': b'-- Up-to-date: /home/rudra/custom_flightmode/install/px4_msgs/local/lib/python3.10/dist-packages/px4_msgs/msg/_vehicle_command_s.c\n'}
[1.703292] (px4_msgs) StdoutLine: {'line': b'-- Up-to-date: /home/rudra/custom_flightmode/install/px4_msgs/local/lib/python3.10/dist-packages/px4_msgs/msg/_aux_global_position.py\n'}
[1.703360] (px4_msgs) StdoutLine: {'line': b'-- Up-to-date: /home/rudra/custom_flightmode/install/px4_msgs/local/lib/python3.10/dist-packages/px4_msgs/msg/_estimator_aid_source3d.py\n'}
[1.703405] (px4_msgs) StdoutLine: {'line': b'-- Up-to-date: /home/rudra/custom_flightmode/install/px4_msgs/local/lib/python3.10/dist-packages/px4_msgs/msg/_radio_status_s.c\n'}
[1.703479] (px4_msgs) StdoutLine: {'line': b'-- Up-to-date: /home/rudra/custom_flightmode/install/px4_msgs/local/lib/python3.10/dist-packages/px4_msgs/msg/_vte_input_s.c\n'}
[1.703565] (px4_msgs) StdoutLine: {'line': b'-- Up-to-date: /home/rudra/custom_flightmode/install/px4_msgs/local/lib/python3.10/dist-packages/px4_msgs/msg/_camera_capture.py\n'}
[1.703616] (px4_msgs) StdoutLine: {'line': b'-- Up-to-date: /home/rudra/custom_flightmode/install/px4_msgs/local/lib/python3.10/dist-packages/px4_msgs/msg/_estimator_aid_source2d_s.c\n'}
[1.703662] (px4_msgs) StdoutLine: {'line': b'-- Up-to-date: /home/rudra/custom_flightmode/install/px4_msgs/local/lib/python3.10/dist-packages/px4_msgs/msg/_rover_speed_setpoint_s.c\n'}
[1.703704] (px4_msgs) StdoutLine: {'line': b'-- Up-to-date: /home/rudra/custom_flightmode/install/px4_msgs/local/lib/python3.10/dist-packages/px4_msgs/msg/_logger_status.py\n'}
[1.703743] (px4_msgs) StdoutLine: {'line': b'-- Up-to-date: /home/rudra/custom_flightmode/install/px4_msgs/local/lib/python3.10/dist-packages/px4_msgs/msg/_sensor_accel_fifo_s.c\n'}
[1.703783] (px4_msgs) StdoutLine: {'line': b'-- Up-to-date: /home/rudra/custom_flightmode/install/px4_msgs/local/lib/python3.10/dist-packages/px4_msgs/msg/_manual_control_switches.py\n'}
[1.703822] (px4_msgs) StdoutLine: {'line': b'-- Up-to-date: /home/rudra/custom_flightmode/install/px4_msgs/local/lib/python3.10/dist-packages/px4_msgs/msg/_heater_status.py\n'}
[1.703861] (px4_msgs) StdoutLine: {'line': b'-- Up-to-date: /home/rudra/custom_flightmode/install/px4_msgs/local/lib/python3.10/dist-packages/px4_msgs/msg/_rover_speed_status_s.c\n'}
[1.703899] (px4_msgs) StdoutLine: {'line': b'-- Up-to-date: /home/rudra/custom_flightmode/install/px4_msgs/local/lib/python3.10/dist-packages/px4_msgs/msg/_rate_ctrl_status.py\n'}
[1.703939] (px4_msgs) StdoutLine: {'line': b'-- Up-to-date: /home/rudra/custom_flightmode/install/px4_msgs/local/lib/python3.10/dist-packages/px4_msgs/msg/_mission.py\n'}
[1.703988] (px4_msgs) StdoutLine: {'line': b'-- Up-to-date: /home/rudra/custom_flightmode/install/px4_msgs/local/lib/python3.10/dist-packages/px4_msgs/msg/_fuel_tank_status_s.c\n'}
[1.704064] (px4_msgs) StdoutLine: {'line': b'-- Up-to-date: /home/rudra/custom_flightmode/install/px4_msgs/local/lib/python3.10/dist-packages/px4_msgs/msg/_button_event_s.c\n'}
[1.704127] (px4_msgs) StdoutLine: {'line': b'-- Up-to-date: /home/rudra/custom_flightmode/install/px4_msgs/local/lib/python3.10/dist-packages/px4_msgs/msg/_lateral_control_configuration.py\n'}
[1.704188] (px4_msgs) StdoutLine: {'line': b'-- Up-to-date: /home/rudra/custom_flightmode/install/px4_msgs/local/lib/python3.10/dist-packages/px4_msgs/msg/_estimator_bias3d_s.c\n'}
[1.704248] (px4_msgs) StdoutLine: {'line': b'-- Up-to-date: /home/rudra/custom_flightmode/install/px4_msgs/local/lib/python3.10/dist-packages/px4_msgs/msg/_sensor_gps.py\n'}
[1.704306] (px4_msgs) StdoutLine: {'line': b'-- Up-to-date: /home/rudra/custom_flightmode/install/px4_msgs/local/lib/python3.10/dist-packages/px4_msgs/msg/_position_controller_landing_status_s.c\n'}
[1.704392] (px4_msgs) StdoutLine: {'line': b'-- Up-to-date: /home/rudra/custom_flightmode/install/px4_msgs/local/lib/python3.10/dist-packages/px4_msgs/msg/_gpio_config_s.c\n'}
[1.704454] (px4_msgs) StdoutLine: {'line': b'-- Up-to-date: /home/rudra/custom_flightmode/install/px4_msgs/local/lib/python3.10/dist-packages/px4_msgs/msg/_config_overrides.py\n'}
[1.704539] (px4_msgs) StdoutLine: {'line': b'-- Up-to-date: /home/rudra/custom_flightmode/install/px4_msgs/local/lib/python3.10/dist-packages/px4_msgs/msg/_vehicle_thrust_setpoint_s.c\n'}
[1.704587] (px4_msgs) StdoutLine: {'line': b'-- Up-to-date: /home/rudra/custom_flightmode/install/px4_msgs/local/lib/python3.10/dist-packages/px4_msgs/msg/_gimbal_controls_s.c\n'}
[1.704639] (px4_msgs) StdoutLine: {'line': b'-- Up-to-date: /home/rudra/custom_flightmode/install/px4_msgs/local/lib/python3.10/dist-packages/px4_msgs/msg/_rover_rate_setpoint.py\n'}
[1.704679] (-) TimerEvent: {}
[1.704769] (px4_msgs) StdoutLine: {'line': b'-- Up-to-date: /home/rudra/custom_flightmode/install/px4_msgs/local/lib/python3.10/dist-packages/px4_msgs/msg/_px4io_status.py\n'}
[1.704844] (px4_msgs) StdoutLine: {'line': b'-- Up-to-date: /home/rudra/custom_flightmode/install/px4_msgs/local/lib/python3.10/dist-packages/px4_msgs/msg/_vehicle_roi.py\n'}
[1.704911] (px4_msgs) StdoutLine: {'line': b'-- Up-to-date: /home/rudra/custom_flightmode/install/px4_msgs/local/lib/python3.10/dist-packages/px4_msgs/msg/_uavcan_parameter_value_s.c\n'}
[1.704979] (px4_msgs) StdoutLine: {'line': b'-- Up-to-date: /home/rudra/custom_flightmode/install/px4_msgs/local/lib/python3.10/dist-packages/px4_msgs/msg/_obstacle_distance.py\n'}
[1.705031] (px4_msgs) StdoutLine: {'line': b'-- Up-to-date: /home/rudra/custom_flightmode/install/px4_msgs/local/lib/python3.10/dist-packages/px4_msgs/msg/_log_message_s.c\n'}
[1.705092] (px4_msgs) StdoutLine: {'line': b'-- Up-to-date: /home/rudra/custom_flightmode/install/px4_msgs/local/lib/python3.10/dist-packages/px4_msgs/msg/_failure_injection.py\n'}
[1.705189] (px4_msgs) StdoutLine: {'line': b'-- Up-to-date: /home/rudra/custom_flightmode/install/px4_msgs/local/lib/python3.10/dist-packages/px4_msgs/msg/_estimator_sensor_bias.py\n'}
[1.705267] (px4_msgs) StdoutLine: {'line': b'-- Up-to-date: /home/rudra/custom_flightmode/install/px4_msgs/local/lib/python3.10/dist-packages/px4_msgs/msg/_orbit_status.py\n'}
[1.705334] (px4_msgs) StdoutLine: {'line': b'-- Up-to-date: /home/rudra/custom_flightmode/install/px4_msgs/local/lib/python3.10/dist-packages/px4_msgs/msg/_register_ext_component_request.py\n'}
[1.705392] (px4_msgs) StdoutLine: {'line': b'-- Up-to-date: /home/rudra/custom_flightmode/install/px4_msgs/local/lib/python3.10/dist-packages/px4_msgs/msg/_estimator_aid_source1d_s.c\n'}
[1.705437] (px4_msgs) StdoutLine: {'line': b'-- Up-to-date: /home/rudra/custom_flightmode/install/px4_msgs/local/lib/python3.10/dist-packages/px4_msgs/msg/_arming_check_request_s.c\n'}
[1.705529] (px4_msgs) StdoutLine: {'line': b'-- Up-to-date: /home/rudra/custom_flightmode/install/px4_msgs/local/lib/python3.10/dist-packages/px4_msgs/msg/_neural_control.py\n'}
[1.705607] (px4_msgs) StdoutLine: {'line': b'-- Up-to-date: /home/rudra/custom_flightmode/install/px4_msgs/local/lib/python3.10/dist-packages/px4_msgs/msg/_orb_test_large.py\n'}
[1.705657] (px4_msgs) StdoutLine: {'line': b'-- Up-to-date: /home/rudra/custom_flightmode/install/px4_msgs/local/lib/python3.10/dist-packages/px4_msgs/msg/_collision_constraints_s.c\n'}
[1.705702] (px4_msgs) StdoutLine: {'line': b'-- Up-to-date: /home/rudra/custom_flightmode/install/px4_msgs/local/lib/python3.10/dist-packages/px4_msgs/msg/_debug_vect.py\n'}
[1.705767] (px4_msgs) StdoutLine: {'line': b'-- Up-to-date: /home/rudra/custom_flightmode/install/px4_msgs/local/lib/python3.10/dist-packages/px4_msgs/msg/_open_drone_id_system_s.c\n'}
[1.705832] (px4_msgs) StdoutLine: {'line': b'-- Up-to-date: /home/rudra/custom_flightmode/install/px4_msgs/local/lib/python3.10/dist-packages/px4_msgs/msg/_gimbal_manager_set_manual_control_s.c\n'}
[1.705908] (px4_msgs) StdoutLine: {'line': b'-- Up-to-date: /home/rudra/custom_flightmode/install/px4_msgs/local/lib/python3.10/dist-packages/px4_msgs/msg/_rover_steering_setpoint.py\n'}
[1.705973] (px4_msgs) StdoutLine: {'line': b'-- Up-to-date: /home/rudra/custom_flightmode/install/px4_msgs/local/lib/python3.10/dist-packages/px4_msgs/msg/_flight_phase_estimation.py\n'}
[1.706030] (px4_msgs) StdoutLine: {'line': b'-- Up-to-date: /home/rudra/custom_flightmode/install/px4_msgs/local/lib/python3.10/dist-packages/px4_msgs/msg/_vehicle_local_position_s.c\n'}
[1.706074] (px4_msgs) StdoutLine: {'line': b'-- Up-to-date: /home/rudra/custom_flightmode/install/px4_msgs/local/lib/python3.10/dist-packages/px4_msgs/msg/_internal_combustion_engine_control.py\n'}
[1.706125] (px4_msgs) StdoutLine: {'line': b'-- Up-to-date: /home/rudra/custom_flightmode/install/px4_msgs/local/lib/python3.10/dist-packages/px4_msgs/msg/_gpio_request.py\n'}
[1.706167] (px4_msgs) StdoutLine: {'line': b'-- Up-to-date: /home/rudra/custom_flightmode/install/px4_msgs/local/lib/python3.10/dist-packages/px4_msgs/msg/_autotune_attitude_control_status.py\n'}
[1.706209] (px4_msgs) StdoutLine: {'line': b'-- Up-to-date: /home/rudra/custom_flightmode/install/px4_msgs/local/lib/python3.10/dist-packages/px4_msgs/msg/_mission_result_s.c\n'}
[1.706251] (px4_msgs) StdoutLine: {'line': b'-- Up-to-date: /home/rudra/custom_flightmode/install/px4_msgs/local/lib/python3.10/dist-packages/px4_msgs/msg/_camera_status.py\n'}
[1.706305] (px4_msgs) StdoutLine: {'line': b'-- Up-to-date: /home/rudra/custom_flightmode/install/px4_msgs/local/lib/python3.10/dist-packages/px4_msgs/msg/_velocity_limits.py\n'}
[1.706352] (px4_msgs) StdoutLine: {'line': b'-- Up-to-date: /home/rudra/custom_flightmode/install/px4_msgs/local/lib/python3.10/dist-packages/px4_msgs/msg/_trajectory_setpoint.py\n'}
[1.706449] (px4_msgs) StdoutLine: {'line': b'-- Up-to-date: /home/rudra/custom_flightmode/install/px4_msgs/local/lib/python3.10/dist-packages/px4_msgs/msg/_vte_input.py\n'}
[1.706538] (px4_msgs) StdoutLine: {'line': b'-- Up-to-date: /home/rudra/custom_flightmode/install/px4_msgs/local/lib/python3.10/dist-packages/px4_msgs/msg/_normalized_unsigned_setpoint_s.c\n'}
[1.706609] (px4_msgs) StdoutLine: {'line': b'-- Up-to-date: /home/rudra/custom_flightmode/install/px4_msgs/local/lib/python3.10/dist-packages/px4_msgs/msg/_estimator_status_flags_s.c\n'}
[1.706678] (px4_msgs) StdoutLine: {'line': b'-- Up-to-date: /home/rudra/custom_flightmode/install/px4_msgs/local/lib/python3.10/dist-packages/px4_msgs/msg/_landing_gear_wheel.py\n'}
[1.706746] (px4_msgs) StdoutLine: {'line': b'-- Up-to-date: /home/rudra/custom_flightmode/install/px4_msgs/local/lib/python3.10/dist-packages/px4_msgs/msg/_transponder_report.py\n'}
[1.706809] (px4_msgs) StdoutLine: {'line': b'-- Up-to-date: /home/rudra/custom_flightmode/install/px4_msgs/local/lib/python3.10/dist-packages/px4_msgs/msg/_task_stack_info.py\n'}
[1.706866] (px4_msgs) StdoutLine: {'line': b'-- Up-to-date: /home/rudra/custom_flightmode/install/px4_msgs/local/lib/python3.10/dist-packages/px4_msgs/msg/_actuator_armed.py\n'}
[1.706967] (px4_msgs) StdoutLine: {'line': b'-- Up-to-date: /home/rudra/custom_flightmode/install/px4_msgs/local/lib/python3.10/dist-packages/px4_msgs/msg/_mag_worker_data_s.c\n'}
[1.707060] (px4_msgs) StdoutLine: {'line': b'-- Up-to-date: /home/rudra/custom_flightmode/install/px4_msgs/local/lib/python3.10/dist-packages/px4_msgs/msg/_unregister_ext_component_s.c\n'}
[1.707117] (px4_msgs) StdoutLine: {'line': b'-- Up-to-date: /home/rudra/custom_flightmode/install/px4_msgs/local/lib/python3.10/dist-packages/px4_msgs/msg/_health_report.py\n'}
[1.707164] (px4_msgs) StdoutLine: {'line': b'-- Up-to-date: /home/rudra/custom_flightmode/install/px4_msgs/local/lib/python3.10/dist-packages/px4_msgs/msg/_debug_vect_s.c\n'}
[1.707207] (px4_msgs) StdoutLine: {'line': b'-- Up-to-date: /home/rudra/custom_flightmode/install/px4_msgs/local/lib/python3.10/dist-packages/px4_msgs/msg/_sensor_uwb.py\n'}
[1.707250] (px4_msgs) StdoutLine: {'line': b'-- Up-to-date: /home/rudra/custom_flightmode/install/px4_msgs/local/lib/python3.10/dist-packages/px4_msgs/msg/_trajectory_setpoint_s.c\n'}
[1.707293] (px4_msgs) StdoutLine: {'line': b'-- Up-to-date: /home/rudra/custom_flightmode/install/px4_msgs/local/lib/python3.10/dist-packages/px4_msgs/msg/_rc_parameter_map_s.c\n'}
[1.707337] (px4_msgs) StdoutLine: {'line': b'-- Up-to-date: /home/rudra/custom_flightmode/install/px4_msgs/local/lib/python3.10/dist-packages/px4_msgs/msg/_vehicle_torque_setpoint.py\n'}
[1.707378] (px4_msgs) StdoutLine: {'line': b'-- Up-to-date: /home/rudra/custom_flightmode/install/px4_msgs/local/lib/python3.10/dist-packages/px4_msgs/msg/_telemetry_status.py\n'}
[1.707421] (px4_msgs) StdoutLine: {'line': b'-- Up-to-date: /home/rudra/custom_flightmode/install/px4_msgs/local/lib/python3.10/dist-packages/px4_msgs/msg/_debug_key_value.py\n'}
[1.707478] (px4_msgs) StdoutLine: {'line': b'-- Up-to-date: /home/rudra/custom_flightmode/install/px4_msgs/local/lib/python3.10/dist-packages/px4_msgs/msg/_vte_position_s.c\n'}
[1.707533] (px4_msgs) StdoutLine: {'line': b'-- Up-to-date: /home/rudra/custom_flightmode/install/px4_msgs/local/lib/python3.10/dist-packages/px4_msgs/msg/_navigator_mission_item.py\n'}
[1.707577] (px4_msgs) StdoutLine: {'line': b'-- Up-to-date: /home/rudra/custom_flightmode/install/px4_msgs/local/lib/python3.10/dist-packages/px4_msgs/msg/_failure_detector_status.py\n'}
[1.707620] (px4_msgs) StdoutLine: {'line': b'-- Up-to-date: /home/rudra/custom_flightmode/install/px4_msgs/local/lib/python3.10/dist-packages/px4_msgs/msg/_mode_completed_s.c\n'}
[1.707663] (px4_msgs) StdoutLine: {'line': b'-- Up-to-date: /home/rudra/custom_flightmode/install/px4_msgs/local/lib/python3.10/dist-packages/px4_msgs/msg/_vehicle_imu_s.c\n'}
[1.707712] (px4_msgs) StdoutLine: {'line': b'-- Up-to-date: /home/rudra/custom_flightmode/install/px4_msgs/local/lib/python3.10/dist-packages/px4_msgs/msg/_rover_attitude_status_s.c\n'}
[1.707758] (px4_msgs) StdoutLine: {'line': b'-- Up-to-date: /home/rudra/custom_flightmode/install/px4_msgs/local/lib/python3.10/dist-packages/px4_msgs/msg/_adc_report_s.c\n'}
[1.707804] (px4_msgs) StdoutLine: {'line': b'-- Up-to-date: /home/rudra/custom_flightmode/install/px4_msgs/local/lib/python3.10/dist-packages/px4_msgs/msg/_camera_trigger_s.c\n'}
[1.707849] (px4_msgs) StdoutLine: {'line': b'-- Up-to-date: /home/rudra/custom_flightmode/install/px4_msgs/local/lib/python3.10/dist-packages/px4_msgs/msg/_device_information.py\n'}
[1.707895] (px4_msgs) StdoutLine: {'line': b'-- Up-to-date: /home/rudra/custom_flightmode/install/px4_msgs/local/lib/python3.10/dist-packages/px4_msgs/msg/_led_control_s.c\n'}
[1.707940] (px4_msgs) StdoutLine: {'line': b'-- Up-to-date: /home/rudra/custom_flightmode/install/px4_msgs/local/lib/python3.10/dist-packages/px4_msgs/msg/_estimator_fusion_control_s.c\n'}
[1.707987] (px4_msgs) StdoutLine: {'line': b'-- Up-to-date: /home/rudra/custom_flightmode/install/px4_msgs/local/lib/python3.10/dist-packages/px4_msgs/msg/_gimbal_controls.py\n'}
[1.708065] (px4_msgs) StdoutLine: {'line': b'-- Up-to-date: /home/rudra/custom_flightmode/install/px4_msgs/local/lib/python3.10/dist-packages/px4_msgs/msg/_dataman_request_s.c\n'}
[1.708112] (px4_msgs) StdoutLine: {'line': b'-- Up-to-date: /home/rudra/custom_flightmode/install/px4_msgs/local/lib/python3.10/dist-packages/px4_msgs/msg/_vehicle_roi_s.c\n'}
[1.708154] (px4_msgs) StdoutLine: {'line': b'-- Up-to-date: /home/rudra/custom_flightmode/install/px4_msgs/local/lib/python3.10/dist-packages/px4_msgs/msg/_arming_check_reply_s.c\n'}
[1.708195] (px4_msgs) StdoutLine: {'line': b'-- Up-to-date: /home/rudra/custom_flightmode/install/px4_msgs/local/lib/python3.10/dist-packages/px4_msgs/msg/_orb_test_s.c\n'}
[1.708236] (px4_msgs) StdoutLine: {'line': b'-- Up-to-date: /home/rudra/custom_flightmode/install/px4_msgs/local/lib/python3.10/dist-packages/px4_msgs/msg/_vehicle_attitude_s.c\n'}
[1.708276] (px4_msgs) StdoutLine: {'line': b'-- Up-to-date: /home/rudra/custom_flightmode/install/px4_msgs/local/lib/python3.10/dist-packages/px4_msgs/msg/_system_power.py\n'}
[1.708316] (px4_msgs) StdoutLine: {'line': b'-- Up-to-date: /home/rudra/custom_flightmode/install/px4_msgs/local/lib/python3.10/dist-packages/px4_msgs/msg/_sensor_accel_s.c\n'}
[1.708355] (px4_msgs) StdoutLine: {'line': b'-- Up-to-date: /home/rudra/custom_flightmode/install/px4_msgs/local/lib/python3.10/dist-packages/px4_msgs/msg/_vte_orientation_s.c\n'}
[1.708395] (px4_msgs) StdoutLine: {'line': b'-- Up-to-date: /home/rudra/custom_flightmode/install/px4_msgs/local/lib/python3.10/dist-packages/px4_msgs/msg/_landing_target_innovations_s.c\n'}
[1.708458] (px4_msgs) StdoutLine: {'line': b'-- Up-to-date: /home/rudra/custom_flightmode/install/px4_msgs/local/lib/python3.10/dist-packages/px4_msgs/msg/_rtl_time_estimate_s.c\n'}
[1.708520] (px4_msgs) StdoutLine: {'line': b'-- Up-to-date: /home/rudra/custom_flightmode/install/px4_msgs/local/lib/python3.10/dist-packages/px4_msgs/msg/_gimbal_manager_set_attitude_s.c\n'}
[1.708564] (px4_msgs) StdoutLine: {'line': b'-- Up-to-date: /home/rudra/custom_flightmode/install/px4_msgs/local/lib/python3.10/dist-packages/px4_msgs/msg/_sensor_uwb_s.c\n'}
[1.708606] (px4_msgs) StdoutLine: {'line': b'-- Up-to-date: /home/rudra/custom_flightmode/install/px4_msgs/local/lib/python3.10/dist-packages/px4_msgs/msg/_rc_channels.py\n'}
[1.708648] (px4_msgs) StdoutLine: {'line': b'-- Up-to-date: /home/rudra/custom_flightmode/install/px4_msgs/local/lib/python3.10/dist-packages/px4_msgs/msg/_failsafe_flags_s.c\n'}
[1.708689] (px4_msgs) StdoutLine: {'line': b'-- Up-to-date: /home/rudra/custom_flightmode/install/px4_msgs/local/lib/python3.10/dist-packages/px4_msgs/msg/_distance_sensor_mode_change_request_s.c\n'}
[1.708729] (px4_msgs) StdoutLine: {'line': b'-- Up-to-date: /home/rudra/custom_flightmode/install/px4_msgs/local/lib/python3.10/dist-packages/px4_msgs/msg/_gpio_out.py\n'}
[1.708770] (px4_msgs) StdoutLine: {'line': b'-- Up-to-date: /home/rudra/custom_flightmode/install/px4_msgs/local/lib/python3.10/dist-packages/px4_msgs/msg/_orb_test_medium_s.c\n'}
[1.708810] (px4_msgs) StdoutLine: {'line': b'-- Up-to-date: /home/rudra/custom_flightmode/install/px4_msgs/local/lib/python3.10/dist-packages/px4_msgs/msg/_vtol_vehicle_status.py\n'}
[1.708850] (px4_msgs) StdoutLine: {'line': b'-- Up-to-date: /home/rudra/custom_flightmode/install/px4_msgs/local/lib/python3.10/dist-packages/px4_msgs/msg/_sensor_airflow.py\n'}
[1.708890] (px4_msgs) StdoutLine: {'line': b'-- Up-to-date: /home/rudra/custom_flightmode/install/px4_msgs/local/lib/python3.10/dist-packages/px4_msgs/msg/_open_drone_id_self_id_s.c\n'}
[1.708931] (px4_msgs) StdoutLine: {'line': b'-- Up-to-date: /home/rudra/custom_flightmode/install/px4_msgs/local/lib/python3.10/dist-packages/px4_msgs/msg/_goto_setpoint.py\n'}
[1.708971] (px4_msgs) StdoutLine: {'line': b"Listing '/home/rudra/custom_flightmode/install/px4_msgs/local/lib/python3.10/dist-packages/px4_msgs'...\n"}
[1.709012] (px4_msgs) StdoutLine: {'line': b"Listing '/home/rudra/custom_flightmode/install/px4_msgs/local/lib/python3.10/dist-packages/px4_msgs/msg'...\n"}
[1.709052] (px4_msgs) StdoutLine: {'line': b"Listing '/home/rudra/custom_flightmode/install/px4_msgs/local/lib/python3.10/dist-packages/px4_msgs/srv'...\n"}
[1.709094] (px4_msgs) StdoutLine: {'line': b'-- Up-to-date: /home/rudra/custom_flightmode/install/px4_msgs/local/lib/python3.10/dist-packages/px4_msgs/px4_msgs_s__rosidl_typesupport_fastrtps_c.cpython-310-x86_64-linux-gnu.so\n'}
[1.709137] (px4_msgs) StdoutLine: {'line': b'-- Up-to-date: /home/rudra/custom_flightmode/install/px4_msgs/local/lib/python3.10/dist-packages/px4_msgs/px4_msgs_s__rosidl_typesupport_introspection_c.cpython-310-x86_64-linux-gnu.so\n'}
[1.709179] (px4_msgs) StdoutLine: {'line': b'-- Up-to-date: /home/rudra/custom_flightmode/install/px4_msgs/local/lib/python3.10/dist-packages/px4_msgs/px4_msgs_s__rosidl_typesupport_c.cpython-310-x86_64-linux-gnu.so\n'}
[1.709224] (px4_msgs) StdoutLine: {'line': b'-- Up-to-date: /home/rudra/custom_flightmode/install/px4_msgs/lib/libpx4_msgs__rosidl_generator_py.so\n'}
[1.709270] (px4_msgs) StdoutLine: {'line': b'-- Up-to-date: /home/rudra/custom_flightmode/install/px4_msgs/share/ament_index/resource_index/rust_packages/px4_msgs\n'}
[1.709315] (px4_msgs) StdoutLine: {'line': b'-- Up-to-date: /home/rudra/custom_flightmode/install/px4_msgs/share/px4_msgs/rust\n'}
[1.709359] (px4_msgs) StdoutLine: {'line': b'-- Up-to-date: /home/rudra/custom_flightmode/install/px4_msgs/share/px4_msgs/rust/build.rs\n'}
[1.709403] (px4_msgs) StdoutLine: {'line': b'-- Up-to-date: /home/rudra/custom_flightmode/install/px4_msgs/share/px4_msgs/rust/src\n'}
[1.709484] (px4_msgs) StdoutLine: {'line': b'-- Up-to-date: /home/rudra/custom_flightmode/install/px4_msgs/share/px4_msgs/rust/src/srv.rs\n'}
[1.709537] (px4_msgs) StdoutLine: {'line': b'-- Up-to-date: /home/rudra/custom_flightmode/install/px4_msgs/share/px4_msgs/rust/src/msg.rs\n'}
[1.709584] (px4_msgs) StdoutLine: {'line': b'-- Up-to-date: /home/rudra/custom_flightmode/install/px4_msgs/share/px4_msgs/rust/src/srv\n'}
[1.709626] (px4_msgs) StdoutLine: {'line': b'-- Up-to-date: /home/rudra/custom_flightmode/install/px4_msgs/share/px4_msgs/rust/src/srv/rmw.rs\n'}
[1.709666] (px4_msgs) StdoutLine: {'line': b'-- Up-to-date: /home/rudra/custom_flightmode/install/px4_msgs/share/px4_msgs/rust/src/lib.rs\n'}
[1.709705] (px4_msgs) StdoutLine: {'line': b'-- Up-to-date: /home/rudra/custom_flightmode/install/px4_msgs/share/px4_msgs/rust/src/msg\n'}
[1.709746] (px4_msgs) StdoutLine: {'line': b'-- Up-to-date: /home/rudra/custom_flightmode/install/px4_msgs/share/px4_msgs/rust/src/msg/rmw.rs\n'}
[1.709787] (px4_msgs) StdoutLine: {'line': b'-- Up-to-date: /home/rudra/custom_flightmode/install/px4_msgs/share/px4_msgs/rust/Cargo.toml\n'}
[1.709828] (px4_msgs) StdoutLine: {'line': b'-- Up-to-date: /home/rudra/custom_flightmode/install/px4_msgs/share/px4_msgs/msg/ActionRequest.idl\n'}
[1.709872] (px4_msgs) StdoutLine: {'line': b'-- Up-to-date: /home/rudra/custom_flightmode/install/px4_msgs/share/px4_msgs/msg/ActuatorArmed.idl\n'}
[1.709914] (px4_msgs) StdoutLine: {'line': b'-- Up-to-date: /home/rudra/custom_flightmode/install/px4_msgs/share/px4_msgs/msg/ActuatorControlsStatus.idl\n'}
[1.709954] (px4_msgs) StdoutLine: {'line': b'-- Up-to-date: /home/rudra/custom_flightmode/install/px4_msgs/share/px4_msgs/msg/ActuatorMotors.idl\n'}
[1.710013] (px4_msgs) StdoutLine: {'line': b'-- Up-to-date: /home/rudra/custom_flightmode/install/px4_msgs/share/px4_msgs/msg/ActuatorOutputs.idl\n'}
[1.710056] (px4_msgs) StdoutLine: {'line': b'-- Up-to-date: /home/rudra/custom_flightmode/install/px4_msgs/share/px4_msgs/msg/ActuatorServos.idl\n'}
[1.710096] (px4_msgs) StdoutLine: {'line': b'-- Up-to-date: /home/rudra/custom_flightmode/install/px4_msgs/share/px4_msgs/msg/ActuatorServosTrim.idl\n'}
[1.710137] (px4_msgs) StdoutLine: {'line': b'-- Up-to-date: /home/rudra/custom_flightmode/install/px4_msgs/share/px4_msgs/msg/ActuatorTest.idl\n'}
[1.710178] (px4_msgs) StdoutLine: {'line': b'-- Up-to-date: /home/rudra/custom_flightmode/install/px4_msgs/share/px4_msgs/msg/AdcReport.idl\n'}
[1.710231] (px4_msgs) StdoutLine: {'line': b'-- Up-to-date: /home/rudra/custom_flightmode/install/px4_msgs/share/px4_msgs/msg/Airspeed.idl\n'}
[1.710275] (px4_msgs) StdoutLine: {'line': b'-- Up-to-date: /home/rudra/custom_flightmode/install/px4_msgs/share/px4_msgs/msg/AirspeedValidated.idl\n'}
[1.710316] (px4_msgs) StdoutLine: {'line': b'-- Up-to-date: /home/rudra/custom_flightmode/install/px4_msgs/share/px4_msgs/msg/AirspeedWind.idl\n'}
[1.710356] (px4_msgs) StdoutLine: {'line': b'-- Up-to-date: /home/rudra/custom_flightmode/install/px4_msgs/share/px4_msgs/msg/ArmingCheckReply.idl\n'}
[1.710395] (px4_msgs) StdoutLine: {'line': b'-- Up-to-date: /home/rudra/custom_flightmode/install/px4_msgs/share/px4_msgs/msg/ArmingCheckRequest.idl\n'}
[1.710435] (px4_msgs) StdoutLine: {'line': b'-- Up-to-date: /home/rudra/custom_flightmode/install/px4_msgs/share/px4_msgs/msg/AutotuneAttitudeControlStatus.idl\n'}
[1.710505] (px4_msgs) StdoutLine: {'line': b'-- Up-to-date: /home/rudra/custom_flightmode/install/px4_msgs/share/px4_msgs/msg/AuxGlobalPosition.idl\n'}
[1.710573] (px4_msgs) StdoutLine: {'line': b'-- Up-to-date: /home/rudra/custom_flightmode/install/px4_msgs/share/px4_msgs/msg/BatteryInfo.idl\n'}
[1.710635] (px4_msgs) StdoutLine: {'line': b'-- Up-to-date: /home/rudra/custom_flightmode/install/px4_msgs/share/px4_msgs/msg/BatteryStatus.idl\n'}
[1.710715] (px4_msgs) StdoutLine: {'line': b'-- Up-to-date: /home/rudra/custom_flightmode/install/px4_msgs/share/px4_msgs/msg/ButtonEvent.idl\n'}
[1.710783] (px4_msgs) StdoutLine: {'line': b'-- Up-to-date: /home/rudra/custom_flightmode/install/px4_msgs/share/px4_msgs/msg/CameraCapture.idl\n'}
[1.710852] (px4_msgs) StdoutLine: {'line': b'-- Up-to-date: /home/rudra/custom_flightmode/install/px4_msgs/share/px4_msgs/msg/CameraStatus.idl\n'}
[1.710929] (px4_msgs) StdoutLine: {'line': b'-- Up-to-date: /home/rudra/custom_flightmode/install/px4_msgs/share/px4_msgs/msg/CameraTrigger.idl\n'}
[1.711000] (px4_msgs) StdoutLine: {'line': b'-- Up-to-date: /home/rudra/custom_flightmode/install/px4_msgs/share/px4_msgs/msg/CanInterfaceStatus.idl\n'}
[1.711078] (px4_msgs) StdoutLine: {'line': b'-- Up-to-date: /home/rudra/custom_flightmode/install/px4_msgs/share/px4_msgs/msg/CellularStatus.idl\n'}
[1.711157] (px4_msgs) StdoutLine: {'line': b'-- Up-to-date: /home/rudra/custom_flightmode/install/px4_msgs/share/px4_msgs/msg/CollisionConstraints.idl\n'}
[1.711251] (px4_msgs) StdoutLine: {'line': b'-- Up-to-date: /home/rudra/custom_flightmode/install/px4_msgs/share/px4_msgs/msg/ConfigOverrides.idl\n'}
[1.711325] (px4_msgs) StdoutLine: {'line': b'-- Up-to-date: /home/rudra/custom_flightmode/install/px4_msgs/share/px4_msgs/msg/ControlAllocatorStatus.idl\n'}
[1.711394] (px4_msgs) StdoutLine: {'line': b'-- Up-to-date: /home/rudra/custom_flightmode/install/px4_msgs/share/px4_msgs/msg/Cpuload.idl\n'}
[1.711459] (px4_msgs) StdoutLine: {'line': b'-- Up-to-date: /home/rudra/custom_flightmode/install/px4_msgs/share/px4_msgs/msg/DatamanRequest.idl\n'}
[1.711548] (px4_msgs) StdoutLine: {'line': b'-- Up-to-date: /home/rudra/custom_flightmode/install/px4_msgs/share/px4_msgs/msg/DatamanResponse.idl\n'}
[1.711618] (px4_msgs) StdoutLine: {'line': b'-- Up-to-date: /home/rudra/custom_flightmode/install/px4_msgs/share/px4_msgs/msg/DebugArray.idl\n'}
[1.711681] (px4_msgs) StdoutLine: {'line': b'-- Up-to-date: /home/rudra/custom_flightmode/install/px4_msgs/share/px4_msgs/msg/DebugKeyValue.idl\n'}
[1.711750] (px4_msgs) StdoutLine: {'line': b'-- Up-to-date: /home/rudra/custom_flightmode/install/px4_msgs/share/px4_msgs/msg/DebugValue.idl\n'}
[1.711848] (px4_msgs) StdoutLine: {'line': b'-- Up-to-date: /home/rudra/custom_flightmode/install/px4_msgs/share/px4_msgs/msg/DebugVect.idl\n'}
[1.711920] (px4_msgs) StdoutLine: {'line': b'-- Up-to-date: /home/rudra/custom_flightmode/install/px4_msgs/share/px4_msgs/msg/DetectAndAvoid.idl\n'}
[1.711991] (px4_msgs) StdoutLine: {'line': b'-- Up-to-date: /home/rudra/custom_flightmode/install/px4_msgs/share/px4_msgs/msg/DetectAndAvoidMostUrgent.idl\n'}
[1.712063] (px4_msgs) StdoutLine: {'line': b'-- Up-to-date: /home/rudra/custom_flightmode/install/px4_msgs/share/px4_msgs/msg/DeviceInformation.idl\n'}
[1.712132] (px4_msgs) StdoutLine: {'line': b'-- Up-to-date: /home/rudra/custom_flightmode/install/px4_msgs/share/px4_msgs/msg/DifferentialPressure.idl\n'}
[1.712228] (px4_msgs) StdoutLine: {'line': b'-- Up-to-date: /home/rudra/custom_flightmode/install/px4_msgs/share/px4_msgs/msg/DistanceSensor.idl\n'}
[1.712304] (px4_msgs) StdoutLine: {'line': b'-- Up-to-date: /home/rudra/custom_flightmode/install/px4_msgs/share/px4_msgs/msg/DistanceSensorModeChangeRequest.idl\n'}
[1.712374] (px4_msgs) StdoutLine: {'line': b'-- Up-to-date: /home/rudra/custom_flightmode/install/px4_msgs/share/px4_msgs/msg/DronecanNodeStatus.idl\n'}
[1.712441] (px4_msgs) StdoutLine: {'line': b'-- Up-to-date: /home/rudra/custom_flightmode/install/px4_msgs/share/px4_msgs/msg/Ekf2Timestamps.idl\n'}
[1.712526] (px4_msgs) StdoutLine: {'line': b'-- Up-to-date: /home/rudra/custom_flightmode/install/px4_msgs/share/px4_msgs/msg/EscEepromRead.idl\n'}
[1.712595] (px4_msgs) StdoutLine: {'line': b'-- Up-to-date: /home/rudra/custom_flightmode/install/px4_msgs/share/px4_msgs/msg/EscEepromWrite.idl\n'}
[1.712665] (px4_msgs) StdoutLine: {'line': b'-- Up-to-date: /home/rudra/custom_flightmode/install/px4_msgs/share/px4_msgs/msg/EscReport.idl\n'}
[1.712731] (px4_msgs) StdoutLine: {'line': b'-- Up-to-date: /home/rudra/custom_flightmode/install/px4_msgs/share/px4_msgs/msg/EscStatus.idl\n'}
[1.712800] (px4_msgs) StdoutLine: {'line': b'-- Up-to-date: /home/rudra/custom_flightmode/install/px4_msgs/share/px4_msgs/msg/EstimatorAidSource1d.idl\n'}
[1.712895] (px4_msgs) StdoutLine: {'line': b'-- Up-to-date: /home/rudra/custom_flightmode/install/px4_msgs/share/px4_msgs/msg/EstimatorAidSource2d.idl\n'}
[1.712965] (px4_msgs) StdoutLine: {'line': b'-- Up-to-date: /home/rudra/custom_flightmode/install/px4_msgs/share/px4_msgs/msg/EstimatorAidSource3d.idl\n'}
[1.713037] (px4_msgs) StdoutLine: {'line': b'-- Up-to-date: /home/rudra/custom_flightmode/install/px4_msgs/share/px4_msgs/msg/EstimatorBias.idl\n'}
[1.713102] (px4_msgs) StdoutLine: {'line': b'-- Up-to-date: /home/rudra/custom_flightmode/install/px4_msgs/share/px4_msgs/msg/EstimatorBias3d.idl\n'}
[1.713163] (px4_msgs) StdoutLine: {'line': b'-- Up-to-date: /home/rudra/custom_flightmode/install/px4_msgs/share/px4_msgs/msg/EstimatorEventFlags.idl\n'}
[1.713239] (px4_msgs) StdoutLine: {'line': b'-- Up-to-date: /home/rudra/custom_flightmode/install/px4_msgs/share/px4_msgs/msg/EstimatorFusionControl.idl\n'}
[1.713286] (px4_msgs) StdoutLine: {'line': b'-- Up-to-date: /home/rudra/custom_flightmode/install/px4_msgs/share/px4_msgs/msg/EstimatorGpsStatus.idl\n'}
[1.713330] (px4_msgs) StdoutLine: {'line': b'-- Up-to-date: /home/rudra/custom_flightmode/install/px4_msgs/share/px4_msgs/msg/EstimatorInnovations.idl\n'}
[1.713372] (px4_msgs) StdoutLine: {'line': b'-- Up-to-date: /home/rudra/custom_flightmode/install/px4_msgs/share/px4_msgs/msg/EstimatorSelectorStatus.idl\n'}
[1.713428] (px4_msgs) StdoutLine: {'line': b'-- Up-to-date: /home/rudra/custom_flightmode/install/px4_msgs/share/px4_msgs/msg/EstimatorSensorBias.idl\n'}
[1.713515] (px4_msgs) StdoutLine: {'line': b'-- Up-to-date: /home/rudra/custom_flightmode/install/px4_msgs/share/px4_msgs/msg/EstimatorStates.idl\n'}
[1.713566] (px4_msgs) StdoutLine: {'line': b'-- Up-to-date: /home/rudra/custom_flightmode/install/px4_msgs/share/px4_msgs/msg/EstimatorStatus.idl\n'}
[1.713610] (px4_msgs) StdoutLine: {'line': b'-- Up-to-date: /home/rudra/custom_flightmode/install/px4_msgs/share/px4_msgs/msg/EstimatorStatusFlags.idl\n'}
[1.713653] (px4_msgs) StdoutLine: {'line': b'-- Up-to-date: /home/rudra/custom_flightmode/install/px4_msgs/share/px4_msgs/msg/Event.idl\n'}
[1.713695] (px4_msgs) StdoutLine: {'line': b'-- Up-to-date: /home/rudra/custom_flightmode/install/px4_msgs/share/px4_msgs/msg/FailsafeFlags.idl\n'}
[1.713737] (px4_msgs) StdoutLine: {'line': b'-- Up-to-date: /home/rudra/custom_flightmode/install/px4_msgs/share/px4_msgs/msg/FailureDetectorStatus.idl\n'}
[1.713778] (px4_msgs) StdoutLine: {'line': b'-- Up-to-date: /home/rudra/custom_flightmode/install/px4_msgs/share/px4_msgs/msg/FailureInjection.idl\n'}
[1.713819] (px4_msgs) StdoutLine: {'line': b'-- Up-to-date: /home/rudra/custom_flightmode/install/px4_msgs/share/px4_msgs/msg/FiducialMarkerPosReport.idl\n'}
[1.713863] (px4_msgs) StdoutLine: {'line': b'-- Up-to-date: /home/rudra/custom_flightmode/install/px4_msgs/share/px4_msgs/msg/FiducialMarkerYawReport.idl\n'}
[1.713905] (px4_msgs) StdoutLine: {'line': b'-- Up-to-date: /home/rudra/custom_flightmode/install/px4_msgs/share/px4_msgs/msg/FigureEightStatus.idl\n'}
[1.713947] (px4_msgs) StdoutLine: {'line': b'-- Up-to-date: /home/rudra/custom_flightmode/install/px4_msgs/share/px4_msgs/msg/FixedWingLateralGuidanceStatus.idl\n'}
[1.713988] (px4_msgs) StdoutLine: {'line': b'-- Up-to-date: /home/rudra/custom_flightmode/install/px4_msgs/share/px4_msgs/msg/FixedWingLateralSetpoint.idl\n'}
[1.714030] (px4_msgs) StdoutLine: {'line': b'-- Up-to-date: /home/rudra/custom_flightmode/install/px4_msgs/share/px4_msgs/msg/FixedWingLateralStatus.idl\n'}
[1.714079] (px4_msgs) StdoutLine: {'line': b'-- Up-to-date: /home/rudra/custom_flightmode/install/px4_msgs/share/px4_msgs/msg/FixedWingLongitudinalSetpoint.idl\n'}
[1.714126] (px4_msgs) StdoutLine: {'line': b'-- Up-to-date: /home/rudra/custom_flightmode/install/px4_msgs/share/px4_msgs/msg/FixedWingRunwayControl.idl\n'}
[1.714173] (px4_msgs) StdoutLine: {'line': b'-- Up-to-date: /home/rudra/custom_flightmode/install/px4_msgs/share/px4_msgs/msg/FlightPhaseEstimation.idl\n'}
[1.714254] (px4_msgs) StdoutLine: {'line': b'-- Up-to-date: /home/rudra/custom_flightmode/install/px4_msgs/share/px4_msgs/msg/FollowTarget.idl\n'}
[1.714304] (px4_msgs) StdoutLine: {'line': b'-- Up-to-date: /home/rudra/custom_flightmode/install/px4_msgs/share/px4_msgs/msg/FollowTargetEstimator.idl\n'}
[1.714353] (px4_msgs) StdoutLine: {'line': b'-- Up-to-date: /home/rudra/custom_flightmode/install/px4_msgs/share/px4_msgs/msg/FollowTargetStatus.idl\n'}
[1.714395] (px4_msgs) StdoutLine: {'line': b'-- Up-to-date: /home/rudra/custom_flightmode/install/px4_msgs/share/px4_msgs/msg/FuelTankStatus.idl\n'}
[1.714437] (px4_msgs) StdoutLine: {'line': b'-- Up-to-date: /home/rudra/custom_flightmode/install/px4_msgs/share/px4_msgs/msg/GainCompression.idl\n'}
[1.714489] (px4_msgs) StdoutLine: {'line': b'-- Up-to-date: /home/rudra/custom_flightmode/install/px4_msgs/share/px4_msgs/msg/GeneratorStatus.idl\n'}
[1.714537] (px4_msgs) StdoutLine: {'line': b'-- Up-to-date: /home/rudra/custom_flightmode/install/px4_msgs/share/px4_msgs/msg/GeofenceResult.idl\n'}
[1.714579] (px4_msgs) StdoutLine: {'line': b'-- Up-to-date: /home/rudra/custom_flightmode/install/px4_msgs/share/px4_msgs/msg/GeofenceStatus.idl\n'}
[1.714638] (px4_msgs) StdoutLine: {'line': b'-- Up-to-date: /home/rudra/custom_flightmode/install/px4_msgs/share/px4_msgs/msg/GimbalControls.idl\n'}
[1.714681] (px4_msgs) StdoutLine: {'line': b'-- Up-to-date: /home/rudra/custom_flightmode/install/px4_msgs/share/px4_msgs/msg/GimbalDeviceAttitudeStatus.idl\n'}
[1.714722] (px4_msgs) StdoutLine: {'line': b'-- Up-to-date: /home/rudra/custom_flightmode/install/px4_msgs/share/px4_msgs/msg/GimbalDeviceInformation.idl\n'}
[1.714763] (px4_msgs) StdoutLine: {'line': b'-- Up-to-date: /home/rudra/custom_flightmode/install/px4_msgs/share/px4_msgs/msg/GimbalDeviceSetAttitude.idl\n'}
[1.714803] (px4_msgs) StdoutLine: {'line': b'-- Up-to-date: /home/rudra/custom_flightmode/install/px4_msgs/share/px4_msgs/msg/GimbalManagerInformation.idl\n'}
[1.718638] (px4_msgs) StdoutLine: {'line': b'-- Up-to-date: /home/rudra/custom_flightmode/install/px4_msgs/share/px4_msgs/msg/GimbalManagerSetAttitude.idl\n'}
[1.718878] (px4_msgs) StdoutLine: {'line': b'-- Up-to-date: /home/rudra/custom_flightmode/install/px4_msgs/share/px4_msgs/msg/GimbalManagerSetManualControl.idl\n'}
[1.718995] (px4_msgs) StdoutLine: {'line': b'-- Up-to-date: /home/rudra/custom_flightmode/install/px4_msgs/share/px4_msgs/msg/GimbalManagerStatus.idl\n'}
[1.719095] (px4_msgs) StdoutLine: {'line': b'-- Up-to-date: /home/rudra/custom_flightmode/install/px4_msgs/share/px4_msgs/msg/GotoSetpoint.idl\n'}
[1.719178] (px4_msgs) StdoutLine: {'line': b'-- Up-to-date: /home/rudra/custom_flightmode/install/px4_msgs/share/px4_msgs/msg/GpioConfig.idl\n'}
[1.721670] (px4_msgs) StdoutLine: {'line': b'-- Up-to-date: /home/rudra/custom_flightmode/install/px4_msgs/share/px4_msgs/msg/GpioIn.idl\n'}
[1.721831] (px4_msgs) StdoutLine: {'line': b'-- Up-to-date: /home/rudra/custom_flightmode/install/px4_msgs/share/px4_msgs/msg/GpioOut.idl\n'}
[1.722563] (px4_msgs) StdoutLine: {'line': b'-- Up-to-date: /home/rudra/custom_flightmode/install/px4_msgs/share/px4_msgs/msg/GpioRequest.idl\n'}
[1.722673] (px4_msgs) StdoutLine: {'line': b'-- Up-to-date: /home/rudra/custom_flightmode/install/px4_msgs/share/px4_msgs/msg/GpsDump.idl\n'}
[1.722745] (px4_msgs) StdoutLine: {'line': b'-- Up-to-date: /home/rudra/custom_flightmode/install/px4_msgs/share/px4_msgs/msg/Gripper.idl\n'}
[1.722894] (px4_msgs) StdoutLine: {'line': b'-- Up-to-date: /home/rudra/custom_flightmode/install/px4_msgs/share/px4_msgs/msg/HealthReport.idl\n'}
[1.723660] (px4_msgs) StdoutLine: {'line': b'-- Up-to-date: /home/rudra/custom_flightmode/install/px4_msgs/share/px4_msgs/msg/HeaterStatus.idl\n'}
[1.724523] (px4_msgs) StdoutLine: {'line': b'-- Up-to-date: /home/rudra/custom_flightmode/install/px4_msgs/share/px4_msgs/msg/HomePosition.idl\n'}
[1.725146] (px4_msgs) StdoutLine: {'line': b'-- Up-to-date: /home/rudra/custom_flightmode/install/px4_msgs/share/px4_msgs/msg/HoverThrustEstimate.idl\n'}
[1.725888] (px4_msgs) StdoutLine: {'line': b'-- Up-to-date: /home/rudra/custom_flightmode/install/px4_msgs/share/px4_msgs/msg/InputRc.idl\n'}
[1.726911] (px4_msgs) StdoutLine: {'line': b'-- Up-to-date: /home/rudra/custom_flightmode/install/px4_msgs/share/px4_msgs/msg/InternalCombustionEngineControl.idl\n'}
[1.727077] (px4_msgs) StdoutLine: {'line': b'-- Up-to-date: /home/rudra/custom_flightmode/install/px4_msgs/share/px4_msgs/msg/InternalCombustionEngineStatus.idl\n'}
[1.728008] (px4_msgs) StdoutLine: {'line': b'-- Up-to-date: /home/rudra/custom_flightmode/install/px4_msgs/share/px4_msgs/msg/IridiumsbdStatus.idl\n'}
[1.728710] (px4_msgs) StdoutLine: {'line': b'-- Up-to-date: /home/rudra/custom_flightmode/install/px4_msgs/share/px4_msgs/msg/IrlockReport.idl\n'}
[1.729116] (px4_msgs) StdoutLine: {'line': b'-- Up-to-date: /home/rudra/custom_flightmode/install/px4_msgs/share/px4_msgs/msg/LandingGear.idl\n'}
[1.729516] (px4_msgs) StdoutLine: {'line': b'-- Up-to-date: /home/rudra/custom_flightmode/install/px4_msgs/share/px4_msgs/msg/LandingGearWheel.idl\n'}
[1.730040] (px4_msgs) StdoutLine: {'line': b'-- Up-to-date: /home/rudra/custom_flightmode/install/px4_msgs/share/px4_msgs/msg/LandingTargetInnovations.idl\n'}
[1.730759] (px4_msgs) StdoutLine: {'line': b'-- Up-to-date: /home/rudra/custom_flightmode/install/px4_msgs/share/px4_msgs/msg/LandingTargetPose.idl\n'}
[1.731179] (px4_msgs) StdoutLine: {'line': b'-- Up-to-date: /home/rudra/custom_flightmode/install/px4_msgs/share/px4_msgs/msg/LateralControlConfiguration.idl\n'}
[1.731587] (px4_msgs) StdoutLine: {'line': b'-- Up-to-date: /home/rudra/custom_flightmode/install/px4_msgs/share/px4_msgs/msg/LaunchDetectionStatus.idl\n'}
[1.732099] (px4_msgs) StdoutLine: {'line': b'-- Up-to-date: /home/rudra/custom_flightmode/install/px4_msgs/share/px4_msgs/msg/LedControl.idl\n'}
[1.732781] (px4_msgs) StdoutLine: {'line': b'-- Up-to-date: /home/rudra/custom_flightmode/install/px4_msgs/share/px4_msgs/msg/LogMessage.idl\n'}
[1.733247] (px4_msgs) StdoutLine: {'line': b'-- Up-to-date: /home/rudra/custom_flightmode/install/px4_msgs/share/px4_msgs/msg/LoggerStatus.idl\n'}
[1.733695] (px4_msgs) StdoutLine: {'line': b'-- Up-to-date: /home/rudra/custom_flightmode/install/px4_msgs/share/px4_msgs/msg/LongitudinalControlConfiguration.idl\n'}
[1.734301] (px4_msgs) StdoutLine: {'line': b'-- Up-to-date: /home/rudra/custom_flightmode/install/px4_msgs/share/px4_msgs/msg/MagWorkerData.idl\n'}
[1.735217] (px4_msgs) StdoutLine: {'line': b'-- Up-to-date: /home/rudra/custom_flightmode/install/px4_msgs/share/px4_msgs/msg/MagnetometerBiasEstimate.idl\n'}
[1.735623] (px4_msgs) StdoutLine: {'line': b'-- Up-to-date: /home/rudra/custom_flightmode/install/px4_msgs/share/px4_msgs/msg/ManualControlSetpoint.idl\n'}
[1.736041] (px4_msgs) StdoutLine: {'line': b'-- Up-to-date: /home/rudra/custom_flightmode/install/px4_msgs/share/px4_msgs/msg/ManualControlSwitches.idl\n'}
[1.736704] (px4_msgs) StdoutLine: {'line': b'-- Up-to-date: /home/rudra/custom_flightmode/install/px4_msgs/share/px4_msgs/msg/MavlinkLog.idl\n'}
[1.737537] (px4_msgs) StdoutLine: {'line': b'-- Up-to-date: /home/rudra/custom_flightmode/install/px4_msgs/share/px4_msgs/msg/MavlinkTunnel.idl\n'}
[1.738518] (px4_msgs) StdoutLine: {'line': b'-- Up-to-date: /home/rudra/custom_flightmode/install/px4_msgs/share/px4_msgs/msg/MessageFormatRequest.idl\n'}
[1.738816] (px4_msgs) StdoutLine: {'line': b'-- Up-to-date: /home/rudra/custom_flightmode/install/px4_msgs/share/px4_msgs/msg/MessageFormatResponse.idl\n'}
[1.739697] (px4_msgs) StdoutLine: {'line': b'-- Up-to-date: /home/rudra/custom_flightmode/install/px4_msgs/share/px4_msgs/msg/Mission.idl\n'}
[1.740545] (px4_msgs) StdoutLine: {'line': b'-- Up-to-date: /home/rudra/custom_flightmode/install/px4_msgs/share/px4_msgs/msg/MissionResult.idl\n'}
[1.741008] (px4_msgs) StdoutLine: {'line': b'-- Up-to-date: /home/rudra/custom_flightmode/install/px4_msgs/share/px4_msgs/msg/ModeCompleted.idl\n'}
[1.741626] (px4_msgs) StdoutLine: {'line': b'-- Up-to-date: /home/rudra/custom_flightmode/install/px4_msgs/share/px4_msgs/msg/MountOrientation.idl\n'}
[1.742205] (px4_msgs) StdoutLine: {'line': b'-- Up-to-date: /home/rudra/custom_flightmode/install/px4_msgs/share/px4_msgs/msg/NavigatorMissionItem.idl\n'}
[1.742918] (px4_msgs) StdoutLine: {'line': b'-- Up-to-date: /home/rudra/custom_flightmode/install/px4_msgs/share/px4_msgs/msg/NavigatorStatus.idl\n'}
[1.743334] (px4_msgs) StdoutLine: {'line': b'-- Up-to-date: /home/rudra/custom_flightmode/install/px4_msgs/share/px4_msgs/msg/NeuralControl.idl\n'}
[1.743747] (px4_msgs) StdoutLine: {'line': b'-- Up-to-date: /home/rudra/custom_flightmode/install/px4_msgs/share/px4_msgs/msg/NormalizedUnsignedSetpoint.idl\n'}
[1.744296] (px4_msgs) StdoutLine: {'line': b'-- Up-to-date: /home/rudra/custom_flightmode/install/px4_msgs/share/px4_msgs/msg/ObstacleDistance.idl\n'}
[1.744950] (px4_msgs) StdoutLine: {'line': b'-- Up-to-date: /home/rudra/custom_flightmode/install/px4_msgs/share/px4_msgs/msg/OffboardControlMode.idl\n'}
[1.745532] (px4_msgs) StdoutLine: {'line': b'-- Up-to-date: /home/rudra/custom_flightmode/install/px4_msgs/share/px4_msgs/msg/OnboardComputerStatus.idl\n'}
[1.746027] (px4_msgs) StdoutLine: {'line': b'-- Up-to-date: /home/rudra/custom_flightmode/install/px4_msgs/share/px4_msgs/msg/OpenDroneIdArmStatus.idl\n'}
[1.746545] (px4_msgs) StdoutLine: {'line': b'-- Up-to-date: /home/rudra/custom_flightmode/install/px4_msgs/share/px4_msgs/msg/OpenDroneIdBasicId.idl\n'}
[1.747216] (px4_msgs) StdoutLine: {'line': b'-- Up-to-date: /home/rudra/custom_flightmode/install/px4_msgs/share/px4_msgs/msg/OpenDroneIdOperatorId.idl\n'}
[1.747676] (px4_msgs) StdoutLine: {'line': b'-- Up-to-date: /home/rudra/custom_flightmode/install/px4_msgs/share/px4_msgs/msg/OpenDroneIdSelfId.idl\n'}
[1.748271] (px4_msgs) StdoutLine: {'line': b'-- Up-to-date: /home/rudra/custom_flightmode/install/px4_msgs/share/px4_msgs/msg/OpenDroneIdSystem.idl\n'}
[1.748901] (px4_msgs) StdoutLine: {'line': b'-- Up-to-date: /home/rudra/custom_flightmode/install/px4_msgs/share/px4_msgs/msg/OrbTest.idl\n'}
[1.749589] (px4_msgs) StdoutLine: {'line': b'-- Up-to-date: /home/rudra/custom_flightmode/install/px4_msgs/share/px4_msgs/msg/OrbTestLarge.idl\n'}
[1.749995] (px4_msgs) StdoutLine: {'line': b'-- Up-to-date: /home/rudra/custom_flightmode/install/px4_msgs/share/px4_msgs/msg/OrbTestMedium.idl\n'}
[1.750402] (px4_msgs) StdoutLine: {'line': b'-- Up-to-date: /home/rudra/custom_flightmode/install/px4_msgs/share/px4_msgs/msg/OrbitStatus.idl\n'}
[1.750964] (px4_msgs) StdoutLine: {'line': b'-- Up-to-date: /home/rudra/custom_flightmode/install/px4_msgs/share/px4_msgs/msg/ParameterResetRequest.idl\n'}
[1.751703] (px4_msgs) StdoutLine: {'line': b'-- Up-to-date: /home/rudra/custom_flightmode/install/px4_msgs/share/px4_msgs/msg/ParameterSetUsedRequest.idl\n'}
[1.752499] (px4_msgs) StdoutLine: {'line': b'-- Up-to-date: /home/rudra/custom_flightmode/install/px4_msgs/share/px4_msgs/msg/ParameterSetValueRequest.idl\n'}
[1.752733] (px4_msgs) StdoutLine: {'line': b'-- Up-to-date: /home/rudra/custom_flightmode/install/px4_msgs/share/px4_msgs/msg/ParameterSetValueResponse.idl\n'}
[1.753513] (px4_msgs) StdoutLine: {'line': b'-- Up-to-date: /home/rudra/custom_flightmode/install/px4_msgs/share/px4_msgs/msg/ParameterUpdate.idl\n'}
[1.754249] (px4_msgs) StdoutLine: {'line': b'-- Up-to-date: /home/rudra/custom_flightmode/install/px4_msgs/share/px4_msgs/msg/Ping.idl\n'}
[1.754703] (px4_msgs) StdoutLine: {'line': b'-- Up-to-date: /home/rudra/custom_flightmode/install/px4_msgs/share/px4_msgs/msg/PositionControllerLandingStatus.idl\n'}
[1.755309] (px4_msgs) StdoutLine: {'line': b'-- Up-to-date: /home/rudra/custom_flightmode/install/px4_msgs/share/px4_msgs/msg/PositionControllerStatus.idl\n'}
[1.755955] (px4_msgs) StdoutLine: {'line': b'-- Up-to-date: /home/rudra/custom_flightmode/install/px4_msgs/share/px4_msgs/msg/PositionSetpoint.idl\n'}
[1.756661] (px4_msgs) StdoutLine: {'line': b'-- Up-to-date: /home/rudra/custom_flightmode/install/px4_msgs/share/px4_msgs/msg/PositionSetpointTriplet.idl\n'}
[1.757082] (px4_msgs) StdoutLine: {'line': b'-- Up-to-date: /home/rudra/custom_flightmode/install/px4_msgs/share/px4_msgs/msg/PowerButtonState.idl\n'}
[1.757492] (px4_msgs) StdoutLine: {'line': b'-- Up-to-date: /home/rudra/custom_flightmode/install/px4_msgs/share/px4_msgs/msg/PowerMonitor.idl\n'}
[1.758131] (px4_msgs) StdoutLine: {'line': b'-- Up-to-date: /home/rudra/custom_flightmode/install/px4_msgs/share/px4_msgs/msg/PpsCapture.idl\n'}
[1.758810] (px4_msgs) StdoutLine: {'line': b'-- Up-to-date: /home/rudra/custom_flightmode/install/px4_msgs/share/px4_msgs/msg/PrecLandStatus.idl\n'}
[1.759347] (px4_msgs) StdoutLine: {'line': b'-- Up-to-date: /home/rudra/custom_flightmode/install/px4_msgs/share/px4_msgs/msg/PurePursuitStatus.idl\n'}
[1.759764] (px4_msgs) StdoutLine: {'line': b'-- Up-to-date: /home/rudra/custom_flightmode/install/px4_msgs/share/px4_msgs/msg/PwmInput.idl\n'}
[1.760293] (px4_msgs) StdoutLine: {'line': b'-- Up-to-date: /home/rudra/custom_flightmode/install/px4_msgs/share/px4_msgs/msg/Px4ioStatus.idl\n'}
[1.760990] (px4_msgs) StdoutLine: {'line': b'-- Up-to-date: /home/rudra/custom_flightmode/install/px4_msgs/share/px4_msgs/msg/QshellReq.idl\n'}
[1.761442] (px4_msgs) StdoutLine: {'line': b'-- Up-to-date: /home/rudra/custom_flightmode/install/px4_msgs/share/px4_msgs/msg/QshellRetval.idl\n'}
[1.761928] (px4_msgs) StdoutLine: {'line': b'-- Up-to-date: /home/rudra/custom_flightmode/install/px4_msgs/share/px4_msgs/msg/RadioStatus.idl\n'}
[1.762588] (px4_msgs) StdoutLine: {'line': b'-- Up-to-date: /home/rudra/custom_flightmode/install/px4_msgs/share/px4_msgs/msg/RangingBeacon.idl\n'}
[1.763315] (px4_msgs) StdoutLine: {'line': b'-- Up-to-date: /home/rudra/custom_flightmode/install/px4_msgs/share/px4_msgs/msg/RaptorInput.idl\n'}
[1.763745] (px4_msgs) StdoutLine: {'line': b'-- Up-to-date: /home/rudra/custom_flightmode/install/px4_msgs/share/px4_msgs/msg/RaptorStatus.idl\n'}
[1.764253] (px4_msgs) StdoutLine: {'line': b'-- Up-to-date: /home/rudra/custom_flightmode/install/px4_msgs/share/px4_msgs/msg/RateCtrlStatus.idl\n'}
[1.765051] (px4_msgs) StdoutLine: {'line': b'-- Up-to-date: /home/rudra/custom_flightmode/install/px4_msgs/share/px4_msgs/msg/RcChannels.idl\n'}
[1.765961] (px4_msgs) StdoutLine: {'line': b'-- Up-to-date: /home/rudra/custom_flightmode/install/px4_msgs/share/px4_msgs/msg/RcParameterMap.idl\n'}
[1.766909] (px4_msgs) StdoutLine: {'line': b'-- Up-to-date: /home/rudra/custom_flightmode/install/px4_msgs/share/px4_msgs/msg/RegisterExtComponentReply.idl\n'}
[1.767203] (px4_msgs) StdoutLine: {'line': b'-- Up-to-date: /home/rudra/custom_flightmode/install/px4_msgs/share/px4_msgs/msg/RegisterExtComponentRequest.idl\n'}
[1.768065] (px4_msgs) StdoutLine: {'line': b'-- Up-to-date: /home/rudra/custom_flightmode/install/px4_msgs/share/px4_msgs/msg/RoverAttitudeSetpoint.idl\n'}
[1.768880] (px4_msgs) StdoutLine: {'line': b'-- Up-to-date: /home/rudra/custom_flightmode/install/px4_msgs/share/px4_msgs/msg/RoverAttitudeStatus.idl\n'}
[1.769526] (px4_msgs) StdoutLine: {'line': b'-- Up-to-date: /home/rudra/custom_flightmode/install/px4_msgs/share/px4_msgs/msg/RoverPositionSetpoint.idl\n'}
[1.770003] (px4_msgs) StdoutLine: {'line': b'-- Up-to-date: /home/rudra/custom_flightmode/install/px4_msgs/share/px4_msgs/msg/RoverRateSetpoint.idl\n'}
[1.770557] (px4_msgs) StdoutLine: {'line': b'-- Up-to-date: /home/rudra/custom_flightmode/install/px4_msgs/share/px4_msgs/msg/RoverRateStatus.idl\n'}
[1.771268] (px4_msgs) StdoutLine: {'line': b'-- Up-to-date: /home/rudra/custom_flightmode/install/px4_msgs/share/px4_msgs/msg/RoverSpeedSetpoint.idl\n'}
[1.771777] (px4_msgs) StdoutLine: {'line': b'-- Up-to-date: /home/rudra/custom_flightmode/install/px4_msgs/share/px4_msgs/msg/RoverSpeedStatus.idl\n'}
[1.772196] (px4_msgs) StdoutLine: {'line': b'-- Up-to-date: /home/rudra/custom_flightmode/install/px4_msgs/share/px4_msgs/msg/RoverSteeringSetpoint.idl\n'}
[1.772841] (px4_msgs) StdoutLine: {'line': b'-- Up-to-date: /home/rudra/custom_flightmode/install/px4_msgs/share/px4_msgs/msg/RoverThrottleSetpoint.idl\n'}
[1.773534] (px4_msgs) StdoutLine: {'line': b'-- Up-to-date: /home/rudra/custom_flightmode/install/px4_msgs/share/px4_msgs/msg/Rpm.idl\n'}
[1.773981] (px4_msgs) StdoutLine: {'line': b'-- Up-to-date: /home/rudra/custom_flightmode/install/px4_msgs/share/px4_msgs/msg/RtcmData.idl\n'}
[1.774492] (px4_msgs) StdoutLine: {'line': b'-- Up-to-date: /home/rudra/custom_flightmode/install/px4_msgs/share/px4_msgs/msg/RtlStatus.idl\n'}
[1.775061] (px4_msgs) StdoutLine: {'line': b'-- Up-to-date: /home/rudra/custom_flightmode/install/px4_msgs/share/px4_msgs/msg/RtlTimeEstimate.idl\n'}
[1.775861] (px4_msgs) StdoutLine: {'line': b'-- Up-to-date: /home/rudra/custom_flightmode/install/px4_msgs/share/px4_msgs/msg/SatelliteInfo.idl\n'}
[1.776357] (px4_msgs) StdoutLine: {'line': b'-- Up-to-date: /home/rudra/custom_flightmode/install/px4_msgs/share/px4_msgs/msg/SensorAccel.idl\n'}
[1.776840] (px4_msgs) StdoutLine: {'line': b'-- Up-to-date: /home/rudra/custom_flightmode/install/px4_msgs/share/px4_msgs/msg/SensorAccelFifo.idl\n'}
[1.777368] (px4_msgs) StdoutLine: {'line': b'-- Up-to-date: /home/rudra/custom_flightmode/install/px4_msgs/share/px4_msgs/msg/SensorAirflow.idl\n'}
[1.778051] (px4_msgs) StdoutLine: {'line': b'-- Up-to-date: /home/rudra/custom_flightmode/install/px4_msgs/share/px4_msgs/msg/SensorBaro.idl\n'}
[1.778474] (px4_msgs) StdoutLine: {'line': b'-- Up-to-date: /home/rudra/custom_flightmode/install/px4_msgs/share/px4_msgs/msg/SensorCombined.idl\n'}
[1.778894] (px4_msgs) StdoutLine: {'line': b'-- Up-to-date: /home/rudra/custom_flightmode/install/px4_msgs/share/px4_msgs/msg/SensorCorrection.idl\n'}
[1.779532] (px4_msgs) StdoutLine: {'line': b'-- Up-to-date: /home/rudra/custom_flightmode/install/px4_msgs/share/px4_msgs/msg/SensorGnssRelative.idl\n'}
[1.780268] (px4_msgs) StdoutLine: {'line': b'-- Up-to-date: /home/rudra/custom_flightmode/install/px4_msgs/share/px4_msgs/msg/SensorGnssStatus.idl\n'}
[1.780999] (px4_msgs) StdoutLine: {'line': b'-- Up-to-date: /home/rudra/custom_flightmode/install/px4_msgs/share/px4_msgs/msg/SensorGps.idl\n'}
[1.781184] (px4_msgs) StdoutLine: {'line': b'-- Up-to-date: /home/rudra/custom_flightmode/install/px4_msgs/share/px4_msgs/msg/SensorGyro.idl\n'}
[1.790456] (px4_msgs) StdoutLine: {'line': b'-- Up-to-date: /home/rudra/custom_flightmode/install/px4_msgs/share/px4_msgs/msg/SensorGyroFft.idl\n'}
[1.791306] (px4_msgs) StdoutLine: {'line': b'-- Up-to-date: /home/rudra/custom_flightmode/install/px4_msgs/share/px4_msgs/msg/SensorGyroFifo.idl\n'}
[1.791711] (px4_msgs) StdoutLine: {'line': b'-- Up-to-date: /home/rudra/custom_flightmode/install/px4_msgs/share/px4_msgs/msg/SensorHygrometer.idl\n'}
[1.792197] (px4_msgs) StdoutLine: {'line': b'-- Up-to-date: /home/rudra/custom_flightmode/install/px4_msgs/share/px4_msgs/msg/SensorMag.idl\n'}
[1.792733] (px4_msgs) StdoutLine: {'line': b'-- Up-to-date: /home/rudra/custom_flightmode/install/px4_msgs/share/px4_msgs/msg/SensorOpticalFlow.idl\n'}
[1.793562] (px4_msgs) StdoutLine: {'line': b'-- Up-to-date: /home/rudra/custom_flightmode/install/px4_msgs/share/px4_msgs/msg/SensorPreflightMag.idl\n'}
[1.794150] (px4_msgs) StdoutLine: {'line': b'-- Up-to-date: /home/rudra/custom_flightmode/install/px4_msgs/share/px4_msgs/msg/SensorSelection.idl\n'}
[1.794626] (px4_msgs) StdoutLine: {'line': b'-- Up-to-date: /home/rudra/custom_flightmode/install/px4_msgs/share/px4_msgs/msg/SensorTemp.idl\n'}
[1.795349] (px4_msgs) StdoutLine: {'line': b'-- Up-to-date: /home/rudra/custom_flightmode/install/px4_msgs/share/px4_msgs/msg/SensorUwb.idl\n'}
[1.796250] (px4_msgs) StdoutLine: {'line': b'-- Up-to-date: /home/rudra/custom_flightmode/install/px4_msgs/share/px4_msgs/msg/SensorsStatus.idl\n'}
[1.797028] (px4_msgs) StdoutLine: {'line': b'-- Up-to-date: /home/rudra/custom_flightmode/install/px4_msgs/share/px4_msgs/msg/SensorsStatusImu.idl\n'}
[1.797723] (px4_msgs) StdoutLine: {'line': b'-- Up-to-date: /home/rudra/custom_flightmode/install/px4_msgs/share/px4_msgs/msg/SetpointConfig.idl\n'}
[1.798358] (px4_msgs) StdoutLine: {'line': b'-- Up-to-date: /home/rudra/custom_flightmode/install/px4_msgs/share/px4_msgs/msg/SetpointConfigReply.idl\n'}
[1.799033] (px4_msgs) StdoutLine: {'line': b'-- Up-to-date: /home/rudra/custom_flightmode/install/px4_msgs/share/px4_msgs/msg/SystemPower.idl\n'}
[1.799445] (px4_msgs) StdoutLine: {'line': b'-- Up-to-date: /home/rudra/custom_flightmode/install/px4_msgs/share/px4_msgs/msg/TakeoffStatus.idl\n'}
[1.799860] (px4_msgs) StdoutLine: {'line': b'-- Up-to-date: /home/rudra/custom_flightmode/install/px4_msgs/share/px4_msgs/msg/TargetGnss.idl\n'}
[1.800373] (px4_msgs) StdoutLine: {'line': b'-- Up-to-date: /home/rudra/custom_flightmode/install/px4_msgs/share/px4_msgs/msg/TaskStackInfo.idl\n'}
[1.801024] (px4_msgs) StdoutLine: {'line': b'-- Up-to-date: /home/rudra/custom_flightmode/install/px4_msgs/share/px4_msgs/msg/TecsStatus.idl\n'}
[1.801462] (px4_msgs) StdoutLine: {'line': b'-- Up-to-date: /home/rudra/custom_flightmode/install/px4_msgs/share/px4_msgs/msg/TelemetryStatus.idl\n'}
[1.801959] (px4_msgs) StdoutLine: {'line': b'-- Up-to-date: /home/rudra/custom_flightmode/install/px4_msgs/share/px4_msgs/msg/TiltrotorExtraControls.idl\n'}
[1.802749] (px4_msgs) StdoutLine: {'line': b'-- Up-to-date: /home/rudra/custom_flightmode/install/px4_msgs/share/px4_msgs/msg/TimesyncStatus.idl\n'}
[1.803780] (px4_msgs) StdoutLine: {'line': b'-- Up-to-date: /home/rudra/custom_flightmode/install/px4_msgs/share/px4_msgs/msg/TrajectorySetpoint.idl\n'}
[1.804750] (-) TimerEvent: {}
[1.804879] (px4_msgs) StdoutLine: {'line': b'-- Up-to-date: /home/rudra/custom_flightmode/install/px4_msgs/share/px4_msgs/msg/TrajectorySetpoint6dof.idl\n'}
[1.805085] (px4_msgs) StdoutLine: {'line': b'-- Up-to-date: /home/rudra/custom_flightmode/install/px4_msgs/share/px4_msgs/msg/TransponderReport.idl\n'}
[1.805960] (px4_msgs) StdoutLine: {'line': b'-- Up-to-date: /home/rudra/custom_flightmode/install/px4_msgs/share/px4_msgs/msg/TuneControl.idl\n'}
[1.806682] (px4_msgs) StdoutLine: {'line': b'-- Up-to-date: /home/rudra/custom_flightmode/install/px4_msgs/share/px4_msgs/msg/UavcanParameterRequest.idl\n'}
[1.807105] (px4_msgs) StdoutLine: {'line': b'-- Up-to-date: /home/rudra/custom_flightmode/install/px4_msgs/share/px4_msgs/msg/UavcanParameterValue.idl\n'}
[1.807571] (px4_msgs) StdoutLine: {'line': b'-- Up-to-date: /home/rudra/custom_flightmode/install/px4_msgs/share/px4_msgs/msg/UlogStream.idl\n'}
[1.808108] (px4_msgs) StdoutLine: {'line': b'-- Up-to-date: /home/rudra/custom_flightmode/install/px4_msgs/share/px4_msgs/msg/UlogStreamAck.idl\n'}
[1.808807] (px4_msgs) StdoutLine: {'line': b'-- Up-to-date: /home/rudra/custom_flightmode/install/px4_msgs/share/px4_msgs/msg/UnregisterExtComponent.idl\n'}
[1.809334] (px4_msgs) StdoutLine: {'line': b'-- Up-to-date: /home/rudra/custom_flightmode/install/px4_msgs/share/px4_msgs/msg/VehicleAcceleration.idl\n'}
[1.809772] (px4_msgs) StdoutLine: {'line': b'-- Up-to-date: /home/rudra/custom_flightmode/install/px4_msgs/share/px4_msgs/msg/VehicleAirData.idl\n'}
[1.810474] (px4_msgs) StdoutLine: {'line': b'-- Up-to-date: /home/rudra/custom_flightmode/install/px4_msgs/share/px4_msgs/msg/VehicleAngularVelocity.idl\n'}
[1.811256] (px4_msgs) StdoutLine: {'line': b'-- Up-to-date: /home/rudra/custom_flightmode/install/px4_msgs/share/px4_msgs/msg/VehicleAttitude.idl\n'}
[1.811796] (px4_msgs) StdoutLine: {'line': b'-- Up-to-date: /home/rudra/custom_flightmode/install/px4_msgs/share/px4_msgs/msg/VehicleAttitudeSetpoint.idl\n'}
[1.812388] (px4_msgs) StdoutLine: {'line': b'-- Up-to-date: /home/rudra/custom_flightmode/install/px4_msgs/share/px4_msgs/msg/VehicleCommand.idl\n'}
[1.812915] (px4_msgs) StdoutLine: {'line': b'-- Up-to-date: /home/rudra/custom_flightmode/install/px4_msgs/share/px4_msgs/msg/VehicleCommandAck.idl\n'}
[1.813586] (px4_msgs) StdoutLine: {'line': b'-- Up-to-date: /home/rudra/custom_flightmode/install/px4_msgs/share/px4_msgs/msg/VehicleConstraints.idl\n'}
[1.814006] (px4_msgs) StdoutLine: {'line': b'-- Up-to-date: /home/rudra/custom_flightmode/install/px4_msgs/share/px4_msgs/msg/VehicleControlMode.idl\n'}
[1.814459] (px4_msgs) StdoutLine: {'line': b'-- Up-to-date: /home/rudra/custom_flightmode/install/px4_msgs/share/px4_msgs/msg/VehicleGlobalPosition.idl\n'}
[1.815002] (px4_msgs) StdoutLine: {'line': b'-- Up-to-date: /home/rudra/custom_flightmode/install/px4_msgs/share/px4_msgs/msg/VehicleImu.idl\n'}
[1.815712] (px4_msgs) StdoutLine: {'line': b'-- Up-to-date: /home/rudra/custom_flightmode/install/px4_msgs/share/px4_msgs/msg/VehicleImuStatus.idl\n'}
[1.816178] (px4_msgs) StdoutLine: {'line': b'-- Up-to-date: /home/rudra/custom_flightmode/install/px4_msgs/share/px4_msgs/msg/VehicleLandDetected.idl\n'}
[1.816635] (px4_msgs) StdoutLine: {'line': b'-- Up-to-date: /home/rudra/custom_flightmode/install/px4_msgs/share/px4_msgs/msg/VehicleLocalPosition.idl\n'}
[1.817301] (px4_msgs) StdoutLine: {'line': b'-- Up-to-date: /home/rudra/custom_flightmode/install/px4_msgs/share/px4_msgs/msg/VehicleLocalPositionSetpoint.idl\n'}
[1.818204] (px4_msgs) StdoutLine: {'line': b'-- Up-to-date: /home/rudra/custom_flightmode/install/px4_msgs/share/px4_msgs/msg/VehicleMagnetometer.idl\n'}
[1.818996] (px4_msgs) StdoutLine: {'line': b'-- Up-to-date: /home/rudra/custom_flightmode/install/px4_msgs/share/px4_msgs/msg/VehicleOdometry.idl\n'}
[1.819170] (px4_msgs) StdoutLine: {'line': b'-- Up-to-date: /home/rudra/custom_flightmode/install/px4_msgs/share/px4_msgs/msg/VehicleOpticalFlow.idl\n'}
[1.819974] (px4_msgs) StdoutLine: {'line': b'-- Up-to-date: /home/rudra/custom_flightmode/install/px4_msgs/share/px4_msgs/msg/VehicleOpticalFlowVel.idl\n'}
[1.820670] (px4_msgs) StdoutLine: {'line': b'-- Up-to-date: /home/rudra/custom_flightmode/install/px4_msgs/share/px4_msgs/msg/VehicleRatesSetpoint.idl\n'}
[1.821092] (px4_msgs) StdoutLine: {'line': b'-- Up-to-date: /home/rudra/custom_flightmode/install/px4_msgs/share/px4_msgs/msg/VehicleRoi.idl\n'}
[1.821573] (px4_msgs) StdoutLine: {'line': b'-- Up-to-date: /home/rudra/custom_flightmode/install/px4_msgs/share/px4_msgs/msg/VehicleStatus.idl\n'}
[1.825598] (px4_msgs) StdoutLine: {'line': b'-- Up-to-date: /home/rudra/custom_flightmode/install/px4_msgs/share/px4_msgs/msg/VehicleThrustSetpoint.idl\n'}
[1.825878] (px4_msgs) StdoutLine: {'line': b'-- Up-to-date: /home/rudra/custom_flightmode/install/px4_msgs/share/px4_msgs/msg/VehicleTorqueSetpoint.idl\n'}
[1.826073] (px4_msgs) StdoutLine: {'line': b'-- Up-to-date: /home/rudra/custom_flightmode/install/px4_msgs/share/px4_msgs/msg/VelocityLimits.idl\n'}
[1.826183] (px4_msgs) StdoutLine: {'line': b'-- Up-to-date: /home/rudra/custom_flightmode/install/px4_msgs/share/px4_msgs/msg/VteAidSource1d.idl\n'}
[1.826264] (px4_msgs) StdoutLine: {'line': b'-- Up-to-date: /home/rudra/custom_flightmode/install/px4_msgs/share/px4_msgs/msg/VteAidSource3d.idl\n'}
[1.826865] (px4_msgs) StdoutLine: {'line': b'-- Up-to-date: /home/rudra/custom_flightmode/install/px4_msgs/share/px4_msgs/msg/VteBiasInitStatus.idl\n'}
[1.827494] (px4_msgs) StdoutLine: {'line': b'-- Up-to-date: /home/rudra/custom_flightmode/install/px4_msgs/share/px4_msgs/msg/VteInput.idl\n'}
[1.828148] (px4_msgs) StdoutLine: {'line': b'-- Up-to-date: /home/rudra/custom_flightmode/install/px4_msgs/share/px4_msgs/msg/VteOrientation.idl\n'}
[1.828936] (px4_msgs) StdoutLine: {'line': b'-- Up-to-date: /home/rudra/custom_flightmode/install/px4_msgs/share/px4_msgs/msg/VtePosition.idl\n'}
[1.832529] (px4_msgs) StdoutLine: {'line': b'-- Up-to-date: /home/rudra/custom_flightmode/install/px4_msgs/share/px4_msgs/msg/VtolVehicleStatus.idl\n'}
[1.832956] (px4_msgs) StdoutLine: {'line': b'-- Up-to-date: /home/rudra/custom_flightmode/install/px4_msgs/share/px4_msgs/msg/Vtx.idl\n'}
[1.833146] (px4_msgs) StdoutLine: {'line': b'-- Up-to-date: /home/rudra/custom_flightmode/install/px4_msgs/share/px4_msgs/msg/WheelEncoders.idl\n'}
[1.833247] (px4_msgs) StdoutLine: {'line': b'-- Up-to-date: /home/rudra/custom_flightmode/install/px4_msgs/share/px4_msgs/msg/Wind.idl\n'}
[1.833483] (px4_msgs) StdoutLine: {'line': b'-- Up-to-date: /home/rudra/custom_flightmode/install/px4_msgs/share/px4_msgs/msg/YawEstimatorStatus.idl\n'}
[1.834235] (px4_msgs) StdoutLine: {'line': b'-- Up-to-date: /home/rudra/custom_flightmode/install/px4_msgs/share/px4_msgs/srv/VehicleCommand.idl\n'}
[1.834894] (px4_msgs) StdoutLine: {'line': b'-- Up-to-date: /home/rudra/custom_flightmode/install/px4_msgs/share/px4_msgs/msg/ActionRequest.msg\n'}
[1.835694] (px4_msgs) StdoutLine: {'line': b'-- Up-to-date: /home/rudra/custom_flightmode/install/px4_msgs/share/px4_msgs/msg/ActuatorArmed.msg\n'}
[1.836581] (px4_msgs) StdoutLine: {'line': b'-- Up-to-date: /home/rudra/custom_flightmode/install/px4_msgs/share/px4_msgs/msg/ActuatorControlsStatus.msg\n'}
[1.837462] (px4_msgs) StdoutLine: {'line': b'-- Up-to-date: /home/rudra/custom_flightmode/install/px4_msgs/share/px4_msgs/msg/ActuatorMotors.msg\n'}
[1.837783] (px4_msgs) StdoutLine: {'line': b'-- Up-to-date: /home/rudra/custom_flightmode/install/px4_msgs/share/px4_msgs/msg/ActuatorOutputs.msg\n'}
[1.838830] (px4_msgs) StdoutLine: {'line': b'-- Up-to-date: /home/rudra/custom_flightmode/install/px4_msgs/share/px4_msgs/msg/ActuatorServos.msg\n'}
[1.839712] (px4_msgs) StdoutLine: {'line': b'-- Up-to-date: /home/rudra/custom_flightmode/install/px4_msgs/share/px4_msgs/msg/ActuatorServosTrim.msg\n'}
[1.840161] (px4_msgs) StdoutLine: {'line': b'-- Up-to-date: /home/rudra/custom_flightmode/install/px4_msgs/share/px4_msgs/msg/ActuatorTest.msg\n'}
[1.840599] (px4_msgs) StdoutLine: {'line': b'-- Up-to-date: /home/rudra/custom_flightmode/install/px4_msgs/share/px4_msgs/msg/AdcReport.msg\n'}
[1.841160] (px4_msgs) StdoutLine: {'line': b'-- Up-to-date: /home/rudra/custom_flightmode/install/px4_msgs/share/px4_msgs/msg/Airspeed.msg\n'}
[1.841872] (px4_msgs) StdoutLine: {'line': b'-- Up-to-date: /home/rudra/custom_flightmode/install/px4_msgs/share/px4_msgs/msg/AirspeedValidated.msg\n'}
[1.842337] (px4_msgs) StdoutLine: {'line': b'-- Up-to-date: /home/rudra/custom_flightmode/install/px4_msgs/share/px4_msgs/msg/AirspeedWind.msg\n'}
[1.842767] (px4_msgs) StdoutLine: {'line': b'-- Up-to-date: /home/rudra/custom_flightmode/install/px4_msgs/share/px4_msgs/msg/ArmingCheckReply.msg\n'}
[1.843414] (px4_msgs) StdoutLine: {'line': b'-- Up-to-date: /home/rudra/custom_flightmode/install/px4_msgs/share/px4_msgs/msg/ArmingCheckRequest.msg\n'}
[1.844183] (px4_msgs) StdoutLine: {'line': b'-- Up-to-date: /home/rudra/custom_flightmode/install/px4_msgs/share/px4_msgs/msg/AutotuneAttitudeControlStatus.msg\n'}
[1.844747] (px4_msgs) StdoutLine: {'line': b'-- Up-to-date: /home/rudra/custom_flightmode/install/px4_msgs/share/px4_msgs/msg/AuxGlobalPosition.msg\n'}
[1.845211] (px4_msgs) StdoutLine: {'line': b'-- Up-to-date: /home/rudra/custom_flightmode/install/px4_msgs/share/px4_msgs/msg/BatteryInfo.msg\n'}
[1.845949] (px4_msgs) StdoutLine: {'line': b'-- Up-to-date: /home/rudra/custom_flightmode/install/px4_msgs/share/px4_msgs/msg/BatteryStatus.msg\n'}
[1.846719] (px4_msgs) StdoutLine: {'line': b'-- Up-to-date: /home/rudra/custom_flightmode/install/px4_msgs/share/px4_msgs/msg/ButtonEvent.msg\n'}
[1.847231] (px4_msgs) StdoutLine: {'line': b'-- Up-to-date: /home/rudra/custom_flightmode/install/px4_msgs/share/px4_msgs/msg/CameraCapture.msg\n'}
[1.847671] (px4_msgs) StdoutLine: {'line': b'-- Up-to-date: /home/rudra/custom_flightmode/install/px4_msgs/share/px4_msgs/msg/CameraStatus.msg\n'}
[1.848215] (px4_msgs) StdoutLine: {'line': b'-- Up-to-date: /home/rudra/custom_flightmode/install/px4_msgs/share/px4_msgs/msg/CameraTrigger.msg\n'}
[1.848930] (px4_msgs) StdoutLine: {'line': b'-- Up-to-date: /home/rudra/custom_flightmode/install/px4_msgs/share/px4_msgs/msg/CanInterfaceStatus.msg\n'}
[1.849366] (px4_msgs) StdoutLine: {'line': b'-- Up-to-date: /home/rudra/custom_flightmode/install/px4_msgs/share/px4_msgs/msg/CellularStatus.msg\n'}
[1.849967] (px4_msgs) StdoutLine: {'line': b'-- Up-to-date: /home/rudra/custom_flightmode/install/px4_msgs/share/px4_msgs/msg/CollisionConstraints.msg\n'}
[1.850612] (px4_msgs) StdoutLine: {'line': b'-- Up-to-date: /home/rudra/custom_flightmode/install/px4_msgs/share/px4_msgs/msg/ConfigOverrides.msg\n'}
[1.851478] (px4_msgs) StdoutLine: {'line': b'-- Up-to-date: /home/rudra/custom_flightmode/install/px4_msgs/share/px4_msgs/msg/ControlAllocatorStatus.msg\n'}
[1.852416] (px4_msgs) StdoutLine: {'line': b'-- Up-to-date: /home/rudra/custom_flightmode/install/px4_msgs/share/px4_msgs/msg/Cpuload.msg\n'}
[1.852733] (px4_msgs) StdoutLine: {'line': b'-- Up-to-date: /home/rudra/custom_flightmode/install/px4_msgs/share/px4_msgs/msg/DatamanRequest.msg\n'}
[1.853680] (px4_msgs) StdoutLine: {'line': b'-- Up-to-date: /home/rudra/custom_flightmode/install/px4_msgs/share/px4_msgs/msg/DatamanResponse.msg\n'}
[1.854369] (px4_msgs) StdoutLine: {'line': b'-- Up-to-date: /home/rudra/custom_flightmode/install/px4_msgs/share/px4_msgs/msg/DebugArray.msg\n'}
[1.854881] (px4_msgs) StdoutLine: {'line': b'-- Up-to-date: /home/rudra/custom_flightmode/install/px4_msgs/share/px4_msgs/msg/DebugKeyValue.msg\n'}
[1.855325] (px4_msgs) StdoutLine: {'line': b'-- Up-to-date: /home/rudra/custom_flightmode/install/px4_msgs/share/px4_msgs/msg/DebugValue.msg\n'}
[1.855874] (px4_msgs) StdoutLine: {'line': b'-- Up-to-date: /home/rudra/custom_flightmode/install/px4_msgs/share/px4_msgs/msg/DebugVect.msg\n'}
[1.856605] (px4_msgs) StdoutLine: {'line': b'-- Up-to-date: /home/rudra/custom_flightmode/install/px4_msgs/share/px4_msgs/msg/DetectAndAvoid.msg\n'}
[1.857032] (px4_msgs) StdoutLine: {'line': b'-- Up-to-date: /home/rudra/custom_flightmode/install/px4_msgs/share/px4_msgs/msg/DetectAndAvoidMostUrgent.msg\n'}
[1.857450] (px4_msgs) StdoutLine: {'line': b'-- Up-to-date: /home/rudra/custom_flightmode/install/px4_msgs/share/px4_msgs/msg/DeviceInformation.msg\n'}
[1.858158] (px4_msgs) StdoutLine: {'line': b'-- Up-to-date: /home/rudra/custom_flightmode/install/px4_msgs/share/px4_msgs/msg/DifferentialPressure.msg\n'}
[1.858914] (px4_msgs) StdoutLine: {'line': b'-- Up-to-date: /home/rudra/custom_flightmode/install/px4_msgs/share/px4_msgs/msg/DistanceSensor.msg\n'}
[1.859528] (px4_msgs) StdoutLine: {'line': b'-- Up-to-date: /home/rudra/custom_flightmode/install/px4_msgs/share/px4_msgs/msg/DistanceSensorModeChangeRequest.msg\n'}
[1.860090] (px4_msgs) StdoutLine: {'line': b'-- Up-to-date: /home/rudra/custom_flightmode/install/px4_msgs/share/px4_msgs/msg/DronecanNodeStatus.msg\n'}
[1.860737] (px4_msgs) StdoutLine: {'line': b'-- Up-to-date: /home/rudra/custom_flightmode/install/px4_msgs/share/px4_msgs/msg/Ekf2Timestamps.msg\n'}
[1.861428] (px4_msgs) StdoutLine: {'line': b'-- Up-to-date: /home/rudra/custom_flightmode/install/px4_msgs/share/px4_msgs/msg/EscEepromRead.msg\n'}
[1.861878] (px4_msgs) StdoutLine: {'line': b'-- Up-to-date: /home/rudra/custom_flightmode/install/px4_msgs/share/px4_msgs/msg/EscEepromWrite.msg\n'}
[1.862292] (px4_msgs) StdoutLine: {'line': b'-- Up-to-date: /home/rudra/custom_flightmode/install/px4_msgs/share/px4_msgs/msg/EscReport.msg\n'}
[1.862837] (px4_msgs) StdoutLine: {'line': b'-- Up-to-date: /home/rudra/custom_flightmode/install/px4_msgs/share/px4_msgs/msg/EscStatus.msg\n'}
[1.863580] (px4_msgs) StdoutLine: {'line': b'-- Up-to-date: /home/rudra/custom_flightmode/install/px4_msgs/share/px4_msgs/msg/EstimatorAidSource1d.msg\n'}
[1.864065] (px4_msgs) StdoutLine: {'line': b'-- Up-to-date: /home/rudra/custom_flightmode/install/px4_msgs/share/px4_msgs/msg/EstimatorAidSource2d.msg\n'}
[1.864744] (px4_msgs) StdoutLine: {'line': b'-- Up-to-date: /home/rudra/custom_flightmode/install/px4_msgs/share/px4_msgs/msg/EstimatorAidSource3d.msg\n'}
[1.865596] (px4_msgs) StdoutLine: {'line': b'-- Up-to-date: /home/rudra/custom_flightmode/install/px4_msgs/share/px4_msgs/msg/EstimatorBias.msg\n'}
[1.866639] (px4_msgs) StdoutLine: {'line': b'-- Up-to-date: /home/rudra/custom_flightmode/install/px4_msgs/share/px4_msgs/msg/EstimatorBias3d.msg\n'}
[1.867647] (px4_msgs) StdoutLine: {'line': b'-- Up-to-date: /home/rudra/custom_flightmode/install/px4_msgs/share/px4_msgs/msg/EstimatorEventFlags.msg\n'}
[1.867848] (px4_msgs) StdoutLine: {'line': b'-- Up-to-date: /home/rudra/custom_flightmode/install/px4_msgs/share/px4_msgs/msg/EstimatorFusionControl.msg\n'}
[1.868699] (px4_msgs) StdoutLine: {'line': b'-- Up-to-date: /home/rudra/custom_flightmode/install/px4_msgs/share/px4_msgs/msg/EstimatorGpsStatus.msg\n'}
[1.869434] (px4_msgs) StdoutLine: {'line': b'-- Up-to-date: /home/rudra/custom_flightmode/install/px4_msgs/share/px4_msgs/msg/EstimatorInnovations.msg\n'}
[1.869873] (px4_msgs) StdoutLine: {'line': b'-- Up-to-date: /home/rudra/custom_flightmode/install/px4_msgs/share/px4_msgs/msg/EstimatorSelectorStatus.msg\n'}
[1.870324] (px4_msgs) StdoutLine: {'line': b'-- Up-to-date: /home/rudra/custom_flightmode/install/px4_msgs/share/px4_msgs/msg/EstimatorSensorBias.msg\n'}
[1.870896] (px4_msgs) StdoutLine: {'line': b'-- Up-to-date: /home/rudra/custom_flightmode/install/px4_msgs/share/px4_msgs/msg/EstimatorStates.msg\n'}
[1.871710] (px4_msgs) StdoutLine: {'line': b'-- Up-to-date: /home/rudra/custom_flightmode/install/px4_msgs/share/px4_msgs/msg/EstimatorStatus.msg\n'}
[1.872220] (px4_msgs) StdoutLine: {'line': b'-- Up-to-date: /home/rudra/custom_flightmode/install/px4_msgs/share/px4_msgs/msg/EstimatorStatusFlags.msg\n'}
[1.872672] (px4_msgs) StdoutLine: {'line': b'-- Up-to-date: /home/rudra/custom_flightmode/install/px4_msgs/share/px4_msgs/msg/Event.msg\n'}
[1.873335] (px4_msgs) StdoutLine: {'line': b'-- Up-to-date: /home/rudra/custom_flightmode/install/px4_msgs/share/px4_msgs/msg/FailsafeFlags.msg\n'}
[1.874335] (px4_msgs) StdoutLine: {'line': b'-- Up-to-date: /home/rudra/custom_flightmode/install/px4_msgs/share/px4_msgs/msg/FailureDetectorStatus.msg\n'}
[1.874809] (px4_msgs) StdoutLine: {'line': b'-- Up-to-date: /home/rudra/custom_flightmode/install/px4_msgs/share/px4_msgs/msg/FailureInjection.msg\n'}
[1.875230] (px4_msgs) StdoutLine: {'line': b'-- Up-to-date: /home/rudra/custom_flightmode/install/px4_msgs/share/px4_msgs/msg/FiducialMarkerPosReport.msg\n'}
[1.875791] (px4_msgs) StdoutLine: {'line': b'-- Up-to-date: /home/rudra/custom_flightmode/install/px4_msgs/share/px4_msgs/msg/FiducialMarkerYawReport.msg\n'}
[1.876574] (px4_msgs) StdoutLine: {'line': b'-- Up-to-date: /home/rudra/custom_flightmode/install/px4_msgs/share/px4_msgs/msg/FigureEightStatus.msg\n'}
[1.876999] (px4_msgs) StdoutLine: {'line': b'-- Up-to-date: /home/rudra/custom_flightmode/install/px4_msgs/share/px4_msgs/msg/FixedWingLateralGuidanceStatus.msg\n'}
[1.877425] (px4_msgs) StdoutLine: {'line': b'-- Up-to-date: /home/rudra/custom_flightmode/install/px4_msgs/share/px4_msgs/msg/FixedWingLateralSetpoint.msg\n'}
[1.877992] (px4_msgs) StdoutLine: {'line': b'-- Up-to-date: /home/rudra/custom_flightmode/install/px4_msgs/share/px4_msgs/msg/FixedWingLateralStatus.msg\n'}
[1.878812] (px4_msgs) StdoutLine: {'line': b'-- Up-to-date: /home/rudra/custom_flightmode/install/px4_msgs/share/px4_msgs/msg/FixedWingLongitudinalSetpoint.msg\n'}
[1.879312] (px4_msgs) StdoutLine: {'line': b'-- Up-to-date: /home/rudra/custom_flightmode/install/px4_msgs/share/px4_msgs/msg/FixedWingRunwayControl.msg\n'}
[1.880014] (px4_msgs) StdoutLine: {'line': b'-- Up-to-date: /home/rudra/custom_flightmode/install/px4_msgs/share/px4_msgs/msg/FlightPhaseEstimation.msg\n'}
[1.880589] (px4_msgs) StdoutLine: {'line': b'-- Up-to-date: /home/rudra/custom_flightmode/install/px4_msgs/share/px4_msgs/msg/FollowTarget.msg\n'}
[1.881410] (px4_msgs) StdoutLine: {'line': b'-- Up-to-date: /home/rudra/custom_flightmode/install/px4_msgs/share/px4_msgs/msg/FollowTargetEstimator.msg\n'}
[1.882160] (px4_msgs) StdoutLine: {'line': b'-- Up-to-date: /home/rudra/custom_flightmode/install/px4_msgs/share/px4_msgs/msg/FollowTargetStatus.msg\n'}
[1.882369] (px4_msgs) StdoutLine: {'line': b'-- Up-to-date: /home/rudra/custom_flightmode/install/px4_msgs/share/px4_msgs/msg/FuelTankStatus.msg\n'}
[1.883237] (px4_msgs) StdoutLine: {'line': b'-- Up-to-date: /home/rudra/custom_flightmode/install/px4_msgs/share/px4_msgs/msg/GainCompression.msg\n'}
[1.883940] (px4_msgs) StdoutLine: {'line': b'-- Up-to-date: /home/rudra/custom_flightmode/install/px4_msgs/share/px4_msgs/msg/GeneratorStatus.msg\n'}
[1.884416] (px4_msgs) StdoutLine: {'line': b'-- Up-to-date: /home/rudra/custom_flightmode/install/px4_msgs/share/px4_msgs/msg/GeofenceResult.msg\n'}
[1.884859] (px4_msgs) StdoutLine: {'line': b'-- Up-to-date: /home/rudra/custom_flightmode/install/px4_msgs/share/px4_msgs/msg/GeofenceStatus.msg\n'}
[1.885446] (px4_msgs) StdoutLine: {'line': b'-- Up-to-date: /home/rudra/custom_flightmode/install/px4_msgs/share/px4_msgs/msg/GimbalControls.msg\n'}
[1.886347] (px4_msgs) StdoutLine: {'line': b'-- Up-to-date: /home/rudra/custom_flightmode/install/px4_msgs/share/px4_msgs/msg/GimbalDeviceAttitudeStatus.msg\n'}
[1.887169] (px4_msgs) StdoutLine: {'line': b'-- Up-to-date: /home/rudra/custom_flightmode/install/px4_msgs/share/px4_msgs/msg/GimbalDeviceInformation.msg\n'}
[1.887637] (px4_msgs) StdoutLine: {'line': b'-- Up-to-date: /home/rudra/custom_flightmode/install/px4_msgs/share/px4_msgs/msg/GimbalDeviceSetAttitude.msg\n'}
[1.888220] (px4_msgs) StdoutLine: {'line': b'-- Up-to-date: /home/rudra/custom_flightmode/install/px4_msgs/share/px4_msgs/msg/GimbalManagerInformation.msg\n'}
[1.888929] (px4_msgs) StdoutLine: {'line': b'-- Up-to-date: /home/rudra/custom_flightmode/install/px4_msgs/share/px4_msgs/msg/GimbalManagerSetAttitude.msg\n'}
[1.889370] (px4_msgs) StdoutLine: {'line': b'-- Up-to-date: /home/rudra/custom_flightmode/install/px4_msgs/share/px4_msgs/msg/GimbalManagerSetManualControl.msg\n'}
[1.889808] (px4_msgs) StdoutLine: {'line': b'-- Up-to-date: /home/rudra/custom_flightmode/install/px4_msgs/share/px4_msgs/msg/GimbalManagerStatus.msg\n'}
[1.890348] (px4_msgs) StdoutLine: {'line': b'-- Up-to-date: /home/rudra/custom_flightmode/install/px4_msgs/share/px4_msgs/msg/GotoSetpoint.msg\n'}
[1.891045] (px4_msgs) StdoutLine: {'line': b'-- Up-to-date: /home/rudra/custom_flightmode/install/px4_msgs/share/px4_msgs/msg/GpioConfig.msg\n'}
[1.891495] (px4_msgs) StdoutLine: {'line': b'-- Up-to-date: /home/rudra/custom_flightmode/install/px4_msgs/share/px4_msgs/msg/GpioIn.msg\n'}
[1.892026] (px4_msgs) StdoutLine: {'line': b'-- Up-to-date: /home/rudra/custom_flightmode/install/px4_msgs/share/px4_msgs/msg/GpioOut.msg\n'}
[1.892868] (px4_msgs) StdoutLine: {'line': b'-- Up-to-date: /home/rudra/custom_flightmode/install/px4_msgs/share/px4_msgs/msg/GpioRequest.msg\n'}
[1.894002] (px4_msgs) StdoutLine: {'line': b'-- Up-to-date: /home/rudra/custom_flightmode/install/px4_msgs/share/px4_msgs/msg/GpsDump.msg\n'}
[1.895132] (px4_msgs) StdoutLine: {'line': b'-- Up-to-date: /home/rudra/custom_flightmode/install/px4_msgs/share/px4_msgs/msg/Gripper.msg\n'}
[1.895438] (px4_msgs) StdoutLine: {'line': b'-- Up-to-date: /home/rudra/custom_flightmode/install/px4_msgs/share/px4_msgs/msg/HealthReport.msg\n'}
[1.896327] (px4_msgs) StdoutLine: {'line': b'-- Up-to-date: /home/rudra/custom_flightmode/install/px4_msgs/share/px4_msgs/msg/HeaterStatus.msg\n'}
[1.897159] (px4_msgs) StdoutLine: {'line': b'-- Up-to-date: /home/rudra/custom_flightmode/install/px4_msgs/share/px4_msgs/msg/HomePosition.msg\n'}
[1.897659] (px4_msgs) StdoutLine: {'line': b'-- Up-to-date: /home/rudra/custom_flightmode/install/px4_msgs/share/px4_msgs/msg/HoverThrustEstimate.msg\n'}
[1.898116] (px4_msgs) StdoutLine: {'line': b'-- Up-to-date: /home/rudra/custom_flightmode/install/px4_msgs/share/px4_msgs/msg/InputRc.msg\n'}
[1.898731] (px4_msgs) StdoutLine: {'line': b'-- Up-to-date: /home/rudra/custom_flightmode/install/px4_msgs/share/px4_msgs/msg/InternalCombustionEngineControl.msg\n'}
[1.899503] (px4_msgs) StdoutLine: {'line': b'-- Up-to-date: /home/rudra/custom_flightmode/install/px4_msgs/share/px4_msgs/msg/InternalCombustionEngineStatus.msg\n'}
[1.899980] (px4_msgs) StdoutLine: {'line': b'-- Up-to-date: /home/rudra/custom_flightmode/install/px4_msgs/share/px4_msgs/msg/IridiumsbdStatus.msg\n'}
[1.900537] (px4_msgs) StdoutLine: {'line': b'-- Up-to-date: /home/rudra/custom_flightmode/install/px4_msgs/share/px4_msgs/msg/IrlockReport.msg\n'}
[1.901361] (px4_msgs) StdoutLine: {'line': b'-- Up-to-date: /home/rudra/custom_flightmode/install/px4_msgs/share/px4_msgs/msg/LandingGear.msg\n'}
[1.902152] (px4_msgs) StdoutLine: {'line': b'-- Up-to-date: /home/rudra/custom_flightmode/install/px4_msgs/share/px4_msgs/msg/LandingGearWheel.msg\n'}
[1.902763] (px4_msgs) StdoutLine: {'line': b'-- Up-to-date: /home/rudra/custom_flightmode/install/px4_msgs/share/px4_msgs/msg/LandingTargetInnovations.msg\n'}
[1.903293] (px4_msgs) StdoutLine: {'line': b'-- Up-to-date: /home/rudra/custom_flightmode/install/px4_msgs/share/px4_msgs/msg/LandingTargetPose.msg\n'}
[1.903849] (px4_msgs) StdoutLine: {'line': b'-- Up-to-date: /home/rudra/custom_flightmode/install/px4_msgs/share/px4_msgs/msg/LateralControlConfiguration.msg\n'}
[1.904551] (px4_msgs) StdoutLine: {'line': b'-- Up-to-date: /home/rudra/custom_flightmode/install/px4_msgs/share/px4_msgs/msg/LaunchDetectionStatus.msg\n'}
[1.904813] (-) TimerEvent: {}
[1.904999] (px4_msgs) StdoutLine: {'line': b'-- Up-to-date: /home/rudra/custom_flightmode/install/px4_msgs/share/px4_msgs/msg/LedControl.msg\n'}
[1.905446] (px4_msgs) StdoutLine: {'line': b'-- Up-to-date: /home/rudra/custom_flightmode/install/px4_msgs/share/px4_msgs/msg/LogMessage.msg\n'}
[1.906026] (px4_msgs) StdoutLine: {'line': b'-- Up-to-date: /home/rudra/custom_flightmode/install/px4_msgs/share/px4_msgs/msg/LoggerStatus.msg\n'}
[1.906774] (px4_msgs) StdoutLine: {'line': b'-- Up-to-date: /home/rudra/custom_flightmode/install/px4_msgs/share/px4_msgs/msg/LongitudinalControlConfiguration.msg\n'}
[1.907269] (px4_msgs) StdoutLine: {'line': b'-- Up-to-date: /home/rudra/custom_flightmode/install/px4_msgs/share/px4_msgs/msg/MagWorkerData.msg\n'}
[1.907973] (px4_msgs) StdoutLine: {'line': b'-- Up-to-date: /home/rudra/custom_flightmode/install/px4_msgs/share/px4_msgs/msg/MagnetometerBiasEstimate.msg\n'}
[1.908739] (px4_msgs) StdoutLine: {'line': b'-- Up-to-date: /home/rudra/custom_flightmode/install/px4_msgs/share/px4_msgs/msg/ManualControlSetpoint.msg\n'}
[1.909522] (px4_msgs) StdoutLine: {'line': b'-- Up-to-date: /home/rudra/custom_flightmode/install/px4_msgs/share/px4_msgs/msg/ManualControlSwitches.msg\n'}
[1.910275] (px4_msgs) StdoutLine: {'line': b'-- Up-to-date: /home/rudra/custom_flightmode/install/px4_msgs/share/px4_msgs/msg/MavlinkLog.msg\n'}
[1.910461] (px4_msgs) StdoutLine: {'line': b'-- Up-to-date: /home/rudra/custom_flightmode/install/px4_msgs/share/px4_msgs/msg/MavlinkTunnel.msg\n'}
[1.911298] (px4_msgs) StdoutLine: {'line': b'-- Up-to-date: /home/rudra/custom_flightmode/install/px4_msgs/share/px4_msgs/msg/MessageFormatRequest.msg\n'}
[1.912017] (px4_msgs) StdoutLine: {'line': b'-- Up-to-date: /home/rudra/custom_flightmode/install/px4_msgs/share/px4_msgs/msg/MessageFormatResponse.msg\n'}
[1.912474] (px4_msgs) StdoutLine: {'line': b'-- Up-to-date: /home/rudra/custom_flightmode/install/px4_msgs/share/px4_msgs/msg/Mission.msg\n'}
[1.913010] (px4_msgs) StdoutLine: {'line': b'-- Up-to-date: /home/rudra/custom_flightmode/install/px4_msgs/share/px4_msgs/msg/MissionResult.msg\n'}
[1.913617] (px4_msgs) StdoutLine: {'line': b'-- Up-to-date: /home/rudra/custom_flightmode/install/px4_msgs/share/px4_msgs/msg/ModeCompleted.msg\n'}
[1.914440] (px4_msgs) StdoutLine: {'line': b'-- Up-to-date: /home/rudra/custom_flightmode/install/px4_msgs/share/px4_msgs/msg/MountOrientation.msg\n'}
[1.915091] (px4_msgs) StdoutLine: {'line': b'-- Up-to-date: /home/rudra/custom_flightmode/install/px4_msgs/share/px4_msgs/msg/NavigatorMissionItem.msg\n'}
[1.915597] (px4_msgs) StdoutLine: {'line': b'-- Up-to-date: /home/rudra/custom_flightmode/install/px4_msgs/share/px4_msgs/msg/NavigatorStatus.msg\n'}
[1.916370] (px4_msgs) StdoutLine: {'line': b'-- Up-to-date: /home/rudra/custom_flightmode/install/px4_msgs/share/px4_msgs/msg/NeuralControl.msg\n'}
[1.917139] (px4_msgs) StdoutLine: {'line': b'-- Up-to-date: /home/rudra/custom_flightmode/install/px4_msgs/share/px4_msgs/msg/NormalizedUnsignedSetpoint.msg\n'}
[1.917785] (px4_msgs) StdoutLine: {'line': b'-- Up-to-date: /home/rudra/custom_flightmode/install/px4_msgs/share/px4_msgs/msg/ObstacleDistance.msg\n'}
[1.918271] (px4_msgs) StdoutLine: {'line': b'-- Up-to-date: /home/rudra/custom_flightmode/install/px4_msgs/share/px4_msgs/msg/OffboardControlMode.msg\n'}
[1.918935] (px4_msgs) StdoutLine: {'line': b'-- Up-to-date: /home/rudra/custom_flightmode/install/px4_msgs/share/px4_msgs/msg/OnboardComputerStatus.msg\n'}
[1.919713] (px4_msgs) StdoutLine: {'line': b'-- Up-to-date: /home/rudra/custom_flightmode/install/px4_msgs/share/px4_msgs/msg/OpenDroneIdArmStatus.msg\n'}
[1.920193] (px4_msgs) StdoutLine: {'line': b'-- Up-to-date: /home/rudra/custom_flightmode/install/px4_msgs/share/px4_msgs/msg/OpenDroneIdBasicId.msg\n'}
[1.920751] (px4_msgs) StdoutLine: {'line': b'-- Up-to-date: /home/rudra/custom_flightmode/install/px4_msgs/share/px4_msgs/msg/OpenDroneIdOperatorId.msg\n'}
[1.921391] (px4_msgs) StdoutLine: {'line': b'-- Up-to-date: /home/rudra/custom_flightmode/install/px4_msgs/share/px4_msgs/msg/OpenDroneIdSelfId.msg\n'}
[1.922309] (px4_msgs) StdoutLine: {'line': b'-- Up-to-date: /home/rudra/custom_flightmode/install/px4_msgs/share/px4_msgs/msg/OpenDroneIdSystem.msg\n'}
[1.922836] (px4_msgs) StdoutLine: {'line': b'-- Up-to-date: /home/rudra/custom_flightmode/install/px4_msgs/share/px4_msgs/msg/OrbTest.msg\n'}
[1.923341] (px4_msgs) StdoutLine: {'line': b'-- Up-to-date: /home/rudra/custom_flightmode/install/px4_msgs/share/px4_msgs/msg/OrbTestLarge.msg\n'}
[1.924121] (px4_msgs) StdoutLine: {'line': b'-- Up-to-date: /home/rudra/custom_flightmode/install/px4_msgs/share/px4_msgs/msg/OrbTestMedium.msg\n'}
[1.924994] (px4_msgs) StdoutLine: {'line': b'-- Up-to-date: /home/rudra/custom_flightmode/install/px4_msgs/share/px4_msgs/msg/OrbitStatus.msg\n'}
[1.925909] (px4_msgs) StdoutLine: {'line': b'-- Up-to-date: /home/rudra/custom_flightmode/install/px4_msgs/share/px4_msgs/msg/ParameterResetRequest.msg\n'}
[1.926148] (px4_msgs) StdoutLine: {'line': b'-- Up-to-date: /home/rudra/custom_flightmode/install/px4_msgs/share/px4_msgs/msg/ParameterSetUsedRequest.msg\n'}
[1.926985] (px4_msgs) StdoutLine: {'line': b'-- Up-to-date: /home/rudra/custom_flightmode/install/px4_msgs/share/px4_msgs/msg/ParameterSetValueRequest.msg\n'}
[1.927804] (px4_msgs) StdoutLine: {'line': b'-- Up-to-date: /home/rudra/custom_flightmode/install/px4_msgs/share/px4_msgs/msg/ParameterSetValueResponse.msg\n'}
[1.928304] (px4_msgs) StdoutLine: {'line': b'-- Up-to-date: /home/rudra/custom_flightmode/install/px4_msgs/share/px4_msgs/msg/ParameterUpdate.msg\n'}
[1.928951] (px4_msgs) StdoutLine: {'line': b'-- Up-to-date: /home/rudra/custom_flightmode/install/px4_msgs/share/px4_msgs/msg/Ping.msg\n'}
[1.929584] (px4_msgs) StdoutLine: {'line': b'-- Up-to-date: /home/rudra/custom_flightmode/install/px4_msgs/share/px4_msgs/msg/PositionControllerLandingStatus.msg\n'}
[1.930308] (px4_msgs) StdoutLine: {'line': b'-- Up-to-date: /home/rudra/custom_flightmode/install/px4_msgs/share/px4_msgs/msg/PositionControllerStatus.msg\n'}
[1.930751] (px4_msgs) StdoutLine: {'line': b'-- Up-to-date: /home/rudra/custom_flightmode/install/px4_msgs/share/px4_msgs/msg/PositionSetpoint.msg\n'}
[1.931183] (px4_msgs) StdoutLine: {'line': b'-- Up-to-date: /home/rudra/custom_flightmode/install/px4_msgs/share/px4_msgs/msg/PositionSetpointTriplet.msg\n'}
[1.931817] (px4_msgs) StdoutLine: {'line': b'-- Up-to-date: /home/rudra/custom_flightmode/install/px4_msgs/share/px4_msgs/msg/PowerButtonState.msg\n'}
[1.932521] (px4_msgs) StdoutLine: {'line': b'-- Up-to-date: /home/rudra/custom_flightmode/install/px4_msgs/share/px4_msgs/msg/PowerMonitor.msg\n'}
[1.932996] (px4_msgs) StdoutLine: {'line': b'-- Up-to-date: /home/rudra/custom_flightmode/install/px4_msgs/share/px4_msgs/msg/PpsCapture.msg\n'}
[1.933425] (px4_msgs) StdoutLine: {'line': b'-- Up-to-date: /home/rudra/custom_flightmode/install/px4_msgs/share/px4_msgs/msg/PrecLandStatus.msg\n'}
[1.933985] (px4_msgs) StdoutLine: {'line': b'-- Up-to-date: /home/rudra/custom_flightmode/install/px4_msgs/share/px4_msgs/msg/PurePursuitStatus.msg\n'}
[1.934811] (px4_msgs) StdoutLine: {'line': b'-- Up-to-date: /home/rudra/custom_flightmode/install/px4_msgs/share/px4_msgs/msg/PwmInput.msg\n'}
[1.935367] (px4_msgs) StdoutLine: {'line': b'-- Up-to-date: /home/rudra/custom_flightmode/install/px4_msgs/share/px4_msgs/msg/Px4ioStatus.msg\n'}
[1.935967] (px4_msgs) StdoutLine: {'line': b'-- Up-to-date: /home/rudra/custom_flightmode/install/px4_msgs/share/px4_msgs/msg/QshellReq.msg\n'}
[1.936594] (px4_msgs) StdoutLine: {'line': b'-- Up-to-date: /home/rudra/custom_flightmode/install/px4_msgs/share/px4_msgs/msg/QshellRetval.msg\n'}
[1.937311] (px4_msgs) StdoutLine: {'line': b'-- Up-to-date: /home/rudra/custom_flightmode/install/px4_msgs/share/px4_msgs/msg/RadioStatus.msg\n'}
[1.937742] (px4_msgs) StdoutLine: {'line': b'-- Up-to-date: /home/rudra/custom_flightmode/install/px4_msgs/share/px4_msgs/msg/RangingBeacon.msg\n'}
[1.938306] (px4_msgs) StdoutLine: {'line': b'-- Up-to-date: /home/rudra/custom_flightmode/install/px4_msgs/share/px4_msgs/msg/RaptorInput.msg\n'}
[1.938953] (px4_msgs) StdoutLine: {'line': b'-- Up-to-date: /home/rudra/custom_flightmode/install/px4_msgs/share/px4_msgs/msg/RaptorStatus.msg\n'}
[1.940649] (px4_msgs) StdoutLine: {'line': b'-- Up-to-date: /home/rudra/custom_flightmode/install/px4_msgs/share/px4_msgs/msg/RateCtrlStatus.msg\n'}
[1.941461] (px4_msgs) StdoutLine: {'line': b'-- Up-to-date: /home/rudra/custom_flightmode/install/px4_msgs/share/px4_msgs/msg/RcChannels.msg\n'}
[1.941678] (px4_msgs) StdoutLine: {'line': b'-- Up-to-date: /home/rudra/custom_flightmode/install/px4_msgs/share/px4_msgs/msg/RcParameterMap.msg\n'}
[1.942425] (px4_msgs) StdoutLine: {'line': b'-- Up-to-date: /home/rudra/custom_flightmode/install/px4_msgs/share/px4_msgs/msg/RegisterExtComponentReply.msg\n'}
[1.943379] (px4_msgs) StdoutLine: {'line': b'-- Up-to-date: /home/rudra/custom_flightmode/install/px4_msgs/share/px4_msgs/msg/RegisterExtComponentRequest.msg\n'}
[1.943937] (px4_msgs) StdoutLine: {'line': b'-- Up-to-date: /home/rudra/custom_flightmode/install/px4_msgs/share/px4_msgs/msg/RoverAttitudeSetpoint.msg\n'}
[1.944499] (px4_msgs) StdoutLine: {'line': b'-- Up-to-date: /home/rudra/custom_flightmode/install/px4_msgs/share/px4_msgs/msg/RoverAttitudeStatus.msg\n'}
[1.945370] (px4_msgs) StdoutLine: {'line': b'-- Up-to-date: /home/rudra/custom_flightmode/install/px4_msgs/share/px4_msgs/msg/RoverPositionSetpoint.msg\n'}
[1.946742] (px4_msgs) StdoutLine: {'line': b'-- Up-to-date: /home/rudra/custom_flightmode/install/px4_msgs/share/px4_msgs/msg/RoverRateSetpoint.msg\n'}
[1.947061] (px4_msgs) StdoutLine: {'line': b'-- Up-to-date: /home/rudra/custom_flightmode/install/px4_msgs/share/px4_msgs/msg/RoverRateStatus.msg\n'}
[1.947643] (px4_msgs) StdoutLine: {'line': b'-- Up-to-date: /home/rudra/custom_flightmode/install/px4_msgs/share/px4_msgs/msg/RoverSpeedSetpoint.msg\n'}
[1.948641] (px4_msgs) StdoutLine: {'line': b'-- Up-to-date: /home/rudra/custom_flightmode/install/px4_msgs/share/px4_msgs/msg/RoverSpeedStatus.msg\n'}
[1.949978] (px4_msgs) StdoutLine: {'line': b'-- Up-to-date: /home/rudra/custom_flightmode/install/px4_msgs/share/px4_msgs/msg/RoverSteeringSetpoint.msg\n'}
[1.950912] (px4_msgs) StdoutLine: {'line': b'-- Up-to-date: /home/rudra/custom_flightmode/install/px4_msgs/share/px4_msgs/msg/RoverThrottleSetpoint.msg\n'}
[1.951254] (px4_msgs) StdoutLine: {'line': b'-- Up-to-date: /home/rudra/custom_flightmode/install/px4_msgs/share/px4_msgs/msg/Rpm.msg\n'}
[1.951944] (px4_msgs) StdoutLine: {'line': b'-- Up-to-date: /home/rudra/custom_flightmode/install/px4_msgs/share/px4_msgs/msg/RtcmData.msg\n'}
[1.952747] (px4_msgs) StdoutLine: {'line': b'-- Up-to-date: /home/rudra/custom_flightmode/install/px4_msgs/share/px4_msgs/msg/RtlStatus.msg\n'}
[1.953192] (px4_msgs) StdoutLine: {'line': b'-- Up-to-date: /home/rudra/custom_flightmode/install/px4_msgs/share/px4_msgs/msg/RtlTimeEstimate.msg\n'}
[1.953655] (px4_msgs) StdoutLine: {'line': b'-- Up-to-date: /home/rudra/custom_flightmode/install/px4_msgs/share/px4_msgs/msg/SatelliteInfo.msg\n'}
[1.954198] (px4_msgs) StdoutLine: {'line': b'-- Up-to-date: /home/rudra/custom_flightmode/install/px4_msgs/share/px4_msgs/msg/SensorAccel.msg\n'}
[1.954990] (px4_msgs) StdoutLine: {'line': b'-- Up-to-date: /home/rudra/custom_flightmode/install/px4_msgs/share/px4_msgs/msg/SensorAccelFifo.msg\n'}
[1.955551] (px4_msgs) StdoutLine: {'line': b'-- Up-to-date: /home/rudra/custom_flightmode/install/px4_msgs/share/px4_msgs/msg/SensorAirflow.msg\n'}
[1.956328] (px4_msgs) StdoutLine: {'line': b'-- Up-to-date: /home/rudra/custom_flightmode/install/px4_msgs/share/px4_msgs/msg/SensorBaro.msg\n'}
[1.957228] (px4_msgs) StdoutLine: {'line': b'-- Up-to-date: /home/rudra/custom_flightmode/install/px4_msgs/share/px4_msgs/msg/SensorCombined.msg\n'}
[1.958190] (px4_msgs) StdoutLine: {'line': b'-- Up-to-date: /home/rudra/custom_flightmode/install/px4_msgs/share/px4_msgs/msg/SensorCorrection.msg\n'}
[1.959045] (px4_msgs) StdoutLine: {'line': b'-- Up-to-date: /home/rudra/custom_flightmode/install/px4_msgs/share/px4_msgs/msg/SensorGnssRelative.msg\n'}
[1.959277] (px4_msgs) StdoutLine: {'line': b'-- Up-to-date: /home/rudra/custom_flightmode/install/px4_msgs/share/px4_msgs/msg/SensorGnssStatus.msg\n'}
[1.960173] (px4_msgs) StdoutLine: {'line': b'-- Up-to-date: /home/rudra/custom_flightmode/install/px4_msgs/share/px4_msgs/msg/SensorGps.msg\n'}
[1.960983] (px4_msgs) StdoutLine: {'line': b'-- Up-to-date: /home/rudra/custom_flightmode/install/px4_msgs/share/px4_msgs/msg/SensorGyro.msg\n'}
[1.961501] (px4_msgs) StdoutLine: {'line': b'-- Up-to-date: /home/rudra/custom_flightmode/install/px4_msgs/share/px4_msgs/msg/SensorGyroFft.msg\n'}
[1.961963] (px4_msgs) StdoutLine: {'line': b'-- Up-to-date: /home/rudra/custom_flightmode/install/px4_msgs/share/px4_msgs/msg/SensorGyroFifo.msg\n'}
[1.962674] (px4_msgs) StdoutLine: {'line': b'-- Up-to-date: /home/rudra/custom_flightmode/install/px4_msgs/share/px4_msgs/msg/SensorHygrometer.msg\n'}
[1.963612] (px4_msgs) StdoutLine: {'line': b'-- Up-to-date: /home/rudra/custom_flightmode/install/px4_msgs/share/px4_msgs/msg/SensorMag.msg\n'}
[1.964090] (px4_msgs) StdoutLine: {'line': b'-- Up-to-date: /home/rudra/custom_flightmode/install/px4_msgs/share/px4_msgs/msg/SensorOpticalFlow.msg\n'}
[1.964715] (px4_msgs) StdoutLine: {'line': b'-- Up-to-date: /home/rudra/custom_flightmode/install/px4_msgs/share/px4_msgs/msg/SensorPreflightMag.msg\n'}
[1.965355] (px4_msgs) StdoutLine: {'line': b'-- Up-to-date: /home/rudra/custom_flightmode/install/px4_msgs/share/px4_msgs/msg/SensorSelection.msg\n'}
[1.966130] (px4_msgs) StdoutLine: {'line': b'-- Up-to-date: /home/rudra/custom_flightmode/install/px4_msgs/share/px4_msgs/msg/SensorTemp.msg\n'}
[1.966641] (px4_msgs) StdoutLine: {'line': b'-- Up-to-date: /home/rudra/custom_flightmode/install/px4_msgs/share/px4_msgs/msg/SensorUwb.msg\n'}
[1.967076] (px4_msgs) StdoutLine: {'line': b'-- Up-to-date: /home/rudra/custom_flightmode/install/px4_msgs/share/px4_msgs/msg/SensorsStatus.msg\n'}
[1.967664] (px4_msgs) StdoutLine: {'line': b'-- Up-to-date: /home/rudra/custom_flightmode/install/px4_msgs/share/px4_msgs/msg/SensorsStatusImu.msg\n'}
[1.968386] (px4_msgs) StdoutLine: {'line': b'-- Up-to-date: /home/rudra/custom_flightmode/install/px4_msgs/share/px4_msgs/msg/SetpointConfig.msg\n'}
[1.968960] (px4_msgs) StdoutLine: {'line': b'-- Up-to-date: /home/rudra/custom_flightmode/install/px4_msgs/share/px4_msgs/msg/SetpointConfigReply.msg\n'}
[1.969450] (px4_msgs) StdoutLine: {'line': b'-- Up-to-date: /home/rudra/custom_flightmode/install/px4_msgs/share/px4_msgs/msg/SystemPower.msg\n'}
[1.970162] (px4_msgs) StdoutLine: {'line': b'-- Up-to-date: /home/rudra/custom_flightmode/install/px4_msgs/share/px4_msgs/msg/TakeoffStatus.msg\n'}
[1.971067] (px4_msgs) StdoutLine: {'line': b'-- Up-to-date: /home/rudra/custom_flightmode/install/px4_msgs/share/px4_msgs/msg/TargetGnss.msg\n'}
[1.971600] (px4_msgs) StdoutLine: {'line': b'-- Up-to-date: /home/rudra/custom_flightmode/install/px4_msgs/share/px4_msgs/msg/TaskStackInfo.msg\n'}
[1.972213] (px4_msgs) StdoutLine: {'line': b'-- Up-to-date: /home/rudra/custom_flightmode/install/px4_msgs/share/px4_msgs/msg/TecsStatus.msg\n'}
[1.972870] (px4_msgs) StdoutLine: {'line': b'-- Up-to-date: /home/rudra/custom_flightmode/install/px4_msgs/share/px4_msgs/msg/TelemetryStatus.msg\n'}
[1.973677] (px4_msgs) StdoutLine: {'line': b'-- Up-to-date: /home/rudra/custom_flightmode/install/px4_msgs/share/px4_msgs/msg/TiltrotorExtraControls.msg\n'}
[1.974438] (px4_msgs) StdoutLine: {'line': b'-- Up-to-date: /home/rudra/custom_flightmode/install/px4_msgs/share/px4_msgs/msg/TimesyncStatus.msg\n'}
[1.974630] (px4_msgs) StdoutLine: {'line': b'-- Up-to-date: /home/rudra/custom_flightmode/install/px4_msgs/share/px4_msgs/msg/TrajectorySetpoint.msg\n'}
[1.975526] (px4_msgs) StdoutLine: {'line': b'-- Up-to-date: /home/rudra/custom_flightmode/install/px4_msgs/share/px4_msgs/msg/TrajectorySetpoint6dof.msg\n'}
[1.976341] (px4_msgs) StdoutLine: {'line': b'-- Up-to-date: /home/rudra/custom_flightmode/install/px4_msgs/share/px4_msgs/msg/TransponderReport.msg\n'}
[1.977016] (px4_msgs) StdoutLine: {'line': b'-- Up-to-date: /home/rudra/custom_flightmode/install/px4_msgs/share/px4_msgs/msg/TuneControl.msg\n'}
[1.977631] (px4_msgs) StdoutLine: {'line': b'-- Up-to-date: /home/rudra/custom_flightmode/install/px4_msgs/share/px4_msgs/msg/UavcanParameterRequest.msg\n'}
[1.978311] (px4_msgs) StdoutLine: {'line': b'-- Up-to-date: /home/rudra/custom_flightmode/install/px4_msgs/share/px4_msgs/msg/UavcanParameterValue.msg\n'}
[1.979033] (px4_msgs) StdoutLine: {'line': b'-- Up-to-date: /home/rudra/custom_flightmode/install/px4_msgs/share/px4_msgs/msg/UlogStream.msg\n'}
[1.979452] (px4_msgs) StdoutLine: {'line': b'-- Up-to-date: /home/rudra/custom_flightmode/install/px4_msgs/share/px4_msgs/msg/UlogStreamAck.msg\n'}
[1.979881] (px4_msgs) StdoutLine: {'line': b'-- Up-to-date: /home/rudra/custom_flightmode/install/px4_msgs/share/px4_msgs/msg/UnregisterExtComponent.msg\n'}
[1.980473] (px4_msgs) StdoutLine: {'line': b'-- Up-to-date: /home/rudra/custom_flightmode/install/px4_msgs/share/px4_msgs/msg/VehicleAcceleration.msg\n'}
[1.981155] (px4_msgs) StdoutLine: {'line': b'-- Up-to-date: /home/rudra/custom_flightmode/install/px4_msgs/share/px4_msgs/msg/VehicleAirData.msg\n'}
[1.981631] (px4_msgs) StdoutLine: {'line': b'-- Up-to-date: /home/rudra/custom_flightmode/install/px4_msgs/share/px4_msgs/msg/VehicleAngularVelocity.msg\n'}
[1.982069] (px4_msgs) StdoutLine: {'line': b'-- Up-to-date: /home/rudra/custom_flightmode/install/px4_msgs/share/px4_msgs/msg/VehicleAttitude.msg\n'}
[1.982657] (px4_msgs) StdoutLine: {'line': b'-- Up-to-date: /home/rudra/custom_flightmode/install/px4_msgs/share/px4_msgs/msg/VehicleAttitudeSetpoint.msg\n'}
[1.983425] (px4_msgs) StdoutLine: {'line': b'-- Up-to-date: /home/rudra/custom_flightmode/install/px4_msgs/share/px4_msgs/msg/VehicleCommand.msg\n'}
[1.983982] (px4_msgs) StdoutLine: {'line': b'-- Up-to-date: /home/rudra/custom_flightmode/install/px4_msgs/share/px4_msgs/msg/VehicleCommandAck.msg\n'}
[1.984581] (px4_msgs) StdoutLine: {'line': b'-- Up-to-date: /home/rudra/custom_flightmode/install/px4_msgs/share/px4_msgs/msg/VehicleConstraints.msg\n'}
[1.985251] (px4_msgs) StdoutLine: {'line': b'-- Up-to-date: /home/rudra/custom_flightmode/install/px4_msgs/share/px4_msgs/msg/VehicleControlMode.msg\n'}
[1.986029] (px4_msgs) StdoutLine: {'line': b'-- Up-to-date: /home/rudra/custom_flightmode/install/px4_msgs/share/px4_msgs/msg/VehicleGlobalPosition.msg\n'}
[1.986546] (px4_msgs) StdoutLine: {'line': b'-- Up-to-date: /home/rudra/custom_flightmode/install/px4_msgs/share/px4_msgs/msg/VehicleImu.msg\n'}
[1.987249] (px4_msgs) StdoutLine: {'line': b'-- Up-to-date: /home/rudra/custom_flightmode/install/px4_msgs/share/px4_msgs/msg/VehicleImuStatus.msg\n'}
[1.987916] (px4_msgs) StdoutLine: {'line': b'-- Up-to-date: /home/rudra/custom_flightmode/install/px4_msgs/share/px4_msgs/msg/VehicleLandDetected.msg\n'}
[1.988710] (px4_msgs) StdoutLine: {'line': b'-- Up-to-date: /home/rudra/custom_flightmode/install/px4_msgs/share/px4_msgs/msg/VehicleLocalPosition.msg\n'}
[1.989504] (px4_msgs) StdoutLine: {'line': b'-- Up-to-date: /home/rudra/custom_flightmode/install/px4_msgs/share/px4_msgs/msg/VehicleLocalPositionSetpoint.msg\n'}
[1.989741] (px4_msgs) StdoutLine: {'line': b'-- Up-to-date: /home/rudra/custom_flightmode/install/px4_msgs/share/px4_msgs/msg/VehicleMagnetometer.msg\n'}
[1.990689] (px4_msgs) StdoutLine: {'line': b'-- Up-to-date: /home/rudra/custom_flightmode/install/px4_msgs/share/px4_msgs/msg/VehicleOdometry.msg\n'}
[1.991681] (px4_msgs) StdoutLine: {'line': b'-- Up-to-date: /home/rudra/custom_flightmode/install/px4_msgs/share/px4_msgs/msg/VehicleOpticalFlow.msg\n'}
[1.992248] (px4_msgs) StdoutLine: {'line': b'-- Up-to-date: /home/rudra/custom_flightmode/install/px4_msgs/share/px4_msgs/msg/VehicleOpticalFlowVel.msg\n'}
[1.992678] (px4_msgs) StdoutLine: {'line': b'-- Up-to-date: /home/rudra/custom_flightmode/install/px4_msgs/share/px4_msgs/msg/VehicleRatesSetpoint.msg\n'}
[1.993256] (px4_msgs) StdoutLine: {'line': b'-- Up-to-date: /home/rudra/custom_flightmode/install/px4_msgs/share/px4_msgs/msg/VehicleRoi.msg\n'}
[1.994254] (px4_msgs) StdoutLine: {'line': b'-- Up-to-date: /home/rudra/custom_flightmode/install/px4_msgs/share/px4_msgs/msg/VehicleStatus.msg\n'}
[1.994850] (px4_msgs) StdoutLine: {'line': b'-- Up-to-date: /home/rudra/custom_flightmode/install/px4_msgs/share/px4_msgs/msg/VehicleThrustSetpoint.msg\n'}
[1.995352] (px4_msgs) StdoutLine: {'line': b'-- Up-to-date: /home/rudra/custom_flightmode/install/px4_msgs/share/px4_msgs/msg/VehicleTorqueSetpoint.msg\n'}
[1.996006] (px4_msgs) StdoutLine: {'line': b'-- Up-to-date: /home/rudra/custom_flightmode/install/px4_msgs/share/px4_msgs/msg/VelocityLimits.msg\n'}
[1.997035] (px4_msgs) StdoutLine: {'line': b'-- Up-to-date: /home/rudra/custom_flightmode/install/px4_msgs/share/px4_msgs/msg/VteAidSource1d.msg\n'}
[1.997850] (px4_msgs) StdoutLine: {'line': b'-- Up-to-date: /home/rudra/custom_flightmode/install/px4_msgs/share/px4_msgs/msg/VteAidSource3d.msg\n'}
[1.998437] (px4_msgs) StdoutLine: {'line': b'-- Up-to-date: /home/rudra/custom_flightmode/install/px4_msgs/share/px4_msgs/msg/VteBiasInitStatus.msg\n'}
[1.999219] (px4_msgs) StdoutLine: {'line': b'-- Up-to-date: /home/rudra/custom_flightmode/install/px4_msgs/share/px4_msgs/msg/VteInput.msg\n'}
[1.999993] (px4_msgs) StdoutLine: {'line': b'-- Up-to-date: /home/rudra/custom_flightmode/install/px4_msgs/share/px4_msgs/msg/VteOrientation.msg\n'}
[2.000424] (px4_msgs) StdoutLine: {'line': b'-- Up-to-date: /home/rudra/custom_flightmode/install/px4_msgs/share/px4_msgs/msg/VtePosition.msg\n'}
[2.000861] (px4_msgs) StdoutLine: {'line': b'-- Up-to-date: /home/rudra/custom_flightmode/install/px4_msgs/share/px4_msgs/msg/VtolVehicleStatus.msg\n'}
[2.001425] (px4_msgs) StdoutLine: {'line': b'-- Up-to-date: /home/rudra/custom_flightmode/install/px4_msgs/share/px4_msgs/msg/Vtx.msg\n'}
[2.002235] (px4_msgs) StdoutLine: {'line': b'-- Up-to-date: /home/rudra/custom_flightmode/install/px4_msgs/share/px4_msgs/msg/WheelEncoders.msg\n'}
[2.002687] (px4_msgs) StdoutLine: {'line': b'-- Up-to-date: /home/rudra/custom_flightmode/install/px4_msgs/share/px4_msgs/msg/Wind.msg\n'}
[2.003294] (px4_msgs) StdoutLine: {'line': b'-- Up-to-date: /home/rudra/custom_flightmode/install/px4_msgs/share/px4_msgs/msg/YawEstimatorStatus.msg\n'}
[2.003971] (px4_msgs) StdoutLine: {'line': b'-- Up-to-date: /home/rudra/custom_flightmode/install/px4_msgs/share/px4_msgs/srv/VehicleCommand.srv\n'}
[2.004892] (-) TimerEvent: {}
[2.005066] (px4_msgs) StdoutLine: {'line': b'-- Up-to-date: /home/rudra/custom_flightmode/install/px4_msgs/share/px4_msgs/srv/VehicleCommand_Request.msg\n'}
[2.005903] (px4_msgs) StdoutLine: {'line': b'-- Up-to-date: /home/rudra/custom_flightmode/install/px4_msgs/share/px4_msgs/srv/VehicleCommand_Response.msg\n'}
[2.006292] (px4_msgs) StdoutLine: {'line': b'-- Up-to-date: /home/rudra/custom_flightmode/install/px4_msgs/share/ament_index/resource_index/package_run_dependencies/px4_msgs\n'}
[2.007235] (px4_msgs) StdoutLine: {'line': b'-- Up-to-date: /home/rudra/custom_flightmode/install/px4_msgs/share/ament_index/resource_index/parent_prefix_path/px4_msgs\n'}
[2.007954] (px4_msgs) StdoutLine: {'line': b'-- Up-to-date: /home/rudra/custom_flightmode/install/px4_msgs/share/px4_msgs/environment/ament_prefix_path.sh\n'}
[2.008389] (px4_msgs) StdoutLine: {'line': b'-- Up-to-date: /home/rudra/custom_flightmode/install/px4_msgs/share/px4_msgs/environment/ament_prefix_path.dsv\n'}
[2.008817] (px4_msgs) StdoutLine: {'line': b'-- Up-to-date: /home/rudra/custom_flightmode/install/px4_msgs/share/px4_msgs/environment/path.sh\n'}
[2.009404] (px4_msgs) StdoutLine: {'line': b'-- Up-to-date: /home/rudra/custom_flightmode/install/px4_msgs/share/px4_msgs/environment/path.dsv\n'}
[2.010113] (px4_msgs) StdoutLine: {'line': b'-- Up-to-date: /home/rudra/custom_flightmode/install/px4_msgs/share/px4_msgs/local_setup.bash\n'}
[2.010775] (px4_msgs) StdoutLine: {'line': b'-- Up-to-date: /home/rudra/custom_flightmode/install/px4_msgs/share/px4_msgs/local_setup.sh\n'}
[2.011283] (px4_msgs) StdoutLine: {'line': b'-- Up-to-date: /home/rudra/custom_flightmode/install/px4_msgs/share/px4_msgs/local_setup.zsh\n'}
[2.012032] (px4_msgs) StdoutLine: {'line': b'-- Up-to-date: /home/rudra/custom_flightmode/install/px4_msgs/share/px4_msgs/local_setup.dsv\n'}
[2.012946] (px4_msgs) StdoutLine: {'line': b'-- Installing: /home/rudra/custom_flightmode/install/px4_msgs/share/px4_msgs/package.dsv\n'}
[2.013737] (px4_msgs) StdoutLine: {'line': b'-- Up-to-date: /home/rudra/custom_flightmode/install/px4_msgs/share/ament_index/resource_index/packages/px4_msgs\n'}
[2.015079] (px4_msgs) StdoutLine: {'line': b'-- Up-to-date: /home/rudra/custom_flightmode/install/px4_msgs/share/px4_msgs/cmake/export_px4_msgs__rosidl_generator_cExport.cmake\n'}
[2.015795] (px4_msgs) StdoutLine: {'line': b'-- Up-to-date: /home/rudra/custom_flightmode/install/px4_msgs/share/px4_msgs/cmake/export_px4_msgs__rosidl_generator_cExport-noconfig.cmake\n'}
[2.017003] (px4_msgs) StdoutLine: {'line': b'-- Up-to-date: /home/rudra/custom_flightmode/install/px4_msgs/share/px4_msgs/cmake/export_px4_msgs__rosidl_typesupport_fastrtps_cExport.cmake\n'}
[2.017621] (px4_msgs) StdoutLine: {'line': b'-- Up-to-date: /home/rudra/custom_flightmode/install/px4_msgs/share/px4_msgs/cmake/export_px4_msgs__rosidl_typesupport_fastrtps_cExport-noconfig.cmake\n'}
[2.018560] (px4_msgs) StdoutLine: {'line': b'-- Up-to-date: /home/rudra/custom_flightmode/install/px4_msgs/share/px4_msgs/cmake/px4_msgs__rosidl_typesupport_introspection_cExport.cmake\n'}
[2.019612] (px4_msgs) StdoutLine: {'line': b'-- Up-to-date: /home/rudra/custom_flightmode/install/px4_msgs/share/px4_msgs/cmake/px4_msgs__rosidl_typesupport_introspection_cExport-noconfig.cmake\n'}
[2.021144] (px4_msgs) StdoutLine: {'line': b'-- Up-to-date: /home/rudra/custom_flightmode/install/px4_msgs/share/px4_msgs/cmake/px4_msgs__rosidl_typesupport_cExport.cmake\n'}
[2.022177] (px4_msgs) StdoutLine: {'line': b'-- Up-to-date: /home/rudra/custom_flightmode/install/px4_msgs/share/px4_msgs/cmake/px4_msgs__rosidl_typesupport_cExport-noconfig.cmake\n'}
[2.022674] (px4_msgs) StdoutLine: {'line': b'-- Up-to-date: /home/rudra/custom_flightmode/install/px4_msgs/share/px4_msgs/cmake/export_px4_msgs__rosidl_generator_cppExport.cmake\n'}
[2.023846] (px4_msgs) StdoutLine: {'line': b'-- Up-to-date: /home/rudra/custom_flightmode/install/px4_msgs/share/px4_msgs/cmake/export_px4_msgs__rosidl_typesupport_fastrtps_cppExport.cmake\n'}
[2.024667] (px4_msgs) StdoutLine: {'line': b'-- Up-to-date: /home/rudra/custom_flightmode/install/px4_msgs/share/px4_msgs/cmake/export_px4_msgs__rosidl_typesupport_fastrtps_cppExport-noconfig.cmake\n'}
[2.025416] (px4_msgs) StdoutLine: {'line': b'-- Up-to-date: /home/rudra/custom_flightmode/install/px4_msgs/share/px4_msgs/cmake/px4_msgs__rosidl_typesupport_introspection_cppExport.cmake\n'}
[2.025985] (px4_msgs) StdoutLine: {'line': b'-- Up-to-date: /home/rudra/custom_flightmode/install/px4_msgs/share/px4_msgs/cmake/px4_msgs__rosidl_typesupport_introspection_cppExport-noconfig.cmake\n'}
[2.026996] (px4_msgs) StdoutLine: {'line': b'-- Up-to-date: /home/rudra/custom_flightmode/install/px4_msgs/share/px4_msgs/cmake/px4_msgs__rosidl_typesupport_cppExport.cmake\n'}
[2.027745] (px4_msgs) StdoutLine: {'line': b'-- Up-to-date: /home/rudra/custom_flightmode/install/px4_msgs/share/px4_msgs/cmake/px4_msgs__rosidl_typesupport_cppExport-noconfig.cmake\n'}
[2.028497] (px4_msgs) StdoutLine: {'line': b'-- Up-to-date: /home/rudra/custom_flightmode/install/px4_msgs/share/px4_msgs/cmake/export_px4_msgs__rosidl_generator_pyExport.cmake\n'}
[2.028949] (px4_msgs) StdoutLine: {'line': b'-- Up-to-date: /home/rudra/custom_flightmode/install/px4_msgs/share/px4_msgs/cmake/export_px4_msgs__rosidl_generator_pyExport-noconfig.cmake\n'}
[2.029542] (px4_msgs) StdoutLine: {'line': b'-- Up-to-date: /home/rudra/custom_flightmode/install/px4_msgs/share/px4_msgs/cmake/rosidl_cmake-extras.cmake\n'}
[2.030275] (px4_msgs) StdoutLine: {'line': b'-- Up-to-date: /home/rudra/custom_flightmode/install/px4_msgs/share/px4_msgs/cmake/ament_cmake_export_dependencies-extras.cmake\n'}
[2.030752] (px4_msgs) StdoutLine: {'line': b'-- Up-to-date: /home/rudra/custom_flightmode/install/px4_msgs/share/px4_msgs/cmake/ament_cmake_export_include_directories-extras.cmake\n'}
[2.031219] (px4_msgs) StdoutLine: {'line': b'-- Up-to-date: /home/rudra/custom_flightmode/install/px4_msgs/share/px4_msgs/cmake/ament_cmake_export_libraries-extras.cmake\n'}
[2.031876] (px4_msgs) StdoutLine: {'line': b'-- Up-to-date: /home/rudra/custom_flightmode/install/px4_msgs/share/px4_msgs/cmake/ament_cmake_export_targets-extras.cmake\n'}
[2.032784] (px4_msgs) StdoutLine: {'line': b'-- Up-to-date: /home/rudra/custom_flightmode/install/px4_msgs/share/px4_msgs/cmake/rosidl_cmake_export_typesupport_targets-extras.cmake\n'}
[2.033821] (px4_msgs) StdoutLine: {'line': b'-- Up-to-date: /home/rudra/custom_flightmode/install/px4_msgs/share/px4_msgs/cmake/rosidl_cmake_export_typesupport_libraries-extras.cmake\n'}
[2.034012] (px4_msgs) StdoutLine: {'line': b'-- Up-to-date: /home/rudra/custom_flightmode/install/px4_msgs/share/px4_msgs/cmake/rosidl_cmake_aggregate_target-extras.cmake\n'}
[2.034885] (px4_msgs) StdoutLine: {'line': b'-- Up-to-date: /home/rudra/custom_flightmode/install/px4_msgs/share/px4_msgs/cmake/px4_msgsConfig.cmake\n'}
[2.035227] (px4_msgs) StdoutLine: {'line': b'-- Up-to-date: /home/rudra/custom_flightmode/install/px4_msgs/share/px4_msgs/cmake/px4_msgsConfig-version.cmake\n'}
[2.035658] (px4_msgs) StdoutLine: {'line': b'-- Up-to-date: /home/rudra/custom_flightmode/install/px4_msgs/share/px4_msgs/package.xml\n'}
[2.041555] (px4_msgs) CommandEnded: {'returncode': 0}
[2.066591] (px4_msgs) JobEnded: {'identifier': 'px4_msgs', 'rc': 0}
[2.067003] (px4_swarm_drawer) JobStarted: {'identifier': 'px4_swarm_drawer'}
[2.088255] (px4_swarm_drawer) JobProgress: {'identifier': 'px4_swarm_drawer', 'progress': 'cmake'}
[2.088759] (px4_swarm_drawer) Command: {'cmd': ['/usr/bin/cmake', '/home/rudra/custom_flightmode/src/px4_swarm_drawer', '-DCMAKE_INSTALL_PREFIX=/home/rudra/custom_flightmode/install/px4_swarm_drawer'], 'cwd': '/home/rudra/custom_flightmode/build/px4_swarm_drawer', 'env': OrderedDict([('LESSOPEN', '| /usr/bin/lesspipe %s'), ('VSCODE_CWD', '/home/rudra/custom_flightmode'), ('LANGUAGE', 'en_IN:en'), ('USER', 'rudra'), ('VSCODE_NLS_CONFIG', '{"userLocale":"en-gb","osLocale":"en-in","resolvedLanguage":"en","defaultMessagesFile":"/usr/share/antigravity/resources/app/out/nls.messages.json","locale":"en-gb","availableLanguages":{}}'), ('XDG_SESSION_TYPE', 'x11'), ('SHLVL', '1'), ('LD_LIBRARY_PATH', '/home/rudra/custom_flightmode/install/px4_msgs/lib:/opt/ros/humble/opt/rviz_ogre_vendor/lib:/opt/ros/humble/lib/x86_64-linux-gnu:/opt/ros/humble/lib'), ('HOME', '/home/rudra'), ('CHROME_DESKTOP', 'antigravity.desktop'), ('OLDPWD', '/home/rudra'), ('DESKTOP_SESSION', 'ubuntu'), ('NVM_BIN', '/home/rudra/.nvm/versions/node/v24.16.0/bin'), ('NVM_INC', '/home/rudra/.nvm/versions/node/v24.16.0/include/node'), ('VSCODE_IPC_HOOK', '/run/user/1000/vscode-386ead39-1.10-main.sock'), ('ROS_PYTHON_VERSION', '3'), ('GNOME_SHELL_SESSION_MODE', 'ubuntu'), ('GTK_MODULES', 'gail:atk-bridge'), ('PAGER', 'cat'), ('SYSTEMD_EXEC_PID', '2630'), ('DBUS_SESSION_BUS_ADDRESS', 'unix:path=/run/user/1000/bus'), ('COLORTERM', 'truecolor'), ('ANTIGRAVITY_AGENT', '1'), ('NVM_DIR', '/home/rudra/.nvm'), ('COLCON_PREFIX_PATH', '/home/rudra/ros2_ws/install'), ('ROS_DISTRO', 'humble'), ('GTK_IM_MODULE', 'ibus'), ('LOGNAME', 'rudra'), ('_', '/usr/bin/colcon'), ('ROS_VERSION', '2'), ('XDG_SESSION_CLASS', 'user'), ('USERNAME', 'rudra'), ('TERM', 'dumb'), ('GNOME_DESKTOP_SESSION_ID', 'this-is-deprecated'), ('FC_FONTATIONS', '1'), ('ROS_LOCALHOST_ONLY', '0'), ('WINDOWPATH', '2'), ('ANTIGRAVITY_EDITOR_APP_ROOT', '/usr/share/antigravity/resources/app'), ('PATH', '/home/rudra/.nvm/versions/node/v24.16.0/bin:/opt/ros/humble/bin:/usr/lib/ccache:/home/rudra/ardupilot/Tools/autotest:/opt/gcc-arm-none-eabi-10-2020-q4-major/bin:/home/rudra/.local/bin:/usr/local/sbin:/usr/local/bin:/usr/sbin:/usr/bin:/sbin:/bin:/usr/games:/usr/local/games:/snap/bin:/snap/bin:/opt/xtensa-esp-elf/bin/'), ('SESSION_MANAGER', 'local/victus:@/tmp/.ICE-unix/2603,unix/victus:/tmp/.ICE-unix/2603'), ('XDG_MENU_PREFIX', 'gnome-'), ('GNOME_TERMINAL_SCREEN', '/org/gnome/Terminal/screen/9e5e8198_95fc_457d_b6a0_dd0c8f0a091a'), ('XDG_RUNTIME_DIR', '/run/user/1000'), ('GDK_BACKEND', 'x11'), ('DISPLAY', ':1'), ('LANG', 'en_US.UTF-8'), ('XDG_CURRENT_DESKTOP', 'ubuntu:GNOME'), ('XMODIFIERS', '@im=ibus'), ('XDG_SESSION_DESKTOP', 'ubuntu'), ('XAUTHORITY', '/run/user/1000/gdm/Xauthority'), ('LS_COLORS', 'rs=0:di=01;34:ln=01;36:mh=00:pi=40;33:so=01;35:do=01;35:bd=40;33;01:cd=40;33;01:or=40;31;01:mi=00:su=37;41:sg=30;43:ca=30;41:tw=30;42:ow=34;42:st=37;44:ex=01;32:*.tar=01;31:*.tgz=01;31:*.arc=01;31:*.arj=01;31:*.taz=01;31:*.lha=01;31:*.lz4=01;31:*.lzh=01;31:*.lzma=01;31:*.tlz=01;31:*.txz=01;31:*.tzo=01;31:*.t7z=01;31:*.zip=01;31:*.z=01;31:*.dz=01;31:*.gz=01;31:*.lrz=01;31:*.lz=01;31:*.lzo=01;31:*.xz=01;31:*.zst=01;31:*.tzst=01;31:*.bz2=01;31:*.bz=01;31:*.tbz=01;31:*.tbz2=01;31:*.tz=01;31:*.deb=01;31:*.rpm=01;31:*.jar=01;31:*.war=01;31:*.ear=01;31:*.sar=01;31:*.rar=01;31:*.alz=01;31:*.ace=01;31:*.zoo=01;31:*.cpio=01;31:*.7z=01;31:*.rz=01;31:*.cab=01;31:*.wim=01;31:*.swm=01;31:*.dwm=01;31:*.esd=01;31:*.jpg=01;35:*.jpeg=01;35:*.mjpg=01;35:*.mjpeg=01;35:*.gif=01;35:*.bmp=01;35:*.pbm=01;35:*.pgm=01;35:*.ppm=01;35:*.tga=01;35:*.xbm=01;35:*.xpm=01;35:*.tif=01;35:*.tiff=01;35:*.png=01;35:*.svg=01;35:*.svgz=01;35:*.mng=01;35:*.pcx=01;35:*.mov=01;35:*.mpg=01;35:*.mpeg=01;35:*.m2v=01;35:*.mkv=01;35:*.webm=01;35:*.webp=01;35:*.ogm=01;35:*.mp4=01;35:*.m4v=01;35:*.mp4v=01;35:*.vob=01;35:*.qt=01;35:*.nuv=01;35:*.wmv=01;35:*.asf=01;35:*.rm=01;35:*.rmvb=01;35:*.flc=01;35:*.avi=01;35:*.fli=01;35:*.flv=01;35:*.gl=01;35:*.dl=01;35:*.xcf=01;35:*.xwd=01;35:*.yuv=01;35:*.cgm=01;35:*.emf=01;35:*.ogv=01;35:*.ogx=01;35:*.aac=00;36:*.au=00;36:*.flac=00;36:*.m4a=00;36:*.mid=00;36:*.midi=00;36:*.mka=00;36:*.mp3=00;36:*.mpc=00;36:*.ogg=00;36:*.ra=00;36:*.wav=00;36:*.oga=00;36:*.opus=00;36:*.spx=00;36:*.xspf=00;36:'), ('GNOME_TERMINAL_SERVICE', ':1.100'), ('SSH_AGENT_LAUNCHER', 'gnome-keyring'), ('SSH_AUTH_SOCK', '/run/user/1000/keyring/ssh'), ('AMENT_PREFIX_PATH', '/home/rudra/custom_flightmode/install/px4_msgs:/home/rudra/ros2_ws/install/talker_listener:/home/rudra/ros2_ws/install/first_pkg:/opt/ros/humble'), ('SHELL', '/bin/bash'), ('QT_ACCESSIBILITY', '1'), ('GDMSESSION', 'ubuntu'), ('LESSCLOSE', '/usr/bin/lesspipe %s %s'), ('GPG_AGENT_INFO', '/run/user/1000/gnupg/S.gpg-agent:0:1'), ('QT_IM_MODULE', 'ibus'), ('ANTIGRAVITY_TRAJECTORY_ID', '3183b18d-285a-4b51-b0b2-f82456eef89c'), ('PWD', '/home/rudra/custom_flightmode/build/px4_swarm_drawer'), ('VSCODE_CLI', '1'), ('LC_ALL', 'en_US.UTF-8'), ('XDG_CONFIG_DIRS', '/etc/xdg/xdg-ubuntu:/etc/xdg'), ('VSCODE_CODE_CACHE_PATH', '/home/rudra/.config/Antigravity/CachedData/15487b3041e65228cae24980a3f796c905ef582c'), ('NVM_CD_FLAGS', ''), ('XDG_DATA_DIRS', '/usr/share/ubuntu:/usr/share/gnome:/usr/local/share/:/usr/share/:/var/lib/snapd/desktop'), ('PYTHONPATH', '/home/rudra/custom_flightmode/install/px4_msgs/local/lib/python3.10/dist-packages:/home/rudra/ros2_ws/install/talker_listener/lib/python3.10/site-packages:/home/rudra/ros2_ws/install/first_pkg/lib/python3.10/site-packages:/opt/ros/humble/lib/python3.10/site-packages:/opt/ros/humble/local/lib/python3.10/dist-packages'), ('COLCON', '1'), ('VTE_VERSION', '6800'), ('ELECTRON_NO_ATTACH_CONSOLE', '1'), ('VSCODE_PID', '19372'), ('CMAKE_PREFIX_PATH', '/home/rudra/custom_flightmode/install/px4_msgs:/home/rudra/ros2_ws/install/talker_listener:/home/rudra/ros2_ws/install/first_pkg:/opt/ros/humble')]), 'shell': False}
[2.106535] (-) TimerEvent: {}
[2.107738] (px4_swarm_drawer) StdoutLine: {'line': b'-- Found ament_cmake: 1.3.14 (/opt/ros/humble/share/ament_cmake/cmake)\n'}
[2.206619] (-) TimerEvent: {}
[2.250777] (px4_swarm_drawer) StdoutLine: {'line': b'-- Found rclcpp: 16.0.19 (/opt/ros/humble/share/rclcpp/cmake)\n'}
[2.275879] (px4_swarm_drawer) StdoutLine: {'line': b'-- Found rosidl_generator_c: 3.1.9 (/opt/ros/humble/share/rosidl_generator_c/cmake)\n'}
[2.277693] (px4_swarm_drawer) StdoutLine: {'line': b'-- Found rosidl_adapter: 3.1.9 (/opt/ros/humble/share/rosidl_adapter/cmake)\n'}
[2.282396] (px4_swarm_drawer) StdoutLine: {'line': b'-- Found rosidl_generator_cpp: 3.1.9 (/opt/ros/humble/share/rosidl_generator_cpp/cmake)\n'}
[2.289935] (px4_swarm_drawer) StdoutLine: {'line': b'-- Using all available rosidl_typesupport_c: rosidl_typesupport_fastrtps_c;rosidl_typesupport_introspection_c\n'}
[2.302040] (px4_swarm_drawer) StdoutLine: {'line': b'-- Using all available rosidl_typesupport_cpp: rosidl_typesupport_fastrtps_cpp;rosidl_typesupport_introspection_cpp\n'}
[2.306694] (-) TimerEvent: {}
[2.331396] (px4_swarm_drawer) StdoutLine: {'line': b'-- Found rmw_implementation_cmake: 6.1.2 (/opt/ros/humble/share/rmw_implementation_cmake/cmake)\n'}
[2.332421] (px4_swarm_drawer) StdoutLine: {'line': b'-- Found rmw_fastrtps_cpp: 6.2.10 (/opt/ros/humble/share/rmw_fastrtps_cpp/cmake)\n'}
[2.407061] (-) TimerEvent: {}
[2.446302] (px4_swarm_drawer) StdoutLine: {'line': b"-- Using RMW implementation 'rmw_fastrtps_cpp' as default\n"}
[2.501985] (px4_swarm_drawer) StderrLine: {'line': b'CMake Error at CMakeLists.txt:10 (find_package):\n'}
[2.502255] (px4_swarm_drawer) StderrLine: {'line': b'  By not providing "Findpx4_ros2.cmake" in CMAKE_MODULE_PATH this project has\n'}
[2.502370] (px4_swarm_drawer) StderrLine: {'line': b'  asked CMake to find a package configuration file provided by "px4_ros2",\n'}
[2.502485] (px4_swarm_drawer) StderrLine: {'line': b'  but CMake did not find one.\n'}
[2.502574] (px4_swarm_drawer) StderrLine: {'line': b'\n'}
[2.502647] (px4_swarm_drawer) StderrLine: {'line': b'  Could not find a package configuration file provided by "px4_ros2" with any\n'}
[2.502713] (px4_swarm_drawer) StderrLine: {'line': b'  of the following names:\n'}
[2.502776] (px4_swarm_drawer) StderrLine: {'line': b'\n'}
[2.502843] (px4_swarm_drawer) StderrLine: {'line': b'    px4_ros2Config.cmake\n'}
[2.502908] (px4_swarm_drawer) StderrLine: {'line': b'    px4_ros2-config.cmake\n'}
[2.502975] (px4_swarm_drawer) StderrLine: {'line': b'\n'}
[2.503042] (px4_swarm_drawer) StderrLine: {'line': b'  Add the installation prefix of "px4_ros2" to CMAKE_PREFIX_PATH or set\n'}
[2.503107] (px4_swarm_drawer) StderrLine: {'line': b'  "px4_ros2_DIR" to a directory containing one of the above files.  If\n'}
[2.503172] (px4_swarm_drawer) StderrLine: {'line': b'  "px4_ros2" provides a separate development package or SDK, be sure it has\n'}
[2.503236] (px4_swarm_drawer) StderrLine: {'line': b'  been installed.\n'}
[2.503302] (px4_swarm_drawer) StderrLine: {'line': b'\n'}
[2.503363] (px4_swarm_drawer) StderrLine: {'line': b'\n'}
[2.503423] (px4_swarm_drawer) StdoutLine: {'line': b'-- Configuring incomplete, errors occurred!\n'}
[2.503510] (px4_swarm_drawer) StdoutLine: {'line': b'See also "/home/rudra/custom_flightmode/build/px4_swarm_drawer/CMakeFiles/CMakeOutput.log".\n'}
[2.507119] (-) TimerEvent: {}
[2.510656] (px4_swarm_drawer) CommandEnded: {'returncode': 1}
[2.531284] (px4_swarm_drawer) JobEnded: {'identifier': 'px4_swarm_drawer', 'rc': 1}
[2.541787] (-) EventReactorShutdown: {}
