[0.123s] DEBUG:colcon:Command line arguments: ['/usr/bin/colcon', 'build']
[0.123s] DEBUG:colcon:Parsed command line arguments: Namespace(log_base=None, log_level=None, verb_name='build', build_base='build', install_base='install', merge_install=False, symlink_install=False, test_result_base=None, continue_on_error=False, executor='parallel', parallel_workers=12, event_handlers=None, ignore_user_meta=False, metas=['./colcon.meta'], base_paths=['.'], packages_ignore=None, packages_ignore_regex=None, paths=None, packages_up_to=None, packages_up_to_regex=None, packages_above=None, packages_above_and_dependencies=None, packages_above_depth=None, packages_select_by_dep=None, packages_skip_by_dep=None, packages_skip_up_to=None, packages_select_build_failed=False, packages_skip_build_finished=False, packages_select_test_failures=False, packages_skip_test_passed=False, packages_select=None, packages_skip=None, packages_select_regex=None, packages_skip_regex=None, packages_start=None, packages_end=None, allow_overriding=[], cmake_args=None, cmake_target=None, cmake_target_skip_unavailable=False, cmake_clean_cache=False, cmake_clean_first=False, cmake_force_configure=False, ament_cmake_args=None, catkin_cmake_args=None, catkin_skip_building_tests=False, mixin_files=None, mixin=None, verb_parser=<colcon_mixin.mixin.mixin_argument.MixinArgumentDecorator object at 0x7cadc5e49330>, verb_extension=<colcon_core.verb.build.BuildVerb object at 0x7cadc5e48970>, main=<bound method BuildVerb.main of <colcon_core.verb.build.BuildVerb object at 0x7cadc5e48970>>, mixin_verb=('build',))
[0.168s] Level 1:colcon.colcon_core.package_discovery:discover_packages(colcon_meta) check parameters
[0.168s] Level 1:colcon.colcon_core.package_discovery:discover_packages(recursive) check parameters
[0.168s] Level 1:colcon.colcon_core.package_discovery:discover_packages(ignore) check parameters
[0.168s] Level 1:colcon.colcon_core.package_discovery:discover_packages(path) check parameters
[0.168s] Level 1:colcon.colcon_core.package_discovery:discover_packages(colcon_meta) discover
[0.168s] Level 1:colcon.colcon_core.package_discovery:discover_packages(recursive) discover
[0.168s] INFO:colcon.colcon_core.package_discovery:Crawling recursively for packages in '/home/rudra/custom_flightmode'
[0.168s] Level 1:colcon.colcon_core.package_identification:_identify(.) by extensions ['ignore', 'ignore_ament_install']
[0.168s] Level 1:colcon.colcon_core.package_identification:_identify(.) by extension 'ignore'
[0.168s] Level 1:colcon.colcon_core.package_identification:_identify(.) by extension 'ignore_ament_install'
[0.169s] Level 1:colcon.colcon_core.package_identification:_identify(.) by extensions ['colcon_pkg']
[0.169s] Level 1:colcon.colcon_core.package_identification:_identify(.) by extension 'colcon_pkg'
[0.169s] Level 1:colcon.colcon_core.package_identification:_identify(.) by extensions ['colcon_meta']
[0.169s] Level 1:colcon.colcon_core.package_identification:_identify(.) by extension 'colcon_meta'
[0.169s] Level 1:colcon.colcon_core.package_identification:_identify(.) by extensions ['ros']
[0.169s] Level 1:colcon.colcon_core.package_identification:_identify(.) by extension 'ros'
[0.201s] Level 1:colcon.colcon_core.package_identification:_identify(.) by extensions ['cmake', 'python']
[0.201s] Level 1:colcon.colcon_core.package_identification:_identify(.) by extension 'cmake'
[0.201s] Level 1:colcon.colcon_core.package_identification:_identify(.) by extension 'python'
[0.201s] Level 1:colcon.colcon_core.package_identification:_identify(.) by extensions ['python_setup_py']
[0.201s] Level 1:colcon.colcon_core.package_identification:_identify(.) by extension 'python_setup_py'
[0.201s] Level 1:colcon.colcon_core.package_identification:_identify(build) by extensions ['ignore', 'ignore_ament_install']
[0.201s] Level 1:colcon.colcon_core.package_identification:_identify(build) by extension 'ignore'
[0.201s] Level 1:colcon.colcon_core.package_identification:_identify(build) ignored
[0.202s] Level 1:colcon.colcon_core.package_identification:_identify(install) by extensions ['ignore', 'ignore_ament_install']
[0.202s] Level 1:colcon.colcon_core.package_identification:_identify(install) by extension 'ignore'
[0.202s] Level 1:colcon.colcon_core.package_identification:_identify(install) ignored
[0.202s] Level 1:colcon.colcon_core.package_identification:_identify(log) by extensions ['ignore', 'ignore_ament_install']
[0.202s] Level 1:colcon.colcon_core.package_identification:_identify(log) by extension 'ignore'
[0.202s] Level 1:colcon.colcon_core.package_identification:_identify(log) ignored
[0.202s] Level 1:colcon.colcon_core.package_identification:_identify(src) by extensions ['ignore', 'ignore_ament_install']
[0.202s] Level 1:colcon.colcon_core.package_identification:_identify(src) by extension 'ignore'
[0.202s] Level 1:colcon.colcon_core.package_identification:_identify(src) by extension 'ignore_ament_install'
[0.202s] Level 1:colcon.colcon_core.package_identification:_identify(src) by extensions ['colcon_pkg']
[0.202s] Level 1:colcon.colcon_core.package_identification:_identify(src) by extension 'colcon_pkg'
[0.202s] Level 1:colcon.colcon_core.package_identification:_identify(src) by extensions ['colcon_meta']
[0.202s] Level 1:colcon.colcon_core.package_identification:_identify(src) by extension 'colcon_meta'
[0.202s] Level 1:colcon.colcon_core.package_identification:_identify(src) by extensions ['ros']
[0.202s] Level 1:colcon.colcon_core.package_identification:_identify(src) by extension 'ros'
[0.202s] Level 1:colcon.colcon_core.package_identification:_identify(src) by extensions ['cmake', 'python']
[0.202s] Level 1:colcon.colcon_core.package_identification:_identify(src) by extension 'cmake'
[0.203s] Level 1:colcon.colcon_core.package_identification:_identify(src) by extension 'python'
[0.203s] Level 1:colcon.colcon_core.package_identification:_identify(src) by extensions ['python_setup_py']
[0.203s] Level 1:colcon.colcon_core.package_identification:_identify(src) by extension 'python_setup_py'
[0.203s] Level 1:colcon.colcon_core.package_identification:_identify(src/px4-ros2-interface-lib) by extensions ['ignore', 'ignore_ament_install']
[0.203s] Level 1:colcon.colcon_core.package_identification:_identify(src/px4-ros2-interface-lib) by extension 'ignore'
[0.203s] Level 1:colcon.colcon_core.package_identification:_identify(src/px4-ros2-interface-lib) by extension 'ignore_ament_install'
[0.203s] Level 1:colcon.colcon_core.package_identification:_identify(src/px4-ros2-interface-lib) by extensions ['colcon_pkg']
[0.203s] Level 1:colcon.colcon_core.package_identification:_identify(src/px4-ros2-interface-lib) by extension 'colcon_pkg'
[0.203s] Level 1:colcon.colcon_core.package_identification:_identify(src/px4-ros2-interface-lib) by extensions ['colcon_meta']
[0.203s] Level 1:colcon.colcon_core.package_identification:_identify(src/px4-ros2-interface-lib) by extension 'colcon_meta'
[0.203s] Level 1:colcon.colcon_core.package_identification:_identify(src/px4-ros2-interface-lib) by extensions ['ros']
[0.203s] Level 1:colcon.colcon_core.package_identification:_identify(src/px4-ros2-interface-lib) by extension 'ros'
[0.203s] Level 1:colcon.colcon_core.package_identification:_identify(src/px4-ros2-interface-lib) by extensions ['cmake', 'python']
[0.203s] Level 1:colcon.colcon_core.package_identification:_identify(src/px4-ros2-interface-lib) by extension 'cmake'
[0.203s] Level 1:colcon.colcon_core.package_identification:_identify(src/px4-ros2-interface-lib) by extension 'python'
[0.203s] Level 1:colcon.colcon_core.package_identification:_identify(src/px4-ros2-interface-lib) by extensions ['python_setup_py']
[0.203s] Level 1:colcon.colcon_core.package_identification:_identify(src/px4-ros2-interface-lib) by extension 'python_setup_py'
[0.204s] Level 1:colcon.colcon_core.package_identification:_identify(src/px4-ros2-interface-lib/examples) by extensions ['ignore', 'ignore_ament_install']
[0.204s] Level 1:colcon.colcon_core.package_identification:_identify(src/px4-ros2-interface-lib/examples) by extension 'ignore'
[0.204s] Level 1:colcon.colcon_core.package_identification:_identify(src/px4-ros2-interface-lib/examples) by extension 'ignore_ament_install'
[0.204s] Level 1:colcon.colcon_core.package_identification:_identify(src/px4-ros2-interface-lib/examples) by extensions ['colcon_pkg']
[0.204s] Level 1:colcon.colcon_core.package_identification:_identify(src/px4-ros2-interface-lib/examples) by extension 'colcon_pkg'
[0.204s] Level 1:colcon.colcon_core.package_identification:_identify(src/px4-ros2-interface-lib/examples) by extensions ['colcon_meta']
[0.204s] Level 1:colcon.colcon_core.package_identification:_identify(src/px4-ros2-interface-lib/examples) by extension 'colcon_meta'
[0.204s] Level 1:colcon.colcon_core.package_identification:_identify(src/px4-ros2-interface-lib/examples) by extensions ['ros']
[0.204s] Level 1:colcon.colcon_core.package_identification:_identify(src/px4-ros2-interface-lib/examples) by extension 'ros'
[0.204s] Level 1:colcon.colcon_core.package_identification:_identify(src/px4-ros2-interface-lib/examples) by extensions ['cmake', 'python']
[0.204s] Level 1:colcon.colcon_core.package_identification:_identify(src/px4-ros2-interface-lib/examples) by extension 'cmake'
[0.204s] Level 1:colcon.colcon_core.package_identification:_identify(src/px4-ros2-interface-lib/examples) by extension 'python'
[0.204s] Level 1:colcon.colcon_core.package_identification:_identify(src/px4-ros2-interface-lib/examples) by extensions ['python_setup_py']
[0.204s] Level 1:colcon.colcon_core.package_identification:_identify(src/px4-ros2-interface-lib/examples) by extension 'python_setup_py'
[0.204s] Level 1:colcon.colcon_core.package_identification:_identify(src/px4-ros2-interface-lib/examples/cpp) by extensions ['ignore', 'ignore_ament_install']
[0.204s] Level 1:colcon.colcon_core.package_identification:_identify(src/px4-ros2-interface-lib/examples/cpp) by extension 'ignore'
[0.205s] Level 1:colcon.colcon_core.package_identification:_identify(src/px4-ros2-interface-lib/examples/cpp) by extension 'ignore_ament_install'
[0.205s] Level 1:colcon.colcon_core.package_identification:_identify(src/px4-ros2-interface-lib/examples/cpp) by extensions ['colcon_pkg']
[0.205s] Level 1:colcon.colcon_core.package_identification:_identify(src/px4-ros2-interface-lib/examples/cpp) by extension 'colcon_pkg'
[0.205s] Level 1:colcon.colcon_core.package_identification:_identify(src/px4-ros2-interface-lib/examples/cpp) by extensions ['colcon_meta']
[0.205s] Level 1:colcon.colcon_core.package_identification:_identify(src/px4-ros2-interface-lib/examples/cpp) by extension 'colcon_meta'
[0.205s] Level 1:colcon.colcon_core.package_identification:_identify(src/px4-ros2-interface-lib/examples/cpp) by extensions ['ros']
[0.205s] Level 1:colcon.colcon_core.package_identification:_identify(src/px4-ros2-interface-lib/examples/cpp) by extension 'ros'
[0.205s] Level 1:colcon.colcon_core.package_identification:_identify(src/px4-ros2-interface-lib/examples/cpp) by extensions ['cmake', 'python']
[0.205s] Level 1:colcon.colcon_core.package_identification:_identify(src/px4-ros2-interface-lib/examples/cpp) by extension 'cmake'
[0.205s] Level 1:colcon.colcon_core.package_identification:_identify(src/px4-ros2-interface-lib/examples/cpp) by extension 'python'
[0.205s] Level 1:colcon.colcon_core.package_identification:_identify(src/px4-ros2-interface-lib/examples/cpp) by extensions ['python_setup_py']
[0.205s] Level 1:colcon.colcon_core.package_identification:_identify(src/px4-ros2-interface-lib/examples/cpp) by extension 'python_setup_py'
[0.205s] Level 1:colcon.colcon_core.package_identification:_identify(src/px4-ros2-interface-lib/examples/cpp/modes) by extensions ['ignore', 'ignore_ament_install']
[0.205s] Level 1:colcon.colcon_core.package_identification:_identify(src/px4-ros2-interface-lib/examples/cpp/modes) by extension 'ignore'
[0.205s] Level 1:colcon.colcon_core.package_identification:_identify(src/px4-ros2-interface-lib/examples/cpp/modes) by extension 'ignore_ament_install'
[0.205s] Level 1:colcon.colcon_core.package_identification:_identify(src/px4-ros2-interface-lib/examples/cpp/modes) by extensions ['colcon_pkg']
[0.205s] Level 1:colcon.colcon_core.package_identification:_identify(src/px4-ros2-interface-lib/examples/cpp/modes) by extension 'colcon_pkg'
[0.205s] Level 1:colcon.colcon_core.package_identification:_identify(src/px4-ros2-interface-lib/examples/cpp/modes) by extensions ['colcon_meta']
[0.205s] Level 1:colcon.colcon_core.package_identification:_identify(src/px4-ros2-interface-lib/examples/cpp/modes) by extension 'colcon_meta'
[0.205s] Level 1:colcon.colcon_core.package_identification:_identify(src/px4-ros2-interface-lib/examples/cpp/modes) by extensions ['ros']
[0.206s] Level 1:colcon.colcon_core.package_identification:_identify(src/px4-ros2-interface-lib/examples/cpp/modes) by extension 'ros'
[0.206s] Level 1:colcon.colcon_core.package_identification:_identify(src/px4-ros2-interface-lib/examples/cpp/modes) by extensions ['cmake', 'python']
[0.206s] Level 1:colcon.colcon_core.package_identification:_identify(src/px4-ros2-interface-lib/examples/cpp/modes) by extension 'cmake'
[0.206s] Level 1:colcon.colcon_core.package_identification:_identify(src/px4-ros2-interface-lib/examples/cpp/modes) by extension 'python'
[0.206s] Level 1:colcon.colcon_core.package_identification:_identify(src/px4-ros2-interface-lib/examples/cpp/modes) by extensions ['python_setup_py']
[0.206s] Level 1:colcon.colcon_core.package_identification:_identify(src/px4-ros2-interface-lib/examples/cpp/modes) by extension 'python_setup_py'
[0.206s] Level 1:colcon.colcon_core.package_identification:_identify(src/px4-ros2-interface-lib/examples/cpp/modes/executor_with_multiple_modes) by extensions ['ignore', 'ignore_ament_install']
[0.206s] Level 1:colcon.colcon_core.package_identification:_identify(src/px4-ros2-interface-lib/examples/cpp/modes/executor_with_multiple_modes) by extension 'ignore'
[0.206s] Level 1:colcon.colcon_core.package_identification:_identify(src/px4-ros2-interface-lib/examples/cpp/modes/executor_with_multiple_modes) by extension 'ignore_ament_install'
[0.206s] Level 1:colcon.colcon_core.package_identification:_identify(src/px4-ros2-interface-lib/examples/cpp/modes/executor_with_multiple_modes) by extensions ['colcon_pkg']
[0.206s] Level 1:colcon.colcon_core.package_identification:_identify(src/px4-ros2-interface-lib/examples/cpp/modes/executor_with_multiple_modes) by extension 'colcon_pkg'
[0.206s] Level 1:colcon.colcon_core.package_identification:_identify(src/px4-ros2-interface-lib/examples/cpp/modes/executor_with_multiple_modes) by extensions ['colcon_meta']
[0.206s] Level 1:colcon.colcon_core.package_identification:_identify(src/px4-ros2-interface-lib/examples/cpp/modes/executor_with_multiple_modes) by extension 'colcon_meta'
[0.206s] Level 1:colcon.colcon_core.package_identification:_identify(src/px4-ros2-interface-lib/examples/cpp/modes/executor_with_multiple_modes) by extensions ['ros']
[0.206s] Level 1:colcon.colcon_core.package_identification:_identify(src/px4-ros2-interface-lib/examples/cpp/modes/executor_with_multiple_modes) by extension 'ros'
[0.209s] DEBUG:colcon.colcon_core.package_identification:Package 'src/px4-ros2-interface-lib/examples/cpp/modes/executor_with_multiple_modes' with type 'ros.ament_cmake' and name 'example_executor_with_multiple_modes_cpp'
[0.209s] Level 1:colcon.colcon_core.package_identification:_identify(src/px4-ros2-interface-lib/examples/cpp/modes/fw_attitude) by extensions ['ignore', 'ignore_ament_install']
[0.209s] Level 1:colcon.colcon_core.package_identification:_identify(src/px4-ros2-interface-lib/examples/cpp/modes/fw_attitude) by extension 'ignore'
[0.209s] Level 1:colcon.colcon_core.package_identification:_identify(src/px4-ros2-interface-lib/examples/cpp/modes/fw_attitude) by extension 'ignore_ament_install'
[0.209s] Level 1:colcon.colcon_core.package_identification:_identify(src/px4-ros2-interface-lib/examples/cpp/modes/fw_attitude) by extensions ['colcon_pkg']
[0.210s] Level 1:colcon.colcon_core.package_identification:_identify(src/px4-ros2-interface-lib/examples/cpp/modes/fw_attitude) by extension 'colcon_pkg'
[0.210s] Level 1:colcon.colcon_core.package_identification:_identify(src/px4-ros2-interface-lib/examples/cpp/modes/fw_attitude) by extensions ['colcon_meta']
[0.210s] Level 1:colcon.colcon_core.package_identification:_identify(src/px4-ros2-interface-lib/examples/cpp/modes/fw_attitude) by extension 'colcon_meta'
[0.210s] Level 1:colcon.colcon_core.package_identification:_identify(src/px4-ros2-interface-lib/examples/cpp/modes/fw_attitude) by extensions ['ros']
[0.210s] Level 1:colcon.colcon_core.package_identification:_identify(src/px4-ros2-interface-lib/examples/cpp/modes/fw_attitude) by extension 'ros'
[0.210s] DEBUG:colcon.colcon_core.package_identification:Package 'src/px4-ros2-interface-lib/examples/cpp/modes/fw_attitude' with type 'ros.ament_cmake' and name 'example_mode_fw_attitude_cpp'
[0.210s] Level 1:colcon.colcon_core.package_identification:_identify(src/px4-ros2-interface-lib/examples/cpp/modes/goto) by extensions ['ignore', 'ignore_ament_install']
[0.210s] Level 1:colcon.colcon_core.package_identification:_identify(src/px4-ros2-interface-lib/examples/cpp/modes/goto) by extension 'ignore'
[0.211s] Level 1:colcon.colcon_core.package_identification:_identify(src/px4-ros2-interface-lib/examples/cpp/modes/goto) by extension 'ignore_ament_install'
[0.211s] Level 1:colcon.colcon_core.package_identification:_identify(src/px4-ros2-interface-lib/examples/cpp/modes/goto) by extensions ['colcon_pkg']
[0.211s] Level 1:colcon.colcon_core.package_identification:_identify(src/px4-ros2-interface-lib/examples/cpp/modes/goto) by extension 'colcon_pkg'
[0.211s] Level 1:colcon.colcon_core.package_identification:_identify(src/px4-ros2-interface-lib/examples/cpp/modes/goto) by extensions ['colcon_meta']
[0.211s] Level 1:colcon.colcon_core.package_identification:_identify(src/px4-ros2-interface-lib/examples/cpp/modes/goto) by extension 'colcon_meta'
[0.211s] Level 1:colcon.colcon_core.package_identification:_identify(src/px4-ros2-interface-lib/examples/cpp/modes/goto) by extensions ['ros']
[0.211s] Level 1:colcon.colcon_core.package_identification:_identify(src/px4-ros2-interface-lib/examples/cpp/modes/goto) by extension 'ros'
[0.211s] DEBUG:colcon.colcon_core.package_identification:Package 'src/px4-ros2-interface-lib/examples/cpp/modes/goto' with type 'ros.ament_cmake' and name 'example_mode_goto_cpp'
[0.211s] Level 1:colcon.colcon_core.package_identification:_identify(src/px4-ros2-interface-lib/examples/cpp/modes/goto_global) by extensions ['ignore', 'ignore_ament_install']
[0.212s] Level 1:colcon.colcon_core.package_identification:_identify(src/px4-ros2-interface-lib/examples/cpp/modes/goto_global) by extension 'ignore'
[0.212s] Level 1:colcon.colcon_core.package_identification:_identify(src/px4-ros2-interface-lib/examples/cpp/modes/goto_global) by extension 'ignore_ament_install'
[0.212s] Level 1:colcon.colcon_core.package_identification:_identify(src/px4-ros2-interface-lib/examples/cpp/modes/goto_global) by extensions ['colcon_pkg']
[0.212s] Level 1:colcon.colcon_core.package_identification:_identify(src/px4-ros2-interface-lib/examples/cpp/modes/goto_global) by extension 'colcon_pkg'
[0.212s] Level 1:colcon.colcon_core.package_identification:_identify(src/px4-ros2-interface-lib/examples/cpp/modes/goto_global) by extensions ['colcon_meta']
[0.212s] Level 1:colcon.colcon_core.package_identification:_identify(src/px4-ros2-interface-lib/examples/cpp/modes/goto_global) by extension 'colcon_meta'
[0.212s] Level 1:colcon.colcon_core.package_identification:_identify(src/px4-ros2-interface-lib/examples/cpp/modes/goto_global) by extensions ['ros']
[0.212s] Level 1:colcon.colcon_core.package_identification:_identify(src/px4-ros2-interface-lib/examples/cpp/modes/goto_global) by extension 'ros'
[0.213s] DEBUG:colcon.colcon_core.package_identification:Package 'src/px4-ros2-interface-lib/examples/cpp/modes/goto_global' with type 'ros.ament_cmake' and name 'example_mode_goto_global_cpp'
[0.213s] Level 1:colcon.colcon_core.package_identification:_identify(src/px4-ros2-interface-lib/examples/cpp/modes/manual) by extensions ['ignore', 'ignore_ament_install']
[0.213s] Level 1:colcon.colcon_core.package_identification:_identify(src/px4-ros2-interface-lib/examples/cpp/modes/manual) by extension 'ignore'
[0.213s] Level 1:colcon.colcon_core.package_identification:_identify(src/px4-ros2-interface-lib/examples/cpp/modes/manual) by extension 'ignore_ament_install'
[0.213s] Level 1:colcon.colcon_core.package_identification:_identify(src/px4-ros2-interface-lib/examples/cpp/modes/manual) by extensions ['colcon_pkg']
[0.213s] Level 1:colcon.colcon_core.package_identification:_identify(src/px4-ros2-interface-lib/examples/cpp/modes/manual) by extension 'colcon_pkg'
[0.213s] Level 1:colcon.colcon_core.package_identification:_identify(src/px4-ros2-interface-lib/examples/cpp/modes/manual) by extensions ['colcon_meta']
[0.213s] Level 1:colcon.colcon_core.package_identification:_identify(src/px4-ros2-interface-lib/examples/cpp/modes/manual) by extension 'colcon_meta'
[0.213s] Level 1:colcon.colcon_core.package_identification:_identify(src/px4-ros2-interface-lib/examples/cpp/modes/manual) by extensions ['ros']
[0.213s] Level 1:colcon.colcon_core.package_identification:_identify(src/px4-ros2-interface-lib/examples/cpp/modes/manual) by extension 'ros'
[0.214s] DEBUG:colcon.colcon_core.package_identification:Package 'src/px4-ros2-interface-lib/examples/cpp/modes/manual' with type 'ros.ament_cmake' and name 'example_mode_manual_cpp'
[0.214s] Level 1:colcon.colcon_core.package_identification:_identify(src/px4-ros2-interface-lib/examples/cpp/modes/mission) by extensions ['ignore', 'ignore_ament_install']
[0.214s] Level 1:colcon.colcon_core.package_identification:_identify(src/px4-ros2-interface-lib/examples/cpp/modes/mission) by extension 'ignore'
[0.214s] Level 1:colcon.colcon_core.package_identification:_identify(src/px4-ros2-interface-lib/examples/cpp/modes/mission) by extension 'ignore_ament_install'
[0.214s] Level 1:colcon.colcon_core.package_identification:_identify(src/px4-ros2-interface-lib/examples/cpp/modes/mission) by extensions ['colcon_pkg']
[0.214s] Level 1:colcon.colcon_core.package_identification:_identify(src/px4-ros2-interface-lib/examples/cpp/modes/mission) by extension 'colcon_pkg'
[0.214s] Level 1:colcon.colcon_core.package_identification:_identify(src/px4-ros2-interface-lib/examples/cpp/modes/mission) by extensions ['colcon_meta']
[0.214s] Level 1:colcon.colcon_core.package_identification:_identify(src/px4-ros2-interface-lib/examples/cpp/modes/mission) by extension 'colcon_meta'
[0.214s] Level 1:colcon.colcon_core.package_identification:_identify(src/px4-ros2-interface-lib/examples/cpp/modes/mission) by extensions ['ros']
[0.214s] Level 1:colcon.colcon_core.package_identification:_identify(src/px4-ros2-interface-lib/examples/cpp/modes/mission) by extension 'ros'
[0.215s] DEBUG:colcon.colcon_core.package_identification:Package 'src/px4-ros2-interface-lib/examples/cpp/modes/mission' with type 'ros.ament_cmake' and name 'example_mode_mission_cpp'
[0.215s] Level 1:colcon.colcon_core.package_identification:_identify(src/px4-ros2-interface-lib/examples/cpp/modes/mode_with_executor) by extensions ['ignore', 'ignore_ament_install']
[0.215s] Level 1:colcon.colcon_core.package_identification:_identify(src/px4-ros2-interface-lib/examples/cpp/modes/mode_with_executor) by extension 'ignore'
[0.215s] Level 1:colcon.colcon_core.package_identification:_identify(src/px4-ros2-interface-lib/examples/cpp/modes/mode_with_executor) by extension 'ignore_ament_install'
[0.215s] Level 1:colcon.colcon_core.package_identification:_identify(src/px4-ros2-interface-lib/examples/cpp/modes/mode_with_executor) by extensions ['colcon_pkg']
[0.215s] Level 1:colcon.colcon_core.package_identification:_identify(src/px4-ros2-interface-lib/examples/cpp/modes/mode_with_executor) by extension 'colcon_pkg'
[0.215s] Level 1:colcon.colcon_core.package_identification:_identify(src/px4-ros2-interface-lib/examples/cpp/modes/mode_with_executor) by extensions ['colcon_meta']
[0.215s] Level 1:colcon.colcon_core.package_identification:_identify(src/px4-ros2-interface-lib/examples/cpp/modes/mode_with_executor) by extension 'colcon_meta'
[0.215s] Level 1:colcon.colcon_core.package_identification:_identify(src/px4-ros2-interface-lib/examples/cpp/modes/mode_with_executor) by extensions ['ros']
[0.215s] Level 1:colcon.colcon_core.package_identification:_identify(src/px4-ros2-interface-lib/examples/cpp/modes/mode_with_executor) by extension 'ros'
[0.216s] DEBUG:colcon.colcon_core.package_identification:Package 'src/px4-ros2-interface-lib/examples/cpp/modes/mode_with_executor' with type 'ros.ament_cmake' and name 'example_mode_with_executor_cpp'
[0.216s] Level 1:colcon.colcon_core.package_identification:_identify(src/px4-ros2-interface-lib/examples/cpp/modes/rover_velocity) by extensions ['ignore', 'ignore_ament_install']
[0.216s] Level 1:colcon.colcon_core.package_identification:_identify(src/px4-ros2-interface-lib/examples/cpp/modes/rover_velocity) by extension 'ignore'
[0.216s] Level 1:colcon.colcon_core.package_identification:_identify(src/px4-ros2-interface-lib/examples/cpp/modes/rover_velocity) by extension 'ignore_ament_install'
[0.216s] Level 1:colcon.colcon_core.package_identification:_identify(src/px4-ros2-interface-lib/examples/cpp/modes/rover_velocity) by extensions ['colcon_pkg']
[0.216s] Level 1:colcon.colcon_core.package_identification:_identify(src/px4-ros2-interface-lib/examples/cpp/modes/rover_velocity) by extension 'colcon_pkg'
[0.216s] Level 1:colcon.colcon_core.package_identification:_identify(src/px4-ros2-interface-lib/examples/cpp/modes/rover_velocity) by extensions ['colcon_meta']
[0.216s] Level 1:colcon.colcon_core.package_identification:_identify(src/px4-ros2-interface-lib/examples/cpp/modes/rover_velocity) by extension 'colcon_meta'
[0.217s] Level 1:colcon.colcon_core.package_identification:_identify(src/px4-ros2-interface-lib/examples/cpp/modes/rover_velocity) by extensions ['ros']
[0.217s] Level 1:colcon.colcon_core.package_identification:_identify(src/px4-ros2-interface-lib/examples/cpp/modes/rover_velocity) by extension 'ros'
[0.217s] DEBUG:colcon.colcon_core.package_identification:Package 'src/px4-ros2-interface-lib/examples/cpp/modes/rover_velocity' with type 'ros.ament_cmake' and name 'example_rover_velocity_mode_cpp'
[0.217s] Level 1:colcon.colcon_core.package_identification:_identify(src/px4-ros2-interface-lib/examples/cpp/modes/rtl_replacement) by extensions ['ignore', 'ignore_ament_install']
[0.217s] Level 1:colcon.colcon_core.package_identification:_identify(src/px4-ros2-interface-lib/examples/cpp/modes/rtl_replacement) by extension 'ignore'
[0.217s] Level 1:colcon.colcon_core.package_identification:_identify(src/px4-ros2-interface-lib/examples/cpp/modes/rtl_replacement) by extension 'ignore_ament_install'
[0.217s] Level 1:colcon.colcon_core.package_identification:_identify(src/px4-ros2-interface-lib/examples/cpp/modes/rtl_replacement) by extensions ['colcon_pkg']
[0.217s] Level 1:colcon.colcon_core.package_identification:_identify(src/px4-ros2-interface-lib/examples/cpp/modes/rtl_replacement) by extension 'colcon_pkg'
[0.217s] Level 1:colcon.colcon_core.package_identification:_identify(src/px4-ros2-interface-lib/examples/cpp/modes/rtl_replacement) by extensions ['colcon_meta']
[0.217s] Level 1:colcon.colcon_core.package_identification:_identify(src/px4-ros2-interface-lib/examples/cpp/modes/rtl_replacement) by extension 'colcon_meta'
[0.217s] Level 1:colcon.colcon_core.package_identification:_identify(src/px4-ros2-interface-lib/examples/cpp/modes/rtl_replacement) by extensions ['ros']
[0.217s] Level 1:colcon.colcon_core.package_identification:_identify(src/px4-ros2-interface-lib/examples/cpp/modes/rtl_replacement) by extension 'ros'
[0.218s] DEBUG:colcon.colcon_core.package_identification:Package 'src/px4-ros2-interface-lib/examples/cpp/modes/rtl_replacement' with type 'ros.ament_cmake' and name 'example_mode_rtl_replacement_cpp'
[0.218s] Level 1:colcon.colcon_core.package_identification:_identify(src/px4-ros2-interface-lib/examples/cpp/modes/vtol) by extensions ['ignore', 'ignore_ament_install']
[0.218s] Level 1:colcon.colcon_core.package_identification:_identify(src/px4-ros2-interface-lib/examples/cpp/modes/vtol) by extension 'ignore'
[0.218s] Level 1:colcon.colcon_core.package_identification:_identify(src/px4-ros2-interface-lib/examples/cpp/modes/vtol) by extension 'ignore_ament_install'
[0.218s] Level 1:colcon.colcon_core.package_identification:_identify(src/px4-ros2-interface-lib/examples/cpp/modes/vtol) by extensions ['colcon_pkg']
[0.218s] Level 1:colcon.colcon_core.package_identification:_identify(src/px4-ros2-interface-lib/examples/cpp/modes/vtol) by extension 'colcon_pkg'
[0.218s] Level 1:colcon.colcon_core.package_identification:_identify(src/px4-ros2-interface-lib/examples/cpp/modes/vtol) by extensions ['colcon_meta']
[0.218s] Level 1:colcon.colcon_core.package_identification:_identify(src/px4-ros2-interface-lib/examples/cpp/modes/vtol) by extension 'colcon_meta'
[0.218s] Level 1:colcon.colcon_core.package_identification:_identify(src/px4-ros2-interface-lib/examples/cpp/modes/vtol) by extensions ['ros']
[0.218s] Level 1:colcon.colcon_core.package_identification:_identify(src/px4-ros2-interface-lib/examples/cpp/modes/vtol) by extension 'ros'
[0.219s] DEBUG:colcon.colcon_core.package_identification:Package 'src/px4-ros2-interface-lib/examples/cpp/modes/vtol' with type 'ros.ament_cmake' and name 'example_mode_vtol_cpp'
[0.219s] Level 1:colcon.colcon_core.package_identification:_identify(src/px4-ros2-interface-lib/examples/cpp/navigation) by extensions ['ignore', 'ignore_ament_install']
[0.219s] Level 1:colcon.colcon_core.package_identification:_identify(src/px4-ros2-interface-lib/examples/cpp/navigation) by extension 'ignore'
[0.219s] Level 1:colcon.colcon_core.package_identification:_identify(src/px4-ros2-interface-lib/examples/cpp/navigation) by extension 'ignore_ament_install'
[0.219s] Level 1:colcon.colcon_core.package_identification:_identify(src/px4-ros2-interface-lib/examples/cpp/navigation) by extensions ['colcon_pkg']
[0.219s] Level 1:colcon.colcon_core.package_identification:_identify(src/px4-ros2-interface-lib/examples/cpp/navigation) by extension 'colcon_pkg'
[0.219s] Level 1:colcon.colcon_core.package_identification:_identify(src/px4-ros2-interface-lib/examples/cpp/navigation) by extensions ['colcon_meta']
[0.219s] Level 1:colcon.colcon_core.package_identification:_identify(src/px4-ros2-interface-lib/examples/cpp/navigation) by extension 'colcon_meta'
[0.219s] Level 1:colcon.colcon_core.package_identification:_identify(src/px4-ros2-interface-lib/examples/cpp/navigation) by extensions ['ros']
[0.220s] Level 1:colcon.colcon_core.package_identification:_identify(src/px4-ros2-interface-lib/examples/cpp/navigation) by extension 'ros'
[0.220s] Level 1:colcon.colcon_core.package_identification:_identify(src/px4-ros2-interface-lib/examples/cpp/navigation) by extensions ['cmake', 'python']
[0.220s] Level 1:colcon.colcon_core.package_identification:_identify(src/px4-ros2-interface-lib/examples/cpp/navigation) by extension 'cmake'
[0.220s] Level 1:colcon.colcon_core.package_identification:_identify(src/px4-ros2-interface-lib/examples/cpp/navigation) by extension 'python'
[0.220s] Level 1:colcon.colcon_core.package_identification:_identify(src/px4-ros2-interface-lib/examples/cpp/navigation) by extensions ['python_setup_py']
[0.220s] Level 1:colcon.colcon_core.package_identification:_identify(src/px4-ros2-interface-lib/examples/cpp/navigation) by extension 'python_setup_py'
[0.220s] Level 1:colcon.colcon_core.package_identification:_identify(src/px4-ros2-interface-lib/examples/cpp/navigation/global_navigation) by extensions ['ignore', 'ignore_ament_install']
[0.220s] Level 1:colcon.colcon_core.package_identification:_identify(src/px4-ros2-interface-lib/examples/cpp/navigation/global_navigation) by extension 'ignore'
[0.220s] Level 1:colcon.colcon_core.package_identification:_identify(src/px4-ros2-interface-lib/examples/cpp/navigation/global_navigation) by extension 'ignore_ament_install'
[0.220s] Level 1:colcon.colcon_core.package_identification:_identify(src/px4-ros2-interface-lib/examples/cpp/navigation/global_navigation) by extensions ['colcon_pkg']
[0.220s] Level 1:colcon.colcon_core.package_identification:_identify(src/px4-ros2-interface-lib/examples/cpp/navigation/global_navigation) by extension 'colcon_pkg'
[0.220s] Level 1:colcon.colcon_core.package_identification:_identify(src/px4-ros2-interface-lib/examples/cpp/navigation/global_navigation) by extensions ['colcon_meta']
[0.220s] Level 1:colcon.colcon_core.package_identification:_identify(src/px4-ros2-interface-lib/examples/cpp/navigation/global_navigation) by extension 'colcon_meta'
[0.220s] Level 1:colcon.colcon_core.package_identification:_identify(src/px4-ros2-interface-lib/examples/cpp/navigation/global_navigation) by extensions ['ros']
[0.220s] Level 1:colcon.colcon_core.package_identification:_identify(src/px4-ros2-interface-lib/examples/cpp/navigation/global_navigation) by extension 'ros'
[0.221s] DEBUG:colcon.colcon_core.package_identification:Package 'src/px4-ros2-interface-lib/examples/cpp/navigation/global_navigation' with type 'ros.ament_cmake' and name 'example_global_navigation_cpp'
[0.221s] Level 1:colcon.colcon_core.package_identification:_identify(src/px4-ros2-interface-lib/examples/cpp/navigation/local_navigation) by extensions ['ignore', 'ignore_ament_install']
[0.221s] Level 1:colcon.colcon_core.package_identification:_identify(src/px4-ros2-interface-lib/examples/cpp/navigation/local_navigation) by extension 'ignore'
[0.221s] Level 1:colcon.colcon_core.package_identification:_identify(src/px4-ros2-interface-lib/examples/cpp/navigation/local_navigation) by extension 'ignore_ament_install'
[0.221s] Level 1:colcon.colcon_core.package_identification:_identify(src/px4-ros2-interface-lib/examples/cpp/navigation/local_navigation) by extensions ['colcon_pkg']
[0.221s] Level 1:colcon.colcon_core.package_identification:_identify(src/px4-ros2-interface-lib/examples/cpp/navigation/local_navigation) by extension 'colcon_pkg'
[0.221s] Level 1:colcon.colcon_core.package_identification:_identify(src/px4-ros2-interface-lib/examples/cpp/navigation/local_navigation) by extensions ['colcon_meta']
[0.221s] Level 1:colcon.colcon_core.package_identification:_identify(src/px4-ros2-interface-lib/examples/cpp/navigation/local_navigation) by extension 'colcon_meta'
[0.222s] Level 1:colcon.colcon_core.package_identification:_identify(src/px4-ros2-interface-lib/examples/cpp/navigation/local_navigation) by extensions ['ros']
[0.222s] Level 1:colcon.colcon_core.package_identification:_identify(src/px4-ros2-interface-lib/examples/cpp/navigation/local_navigation) by extension 'ros'
[0.222s] DEBUG:colcon.colcon_core.package_identification:Package 'src/px4-ros2-interface-lib/examples/cpp/navigation/local_navigation' with type 'ros.ament_cmake' and name 'example_local_navigation_cpp'
[0.222s] Level 1:colcon.colcon_core.package_identification:_identify(src/px4-ros2-interface-lib/examples/python) by extensions ['ignore', 'ignore_ament_install']
[0.222s] Level 1:colcon.colcon_core.package_identification:_identify(src/px4-ros2-interface-lib/examples/python) by extension 'ignore'
[0.222s] Level 1:colcon.colcon_core.package_identification:_identify(src/px4-ros2-interface-lib/examples/python) by extension 'ignore_ament_install'
[0.222s] Level 1:colcon.colcon_core.package_identification:_identify(src/px4-ros2-interface-lib/examples/python) by extensions ['colcon_pkg']
[0.222s] Level 1:colcon.colcon_core.package_identification:_identify(src/px4-ros2-interface-lib/examples/python) by extension 'colcon_pkg'
[0.223s] Level 1:colcon.colcon_core.package_identification:_identify(src/px4-ros2-interface-lib/examples/python) by extensions ['colcon_meta']
[0.223s] Level 1:colcon.colcon_core.package_identification:_identify(src/px4-ros2-interface-lib/examples/python) by extension 'colcon_meta'
[0.223s] Level 1:colcon.colcon_core.package_identification:_identify(src/px4-ros2-interface-lib/examples/python) by extensions ['ros']
[0.223s] Level 1:colcon.colcon_core.package_identification:_identify(src/px4-ros2-interface-lib/examples/python) by extension 'ros'
[0.223s] Level 1:colcon.colcon_core.package_identification:_identify(src/px4-ros2-interface-lib/examples/python) by extensions ['cmake', 'python']
[0.223s] Level 1:colcon.colcon_core.package_identification:_identify(src/px4-ros2-interface-lib/examples/python) by extension 'cmake'
[0.223s] Level 1:colcon.colcon_core.package_identification:_identify(src/px4-ros2-interface-lib/examples/python) by extension 'python'
[0.223s] Level 1:colcon.colcon_core.package_identification:_identify(src/px4-ros2-interface-lib/examples/python) by extensions ['python_setup_py']
[0.223s] Level 1:colcon.colcon_core.package_identification:_identify(src/px4-ros2-interface-lib/examples/python) by extension 'python_setup_py'
[0.223s] Level 1:colcon.colcon_core.package_identification:_identify(src/px4-ros2-interface-lib/examples/python/modes) by extensions ['ignore', 'ignore_ament_install']
[0.223s] Level 1:colcon.colcon_core.package_identification:_identify(src/px4-ros2-interface-lib/examples/python/modes) by extension 'ignore'
[0.223s] Level 1:colcon.colcon_core.package_identification:_identify(src/px4-ros2-interface-lib/examples/python/modes) by extension 'ignore_ament_install'
[0.223s] Level 1:colcon.colcon_core.package_identification:_identify(src/px4-ros2-interface-lib/examples/python/modes) by extensions ['colcon_pkg']
[0.223s] Level 1:colcon.colcon_core.package_identification:_identify(src/px4-ros2-interface-lib/examples/python/modes) by extension 'colcon_pkg'
[0.223s] Level 1:colcon.colcon_core.package_identification:_identify(src/px4-ros2-interface-lib/examples/python/modes) by extensions ['colcon_meta']
[0.223s] Level 1:colcon.colcon_core.package_identification:_identify(src/px4-ros2-interface-lib/examples/python/modes) by extension 'colcon_meta'
[0.224s] Level 1:colcon.colcon_core.package_identification:_identify(src/px4-ros2-interface-lib/examples/python/modes) by extensions ['ros']
[0.224s] Level 1:colcon.colcon_core.package_identification:_identify(src/px4-ros2-interface-lib/examples/python/modes) by extension 'ros'
[0.224s] Level 1:colcon.colcon_core.package_identification:_identify(src/px4-ros2-interface-lib/examples/python/modes) by extensions ['cmake', 'python']
[0.224s] Level 1:colcon.colcon_core.package_identification:_identify(src/px4-ros2-interface-lib/examples/python/modes) by extension 'cmake'
[0.224s] Level 1:colcon.colcon_core.package_identification:_identify(src/px4-ros2-interface-lib/examples/python/modes) by extension 'python'
[0.224s] Level 1:colcon.colcon_core.package_identification:_identify(src/px4-ros2-interface-lib/examples/python/modes) by extensions ['python_setup_py']
[0.224s] Level 1:colcon.colcon_core.package_identification:_identify(src/px4-ros2-interface-lib/examples/python/modes) by extension 'python_setup_py'
[0.224s] Level 1:colcon.colcon_core.package_identification:_identify(src/px4-ros2-interface-lib/examples/python/modes/goto) by extensions ['ignore', 'ignore_ament_install']
[0.224s] Level 1:colcon.colcon_core.package_identification:_identify(src/px4-ros2-interface-lib/examples/python/modes/goto) by extension 'ignore'
[0.224s] Level 1:colcon.colcon_core.package_identification:_identify(src/px4-ros2-interface-lib/examples/python/modes/goto) by extension 'ignore_ament_install'
[0.224s] Level 1:colcon.colcon_core.package_identification:_identify(src/px4-ros2-interface-lib/examples/python/modes/goto) by extensions ['colcon_pkg']
[0.224s] Level 1:colcon.colcon_core.package_identification:_identify(src/px4-ros2-interface-lib/examples/python/modes/goto) by extension 'colcon_pkg'
[0.224s] Level 1:colcon.colcon_core.package_identification:_identify(src/px4-ros2-interface-lib/examples/python/modes/goto) by extensions ['colcon_meta']
[0.224s] Level 1:colcon.colcon_core.package_identification:_identify(src/px4-ros2-interface-lib/examples/python/modes/goto) by extension 'colcon_meta'
[0.224s] Level 1:colcon.colcon_core.package_identification:_identify(src/px4-ros2-interface-lib/examples/python/modes/goto) by extensions ['ros']
[0.224s] Level 1:colcon.colcon_core.package_identification:_identify(src/px4-ros2-interface-lib/examples/python/modes/goto) by extension 'ros'
[0.225s] DEBUG:colcon.colcon_core.package_identification:Package 'src/px4-ros2-interface-lib/examples/python/modes/goto' with type 'ros.ament_python' and name 'example_mode_goto_py'
[0.225s] Level 1:colcon.colcon_core.package_identification:_identify(src/px4-ros2-interface-lib/examples/python/modes/goto_with_rclpy) by extensions ['ignore', 'ignore_ament_install']
[0.225s] Level 1:colcon.colcon_core.package_identification:_identify(src/px4-ros2-interface-lib/examples/python/modes/goto_with_rclpy) by extension 'ignore'
[0.225s] Level 1:colcon.colcon_core.package_identification:_identify(src/px4-ros2-interface-lib/examples/python/modes/goto_with_rclpy) by extension 'ignore_ament_install'
[0.225s] Level 1:colcon.colcon_core.package_identification:_identify(src/px4-ros2-interface-lib/examples/python/modes/goto_with_rclpy) by extensions ['colcon_pkg']
[0.225s] Level 1:colcon.colcon_core.package_identification:_identify(src/px4-ros2-interface-lib/examples/python/modes/goto_with_rclpy) by extension 'colcon_pkg'
[0.225s] Level 1:colcon.colcon_core.package_identification:_identify(src/px4-ros2-interface-lib/examples/python/modes/goto_with_rclpy) by extensions ['colcon_meta']
[0.225s] Level 1:colcon.colcon_core.package_identification:_identify(src/px4-ros2-interface-lib/examples/python/modes/goto_with_rclpy) by extension 'colcon_meta'
[0.225s] Level 1:colcon.colcon_core.package_identification:_identify(src/px4-ros2-interface-lib/examples/python/modes/goto_with_rclpy) by extensions ['ros']
[0.225s] Level 1:colcon.colcon_core.package_identification:_identify(src/px4-ros2-interface-lib/examples/python/modes/goto_with_rclpy) by extension 'ros'
[0.226s] DEBUG:colcon.colcon_core.package_identification:Package 'src/px4-ros2-interface-lib/examples/python/modes/goto_with_rclpy' with type 'ros.ament_python' and name 'example_mode_with_rclpy_py'
[0.226s] Level 1:colcon.colcon_core.package_identification:_identify(src/px4-ros2-interface-lib/mission) by extensions ['ignore', 'ignore_ament_install']
[0.226s] Level 1:colcon.colcon_core.package_identification:_identify(src/px4-ros2-interface-lib/mission) by extension 'ignore'
[0.226s] Level 1:colcon.colcon_core.package_identification:_identify(src/px4-ros2-interface-lib/mission) by extension 'ignore_ament_install'
[0.226s] Level 1:colcon.colcon_core.package_identification:_identify(src/px4-ros2-interface-lib/mission) by extensions ['colcon_pkg']
[0.226s] Level 1:colcon.colcon_core.package_identification:_identify(src/px4-ros2-interface-lib/mission) by extension 'colcon_pkg'
[0.226s] Level 1:colcon.colcon_core.package_identification:_identify(src/px4-ros2-interface-lib/mission) by extensions ['colcon_meta']
[0.226s] Level 1:colcon.colcon_core.package_identification:_identify(src/px4-ros2-interface-lib/mission) by extension 'colcon_meta'
[0.226s] Level 1:colcon.colcon_core.package_identification:_identify(src/px4-ros2-interface-lib/mission) by extensions ['ros']
[0.226s] Level 1:colcon.colcon_core.package_identification:_identify(src/px4-ros2-interface-lib/mission) by extension 'ros'
[0.226s] Level 1:colcon.colcon_core.package_identification:_identify(src/px4-ros2-interface-lib/mission) by extensions ['cmake', 'python']
[0.226s] Level 1:colcon.colcon_core.package_identification:_identify(src/px4-ros2-interface-lib/mission) by extension 'cmake'
[0.226s] Level 1:colcon.colcon_core.package_identification:_identify(src/px4-ros2-interface-lib/mission) by extension 'python'
[0.226s] Level 1:colcon.colcon_core.package_identification:_identify(src/px4-ros2-interface-lib/mission) by extensions ['python_setup_py']
[0.226s] Level 1:colcon.colcon_core.package_identification:_identify(src/px4-ros2-interface-lib/mission) by extension 'python_setup_py'
[0.226s] Level 1:colcon.colcon_core.package_identification:_identify(src/px4-ros2-interface-lib/mission/examples) by extensions ['ignore', 'ignore_ament_install']
[0.227s] Level 1:colcon.colcon_core.package_identification:_identify(src/px4-ros2-interface-lib/mission/examples) by extension 'ignore'
[0.227s] Level 1:colcon.colcon_core.package_identification:_identify(src/px4-ros2-interface-lib/mission/examples) by extension 'ignore_ament_install'
[0.227s] Level 1:colcon.colcon_core.package_identification:_identify(src/px4-ros2-interface-lib/mission/examples) by extensions ['colcon_pkg']
[0.227s] Level 1:colcon.colcon_core.package_identification:_identify(src/px4-ros2-interface-lib/mission/examples) by extension 'colcon_pkg'
[0.227s] Level 1:colcon.colcon_core.package_identification:_identify(src/px4-ros2-interface-lib/mission/examples) by extensions ['colcon_meta']
[0.227s] Level 1:colcon.colcon_core.package_identification:_identify(src/px4-ros2-interface-lib/mission/examples) by extension 'colcon_meta'
[0.227s] Level 1:colcon.colcon_core.package_identification:_identify(src/px4-ros2-interface-lib/mission/examples) by extensions ['ros']
[0.227s] Level 1:colcon.colcon_core.package_identification:_identify(src/px4-ros2-interface-lib/mission/examples) by extension 'ros'
[0.227s] Level 1:colcon.colcon_core.package_identification:_identify(src/px4-ros2-interface-lib/mission/examples) by extensions ['cmake', 'python']
[0.227s] Level 1:colcon.colcon_core.package_identification:_identify(src/px4-ros2-interface-lib/mission/examples) by extension 'cmake'
[0.227s] Level 1:colcon.colcon_core.package_identification:_identify(src/px4-ros2-interface-lib/mission/examples) by extension 'python'
[0.227s] Level 1:colcon.colcon_core.package_identification:_identify(src/px4-ros2-interface-lib/mission/examples) by extensions ['python_setup_py']
[0.227s] Level 1:colcon.colcon_core.package_identification:_identify(src/px4-ros2-interface-lib/mission/examples) by extension 'python_setup_py'
[0.227s] Level 1:colcon.colcon_core.package_identification:_identify(src/px4-ros2-interface-lib/px4_ros2_cpp) by extensions ['ignore', 'ignore_ament_install']
[0.227s] Level 1:colcon.colcon_core.package_identification:_identify(src/px4-ros2-interface-lib/px4_ros2_cpp) by extension 'ignore'
[0.227s] Level 1:colcon.colcon_core.package_identification:_identify(src/px4-ros2-interface-lib/px4_ros2_cpp) by extension 'ignore_ament_install'
[0.227s] Level 1:colcon.colcon_core.package_identification:_identify(src/px4-ros2-interface-lib/px4_ros2_cpp) by extensions ['colcon_pkg']
[0.228s] Level 1:colcon.colcon_core.package_identification:_identify(src/px4-ros2-interface-lib/px4_ros2_cpp) by extension 'colcon_pkg'
[0.228s] Level 1:colcon.colcon_core.package_identification:_identify(src/px4-ros2-interface-lib/px4_ros2_cpp) by extensions ['colcon_meta']
[0.228s] Level 1:colcon.colcon_core.package_identification:_identify(src/px4-ros2-interface-lib/px4_ros2_cpp) by extension 'colcon_meta'
[0.228s] Level 1:colcon.colcon_core.package_identification:_identify(src/px4-ros2-interface-lib/px4_ros2_cpp) by extensions ['ros']
[0.228s] Level 1:colcon.colcon_core.package_identification:_identify(src/px4-ros2-interface-lib/px4_ros2_cpp) by extension 'ros'
[0.228s] DEBUG:colcon.colcon_core.package_identification:Package 'src/px4-ros2-interface-lib/px4_ros2_cpp' with type 'ros.ament_cmake' and name 'px4_ros2_cpp'
[0.229s] Level 1:colcon.colcon_core.package_identification:_identify(src/px4-ros2-interface-lib/px4_ros2_py) by extensions ['ignore', 'ignore_ament_install']
[0.229s] Level 1:colcon.colcon_core.package_identification:_identify(src/px4-ros2-interface-lib/px4_ros2_py) by extension 'ignore'
[0.229s] Level 1:colcon.colcon_core.package_identification:_identify(src/px4-ros2-interface-lib/px4_ros2_py) by extension 'ignore_ament_install'
[0.229s] Level 1:colcon.colcon_core.package_identification:_identify(src/px4-ros2-interface-lib/px4_ros2_py) by extensions ['colcon_pkg']
[0.229s] Level 1:colcon.colcon_core.package_identification:_identify(src/px4-ros2-interface-lib/px4_ros2_py) by extension 'colcon_pkg'
[0.229s] Level 1:colcon.colcon_core.package_identification:_identify(src/px4-ros2-interface-lib/px4_ros2_py) by extensions ['colcon_meta']
[0.229s] Level 1:colcon.colcon_core.package_identification:_identify(src/px4-ros2-interface-lib/px4_ros2_py) by extension 'colcon_meta'
[0.229s] Level 1:colcon.colcon_core.package_identification:_identify(src/px4-ros2-interface-lib/px4_ros2_py) by extensions ['ros']
[0.229s] Level 1:colcon.colcon_core.package_identification:_identify(src/px4-ros2-interface-lib/px4_ros2_py) by extension 'ros'
[0.230s] DEBUG:colcon.colcon_core.package_identification:Package 'src/px4-ros2-interface-lib/px4_ros2_py' with type 'ros.ament_cmake' and name 'px4_ros2_py'
[0.230s] Level 1:colcon.colcon_core.package_identification:_identify(src/px4-ros2-interface-lib/python_docs) by extensions ['ignore', 'ignore_ament_install']
[0.230s] Level 1:colcon.colcon_core.package_identification:_identify(src/px4-ros2-interface-lib/python_docs) by extension 'ignore'
[0.230s] Level 1:colcon.colcon_core.package_identification:_identify(src/px4-ros2-interface-lib/python_docs) by extension 'ignore_ament_install'
[0.230s] Level 1:colcon.colcon_core.package_identification:_identify(src/px4-ros2-interface-lib/python_docs) by extensions ['colcon_pkg']
[0.230s] Level 1:colcon.colcon_core.package_identification:_identify(src/px4-ros2-interface-lib/python_docs) by extension 'colcon_pkg'
[0.230s] Level 1:colcon.colcon_core.package_identification:_identify(src/px4-ros2-interface-lib/python_docs) by extensions ['colcon_meta']
[0.230s] Level 1:colcon.colcon_core.package_identification:_identify(src/px4-ros2-interface-lib/python_docs) by extension 'colcon_meta'
[0.230s] Level 1:colcon.colcon_core.package_identification:_identify(src/px4-ros2-interface-lib/python_docs) by extensions ['ros']
[0.230s] Level 1:colcon.colcon_core.package_identification:_identify(src/px4-ros2-interface-lib/python_docs) by extension 'ros'
[0.230s] Level 1:colcon.colcon_core.package_identification:_identify(src/px4-ros2-interface-lib/python_docs) by extensions ['cmake', 'python']
[0.230s] Level 1:colcon.colcon_core.package_identification:_identify(src/px4-ros2-interface-lib/python_docs) by extension 'cmake'
[0.230s] Level 1:colcon.colcon_core.package_identification:_identify(src/px4-ros2-interface-lib/python_docs) by extension 'python'
[0.230s] Level 1:colcon.colcon_core.package_identification:_identify(src/px4-ros2-interface-lib/python_docs) by extensions ['python_setup_py']
[0.230s] Level 1:colcon.colcon_core.package_identification:_identify(src/px4-ros2-interface-lib/python_docs) by extension 'python_setup_py'
[0.231s] Level 1:colcon.colcon_core.package_identification:_identify(src/px4-ros2-interface-lib/scripts) by extensions ['ignore', 'ignore_ament_install']
[0.231s] Level 1:colcon.colcon_core.package_identification:_identify(src/px4-ros2-interface-lib/scripts) by extension 'ignore'
[0.231s] Level 1:colcon.colcon_core.package_identification:_identify(src/px4-ros2-interface-lib/scripts) by extension 'ignore_ament_install'
[0.231s] Level 1:colcon.colcon_core.package_identification:_identify(src/px4-ros2-interface-lib/scripts) by extensions ['colcon_pkg']
[0.231s] Level 1:colcon.colcon_core.package_identification:_identify(src/px4-ros2-interface-lib/scripts) by extension 'colcon_pkg'
[0.231s] Level 1:colcon.colcon_core.package_identification:_identify(src/px4-ros2-interface-lib/scripts) by extensions ['colcon_meta']
[0.231s] Level 1:colcon.colcon_core.package_identification:_identify(src/px4-ros2-interface-lib/scripts) by extension 'colcon_meta'
[0.231s] Level 1:colcon.colcon_core.package_identification:_identify(src/px4-ros2-interface-lib/scripts) by extensions ['ros']
[0.231s] Level 1:colcon.colcon_core.package_identification:_identify(src/px4-ros2-interface-lib/scripts) by extension 'ros'
[0.231s] Level 1:colcon.colcon_core.package_identification:_identify(src/px4-ros2-interface-lib/scripts) by extensions ['cmake', 'python']
[0.231s] Level 1:colcon.colcon_core.package_identification:_identify(src/px4-ros2-interface-lib/scripts) by extension 'cmake'
[0.231s] Level 1:colcon.colcon_core.package_identification:_identify(src/px4-ros2-interface-lib/scripts) by extension 'python'
[0.231s] Level 1:colcon.colcon_core.package_identification:_identify(src/px4-ros2-interface-lib/scripts) by extensions ['python_setup_py']
[0.231s] Level 1:colcon.colcon_core.package_identification:_identify(src/px4-ros2-interface-lib/scripts) by extension 'python_setup_py'
[0.232s] Level 1:colcon.colcon_core.package_identification:_identify(src/px4_msgs) by extensions ['ignore', 'ignore_ament_install']
[0.232s] Level 1:colcon.colcon_core.package_identification:_identify(src/px4_msgs) by extension 'ignore'
[0.232s] Level 1:colcon.colcon_core.package_identification:_identify(src/px4_msgs) by extension 'ignore_ament_install'
[0.232s] Level 1:colcon.colcon_core.package_identification:_identify(src/px4_msgs) by extensions ['colcon_pkg']
[0.232s] Level 1:colcon.colcon_core.package_identification:_identify(src/px4_msgs) by extension 'colcon_pkg'
[0.232s] Level 1:colcon.colcon_core.package_identification:_identify(src/px4_msgs) by extensions ['colcon_meta']
[0.232s] Level 1:colcon.colcon_core.package_identification:_identify(src/px4_msgs) by extension 'colcon_meta'
[0.232s] Level 1:colcon.colcon_core.package_identification:_identify(src/px4_msgs) by extensions ['ros']
[0.232s] Level 1:colcon.colcon_core.package_identification:_identify(src/px4_msgs) by extension 'ros'
[0.233s] DEBUG:colcon.colcon_core.package_identification:Package 'src/px4_msgs' with type 'ros.ament_cmake' and name 'px4_msgs'
[0.233s] Level 1:colcon.colcon_core.package_identification:_identify(src/px4_ros2_custom_flight_mode-main) by extensions ['ignore', 'ignore_ament_install']
[0.233s] Level 1:colcon.colcon_core.package_identification:_identify(src/px4_ros2_custom_flight_mode-main) by extension 'ignore'
[0.233s] Level 1:colcon.colcon_core.package_identification:_identify(src/px4_ros2_custom_flight_mode-main) by extension 'ignore_ament_install'
[0.233s] Level 1:colcon.colcon_core.package_identification:_identify(src/px4_ros2_custom_flight_mode-main) by extensions ['colcon_pkg']
[0.233s] Level 1:colcon.colcon_core.package_identification:_identify(src/px4_ros2_custom_flight_mode-main) by extension 'colcon_pkg'
[0.233s] Level 1:colcon.colcon_core.package_identification:_identify(src/px4_ros2_custom_flight_mode-main) by extensions ['colcon_meta']
[0.233s] Level 1:colcon.colcon_core.package_identification:_identify(src/px4_ros2_custom_flight_mode-main) by extension 'colcon_meta'
[0.233s] Level 1:colcon.colcon_core.package_identification:_identify(src/px4_ros2_custom_flight_mode-main) by extensions ['ros']
[0.233s] Level 1:colcon.colcon_core.package_identification:_identify(src/px4_ros2_custom_flight_mode-main) by extension 'ros'
[0.234s] DEBUG:colcon.colcon_core.package_identification:Package 'src/px4_ros2_custom_flight_mode-main' with type 'ros.ament_cmake' and name 'draw_flight_mode'
[0.234s] Level 1:colcon.colcon_core.package_discovery:discover_packages(recursive) using defaults
[0.234s] Level 1:colcon.colcon_core.package_discovery:discover_packages(ignore) discover
[0.234s] Level 1:colcon.colcon_core.package_discovery:discover_packages(ignore) using defaults
[0.234s] Level 1:colcon.colcon_core.package_discovery:discover_packages(path) discover
[0.234s] Level 1:colcon.colcon_core.package_discovery:discover_packages(path) using defaults
[0.260s] Level 1:colcon.colcon_core.package_discovery:discover_packages(prefix_path) check parameters
[0.260s] Level 1:colcon.colcon_core.package_discovery:discover_packages(prefix_path) discover
[0.261s] DEBUG:colcon.colcon_installed_package_information.package_discovery:Found 2 installed packages in /home/rudra/ros2_ws/install
[0.263s] DEBUG:colcon.colcon_installed_package_information.package_discovery:Found 273 installed packages in /opt/ros/humble
[0.264s] Level 1:colcon.colcon_core.package_discovery:discover_packages(prefix_path) using defaults
[0.324s] Level 5:colcon.colcon_core.verb:set package 'px4_msgs' build argument 'cmake_args' from command line to 'None'
[0.324s] Level 5:colcon.colcon_core.verb:set package 'px4_msgs' build argument 'cmake_target' from command line to 'None'
[0.324s] Level 5:colcon.colcon_core.verb:set package 'px4_msgs' build argument 'cmake_target_skip_unavailable' from command line to 'False'
[0.325s] Level 5:colcon.colcon_core.verb:set package 'px4_msgs' build argument 'cmake_clean_cache' from command line to 'False'
[0.325s] Level 5:colcon.colcon_core.verb:set package 'px4_msgs' build argument 'cmake_clean_first' from command line to 'False'
[0.325s] Level 5:colcon.colcon_core.verb:set package 'px4_msgs' build argument 'cmake_force_configure' from command line to 'False'
[0.325s] Level 5:colcon.colcon_core.verb:set package 'px4_msgs' build argument 'ament_cmake_args' from command line to 'None'
[0.325s] Level 5:colcon.colcon_core.verb:set package 'px4_msgs' build argument 'catkin_cmake_args' from command line to 'None'
[0.325s] Level 5:colcon.colcon_core.verb:set package 'px4_msgs' build argument 'catkin_skip_building_tests' from command line to 'False'
[0.325s] DEBUG:colcon.colcon_core.verb:Building package 'px4_msgs' with the following arguments: {'ament_cmake_args': None, 'build_base': '/home/rudra/custom_flightmode/build/px4_msgs', 'catkin_cmake_args': None, 'catkin_skip_building_tests': False, 'cmake_args': None, 'cmake_clean_cache': False, 'cmake_clean_first': False, 'cmake_force_configure': False, 'cmake_target': None, 'cmake_target_skip_unavailable': False, 'install_base': '/home/rudra/custom_flightmode/install/px4_msgs', 'merge_install': False, 'path': '/home/rudra/custom_flightmode/src/px4_msgs', 'symlink_install': False, 'test_result_base': None}
[0.325s] Level 5:colcon.colcon_core.verb:set package 'px4_ros2_cpp' build argument 'cmake_args' from command line to 'None'
[0.325s] Level 5:colcon.colcon_core.verb:set package 'px4_ros2_cpp' build argument 'cmake_target' from command line to 'None'
[0.325s] Level 5:colcon.colcon_core.verb:set package 'px4_ros2_cpp' build argument 'cmake_target_skip_unavailable' from command line to 'False'
[0.325s] Level 5:colcon.colcon_core.verb:set package 'px4_ros2_cpp' build argument 'cmake_clean_cache' from command line to 'False'
[0.325s] Level 5:colcon.colcon_core.verb:set package 'px4_ros2_cpp' build argument 'cmake_clean_first' from command line to 'False'
[0.325s] Level 5:colcon.colcon_core.verb:set package 'px4_ros2_cpp' build argument 'cmake_force_configure' from command line to 'False'
[0.325s] Level 5:colcon.colcon_core.verb:set package 'px4_ros2_cpp' build argument 'ament_cmake_args' from command line to 'None'
[0.325s] Level 5:colcon.colcon_core.verb:set package 'px4_ros2_cpp' build argument 'catkin_cmake_args' from command line to 'None'
[0.325s] Level 5:colcon.colcon_core.verb:set package 'px4_ros2_cpp' build argument 'catkin_skip_building_tests' from command line to 'False'
[0.325s] DEBUG:colcon.colcon_core.verb:Building package 'px4_ros2_cpp' with the following arguments: {'ament_cmake_args': None, 'build_base': '/home/rudra/custom_flightmode/build/px4_ros2_cpp', 'catkin_cmake_args': None, 'catkin_skip_building_tests': False, 'cmake_args': None, 'cmake_clean_cache': False, 'cmake_clean_first': False, 'cmake_force_configure': False, 'cmake_target': None, 'cmake_target_skip_unavailable': False, 'install_base': '/home/rudra/custom_flightmode/install/px4_ros2_cpp', 'merge_install': False, 'path': '/home/rudra/custom_flightmode/src/px4-ros2-interface-lib/px4_ros2_cpp', 'symlink_install': False, 'test_result_base': None}
[0.326s] Level 5:colcon.colcon_core.verb:set package 'draw_flight_mode' build argument 'cmake_args' from command line to 'None'
[0.326s] Level 5:colcon.colcon_core.verb:set package 'draw_flight_mode' build argument 'cmake_target' from command line to 'None'
[0.326s] Level 5:colcon.colcon_core.verb:set package 'draw_flight_mode' build argument 'cmake_target_skip_unavailable' from command line to 'False'
[0.326s] Level 5:colcon.colcon_core.verb:set package 'draw_flight_mode' build argument 'cmake_clean_cache' from command line to 'False'
[0.326s] Level 5:colcon.colcon_core.verb:set package 'draw_flight_mode' build argument 'cmake_clean_first' from command line to 'False'
[0.326s] Level 5:colcon.colcon_core.verb:set package 'draw_flight_mode' build argument 'cmake_force_configure' from command line to 'False'
[0.326s] Level 5:colcon.colcon_core.verb:set package 'draw_flight_mode' build argument 'ament_cmake_args' from command line to 'None'
[0.326s] Level 5:colcon.colcon_core.verb:set package 'draw_flight_mode' build argument 'catkin_cmake_args' from command line to 'None'
[0.326s] Level 5:colcon.colcon_core.verb:set package 'draw_flight_mode' build argument 'catkin_skip_building_tests' from command line to 'False'
[0.326s] DEBUG:colcon.colcon_core.verb:Building package 'draw_flight_mode' with the following arguments: {'ament_cmake_args': None, 'build_base': '/home/rudra/custom_flightmode/build/draw_flight_mode', 'catkin_cmake_args': None, 'catkin_skip_building_tests': False, 'cmake_args': None, 'cmake_clean_cache': False, 'cmake_clean_first': False, 'cmake_force_configure': False, 'cmake_target': None, 'cmake_target_skip_unavailable': False, 'install_base': '/home/rudra/custom_flightmode/install/draw_flight_mode', 'merge_install': False, 'path': '/home/rudra/custom_flightmode/src/px4_ros2_custom_flight_mode-main', 'symlink_install': False, 'test_result_base': None}
[0.326s] Level 5:colcon.colcon_core.verb:set package 'example_executor_with_multiple_modes_cpp' build argument 'cmake_args' from command line to 'None'
[0.326s] Level 5:colcon.colcon_core.verb:set package 'example_executor_with_multiple_modes_cpp' build argument 'cmake_target' from command line to 'None'
[0.326s] Level 5:colcon.colcon_core.verb:set package 'example_executor_with_multiple_modes_cpp' build argument 'cmake_target_skip_unavailable' from command line to 'False'
[0.326s] Level 5:colcon.colcon_core.verb:set package 'example_executor_with_multiple_modes_cpp' build argument 'cmake_clean_cache' from command line to 'False'
[0.326s] Level 5:colcon.colcon_core.verb:set package 'example_executor_with_multiple_modes_cpp' build argument 'cmake_clean_first' from command line to 'False'
[0.326s] Level 5:colcon.colcon_core.verb:set package 'example_executor_with_multiple_modes_cpp' build argument 'cmake_force_configure' from command line to 'False'
[0.326s] Level 5:colcon.colcon_core.verb:set package 'example_executor_with_multiple_modes_cpp' build argument 'ament_cmake_args' from command line to 'None'
[0.326s] Level 5:colcon.colcon_core.verb:set package 'example_executor_with_multiple_modes_cpp' build argument 'catkin_cmake_args' from command line to 'None'
[0.326s] Level 5:colcon.colcon_core.verb:set package 'example_executor_with_multiple_modes_cpp' build argument 'catkin_skip_building_tests' from command line to 'False'
[0.326s] DEBUG:colcon.colcon_core.verb:Building package 'example_executor_with_multiple_modes_cpp' with the following arguments: {'ament_cmake_args': None, 'build_base': '/home/rudra/custom_flightmode/build/example_executor_with_multiple_modes_cpp', 'catkin_cmake_args': None, 'catkin_skip_building_tests': False, 'cmake_args': None, 'cmake_clean_cache': False, 'cmake_clean_first': False, 'cmake_force_configure': False, 'cmake_target': None, 'cmake_target_skip_unavailable': False, 'install_base': '/home/rudra/custom_flightmode/install/example_executor_with_multiple_modes_cpp', 'merge_install': False, 'path': '/home/rudra/custom_flightmode/src/px4-ros2-interface-lib/examples/cpp/modes/executor_with_multiple_modes', 'symlink_install': False, 'test_result_base': None}
[0.326s] Level 5:colcon.colcon_core.verb:set package 'example_global_navigation_cpp' build argument 'cmake_args' from command line to 'None'
[0.326s] Level 5:colcon.colcon_core.verb:set package 'example_global_navigation_cpp' build argument 'cmake_target' from command line to 'None'
[0.327s] Level 5:colcon.colcon_core.verb:set package 'example_global_navigation_cpp' build argument 'cmake_target_skip_unavailable' from command line to 'False'
[0.327s] Level 5:colcon.colcon_core.verb:set package 'example_global_navigation_cpp' build argument 'cmake_clean_cache' from command line to 'False'
[0.327s] Level 5:colcon.colcon_core.verb:set package 'example_global_navigation_cpp' build argument 'cmake_clean_first' from command line to 'False'
[0.327s] Level 5:colcon.colcon_core.verb:set package 'example_global_navigation_cpp' build argument 'cmake_force_configure' from command line to 'False'
[0.327s] Level 5:colcon.colcon_core.verb:set package 'example_global_navigation_cpp' build argument 'ament_cmake_args' from command line to 'None'
[0.327s] Level 5:colcon.colcon_core.verb:set package 'example_global_navigation_cpp' build argument 'catkin_cmake_args' from command line to 'None'
[0.327s] Level 5:colcon.colcon_core.verb:set package 'example_global_navigation_cpp' build argument 'catkin_skip_building_tests' from command line to 'False'
[0.327s] DEBUG:colcon.colcon_core.verb:Building package 'example_global_navigation_cpp' with the following arguments: {'ament_cmake_args': None, 'build_base': '/home/rudra/custom_flightmode/build/example_global_navigation_cpp', 'catkin_cmake_args': None, 'catkin_skip_building_tests': False, 'cmake_args': None, 'cmake_clean_cache': False, 'cmake_clean_first': False, 'cmake_force_configure': False, 'cmake_target': None, 'cmake_target_skip_unavailable': False, 'install_base': '/home/rudra/custom_flightmode/install/example_global_navigation_cpp', 'merge_install': False, 'path': '/home/rudra/custom_flightmode/src/px4-ros2-interface-lib/examples/cpp/navigation/global_navigation', 'symlink_install': False, 'test_result_base': None}
[0.327s] Level 5:colcon.colcon_core.verb:set package 'example_local_navigation_cpp' build argument 'cmake_args' from command line to 'None'
[0.327s] Level 5:colcon.colcon_core.verb:set package 'example_local_navigation_cpp' build argument 'cmake_target' from command line to 'None'
[0.327s] Level 5:colcon.colcon_core.verb:set package 'example_local_navigation_cpp' build argument 'cmake_target_skip_unavailable' from command line to 'False'
[0.327s] Level 5:colcon.colcon_core.verb:set package 'example_local_navigation_cpp' build argument 'cmake_clean_cache' from command line to 'False'
[0.327s] Level 5:colcon.colcon_core.verb:set package 'example_local_navigation_cpp' build argument 'cmake_clean_first' from command line to 'False'
[0.327s] Level 5:colcon.colcon_core.verb:set package 'example_local_navigation_cpp' build argument 'cmake_force_configure' from command line to 'False'
[0.327s] Level 5:colcon.colcon_core.verb:set package 'example_local_navigation_cpp' build argument 'ament_cmake_args' from command line to 'None'
[0.327s] Level 5:colcon.colcon_core.verb:set package 'example_local_navigation_cpp' build argument 'catkin_cmake_args' from command line to 'None'
[0.327s] Level 5:colcon.colcon_core.verb:set package 'example_local_navigation_cpp' build argument 'catkin_skip_building_tests' from command line to 'False'
[0.327s] DEBUG:colcon.colcon_core.verb:Building package 'example_local_navigation_cpp' with the following arguments: {'ament_cmake_args': None, 'build_base': '/home/rudra/custom_flightmode/build/example_local_navigation_cpp', 'catkin_cmake_args': None, 'catkin_skip_building_tests': False, 'cmake_args': None, 'cmake_clean_cache': False, 'cmake_clean_first': False, 'cmake_force_configure': False, 'cmake_target': None, 'cmake_target_skip_unavailable': False, 'install_base': '/home/rudra/custom_flightmode/install/example_local_navigation_cpp', 'merge_install': False, 'path': '/home/rudra/custom_flightmode/src/px4-ros2-interface-lib/examples/cpp/navigation/local_navigation', 'symlink_install': False, 'test_result_base': None}
[0.327s] Level 5:colcon.colcon_core.verb:set package 'example_mode_fw_attitude_cpp' build argument 'cmake_args' from command line to 'None'
[0.328s] Level 5:colcon.colcon_core.verb:set package 'example_mode_fw_attitude_cpp' build argument 'cmake_target' from command line to 'None'
[0.328s] Level 5:colcon.colcon_core.verb:set package 'example_mode_fw_attitude_cpp' build argument 'cmake_target_skip_unavailable' from command line to 'False'
[0.328s] Level 5:colcon.colcon_core.verb:set package 'example_mode_fw_attitude_cpp' build argument 'cmake_clean_cache' from command line to 'False'
[0.328s] Level 5:colcon.colcon_core.verb:set package 'example_mode_fw_attitude_cpp' build argument 'cmake_clean_first' from command line to 'False'
[0.328s] Level 5:colcon.colcon_core.verb:set package 'example_mode_fw_attitude_cpp' build argument 'cmake_force_configure' from command line to 'False'
[0.328s] Level 5:colcon.colcon_core.verb:set package 'example_mode_fw_attitude_cpp' build argument 'ament_cmake_args' from command line to 'None'
[0.328s] Level 5:colcon.colcon_core.verb:set package 'example_mode_fw_attitude_cpp' build argument 'catkin_cmake_args' from command line to 'None'
[0.328s] Level 5:colcon.colcon_core.verb:set package 'example_mode_fw_attitude_cpp' build argument 'catkin_skip_building_tests' from command line to 'False'
[0.328s] DEBUG:colcon.colcon_core.verb:Building package 'example_mode_fw_attitude_cpp' with the following arguments: {'ament_cmake_args': None, 'build_base': '/home/rudra/custom_flightmode/build/example_mode_fw_attitude_cpp', 'catkin_cmake_args': None, 'catkin_skip_building_tests': False, 'cmake_args': None, 'cmake_clean_cache': False, 'cmake_clean_first': False, 'cmake_force_configure': False, 'cmake_target': None, 'cmake_target_skip_unavailable': False, 'install_base': '/home/rudra/custom_flightmode/install/example_mode_fw_attitude_cpp', 'merge_install': False, 'path': '/home/rudra/custom_flightmode/src/px4-ros2-interface-lib/examples/cpp/modes/fw_attitude', 'symlink_install': False, 'test_result_base': None}
[0.328s] Level 5:colcon.colcon_core.verb:set package 'example_mode_goto_cpp' build argument 'cmake_args' from command line to 'None'
[0.328s] Level 5:colcon.colcon_core.verb:set package 'example_mode_goto_cpp' build argument 'cmake_target' from command line to 'None'
[0.328s] Level 5:colcon.colcon_core.verb:set package 'example_mode_goto_cpp' build argument 'cmake_target_skip_unavailable' from command line to 'False'
[0.328s] Level 5:colcon.colcon_core.verb:set package 'example_mode_goto_cpp' build argument 'cmake_clean_cache' from command line to 'False'
[0.328s] Level 5:colcon.colcon_core.verb:set package 'example_mode_goto_cpp' build argument 'cmake_clean_first' from command line to 'False'
[0.328s] Level 5:colcon.colcon_core.verb:set package 'example_mode_goto_cpp' build argument 'cmake_force_configure' from command line to 'False'
[0.328s] Level 5:colcon.colcon_core.verb:set package 'example_mode_goto_cpp' build argument 'ament_cmake_args' from command line to 'None'
[0.328s] Level 5:colcon.colcon_core.verb:set package 'example_mode_goto_cpp' build argument 'catkin_cmake_args' from command line to 'None'
[0.328s] Level 5:colcon.colcon_core.verb:set package 'example_mode_goto_cpp' build argument 'catkin_skip_building_tests' from command line to 'False'
[0.328s] DEBUG:colcon.colcon_core.verb:Building package 'example_mode_goto_cpp' with the following arguments: {'ament_cmake_args': None, 'build_base': '/home/rudra/custom_flightmode/build/example_mode_goto_cpp', 'catkin_cmake_args': None, 'catkin_skip_building_tests': False, 'cmake_args': None, 'cmake_clean_cache': False, 'cmake_clean_first': False, 'cmake_force_configure': False, 'cmake_target': None, 'cmake_target_skip_unavailable': False, 'install_base': '/home/rudra/custom_flightmode/install/example_mode_goto_cpp', 'merge_install': False, 'path': '/home/rudra/custom_flightmode/src/px4-ros2-interface-lib/examples/cpp/modes/goto', 'symlink_install': False, 'test_result_base': None}
[0.329s] Level 5:colcon.colcon_core.verb:set package 'example_mode_goto_global_cpp' build argument 'cmake_args' from command line to 'None'
[0.329s] Level 5:colcon.colcon_core.verb:set package 'example_mode_goto_global_cpp' build argument 'cmake_target' from command line to 'None'
[0.329s] Level 5:colcon.colcon_core.verb:set package 'example_mode_goto_global_cpp' build argument 'cmake_target_skip_unavailable' from command line to 'False'
[0.329s] Level 5:colcon.colcon_core.verb:set package 'example_mode_goto_global_cpp' build argument 'cmake_clean_cache' from command line to 'False'
[0.329s] Level 5:colcon.colcon_core.verb:set package 'example_mode_goto_global_cpp' build argument 'cmake_clean_first' from command line to 'False'
[0.329s] Level 5:colcon.colcon_core.verb:set package 'example_mode_goto_global_cpp' build argument 'cmake_force_configure' from command line to 'False'
[0.329s] Level 5:colcon.colcon_core.verb:set package 'example_mode_goto_global_cpp' build argument 'ament_cmake_args' from command line to 'None'
[0.329s] Level 5:colcon.colcon_core.verb:set package 'example_mode_goto_global_cpp' build argument 'catkin_cmake_args' from command line to 'None'
[0.329s] Level 5:colcon.colcon_core.verb:set package 'example_mode_goto_global_cpp' build argument 'catkin_skip_building_tests' from command line to 'False'
[0.329s] DEBUG:colcon.colcon_core.verb:Building package 'example_mode_goto_global_cpp' with the following arguments: {'ament_cmake_args': None, 'build_base': '/home/rudra/custom_flightmode/build/example_mode_goto_global_cpp', 'catkin_cmake_args': None, 'catkin_skip_building_tests': False, 'cmake_args': None, 'cmake_clean_cache': False, 'cmake_clean_first': False, 'cmake_force_configure': False, 'cmake_target': None, 'cmake_target_skip_unavailable': False, 'install_base': '/home/rudra/custom_flightmode/install/example_mode_goto_global_cpp', 'merge_install': False, 'path': '/home/rudra/custom_flightmode/src/px4-ros2-interface-lib/examples/cpp/modes/goto_global', 'symlink_install': False, 'test_result_base': None}
[0.329s] Level 5:colcon.colcon_core.verb:set package 'example_mode_manual_cpp' build argument 'cmake_args' from command line to 'None'
[0.329s] Level 5:colcon.colcon_core.verb:set package 'example_mode_manual_cpp' build argument 'cmake_target' from command line to 'None'
[0.329s] Level 5:colcon.colcon_core.verb:set package 'example_mode_manual_cpp' build argument 'cmake_target_skip_unavailable' from command line to 'False'
[0.329s] Level 5:colcon.colcon_core.verb:set package 'example_mode_manual_cpp' build argument 'cmake_clean_cache' from command line to 'False'
[0.329s] Level 5:colcon.colcon_core.verb:set package 'example_mode_manual_cpp' build argument 'cmake_clean_first' from command line to 'False'
[0.329s] Level 5:colcon.colcon_core.verb:set package 'example_mode_manual_cpp' build argument 'cmake_force_configure' from command line to 'False'
[0.329s] Level 5:colcon.colcon_core.verb:set package 'example_mode_manual_cpp' build argument 'ament_cmake_args' from command line to 'None'
[0.329s] Level 5:colcon.colcon_core.verb:set package 'example_mode_manual_cpp' build argument 'catkin_cmake_args' from command line to 'None'
[0.329s] Level 5:colcon.colcon_core.verb:set package 'example_mode_manual_cpp' build argument 'catkin_skip_building_tests' from command line to 'False'
[0.329s] DEBUG:colcon.colcon_core.verb:Building package 'example_mode_manual_cpp' with the following arguments: {'ament_cmake_args': None, 'build_base': '/home/rudra/custom_flightmode/build/example_mode_manual_cpp', 'catkin_cmake_args': None, 'catkin_skip_building_tests': False, 'cmake_args': None, 'cmake_clean_cache': False, 'cmake_clean_first': False, 'cmake_force_configure': False, 'cmake_target': None, 'cmake_target_skip_unavailable': False, 'install_base': '/home/rudra/custom_flightmode/install/example_mode_manual_cpp', 'merge_install': False, 'path': '/home/rudra/custom_flightmode/src/px4-ros2-interface-lib/examples/cpp/modes/manual', 'symlink_install': False, 'test_result_base': None}
[0.330s] Level 5:colcon.colcon_core.verb:set package 'example_mode_mission_cpp' build argument 'cmake_args' from command line to 'None'
[0.330s] Level 5:colcon.colcon_core.verb:set package 'example_mode_mission_cpp' build argument 'cmake_target' from command line to 'None'
[0.330s] Level 5:colcon.colcon_core.verb:set package 'example_mode_mission_cpp' build argument 'cmake_target_skip_unavailable' from command line to 'False'
[0.330s] Level 5:colcon.colcon_core.verb:set package 'example_mode_mission_cpp' build argument 'cmake_clean_cache' from command line to 'False'
[0.330s] Level 5:colcon.colcon_core.verb:set package 'example_mode_mission_cpp' build argument 'cmake_clean_first' from command line to 'False'
[0.330s] Level 5:colcon.colcon_core.verb:set package 'example_mode_mission_cpp' build argument 'cmake_force_configure' from command line to 'False'
[0.330s] Level 5:colcon.colcon_core.verb:set package 'example_mode_mission_cpp' build argument 'ament_cmake_args' from command line to 'None'
[0.330s] Level 5:colcon.colcon_core.verb:set package 'example_mode_mission_cpp' build argument 'catkin_cmake_args' from command line to 'None'
[0.330s] Level 5:colcon.colcon_core.verb:set package 'example_mode_mission_cpp' build argument 'catkin_skip_building_tests' from command line to 'False'
[0.330s] DEBUG:colcon.colcon_core.verb:Building package 'example_mode_mission_cpp' with the following arguments: {'ament_cmake_args': None, 'build_base': '/home/rudra/custom_flightmode/build/example_mode_mission_cpp', 'catkin_cmake_args': None, 'catkin_skip_building_tests': False, 'cmake_args': None, 'cmake_clean_cache': False, 'cmake_clean_first': False, 'cmake_force_configure': False, 'cmake_target': None, 'cmake_target_skip_unavailable': False, 'install_base': '/home/rudra/custom_flightmode/install/example_mode_mission_cpp', 'merge_install': False, 'path': '/home/rudra/custom_flightmode/src/px4-ros2-interface-lib/examples/cpp/modes/mission', 'symlink_install': False, 'test_result_base': None}
[0.330s] Level 5:colcon.colcon_core.verb:set package 'example_mode_rtl_replacement_cpp' build argument 'cmake_args' from command line to 'None'
[0.330s] Level 5:colcon.colcon_core.verb:set package 'example_mode_rtl_replacement_cpp' build argument 'cmake_target' from command line to 'None'
[0.330s] Level 5:colcon.colcon_core.verb:set package 'example_mode_rtl_replacement_cpp' build argument 'cmake_target_skip_unavailable' from command line to 'False'
[0.330s] Level 5:colcon.colcon_core.verb:set package 'example_mode_rtl_replacement_cpp' build argument 'cmake_clean_cache' from command line to 'False'
[0.330s] Level 5:colcon.colcon_core.verb:set package 'example_mode_rtl_replacement_cpp' build argument 'cmake_clean_first' from command line to 'False'
[0.330s] Level 5:colcon.colcon_core.verb:set package 'example_mode_rtl_replacement_cpp' build argument 'cmake_force_configure' from command line to 'False'
[0.330s] Level 5:colcon.colcon_core.verb:set package 'example_mode_rtl_replacement_cpp' build argument 'ament_cmake_args' from command line to 'None'
[0.331s] Level 5:colcon.colcon_core.verb:set package 'example_mode_rtl_replacement_cpp' build argument 'catkin_cmake_args' from command line to 'None'
[0.331s] Level 5:colcon.colcon_core.verb:set package 'example_mode_rtl_replacement_cpp' build argument 'catkin_skip_building_tests' from command line to 'False'
[0.331s] DEBUG:colcon.colcon_core.verb:Building package 'example_mode_rtl_replacement_cpp' with the following arguments: {'ament_cmake_args': None, 'build_base': '/home/rudra/custom_flightmode/build/example_mode_rtl_replacement_cpp', 'catkin_cmake_args': None, 'catkin_skip_building_tests': False, 'cmake_args': None, 'cmake_clean_cache': False, 'cmake_clean_first': False, 'cmake_force_configure': False, 'cmake_target': None, 'cmake_target_skip_unavailable': False, 'install_base': '/home/rudra/custom_flightmode/install/example_mode_rtl_replacement_cpp', 'merge_install': False, 'path': '/home/rudra/custom_flightmode/src/px4-ros2-interface-lib/examples/cpp/modes/rtl_replacement', 'symlink_install': False, 'test_result_base': None}
[0.331s] Level 5:colcon.colcon_core.verb:set package 'example_mode_vtol_cpp' build argument 'cmake_args' from command line to 'None'
[0.331s] Level 5:colcon.colcon_core.verb:set package 'example_mode_vtol_cpp' build argument 'cmake_target' from command line to 'None'
[0.331s] Level 5:colcon.colcon_core.verb:set package 'example_mode_vtol_cpp' build argument 'cmake_target_skip_unavailable' from command line to 'False'
[0.331s] Level 5:colcon.colcon_core.verb:set package 'example_mode_vtol_cpp' build argument 'cmake_clean_cache' from command line to 'False'
[0.331s] Level 5:colcon.colcon_core.verb:set package 'example_mode_vtol_cpp' build argument 'cmake_clean_first' from command line to 'False'
[0.331s] Level 5:colcon.colcon_core.verb:set package 'example_mode_vtol_cpp' build argument 'cmake_force_configure' from command line to 'False'
[0.331s] Level 5:colcon.colcon_core.verb:set package 'example_mode_vtol_cpp' build argument 'ament_cmake_args' from command line to 'None'
[0.331s] Level 5:colcon.colcon_core.verb:set package 'example_mode_vtol_cpp' build argument 'catkin_cmake_args' from command line to 'None'
[0.331s] Level 5:colcon.colcon_core.verb:set package 'example_mode_vtol_cpp' build argument 'catkin_skip_building_tests' from command line to 'False'
[0.331s] DEBUG:colcon.colcon_core.verb:Building package 'example_mode_vtol_cpp' with the following arguments: {'ament_cmake_args': None, 'build_base': '/home/rudra/custom_flightmode/build/example_mode_vtol_cpp', 'catkin_cmake_args': None, 'catkin_skip_building_tests': False, 'cmake_args': None, 'cmake_clean_cache': False, 'cmake_clean_first': False, 'cmake_force_configure': False, 'cmake_target': None, 'cmake_target_skip_unavailable': False, 'install_base': '/home/rudra/custom_flightmode/install/example_mode_vtol_cpp', 'merge_install': False, 'path': '/home/rudra/custom_flightmode/src/px4-ros2-interface-lib/examples/cpp/modes/vtol', 'symlink_install': False, 'test_result_base': None}
[0.331s] Level 5:colcon.colcon_core.verb:set package 'example_mode_with_executor_cpp' build argument 'cmake_args' from command line to 'None'
[0.331s] Level 5:colcon.colcon_core.verb:set package 'example_mode_with_executor_cpp' build argument 'cmake_target' from command line to 'None'
[0.331s] Level 5:colcon.colcon_core.verb:set package 'example_mode_with_executor_cpp' build argument 'cmake_target_skip_unavailable' from command line to 'False'
[0.332s] Level 5:colcon.colcon_core.verb:set package 'example_mode_with_executor_cpp' build argument 'cmake_clean_cache' from command line to 'False'
[0.332s] Level 5:colcon.colcon_core.verb:set package 'example_mode_with_executor_cpp' build argument 'cmake_clean_first' from command line to 'False'
[0.332s] Level 5:colcon.colcon_core.verb:set package 'example_mode_with_executor_cpp' build argument 'cmake_force_configure' from command line to 'False'
[0.332s] Level 5:colcon.colcon_core.verb:set package 'example_mode_with_executor_cpp' build argument 'ament_cmake_args' from command line to 'None'
[0.332s] Level 5:colcon.colcon_core.verb:set package 'example_mode_with_executor_cpp' build argument 'catkin_cmake_args' from command line to 'None'
[0.332s] Level 5:colcon.colcon_core.verb:set package 'example_mode_with_executor_cpp' build argument 'catkin_skip_building_tests' from command line to 'False'
[0.332s] DEBUG:colcon.colcon_core.verb:Building package 'example_mode_with_executor_cpp' with the following arguments: {'ament_cmake_args': None, 'build_base': '/home/rudra/custom_flightmode/build/example_mode_with_executor_cpp', 'catkin_cmake_args': None, 'catkin_skip_building_tests': False, 'cmake_args': None, 'cmake_clean_cache': False, 'cmake_clean_first': False, 'cmake_force_configure': False, 'cmake_target': None, 'cmake_target_skip_unavailable': False, 'install_base': '/home/rudra/custom_flightmode/install/example_mode_with_executor_cpp', 'merge_install': False, 'path': '/home/rudra/custom_flightmode/src/px4-ros2-interface-lib/examples/cpp/modes/mode_with_executor', 'symlink_install': False, 'test_result_base': None}
[0.332s] Level 5:colcon.colcon_core.verb:set package 'example_rover_velocity_mode_cpp' build argument 'cmake_args' from command line to 'None'
[0.332s] Level 5:colcon.colcon_core.verb:set package 'example_rover_velocity_mode_cpp' build argument 'cmake_target' from command line to 'None'
[0.332s] Level 5:colcon.colcon_core.verb:set package 'example_rover_velocity_mode_cpp' build argument 'cmake_target_skip_unavailable' from command line to 'False'
[0.332s] Level 5:colcon.colcon_core.verb:set package 'example_rover_velocity_mode_cpp' build argument 'cmake_clean_cache' from command line to 'False'
[0.332s] Level 5:colcon.colcon_core.verb:set package 'example_rover_velocity_mode_cpp' build argument 'cmake_clean_first' from command line to 'False'
[0.332s] Level 5:colcon.colcon_core.verb:set package 'example_rover_velocity_mode_cpp' build argument 'cmake_force_configure' from command line to 'False'
[0.332s] Level 5:colcon.colcon_core.verb:set package 'example_rover_velocity_mode_cpp' build argument 'ament_cmake_args' from command line to 'None'
[0.332s] Level 5:colcon.colcon_core.verb:set package 'example_rover_velocity_mode_cpp' build argument 'catkin_cmake_args' from command line to 'None'
[0.332s] Level 5:colcon.colcon_core.verb:set package 'example_rover_velocity_mode_cpp' build argument 'catkin_skip_building_tests' from command line to 'False'
[0.332s] DEBUG:colcon.colcon_core.verb:Building package 'example_rover_velocity_mode_cpp' with the following arguments: {'ament_cmake_args': None, 'build_base': '/home/rudra/custom_flightmode/build/example_rover_velocity_mode_cpp', 'catkin_cmake_args': None, 'catkin_skip_building_tests': False, 'cmake_args': None, 'cmake_clean_cache': False, 'cmake_clean_first': False, 'cmake_force_configure': False, 'cmake_target': None, 'cmake_target_skip_unavailable': False, 'install_base': '/home/rudra/custom_flightmode/install/example_rover_velocity_mode_cpp', 'merge_install': False, 'path': '/home/rudra/custom_flightmode/src/px4-ros2-interface-lib/examples/cpp/modes/rover_velocity', 'symlink_install': False, 'test_result_base': None}
[0.332s] Level 5:colcon.colcon_core.verb:set package 'px4_ros2_py' build argument 'cmake_args' from command line to 'None'
[0.332s] Level 5:colcon.colcon_core.verb:set package 'px4_ros2_py' build argument 'cmake_target' from command line to 'None'
[0.332s] Level 5:colcon.colcon_core.verb:set package 'px4_ros2_py' build argument 'cmake_target_skip_unavailable' from command line to 'False'
[0.332s] Level 5:colcon.colcon_core.verb:set package 'px4_ros2_py' build argument 'cmake_clean_cache' from command line to 'False'
[0.332s] Level 5:colcon.colcon_core.verb:set package 'px4_ros2_py' build argument 'cmake_clean_first' from command line to 'False'
[0.333s] Level 5:colcon.colcon_core.verb:set package 'px4_ros2_py' build argument 'cmake_force_configure' from command line to 'False'
[0.333s] Level 5:colcon.colcon_core.verb:set package 'px4_ros2_py' build argument 'ament_cmake_args' from command line to 'None'
[0.333s] Level 5:colcon.colcon_core.verb:set package 'px4_ros2_py' build argument 'catkin_cmake_args' from command line to 'None'
[0.333s] Level 5:colcon.colcon_core.verb:set package 'px4_ros2_py' build argument 'catkin_skip_building_tests' from command line to 'False'
[0.333s] DEBUG:colcon.colcon_core.verb:Building package 'px4_ros2_py' with the following arguments: {'ament_cmake_args': None, 'build_base': '/home/rudra/custom_flightmode/build/px4_ros2_py', 'catkin_cmake_args': None, 'catkin_skip_building_tests': False, 'cmake_args': None, 'cmake_clean_cache': False, 'cmake_clean_first': False, 'cmake_force_configure': False, 'cmake_target': None, 'cmake_target_skip_unavailable': False, 'install_base': '/home/rudra/custom_flightmode/install/px4_ros2_py', 'merge_install': False, 'path': '/home/rudra/custom_flightmode/src/px4-ros2-interface-lib/px4_ros2_py', 'symlink_install': False, 'test_result_base': None}
[0.333s] Level 5:colcon.colcon_core.verb:set package 'example_mode_goto_py' build argument 'cmake_args' from command line to 'None'
[0.333s] Level 5:colcon.colcon_core.verb:set package 'example_mode_goto_py' build argument 'cmake_target' from command line to 'None'
[0.333s] Level 5:colcon.colcon_core.verb:set package 'example_mode_goto_py' build argument 'cmake_target_skip_unavailable' from command line to 'False'
[0.333s] Level 5:colcon.colcon_core.verb:set package 'example_mode_goto_py' build argument 'cmake_clean_cache' from command line to 'False'
[0.333s] Level 5:colcon.colcon_core.verb:set package 'example_mode_goto_py' build argument 'cmake_clean_first' from command line to 'False'
[0.333s] Level 5:colcon.colcon_core.verb:set package 'example_mode_goto_py' build argument 'cmake_force_configure' from command line to 'False'
[0.333s] Level 5:colcon.colcon_core.verb:set package 'example_mode_goto_py' build argument 'ament_cmake_args' from command line to 'None'
[0.333s] Level 5:colcon.colcon_core.verb:set package 'example_mode_goto_py' build argument 'catkin_cmake_args' from command line to 'None'
[0.333s] Level 5:colcon.colcon_core.verb:set package 'example_mode_goto_py' build argument 'catkin_skip_building_tests' from command line to 'False'
[0.333s] DEBUG:colcon.colcon_core.verb:Building package 'example_mode_goto_py' with the following arguments: {'ament_cmake_args': None, 'build_base': '/home/rudra/custom_flightmode/build/example_mode_goto_py', 'catkin_cmake_args': None, 'catkin_skip_building_tests': False, 'cmake_args': None, 'cmake_clean_cache': False, 'cmake_clean_first': False, 'cmake_force_configure': False, 'cmake_target': None, 'cmake_target_skip_unavailable': False, 'install_base': '/home/rudra/custom_flightmode/install/example_mode_goto_py', 'merge_install': False, 'path': '/home/rudra/custom_flightmode/src/px4-ros2-interface-lib/examples/python/modes/goto', 'symlink_install': False, 'test_result_base': None}
[0.333s] Level 5:colcon.colcon_core.verb:set package 'example_mode_with_rclpy_py' build argument 'cmake_args' from command line to 'None'
[0.333s] Level 5:colcon.colcon_core.verb:set package 'example_mode_with_rclpy_py' build argument 'cmake_target' from command line to 'None'
[0.333s] Level 5:colcon.colcon_core.verb:set package 'example_mode_with_rclpy_py' build argument 'cmake_target_skip_unavailable' from command line to 'False'
[0.333s] Level 5:colcon.colcon_core.verb:set package 'example_mode_with_rclpy_py' build argument 'cmake_clean_cache' from command line to 'False'
[0.333s] Level 5:colcon.colcon_core.verb:set package 'example_mode_with_rclpy_py' build argument 'cmake_clean_first' from command line to 'False'
[0.333s] Level 5:colcon.colcon_core.verb:set package 'example_mode_with_rclpy_py' build argument 'cmake_force_configure' from command line to 'False'
[0.333s] Level 5:colcon.colcon_core.verb:set package 'example_mode_with_rclpy_py' build argument 'ament_cmake_args' from command line to 'None'
[0.333s] Level 5:colcon.colcon_core.verb:set package 'example_mode_with_rclpy_py' build argument 'catkin_cmake_args' from command line to 'None'
[0.333s] Level 5:colcon.colcon_core.verb:set package 'example_mode_with_rclpy_py' build argument 'catkin_skip_building_tests' from command line to 'False'
[0.333s] DEBUG:colcon.colcon_core.verb:Building package 'example_mode_with_rclpy_py' with the following arguments: {'ament_cmake_args': None, 'build_base': '/home/rudra/custom_flightmode/build/example_mode_with_rclpy_py', 'catkin_cmake_args': None, 'catkin_skip_building_tests': False, 'cmake_args': None, 'cmake_clean_cache': False, 'cmake_clean_first': False, 'cmake_force_configure': False, 'cmake_target': None, 'cmake_target_skip_unavailable': False, 'install_base': '/home/rudra/custom_flightmode/install/example_mode_with_rclpy_py', 'merge_install': False, 'path': '/home/rudra/custom_flightmode/src/px4-ros2-interface-lib/examples/python/modes/goto_with_rclpy', 'symlink_install': False, 'test_result_base': None}
[0.334s] INFO:colcon.colcon_core.executor:Executing jobs using 'parallel' executor
[0.335s] DEBUG:colcon.colcon_parallel_executor.executor.parallel:run_until_complete
[0.335s] INFO:colcon.colcon_ros.task.ament_cmake.build:Building ROS package in '/home/rudra/custom_flightmode/src/px4_msgs' with build type 'ament_cmake'
[0.335s] INFO:colcon.colcon_cmake.task.cmake.build:Building CMake package in '/home/rudra/custom_flightmode/src/px4_msgs'
[0.337s] INFO:colcon.colcon_core.plugin_system:Skipping extension 'colcon_core.shell.bat': Not used on non-Windows systems
[0.337s] INFO:colcon.colcon_core.shell:Skip shell extension 'powershell' for command environment: Not usable outside of PowerShell
[0.337s] DEBUG:colcon.colcon_core.shell:Skip shell extension 'dsv' for command environment
[0.349s] DEBUG:colcon.colcon_core.event_handler.log_command:Invoking command in '/home/rudra/custom_flightmode/build/px4_msgs': CMAKE_PREFIX_PATH=/home/rudra/ros2_ws/install/talker_listener:/home/rudra/ros2_ws/install/first_pkg:/opt/ros/humble /usr/bin/cmake --build /home/rudra/custom_flightmode/build/px4_msgs -- -j12 -l12
[1.808s] DEBUG:colcon.colcon_core.event_handler.log_command:Invoked command in '/home/rudra/custom_flightmode/build/px4_msgs' returned '0': CMAKE_PREFIX_PATH=/home/rudra/ros2_ws/install/talker_listener:/home/rudra/ros2_ws/install/first_pkg:/opt/ros/humble /usr/bin/cmake --build /home/rudra/custom_flightmode/build/px4_msgs -- -j12 -l12
[1.820s] DEBUG:colcon.colcon_core.event_handler.log_command:Invoking command in '/home/rudra/custom_flightmode/build/px4_msgs': CMAKE_PREFIX_PATH=/home/rudra/ros2_ws/install/talker_listener:/home/rudra/ros2_ws/install/first_pkg:/opt/ros/humble /usr/bin/cmake --install /home/rudra/custom_flightmode/build/px4_msgs
[2.551s] Level 1:colcon.colcon_core.environment:create_environment_scripts_only(px4_msgs)
[2.552s] DEBUG:colcon.colcon_core.event_handler.log_command:Invoked command in '/home/rudra/custom_flightmode/build/px4_msgs' returned '0': CMAKE_PREFIX_PATH=/home/rudra/ros2_ws/install/talker_listener:/home/rudra/ros2_ws/install/first_pkg:/opt/ros/humble /usr/bin/cmake --install /home/rudra/custom_flightmode/build/px4_msgs
[2.554s] Level 1:colcon.colcon_core.environment:checking '/home/rudra/custom_flightmode/install/px4_msgs' for CMake module files
[2.555s] Level 1:colcon.colcon_core.environment:checking '/home/rudra/custom_flightmode/install/px4_msgs' for CMake config files
[2.557s] Level 1:colcon.colcon_core.shell:create_environment_hook('px4_msgs', 'cmake_prefix_path')
[2.557s] INFO:colcon.colcon_core.shell:Creating environment hook '/home/rudra/custom_flightmode/install/px4_msgs/share/px4_msgs/hook/cmake_prefix_path.ps1'
[2.558s] INFO:colcon.colcon_core.shell:Creating environment descriptor '/home/rudra/custom_flightmode/install/px4_msgs/share/px4_msgs/hook/cmake_prefix_path.dsv'
[2.558s] INFO:colcon.colcon_core.shell:Creating environment hook '/home/rudra/custom_flightmode/install/px4_msgs/share/px4_msgs/hook/cmake_prefix_path.sh'
[2.559s] Level 1:colcon.colcon_core.environment:checking '/home/rudra/custom_flightmode/install/px4_msgs/lib'
[2.559s] Level 1:colcon.colcon_core.shell:create_environment_hook('px4_msgs', 'ld_library_path_lib')
[2.560s] INFO:colcon.colcon_core.shell:Creating environment hook '/home/rudra/custom_flightmode/install/px4_msgs/share/px4_msgs/hook/ld_library_path_lib.ps1'
[2.560s] INFO:colcon.colcon_core.shell:Creating environment descriptor '/home/rudra/custom_flightmode/install/px4_msgs/share/px4_msgs/hook/ld_library_path_lib.dsv'
[2.561s] INFO:colcon.colcon_core.shell:Creating environment hook '/home/rudra/custom_flightmode/install/px4_msgs/share/px4_msgs/hook/ld_library_path_lib.sh'
[2.561s] Level 1:colcon.colcon_core.environment:checking '/home/rudra/custom_flightmode/install/px4_msgs/bin'
[2.561s] Level 1:colcon.colcon_core.environment:checking '/home/rudra/custom_flightmode/install/px4_msgs/lib/pkgconfig/px4_msgs.pc'
[2.561s] Level 1:colcon.colcon_core.environment:checking '/home/rudra/custom_flightmode/install/px4_msgs/lib/python3.10/site-packages'
[2.562s] Level 1:colcon.colcon_core.environment:checking '/home/rudra/custom_flightmode/install/px4_msgs/bin'
[2.562s] INFO:colcon.colcon_core.shell:Creating package script '/home/rudra/custom_flightmode/install/px4_msgs/share/px4_msgs/package.ps1'
[2.563s] INFO:colcon.colcon_core.shell:Creating package descriptor '/home/rudra/custom_flightmode/install/px4_msgs/share/px4_msgs/package.dsv'
[2.564s] INFO:colcon.colcon_core.shell:Creating package script '/home/rudra/custom_flightmode/install/px4_msgs/share/px4_msgs/package.sh'
[2.565s] INFO:colcon.colcon_core.shell:Creating package script '/home/rudra/custom_flightmode/install/px4_msgs/share/px4_msgs/package.bash'
[2.566s] INFO:colcon.colcon_core.shell:Creating package script '/home/rudra/custom_flightmode/install/px4_msgs/share/px4_msgs/package.zsh'
[2.566s] Level 1:colcon.colcon_core.environment:create_file_with_runtime_dependencies(/home/rudra/custom_flightmode/install/px4_msgs/share/colcon-core/packages/px4_msgs)
[2.567s] Level 1:colcon.colcon_core.environment:create_environment_scripts_only(px4_msgs)
[2.568s] Level 1:colcon.colcon_core.environment:checking '/home/rudra/custom_flightmode/install/px4_msgs' for CMake module files
[2.568s] Level 1:colcon.colcon_core.environment:checking '/home/rudra/custom_flightmode/install/px4_msgs' for CMake config files
[2.570s] Level 1:colcon.colcon_core.shell:create_environment_hook('px4_msgs', 'cmake_prefix_path')
[2.570s] INFO:colcon.colcon_core.shell:Creating environment hook '/home/rudra/custom_flightmode/install/px4_msgs/share/px4_msgs/hook/cmake_prefix_path.ps1'
[2.571s] INFO:colcon.colcon_core.shell:Creating environment descriptor '/home/rudra/custom_flightmode/install/px4_msgs/share/px4_msgs/hook/cmake_prefix_path.dsv'
[2.571s] INFO:colcon.colcon_core.shell:Creating environment hook '/home/rudra/custom_flightmode/install/px4_msgs/share/px4_msgs/hook/cmake_prefix_path.sh'
[2.572s] Level 1:colcon.colcon_core.environment:checking '/home/rudra/custom_flightmode/install/px4_msgs/lib'
[2.572s] Level 1:colcon.colcon_core.shell:create_environment_hook('px4_msgs', 'ld_library_path_lib')
[2.572s] INFO:colcon.colcon_core.shell:Creating environment hook '/home/rudra/custom_flightmode/install/px4_msgs/share/px4_msgs/hook/ld_library_path_lib.ps1'
[2.573s] INFO:colcon.colcon_core.shell:Creating environment descriptor '/home/rudra/custom_flightmode/install/px4_msgs/share/px4_msgs/hook/ld_library_path_lib.dsv'
[2.573s] INFO:colcon.colcon_core.shell:Creating environment hook '/home/rudra/custom_flightmode/install/px4_msgs/share/px4_msgs/hook/ld_library_path_lib.sh'
[2.573s] Level 1:colcon.colcon_core.environment:checking '/home/rudra/custom_flightmode/install/px4_msgs/bin'
[2.573s] Level 1:colcon.colcon_core.environment:checking '/home/rudra/custom_flightmode/install/px4_msgs/lib/pkgconfig/px4_msgs.pc'
[2.574s] Level 1:colcon.colcon_core.environment:checking '/home/rudra/custom_flightmode/install/px4_msgs/lib/python3.10/site-packages'
[2.574s] Level 1:colcon.colcon_core.environment:checking '/home/rudra/custom_flightmode/install/px4_msgs/bin'
[2.574s] INFO:colcon.colcon_core.shell:Creating package script '/home/rudra/custom_flightmode/install/px4_msgs/share/px4_msgs/package.ps1'
[2.575s] INFO:colcon.colcon_core.shell:Creating package descriptor '/home/rudra/custom_flightmode/install/px4_msgs/share/px4_msgs/package.dsv'
[2.576s] INFO:colcon.colcon_core.shell:Creating package script '/home/rudra/custom_flightmode/install/px4_msgs/share/px4_msgs/package.sh'
[2.576s] INFO:colcon.colcon_core.shell:Creating package script '/home/rudra/custom_flightmode/install/px4_msgs/share/px4_msgs/package.bash'
[2.577s] INFO:colcon.colcon_core.shell:Creating package script '/home/rudra/custom_flightmode/install/px4_msgs/share/px4_msgs/package.zsh'
[2.577s] Level 1:colcon.colcon_core.environment:create_file_with_runtime_dependencies(/home/rudra/custom_flightmode/install/px4_msgs/share/colcon-core/packages/px4_msgs)
[2.578s] INFO:colcon.colcon_ros.task.ament_cmake.build:Building ROS package in '/home/rudra/custom_flightmode/src/px4-ros2-interface-lib/px4_ros2_cpp' with build type 'ament_cmake'
[2.578s] INFO:colcon.colcon_cmake.task.cmake.build:Building CMake package in '/home/rudra/custom_flightmode/src/px4-ros2-interface-lib/px4_ros2_cpp'
[2.578s] INFO:colcon.colcon_core.shell:Skip shell extension 'powershell' for command environment: Not usable outside of PowerShell
[2.578s] DEBUG:colcon.colcon_core.shell:Skip shell extension 'dsv' for command environment
[2.589s] DEBUG:colcon.colcon_core.event_handler.log_command:Invoking command in '/home/rudra/custom_flightmode/build/px4_ros2_cpp': AMENT_PREFIX_PATH=/home/rudra/custom_flightmode/install/px4_msgs:${AMENT_PREFIX_PATH} CMAKE_PREFIX_PATH=/home/rudra/custom_flightmode/install/px4_msgs:/home/rudra/ros2_ws/install/talker_listener:/home/rudra/ros2_ws/install/first_pkg:/opt/ros/humble LD_LIBRARY_PATH=/home/rudra/custom_flightmode/install/px4_msgs/lib:${LD_LIBRARY_PATH} PYTHONPATH=/home/rudra/custom_flightmode/install/px4_msgs/local/lib/python3.10/dist-packages:${PYTHONPATH} /usr/bin/cmake --build /home/rudra/custom_flightmode/build/px4_ros2_cpp -- -j12 -l12
[2.841s] DEBUG:colcon.colcon_core.event_handler.log_command:Invoked command in '/home/rudra/custom_flightmode/build/px4_ros2_cpp' returned '0': AMENT_PREFIX_PATH=/home/rudra/custom_flightmode/install/px4_msgs:${AMENT_PREFIX_PATH} CMAKE_PREFIX_PATH=/home/rudra/custom_flightmode/install/px4_msgs:/home/rudra/ros2_ws/install/talker_listener:/home/rudra/ros2_ws/install/first_pkg:/opt/ros/humble LD_LIBRARY_PATH=/home/rudra/custom_flightmode/install/px4_msgs/lib:${LD_LIBRARY_PATH} PYTHONPATH=/home/rudra/custom_flightmode/install/px4_msgs/local/lib/python3.10/dist-packages:${PYTHONPATH} /usr/bin/cmake --build /home/rudra/custom_flightmode/build/px4_ros2_cpp -- -j12 -l12
[2.842s] DEBUG:colcon.colcon_core.event_handler.log_command:Invoking command in '/home/rudra/custom_flightmode/build/px4_ros2_cpp': AMENT_PREFIX_PATH=/home/rudra/custom_flightmode/install/px4_msgs:${AMENT_PREFIX_PATH} CMAKE_PREFIX_PATH=/home/rudra/custom_flightmode/install/px4_msgs:/home/rudra/ros2_ws/install/talker_listener:/home/rudra/ros2_ws/install/first_pkg:/opt/ros/humble LD_LIBRARY_PATH=/home/rudra/custom_flightmode/install/px4_msgs/lib:${LD_LIBRARY_PATH} PYTHONPATH=/home/rudra/custom_flightmode/install/px4_msgs/local/lib/python3.10/dist-packages:${PYTHONPATH} /usr/bin/cmake --install /home/rudra/custom_flightmode/build/px4_ros2_cpp
[2.861s] Level 1:colcon.colcon_core.environment:create_environment_scripts_only(px4_ros2_cpp)
[2.862s] Level 1:colcon.colcon_core.environment:checking '/home/rudra/custom_flightmode/install/px4_ros2_cpp' for CMake module files
[2.864s] Level 1:colcon.colcon_core.environment:checking '/home/rudra/custom_flightmode/install/px4_ros2_cpp' for CMake config files
[2.864s] DEBUG:colcon.colcon_core.event_handler.log_command:Invoked command in '/home/rudra/custom_flightmode/build/px4_ros2_cpp' returned '0': AMENT_PREFIX_PATH=/home/rudra/custom_flightmode/install/px4_msgs:${AMENT_PREFIX_PATH} CMAKE_PREFIX_PATH=/home/rudra/custom_flightmode/install/px4_msgs:/home/rudra/ros2_ws/install/talker_listener:/home/rudra/ros2_ws/install/first_pkg:/opt/ros/humble LD_LIBRARY_PATH=/home/rudra/custom_flightmode/install/px4_msgs/lib:${LD_LIBRARY_PATH} PYTHONPATH=/home/rudra/custom_flightmode/install/px4_msgs/local/lib/python3.10/dist-packages:${PYTHONPATH} /usr/bin/cmake --install /home/rudra/custom_flightmode/build/px4_ros2_cpp
[2.865s] Level 1:colcon.colcon_core.shell:create_environment_hook('px4_ros2_cpp', 'cmake_prefix_path')
[2.865s] INFO:colcon.colcon_core.shell:Creating environment hook '/home/rudra/custom_flightmode/install/px4_ros2_cpp/share/px4_ros2_cpp/hook/cmake_prefix_path.ps1'
[2.865s] INFO:colcon.colcon_core.shell:Creating environment descriptor '/home/rudra/custom_flightmode/install/px4_ros2_cpp/share/px4_ros2_cpp/hook/cmake_prefix_path.dsv'
[2.866s] INFO:colcon.colcon_core.shell:Creating environment hook '/home/rudra/custom_flightmode/install/px4_ros2_cpp/share/px4_ros2_cpp/hook/cmake_prefix_path.sh'
[2.866s] Level 1:colcon.colcon_core.environment:checking '/home/rudra/custom_flightmode/install/px4_ros2_cpp/lib'
[2.866s] Level 1:colcon.colcon_core.shell:create_environment_hook('px4_ros2_cpp', 'ld_library_path_lib')
[2.867s] INFO:colcon.colcon_core.shell:Creating environment hook '/home/rudra/custom_flightmode/install/px4_ros2_cpp/share/px4_ros2_cpp/hook/ld_library_path_lib.ps1'
[2.867s] INFO:colcon.colcon_core.shell:Creating environment descriptor '/home/rudra/custom_flightmode/install/px4_ros2_cpp/share/px4_ros2_cpp/hook/ld_library_path_lib.dsv'
[2.868s] INFO:colcon.colcon_core.shell:Creating environment hook '/home/rudra/custom_flightmode/install/px4_ros2_cpp/share/px4_ros2_cpp/hook/ld_library_path_lib.sh'
[2.868s] Level 1:colcon.colcon_core.environment:checking '/home/rudra/custom_flightmode/install/px4_ros2_cpp/bin'
[2.868s] Level 1:colcon.colcon_core.environment:checking '/home/rudra/custom_flightmode/install/px4_ros2_cpp/lib/pkgconfig/px4_ros2_cpp.pc'
[2.868s] Level 1:colcon.colcon_core.environment:checking '/home/rudra/custom_flightmode/install/px4_ros2_cpp/lib/python3.10/site-packages'
[2.869s] Level 1:colcon.colcon_core.environment:checking '/home/rudra/custom_flightmode/install/px4_ros2_cpp/bin'
[2.869s] INFO:colcon.colcon_core.shell:Creating package script '/home/rudra/custom_flightmode/install/px4_ros2_cpp/share/px4_ros2_cpp/package.ps1'
[2.870s] INFO:colcon.colcon_core.shell:Creating package descriptor '/home/rudra/custom_flightmode/install/px4_ros2_cpp/share/px4_ros2_cpp/package.dsv'
[2.870s] INFO:colcon.colcon_core.shell:Creating package script '/home/rudra/custom_flightmode/install/px4_ros2_cpp/share/px4_ros2_cpp/package.sh'
[2.871s] INFO:colcon.colcon_core.shell:Creating package script '/home/rudra/custom_flightmode/install/px4_ros2_cpp/share/px4_ros2_cpp/package.bash'
[2.871s] INFO:colcon.colcon_core.shell:Creating package script '/home/rudra/custom_flightmode/install/px4_ros2_cpp/share/px4_ros2_cpp/package.zsh'
[2.872s] Level 1:colcon.colcon_core.environment:create_file_with_runtime_dependencies(/home/rudra/custom_flightmode/install/px4_ros2_cpp/share/colcon-core/packages/px4_ros2_cpp)
[2.872s] Level 1:colcon.colcon_core.environment:create_environment_scripts_only(px4_ros2_cpp)
[2.873s] Level 1:colcon.colcon_core.environment:checking '/home/rudra/custom_flightmode/install/px4_ros2_cpp' for CMake module files
[2.873s] Level 1:colcon.colcon_core.environment:checking '/home/rudra/custom_flightmode/install/px4_ros2_cpp' for CMake config files
[2.873s] Level 1:colcon.colcon_core.shell:create_environment_hook('px4_ros2_cpp', 'cmake_prefix_path')
[2.874s] INFO:colcon.colcon_core.shell:Creating environment hook '/home/rudra/custom_flightmode/install/px4_ros2_cpp/share/px4_ros2_cpp/hook/cmake_prefix_path.ps1'
[2.874s] INFO:colcon.colcon_core.shell:Creating environment descriptor '/home/rudra/custom_flightmode/install/px4_ros2_cpp/share/px4_ros2_cpp/hook/cmake_prefix_path.dsv'
[2.874s] INFO:colcon.colcon_core.shell:Creating environment hook '/home/rudra/custom_flightmode/install/px4_ros2_cpp/share/px4_ros2_cpp/hook/cmake_prefix_path.sh'
[2.875s] Level 1:colcon.colcon_core.environment:checking '/home/rudra/custom_flightmode/install/px4_ros2_cpp/lib'
[2.875s] Level 1:colcon.colcon_core.shell:create_environment_hook('px4_ros2_cpp', 'ld_library_path_lib')
[2.875s] INFO:colcon.colcon_core.shell:Creating environment hook '/home/rudra/custom_flightmode/install/px4_ros2_cpp/share/px4_ros2_cpp/hook/ld_library_path_lib.ps1'
[2.876s] INFO:colcon.colcon_core.shell:Creating environment descriptor '/home/rudra/custom_flightmode/install/px4_ros2_cpp/share/px4_ros2_cpp/hook/ld_library_path_lib.dsv'
[2.876s] INFO:colcon.colcon_core.shell:Creating environment hook '/home/rudra/custom_flightmode/install/px4_ros2_cpp/share/px4_ros2_cpp/hook/ld_library_path_lib.sh'
[2.877s] Level 1:colcon.colcon_core.environment:checking '/home/rudra/custom_flightmode/install/px4_ros2_cpp/bin'
[2.877s] Level 1:colcon.colcon_core.environment:checking '/home/rudra/custom_flightmode/install/px4_ros2_cpp/lib/pkgconfig/px4_ros2_cpp.pc'
[2.877s] Level 1:colcon.colcon_core.environment:checking '/home/rudra/custom_flightmode/install/px4_ros2_cpp/lib/python3.10/site-packages'
[2.878s] Level 1:colcon.colcon_core.environment:checking '/home/rudra/custom_flightmode/install/px4_ros2_cpp/bin'
[2.878s] INFO:colcon.colcon_core.shell:Creating package script '/home/rudra/custom_flightmode/install/px4_ros2_cpp/share/px4_ros2_cpp/package.ps1'
[2.879s] INFO:colcon.colcon_core.shell:Creating package descriptor '/home/rudra/custom_flightmode/install/px4_ros2_cpp/share/px4_ros2_cpp/package.dsv'
[2.880s] INFO:colcon.colcon_core.shell:Creating package script '/home/rudra/custom_flightmode/install/px4_ros2_cpp/share/px4_ros2_cpp/package.sh'
[2.880s] INFO:colcon.colcon_core.shell:Creating package script '/home/rudra/custom_flightmode/install/px4_ros2_cpp/share/px4_ros2_cpp/package.bash'
[2.881s] INFO:colcon.colcon_core.shell:Creating package script '/home/rudra/custom_flightmode/install/px4_ros2_cpp/share/px4_ros2_cpp/package.zsh'
[2.881s] Level 1:colcon.colcon_core.environment:create_file_with_runtime_dependencies(/home/rudra/custom_flightmode/install/px4_ros2_cpp/share/colcon-core/packages/px4_ros2_cpp)
[2.882s] INFO:colcon.colcon_ros.task.ament_cmake.build:Building ROS package in '/home/rudra/custom_flightmode/src/px4-ros2-interface-lib/px4_ros2_py' with build type 'ament_cmake'
[2.882s] INFO:colcon.colcon_cmake.task.cmake.build:Building CMake package in '/home/rudra/custom_flightmode/src/px4-ros2-interface-lib/px4_ros2_py'
[2.882s] INFO:colcon.colcon_core.shell:Skip shell extension 'powershell' for command environment: Not usable outside of PowerShell
[2.882s] DEBUG:colcon.colcon_core.shell:Skip shell extension 'dsv' for command environment
[2.886s] INFO:colcon.colcon_ros.task.ament_cmake.build:Building ROS package in '/home/rudra/custom_flightmode/src/px4_ros2_custom_flight_mode-main' with build type 'ament_cmake'
[2.886s] INFO:colcon.colcon_cmake.task.cmake.build:Building CMake package in '/home/rudra/custom_flightmode/src/px4_ros2_custom_flight_mode-main'
[2.886s] INFO:colcon.colcon_core.shell:Skip shell extension 'powershell' for command environment: Not usable outside of PowerShell
[2.886s] DEBUG:colcon.colcon_core.shell:Skip shell extension 'dsv' for command environment
[2.890s] INFO:colcon.colcon_ros.task.ament_cmake.build:Building ROS package in '/home/rudra/custom_flightmode/src/px4-ros2-interface-lib/examples/cpp/modes/executor_with_multiple_modes' with build type 'ament_cmake'
[2.891s] INFO:colcon.colcon_cmake.task.cmake.build:Building CMake package in '/home/rudra/custom_flightmode/src/px4-ros2-interface-lib/examples/cpp/modes/executor_with_multiple_modes'
[2.891s] INFO:colcon.colcon_core.shell:Skip shell extension 'powershell' for command environment: Not usable outside of PowerShell
[2.891s] DEBUG:colcon.colcon_core.shell:Skip shell extension 'dsv' for command environment
[2.895s] INFO:colcon.colcon_ros.task.ament_cmake.build:Building ROS package in '/home/rudra/custom_flightmode/src/px4-ros2-interface-lib/examples/cpp/navigation/global_navigation' with build type 'ament_cmake'
[2.895s] INFO:colcon.colcon_cmake.task.cmake.build:Building CMake package in '/home/rudra/custom_flightmode/src/px4-ros2-interface-lib/examples/cpp/navigation/global_navigation'
[2.895s] INFO:colcon.colcon_core.shell:Skip shell extension 'powershell' for command environment: Not usable outside of PowerShell
[2.895s] DEBUG:colcon.colcon_core.shell:Skip shell extension 'dsv' for command environment
[2.899s] INFO:colcon.colcon_ros.task.ament_cmake.build:Building ROS package in '/home/rudra/custom_flightmode/src/px4-ros2-interface-lib/examples/cpp/navigation/local_navigation' with build type 'ament_cmake'
[2.899s] INFO:colcon.colcon_cmake.task.cmake.build:Building CMake package in '/home/rudra/custom_flightmode/src/px4-ros2-interface-lib/examples/cpp/navigation/local_navigation'
[2.899s] INFO:colcon.colcon_core.shell:Skip shell extension 'powershell' for command environment: Not usable outside of PowerShell
[2.899s] DEBUG:colcon.colcon_core.shell:Skip shell extension 'dsv' for command environment
[2.903s] INFO:colcon.colcon_ros.task.ament_cmake.build:Building ROS package in '/home/rudra/custom_flightmode/src/px4-ros2-interface-lib/examples/cpp/modes/fw_attitude' with build type 'ament_cmake'
[2.903s] INFO:colcon.colcon_cmake.task.cmake.build:Building CMake package in '/home/rudra/custom_flightmode/src/px4-ros2-interface-lib/examples/cpp/modes/fw_attitude'
[2.904s] INFO:colcon.colcon_core.shell:Skip shell extension 'powershell' for command environment: Not usable outside of PowerShell
[2.904s] DEBUG:colcon.colcon_core.shell:Skip shell extension 'dsv' for command environment
[2.908s] INFO:colcon.colcon_ros.task.ament_cmake.build:Building ROS package in '/home/rudra/custom_flightmode/src/px4-ros2-interface-lib/examples/cpp/modes/goto' with build type 'ament_cmake'
[2.908s] INFO:colcon.colcon_cmake.task.cmake.build:Building CMake package in '/home/rudra/custom_flightmode/src/px4-ros2-interface-lib/examples/cpp/modes/goto'
[2.908s] INFO:colcon.colcon_core.shell:Skip shell extension 'powershell' for command environment: Not usable outside of PowerShell
[2.908s] DEBUG:colcon.colcon_core.shell:Skip shell extension 'dsv' for command environment
[2.913s] INFO:colcon.colcon_ros.task.ament_cmake.build:Building ROS package in '/home/rudra/custom_flightmode/src/px4-ros2-interface-lib/examples/cpp/modes/goto_global' with build type 'ament_cmake'
[2.913s] INFO:colcon.colcon_cmake.task.cmake.build:Building CMake package in '/home/rudra/custom_flightmode/src/px4-ros2-interface-lib/examples/cpp/modes/goto_global'
[2.913s] INFO:colcon.colcon_core.shell:Skip shell extension 'powershell' for command environment: Not usable outside of PowerShell
[2.913s] DEBUG:colcon.colcon_core.shell:Skip shell extension 'dsv' for command environment
[2.917s] INFO:colcon.colcon_ros.task.ament_cmake.build:Building ROS package in '/home/rudra/custom_flightmode/src/px4-ros2-interface-lib/examples/cpp/modes/manual' with build type 'ament_cmake'
[2.917s] INFO:colcon.colcon_cmake.task.cmake.build:Building CMake package in '/home/rudra/custom_flightmode/src/px4-ros2-interface-lib/examples/cpp/modes/manual'
[2.917s] INFO:colcon.colcon_core.shell:Skip shell extension 'powershell' for command environment: Not usable outside of PowerShell
[2.917s] DEBUG:colcon.colcon_core.shell:Skip shell extension 'dsv' for command environment
[2.921s] INFO:colcon.colcon_ros.task.ament_cmake.build:Building ROS package in '/home/rudra/custom_flightmode/src/px4-ros2-interface-lib/examples/cpp/modes/mission' with build type 'ament_cmake'
[2.921s] INFO:colcon.colcon_cmake.task.cmake.build:Building CMake package in '/home/rudra/custom_flightmode/src/px4-ros2-interface-lib/examples/cpp/modes/mission'
[2.921s] INFO:colcon.colcon_core.shell:Skip shell extension 'powershell' for command environment: Not usable outside of PowerShell
[2.921s] DEBUG:colcon.colcon_core.shell:Skip shell extension 'dsv' for command environment
[2.925s] INFO:colcon.colcon_ros.task.ament_cmake.build:Building ROS package in '/home/rudra/custom_flightmode/src/px4-ros2-interface-lib/examples/cpp/modes/rtl_replacement' with build type 'ament_cmake'
[2.925s] INFO:colcon.colcon_cmake.task.cmake.build:Building CMake package in '/home/rudra/custom_flightmode/src/px4-ros2-interface-lib/examples/cpp/modes/rtl_replacement'
[2.926s] INFO:colcon.colcon_core.shell:Skip shell extension 'powershell' for command environment: Not usable outside of PowerShell
[2.926s] DEBUG:colcon.colcon_core.shell:Skip shell extension 'dsv' for command environment
[2.929s] INFO:colcon.colcon_ros.task.ament_cmake.build:Building ROS package in '/home/rudra/custom_flightmode/src/px4-ros2-interface-lib/examples/cpp/modes/vtol' with build type 'ament_cmake'
[2.929s] INFO:colcon.colcon_cmake.task.cmake.build:Building CMake package in '/home/rudra/custom_flightmode/src/px4-ros2-interface-lib/examples/cpp/modes/vtol'
[2.930s] INFO:colcon.colcon_core.shell:Skip shell extension 'powershell' for command environment: Not usable outside of PowerShell
[2.930s] DEBUG:colcon.colcon_core.shell:Skip shell extension 'dsv' for command environment
[2.942s] DEBUG:colcon.colcon_core.event_handler.log_command:Invoking command in '/home/rudra/custom_flightmode/build/px4_ros2_py': AMENT_PREFIX_PATH=/home/rudra/custom_flightmode/install/px4_ros2_cpp:/home/rudra/custom_flightmode/install/px4_msgs:${AMENT_PREFIX_PATH} CMAKE_PREFIX_PATH=/home/rudra/custom_flightmode/install/px4_ros2_cpp:/home/rudra/custom_flightmode/install/px4_msgs:/home/rudra/ros2_ws/install/talker_listener:/home/rudra/ros2_ws/install/first_pkg:/opt/ros/humble LD_LIBRARY_PATH=/home/rudra/custom_flightmode/install/px4_ros2_cpp/lib:/home/rudra/custom_flightmode/install/px4_msgs/lib:${LD_LIBRARY_PATH} PYTHONPATH=/home/rudra/custom_flightmode/install/px4_msgs/local/lib/python3.10/dist-packages:${PYTHONPATH} /usr/bin/cmake --build /home/rudra/custom_flightmode/build/px4_ros2_py -- -j12 -l12
[2.944s] DEBUG:colcon.colcon_core.event_handler.log_command:Invoking command in '/home/rudra/custom_flightmode/build/draw_flight_mode': AMENT_PREFIX_PATH=/home/rudra/custom_flightmode/install/px4_ros2_cpp:/home/rudra/custom_flightmode/install/px4_msgs:${AMENT_PREFIX_PATH} CMAKE_PREFIX_PATH=/home/rudra/custom_flightmode/install/px4_ros2_cpp:/home/rudra/custom_flightmode/install/px4_msgs:/home/rudra/ros2_ws/install/talker_listener:/home/rudra/ros2_ws/install/first_pkg:/opt/ros/humble LD_LIBRARY_PATH=/home/rudra/custom_flightmode/install/px4_ros2_cpp/lib:/home/rudra/custom_flightmode/install/px4_msgs/lib:${LD_LIBRARY_PATH} PYTHONPATH=/home/rudra/custom_flightmode/install/px4_msgs/local/lib/python3.10/dist-packages:${PYTHONPATH} /usr/bin/cmake --build /home/rudra/custom_flightmode/build/draw_flight_mode -- -j12 -l12
[2.947s] DEBUG:colcon.colcon_core.event_handler.log_command:Invoking command in '/home/rudra/custom_flightmode/build/example_executor_with_multiple_modes_cpp': AMENT_PREFIX_PATH=/home/rudra/custom_flightmode/install/px4_ros2_cpp:/home/rudra/custom_flightmode/install/px4_msgs:${AMENT_PREFIX_PATH} CMAKE_PREFIX_PATH=/home/rudra/custom_flightmode/install/px4_ros2_cpp:/home/rudra/custom_flightmode/install/px4_msgs:/home/rudra/ros2_ws/install/talker_listener:/home/rudra/ros2_ws/install/first_pkg:/opt/ros/humble LD_LIBRARY_PATH=/home/rudra/custom_flightmode/install/px4_ros2_cpp/lib:/home/rudra/custom_flightmode/install/px4_msgs/lib:${LD_LIBRARY_PATH} PYTHONPATH=/home/rudra/custom_flightmode/install/px4_msgs/local/lib/python3.10/dist-packages:${PYTHONPATH} /usr/bin/cmake --build /home/rudra/custom_flightmode/build/example_executor_with_multiple_modes_cpp -- -j12 -l12
[2.952s] DEBUG:colcon.colcon_core.event_handler.log_command:Invoking command in '/home/rudra/custom_flightmode/build/example_global_navigation_cpp': AMENT_PREFIX_PATH=/home/rudra/custom_flightmode/install/px4_ros2_cpp:/home/rudra/custom_flightmode/install/px4_msgs:${AMENT_PREFIX_PATH} CMAKE_PREFIX_PATH=/home/rudra/custom_flightmode/install/px4_ros2_cpp:/home/rudra/custom_flightmode/install/px4_msgs:/home/rudra/ros2_ws/install/talker_listener:/home/rudra/ros2_ws/install/first_pkg:/opt/ros/humble LD_LIBRARY_PATH=/home/rudra/custom_flightmode/install/px4_ros2_cpp/lib:/home/rudra/custom_flightmode/install/px4_msgs/lib:${LD_LIBRARY_PATH} PYTHONPATH=/home/rudra/custom_flightmode/install/px4_msgs/local/lib/python3.10/dist-packages:${PYTHONPATH} /usr/bin/cmake --build /home/rudra/custom_flightmode/build/example_global_navigation_cpp -- -j12 -l12
[2.954s] DEBUG:colcon.colcon_core.event_handler.log_command:Invoking command in '/home/rudra/custom_flightmode/build/example_local_navigation_cpp': AMENT_PREFIX_PATH=/home/rudra/custom_flightmode/install/px4_ros2_cpp:/home/rudra/custom_flightmode/install/px4_msgs:${AMENT_PREFIX_PATH} CMAKE_PREFIX_PATH=/home/rudra/custom_flightmode/install/px4_ros2_cpp:/home/rudra/custom_flightmode/install/px4_msgs:/home/rudra/ros2_ws/install/talker_listener:/home/rudra/ros2_ws/install/first_pkg:/opt/ros/humble LD_LIBRARY_PATH=/home/rudra/custom_flightmode/install/px4_ros2_cpp/lib:/home/rudra/custom_flightmode/install/px4_msgs/lib:${LD_LIBRARY_PATH} PYTHONPATH=/home/rudra/custom_flightmode/install/px4_msgs/local/lib/python3.10/dist-packages:${PYTHONPATH} /usr/bin/cmake --build /home/rudra/custom_flightmode/build/example_local_navigation_cpp -- -j12 -l12
[2.957s] DEBUG:colcon.colcon_core.event_handler.log_command:Invoking command in '/home/rudra/custom_flightmode/build/example_mode_fw_attitude_cpp': AMENT_PREFIX_PATH=/home/rudra/custom_flightmode/install/px4_ros2_cpp:/home/rudra/custom_flightmode/install/px4_msgs:${AMENT_PREFIX_PATH} CMAKE_PREFIX_PATH=/home/rudra/custom_flightmode/install/px4_ros2_cpp:/home/rudra/custom_flightmode/install/px4_msgs:/home/rudra/ros2_ws/install/talker_listener:/home/rudra/ros2_ws/install/first_pkg:/opt/ros/humble LD_LIBRARY_PATH=/home/rudra/custom_flightmode/install/px4_ros2_cpp/lib:/home/rudra/custom_flightmode/install/px4_msgs/lib:${LD_LIBRARY_PATH} PYTHONPATH=/home/rudra/custom_flightmode/install/px4_msgs/local/lib/python3.10/dist-packages:${PYTHONPATH} /usr/bin/cmake --build /home/rudra/custom_flightmode/build/example_mode_fw_attitude_cpp -- -j12 -l12
[2.962s] DEBUG:colcon.colcon_core.event_handler.log_command:Invoking command in '/home/rudra/custom_flightmode/build/example_mode_goto_cpp': AMENT_PREFIX_PATH=/home/rudra/custom_flightmode/install/px4_ros2_cpp:/home/rudra/custom_flightmode/install/px4_msgs:${AMENT_PREFIX_PATH} CMAKE_PREFIX_PATH=/home/rudra/custom_flightmode/install/px4_ros2_cpp:/home/rudra/custom_flightmode/install/px4_msgs:/home/rudra/ros2_ws/install/talker_listener:/home/rudra/ros2_ws/install/first_pkg:/opt/ros/humble LD_LIBRARY_PATH=/home/rudra/custom_flightmode/install/px4_ros2_cpp/lib:/home/rudra/custom_flightmode/install/px4_msgs/lib:${LD_LIBRARY_PATH} PYTHONPATH=/home/rudra/custom_flightmode/install/px4_msgs/local/lib/python3.10/dist-packages:${PYTHONPATH} /usr/bin/cmake --build /home/rudra/custom_flightmode/build/example_mode_goto_cpp -- -j12 -l12
[2.975s] DEBUG:colcon.colcon_core.event_handler.log_command:Invoking command in '/home/rudra/custom_flightmode/build/example_mode_goto_global_cpp': AMENT_PREFIX_PATH=/home/rudra/custom_flightmode/install/px4_ros2_cpp:/home/rudra/custom_flightmode/install/px4_msgs:${AMENT_PREFIX_PATH} CMAKE_PREFIX_PATH=/home/rudra/custom_flightmode/install/px4_ros2_cpp:/home/rudra/custom_flightmode/install/px4_msgs:/home/rudra/ros2_ws/install/talker_listener:/home/rudra/ros2_ws/install/first_pkg:/opt/ros/humble LD_LIBRARY_PATH=/home/rudra/custom_flightmode/install/px4_ros2_cpp/lib:/home/rudra/custom_flightmode/install/px4_msgs/lib:${LD_LIBRARY_PATH} PYTHONPATH=/home/rudra/custom_flightmode/install/px4_msgs/local/lib/python3.10/dist-packages:${PYTHONPATH} /usr/bin/cmake --build /home/rudra/custom_flightmode/build/example_mode_goto_global_cpp -- -j12 -l12
[2.982s] DEBUG:colcon.colcon_core.event_handler.log_command:Invoking command in '/home/rudra/custom_flightmode/build/example_mode_manual_cpp': AMENT_PREFIX_PATH=/home/rudra/custom_flightmode/install/px4_ros2_cpp:/home/rudra/custom_flightmode/install/px4_msgs:${AMENT_PREFIX_PATH} CMAKE_PREFIX_PATH=/home/rudra/custom_flightmode/install/px4_ros2_cpp:/home/rudra/custom_flightmode/install/px4_msgs:/home/rudra/ros2_ws/install/talker_listener:/home/rudra/ros2_ws/install/first_pkg:/opt/ros/humble LD_LIBRARY_PATH=/home/rudra/custom_flightmode/install/px4_ros2_cpp/lib:/home/rudra/custom_flightmode/install/px4_msgs/lib:${LD_LIBRARY_PATH} PYTHONPATH=/home/rudra/custom_flightmode/install/px4_msgs/local/lib/python3.10/dist-packages:${PYTHONPATH} /usr/bin/cmake --build /home/rudra/custom_flightmode/build/example_mode_manual_cpp -- -j12 -l12
[2.989s] DEBUG:colcon.colcon_core.event_handler.log_command:Invoking command in '/home/rudra/custom_flightmode/build/example_mode_mission_cpp': AMENT_PREFIX_PATH=/home/rudra/custom_flightmode/install/px4_ros2_cpp:/home/rudra/custom_flightmode/install/px4_msgs:${AMENT_PREFIX_PATH} CMAKE_PREFIX_PATH=/home/rudra/custom_flightmode/install/px4_ros2_cpp:/home/rudra/custom_flightmode/install/px4_msgs:/home/rudra/ros2_ws/install/talker_listener:/home/rudra/ros2_ws/install/first_pkg:/opt/ros/humble LD_LIBRARY_PATH=/home/rudra/custom_flightmode/install/px4_ros2_cpp/lib:/home/rudra/custom_flightmode/install/px4_msgs/lib:${LD_LIBRARY_PATH} PYTHONPATH=/home/rudra/custom_flightmode/install/px4_msgs/local/lib/python3.10/dist-packages:${PYTHONPATH} /usr/bin/cmake --build /home/rudra/custom_flightmode/build/example_mode_mission_cpp -- -j12 -l12
[2.999s] DEBUG:colcon.colcon_core.event_handler.log_command:Invoking command in '/home/rudra/custom_flightmode/build/example_mode_rtl_replacement_cpp': AMENT_PREFIX_PATH=/home/rudra/custom_flightmode/install/px4_ros2_cpp:/home/rudra/custom_flightmode/install/px4_msgs:${AMENT_PREFIX_PATH} CMAKE_PREFIX_PATH=/home/rudra/custom_flightmode/install/px4_ros2_cpp:/home/rudra/custom_flightmode/install/px4_msgs:/home/rudra/ros2_ws/install/talker_listener:/home/rudra/ros2_ws/install/first_pkg:/opt/ros/humble LD_LIBRARY_PATH=/home/rudra/custom_flightmode/install/px4_ros2_cpp/lib:/home/rudra/custom_flightmode/install/px4_msgs/lib:${LD_LIBRARY_PATH} PYTHONPATH=/home/rudra/custom_flightmode/install/px4_msgs/local/lib/python3.10/dist-packages:${PYTHONPATH} /usr/bin/cmake --build /home/rudra/custom_flightmode/build/example_mode_rtl_replacement_cpp -- -j12 -l12
[3.027s] DEBUG:colcon.colcon_core.event_handler.log_command:Invoking command in '/home/rudra/custom_flightmode/build/example_mode_vtol_cpp': AMENT_PREFIX_PATH=/home/rudra/custom_flightmode/install/px4_ros2_cpp:/home/rudra/custom_flightmode/install/px4_msgs:${AMENT_PREFIX_PATH} CMAKE_PREFIX_PATH=/home/rudra/custom_flightmode/install/px4_ros2_cpp:/home/rudra/custom_flightmode/install/px4_msgs:/home/rudra/ros2_ws/install/talker_listener:/home/rudra/ros2_ws/install/first_pkg:/opt/ros/humble LD_LIBRARY_PATH=/home/rudra/custom_flightmode/install/px4_ros2_cpp/lib:/home/rudra/custom_flightmode/install/px4_msgs/lib:${LD_LIBRARY_PATH} PYTHONPATH=/home/rudra/custom_flightmode/install/px4_msgs/local/lib/python3.10/dist-packages:${PYTHONPATH} /usr/bin/cmake --build /home/rudra/custom_flightmode/build/example_mode_vtol_cpp -- -j12 -l12
[3.117s] DEBUG:colcon.colcon_core.event_handler.log_command:Invoked command in '/home/rudra/custom_flightmode/build/example_global_navigation_cpp' returned '0': AMENT_PREFIX_PATH=/home/rudra/custom_flightmode/install/px4_ros2_cpp:/home/rudra/custom_flightmode/install/px4_msgs:${AMENT_PREFIX_PATH} CMAKE_PREFIX_PATH=/home/rudra/custom_flightmode/install/px4_ros2_cpp:/home/rudra/custom_flightmode/install/px4_msgs:/home/rudra/ros2_ws/install/talker_listener:/home/rudra/ros2_ws/install/first_pkg:/opt/ros/humble LD_LIBRARY_PATH=/home/rudra/custom_flightmode/install/px4_ros2_cpp/lib:/home/rudra/custom_flightmode/install/px4_msgs/lib:${LD_LIBRARY_PATH} PYTHONPATH=/home/rudra/custom_flightmode/install/px4_msgs/local/lib/python3.10/dist-packages:${PYTHONPATH} /usr/bin/cmake --build /home/rudra/custom_flightmode/build/example_global_navigation_cpp -- -j12 -l12
[3.120s] DEBUG:colcon.colcon_core.event_handler.log_command:Invoking command in '/home/rudra/custom_flightmode/build/example_global_navigation_cpp': AMENT_PREFIX_PATH=/home/rudra/custom_flightmode/install/px4_ros2_cpp:/home/rudra/custom_flightmode/install/px4_msgs:${AMENT_PREFIX_PATH} CMAKE_PREFIX_PATH=/home/rudra/custom_flightmode/install/px4_ros2_cpp:/home/rudra/custom_flightmode/install/px4_msgs:/home/rudra/ros2_ws/install/talker_listener:/home/rudra/ros2_ws/install/first_pkg:/opt/ros/humble LD_LIBRARY_PATH=/home/rudra/custom_flightmode/install/px4_ros2_cpp/lib:/home/rudra/custom_flightmode/install/px4_msgs/lib:${LD_LIBRARY_PATH} PYTHONPATH=/home/rudra/custom_flightmode/install/px4_msgs/local/lib/python3.10/dist-packages:${PYTHONPATH} /usr/bin/cmake --install /home/rudra/custom_flightmode/build/example_global_navigation_cpp
[3.132s] DEBUG:colcon.colcon_core.event_handler.log_command:Invoked command in '/home/rudra/custom_flightmode/build/example_mode_fw_attitude_cpp' returned '0': AMENT_PREFIX_PATH=/home/rudra/custom_flightmode/install/px4_ros2_cpp:/home/rudra/custom_flightmode/install/px4_msgs:${AMENT_PREFIX_PATH} CMAKE_PREFIX_PATH=/home/rudra/custom_flightmode/install/px4_ros2_cpp:/home/rudra/custom_flightmode/install/px4_msgs:/home/rudra/ros2_ws/install/talker_listener:/home/rudra/ros2_ws/install/first_pkg:/opt/ros/humble LD_LIBRARY_PATH=/home/rudra/custom_flightmode/install/px4_ros2_cpp/lib:/home/rudra/custom_flightmode/install/px4_msgs/lib:${LD_LIBRARY_PATH} PYTHONPATH=/home/rudra/custom_flightmode/install/px4_msgs/local/lib/python3.10/dist-packages:${PYTHONPATH} /usr/bin/cmake --build /home/rudra/custom_flightmode/build/example_mode_fw_attitude_cpp -- -j12 -l12
[3.134s] DEBUG:colcon.colcon_core.event_handler.log_command:Invoking command in '/home/rudra/custom_flightmode/build/example_mode_fw_attitude_cpp': AMENT_PREFIX_PATH=/home/rudra/custom_flightmode/install/px4_ros2_cpp:/home/rudra/custom_flightmode/install/px4_msgs:${AMENT_PREFIX_PATH} CMAKE_PREFIX_PATH=/home/rudra/custom_flightmode/install/px4_ros2_cpp:/home/rudra/custom_flightmode/install/px4_msgs:/home/rudra/ros2_ws/install/talker_listener:/home/rudra/ros2_ws/install/first_pkg:/opt/ros/humble LD_LIBRARY_PATH=/home/rudra/custom_flightmode/install/px4_ros2_cpp/lib:/home/rudra/custom_flightmode/install/px4_msgs/lib:${LD_LIBRARY_PATH} PYTHONPATH=/home/rudra/custom_flightmode/install/px4_msgs/local/lib/python3.10/dist-packages:${PYTHONPATH} /usr/bin/cmake --install /home/rudra/custom_flightmode/build/example_mode_fw_attitude_cpp
[3.144s] DEBUG:colcon.colcon_core.event_handler.log_command:Invoked command in '/home/rudra/custom_flightmode/build/example_mode_goto_cpp' returned '0': AMENT_PREFIX_PATH=/home/rudra/custom_flightmode/install/px4_ros2_cpp:/home/rudra/custom_flightmode/install/px4_msgs:${AMENT_PREFIX_PATH} CMAKE_PREFIX_PATH=/home/rudra/custom_flightmode/install/px4_ros2_cpp:/home/rudra/custom_flightmode/install/px4_msgs:/home/rudra/ros2_ws/install/talker_listener:/home/rudra/ros2_ws/install/first_pkg:/opt/ros/humble LD_LIBRARY_PATH=/home/rudra/custom_flightmode/install/px4_ros2_cpp/lib:/home/rudra/custom_flightmode/install/px4_msgs/lib:${LD_LIBRARY_PATH} PYTHONPATH=/home/rudra/custom_flightmode/install/px4_msgs/local/lib/python3.10/dist-packages:${PYTHONPATH} /usr/bin/cmake --build /home/rudra/custom_flightmode/build/example_mode_goto_cpp -- -j12 -l12
[3.158s] DEBUG:colcon.colcon_core.event_handler.log_command:Invoking command in '/home/rudra/custom_flightmode/build/example_mode_goto_cpp': AMENT_PREFIX_PATH=/home/rudra/custom_flightmode/install/px4_ros2_cpp:/home/rudra/custom_flightmode/install/px4_msgs:${AMENT_PREFIX_PATH} CMAKE_PREFIX_PATH=/home/rudra/custom_flightmode/install/px4_ros2_cpp:/home/rudra/custom_flightmode/install/px4_msgs:/home/rudra/ros2_ws/install/talker_listener:/home/rudra/ros2_ws/install/first_pkg:/opt/ros/humble LD_LIBRARY_PATH=/home/rudra/custom_flightmode/install/px4_ros2_cpp/lib:/home/rudra/custom_flightmode/install/px4_msgs/lib:${LD_LIBRARY_PATH} PYTHONPATH=/home/rudra/custom_flightmode/install/px4_msgs/local/lib/python3.10/dist-packages:${PYTHONPATH} /usr/bin/cmake --install /home/rudra/custom_flightmode/build/example_mode_goto_cpp
[3.159s] DEBUG:colcon.colcon_core.event_handler.log_command:Invoked command in '/home/rudra/custom_flightmode/build/example_mode_manual_cpp' returned '0': AMENT_PREFIX_PATH=/home/rudra/custom_flightmode/install/px4_ros2_cpp:/home/rudra/custom_flightmode/install/px4_msgs:${AMENT_PREFIX_PATH} CMAKE_PREFIX_PATH=/home/rudra/custom_flightmode/install/px4_ros2_cpp:/home/rudra/custom_flightmode/install/px4_msgs:/home/rudra/ros2_ws/install/talker_listener:/home/rudra/ros2_ws/install/first_pkg:/opt/ros/humble LD_LIBRARY_PATH=/home/rudra/custom_flightmode/install/px4_ros2_cpp/lib:/home/rudra/custom_flightmode/install/px4_msgs/lib:${LD_LIBRARY_PATH} PYTHONPATH=/home/rudra/custom_flightmode/install/px4_msgs/local/lib/python3.10/dist-packages:${PYTHONPATH} /usr/bin/cmake --build /home/rudra/custom_flightmode/build/example_mode_manual_cpp -- -j12 -l12
[3.160s] DEBUG:colcon.colcon_core.event_handler.log_command:Invoking command in '/home/rudra/custom_flightmode/build/example_mode_manual_cpp': AMENT_PREFIX_PATH=/home/rudra/custom_flightmode/install/px4_ros2_cpp:/home/rudra/custom_flightmode/install/px4_msgs:${AMENT_PREFIX_PATH} CMAKE_PREFIX_PATH=/home/rudra/custom_flightmode/install/px4_ros2_cpp:/home/rudra/custom_flightmode/install/px4_msgs:/home/rudra/ros2_ws/install/talker_listener:/home/rudra/ros2_ws/install/first_pkg:/opt/ros/humble LD_LIBRARY_PATH=/home/rudra/custom_flightmode/install/px4_ros2_cpp/lib:/home/rudra/custom_flightmode/install/px4_msgs/lib:${LD_LIBRARY_PATH} PYTHONPATH=/home/rudra/custom_flightmode/install/px4_msgs/local/lib/python3.10/dist-packages:${PYTHONPATH} /usr/bin/cmake --install /home/rudra/custom_flightmode/build/example_mode_manual_cpp
[3.182s] Level 1:colcon.colcon_core.environment:create_environment_scripts_only(example_global_navigation_cpp)
[3.184s] Level 1:colcon.colcon_core.environment:checking '/home/rudra/custom_flightmode/install/example_global_navigation_cpp' for CMake module files
[3.186s] Level 1:colcon.colcon_core.environment:checking '/home/rudra/custom_flightmode/install/example_global_navigation_cpp' for CMake config files
[3.187s] Level 1:colcon.colcon_core.shell:create_environment_hook('example_global_navigation_cpp', 'cmake_prefix_path')
[3.188s] INFO:colcon.colcon_core.shell:Creating environment hook '/home/rudra/custom_flightmode/install/example_global_navigation_cpp/share/example_global_navigation_cpp/hook/cmake_prefix_path.ps1'
[3.190s] DEBUG:colcon.colcon_core.event_handler.log_command:Invoked command in '/home/rudra/custom_flightmode/build/example_executor_with_multiple_modes_cpp' returned '0': AMENT_PREFIX_PATH=/home/rudra/custom_flightmode/install/px4_ros2_cpp:/home/rudra/custom_flightmode/install/px4_msgs:${AMENT_PREFIX_PATH} CMAKE_PREFIX_PATH=/home/rudra/custom_flightmode/install/px4_ros2_cpp:/home/rudra/custom_flightmode/install/px4_msgs:/home/rudra/ros2_ws/install/talker_listener:/home/rudra/ros2_ws/install/first_pkg:/opt/ros/humble LD_LIBRARY_PATH=/home/rudra/custom_flightmode/install/px4_ros2_cpp/lib:/home/rudra/custom_flightmode/install/px4_msgs/lib:${LD_LIBRARY_PATH} PYTHONPATH=/home/rudra/custom_flightmode/install/px4_msgs/local/lib/python3.10/dist-packages:${PYTHONPATH} /usr/bin/cmake --build /home/rudra/custom_flightmode/build/example_executor_with_multiple_modes_cpp -- -j12 -l12
[3.190s] INFO:colcon.colcon_core.shell:Creating environment descriptor '/home/rudra/custom_flightmode/install/example_global_navigation_cpp/share/example_global_navigation_cpp/hook/cmake_prefix_path.dsv'
[3.191s] DEBUG:colcon.colcon_core.event_handler.log_command:Invoking command in '/home/rudra/custom_flightmode/build/example_executor_with_multiple_modes_cpp': AMENT_PREFIX_PATH=/home/rudra/custom_flightmode/install/px4_ros2_cpp:/home/rudra/custom_flightmode/install/px4_msgs:${AMENT_PREFIX_PATH} CMAKE_PREFIX_PATH=/home/rudra/custom_flightmode/install/px4_ros2_cpp:/home/rudra/custom_flightmode/install/px4_msgs:/home/rudra/ros2_ws/install/talker_listener:/home/rudra/ros2_ws/install/first_pkg:/opt/ros/humble LD_LIBRARY_PATH=/home/rudra/custom_flightmode/install/px4_ros2_cpp/lib:/home/rudra/custom_flightmode/install/px4_msgs/lib:${LD_LIBRARY_PATH} PYTHONPATH=/home/rudra/custom_flightmode/install/px4_msgs/local/lib/python3.10/dist-packages:${PYTHONPATH} /usr/bin/cmake --install /home/rudra/custom_flightmode/build/example_executor_with_multiple_modes_cpp
[3.191s] DEBUG:colcon.colcon_core.event_handler.log_command:Invoked command in '/home/rudra/custom_flightmode/build/example_local_navigation_cpp' returned '0': AMENT_PREFIX_PATH=/home/rudra/custom_flightmode/install/px4_ros2_cpp:/home/rudra/custom_flightmode/install/px4_msgs:${AMENT_PREFIX_PATH} CMAKE_PREFIX_PATH=/home/rudra/custom_flightmode/install/px4_ros2_cpp:/home/rudra/custom_flightmode/install/px4_msgs:/home/rudra/ros2_ws/install/talker_listener:/home/rudra/ros2_ws/install/first_pkg:/opt/ros/humble LD_LIBRARY_PATH=/home/rudra/custom_flightmode/install/px4_ros2_cpp/lib:/home/rudra/custom_flightmode/install/px4_msgs/lib:${LD_LIBRARY_PATH} PYTHONPATH=/home/rudra/custom_flightmode/install/px4_msgs/local/lib/python3.10/dist-packages:${PYTHONPATH} /usr/bin/cmake --build /home/rudra/custom_flightmode/build/example_local_navigation_cpp -- -j12 -l12
[3.191s] INFO:colcon.colcon_core.shell:Creating environment hook '/home/rudra/custom_flightmode/install/example_global_navigation_cpp/share/example_global_navigation_cpp/hook/cmake_prefix_path.sh'
[3.192s] DEBUG:colcon.colcon_core.event_handler.log_command:Invoking command in '/home/rudra/custom_flightmode/build/example_local_navigation_cpp': AMENT_PREFIX_PATH=/home/rudra/custom_flightmode/install/px4_ros2_cpp:/home/rudra/custom_flightmode/install/px4_msgs:${AMENT_PREFIX_PATH} CMAKE_PREFIX_PATH=/home/rudra/custom_flightmode/install/px4_ros2_cpp:/home/rudra/custom_flightmode/install/px4_msgs:/home/rudra/ros2_ws/install/talker_listener:/home/rudra/ros2_ws/install/first_pkg:/opt/ros/humble LD_LIBRARY_PATH=/home/rudra/custom_flightmode/install/px4_ros2_cpp/lib:/home/rudra/custom_flightmode/install/px4_msgs/lib:${LD_LIBRARY_PATH} PYTHONPATH=/home/rudra/custom_flightmode/install/px4_msgs/local/lib/python3.10/dist-packages:${PYTHONPATH} /usr/bin/cmake --install /home/rudra/custom_flightmode/build/example_local_navigation_cpp
[3.193s] DEBUG:colcon.colcon_core.event_handler.log_command:Invoked command in '/home/rudra/custom_flightmode/build/example_global_navigation_cpp' returned '0': AMENT_PREFIX_PATH=/home/rudra/custom_flightmode/install/px4_ros2_cpp:/home/rudra/custom_flightmode/install/px4_msgs:${AMENT_PREFIX_PATH} CMAKE_PREFIX_PATH=/home/rudra/custom_flightmode/install/px4_ros2_cpp:/home/rudra/custom_flightmode/install/px4_msgs:/home/rudra/ros2_ws/install/talker_listener:/home/rudra/ros2_ws/install/first_pkg:/opt/ros/humble LD_LIBRARY_PATH=/home/rudra/custom_flightmode/install/px4_ros2_cpp/lib:/home/rudra/custom_flightmode/install/px4_msgs/lib:${LD_LIBRARY_PATH} PYTHONPATH=/home/rudra/custom_flightmode/install/px4_msgs/local/lib/python3.10/dist-packages:${PYTHONPATH} /usr/bin/cmake --install /home/rudra/custom_flightmode/build/example_global_navigation_cpp
[3.194s] Level 1:colcon.colcon_core.environment:checking '/home/rudra/custom_flightmode/install/example_global_navigation_cpp/lib'
[3.195s] Level 1:colcon.colcon_core.environment:checking '/home/rudra/custom_flightmode/install/example_global_navigation_cpp/bin'
[3.195s] Level 1:colcon.colcon_core.environment:checking '/home/rudra/custom_flightmode/install/example_global_navigation_cpp/lib/pkgconfig/example_global_navigation_cpp.pc'
[3.196s] Level 1:colcon.colcon_core.environment:checking '/home/rudra/custom_flightmode/install/example_global_navigation_cpp/lib/python3.10/site-packages'
[3.196s] Level 1:colcon.colcon_core.environment:checking '/home/rudra/custom_flightmode/install/example_global_navigation_cpp/bin'
[3.196s] INFO:colcon.colcon_core.shell:Creating package script '/home/rudra/custom_flightmode/install/example_global_navigation_cpp/share/example_global_navigation_cpp/package.ps1'
[3.197s] INFO:colcon.colcon_core.shell:Creating package descriptor '/home/rudra/custom_flightmode/install/example_global_navigation_cpp/share/example_global_navigation_cpp/package.dsv'
[3.198s] INFO:colcon.colcon_core.shell:Creating package script '/home/rudra/custom_flightmode/install/example_global_navigation_cpp/share/example_global_navigation_cpp/package.sh'
[3.199s] INFO:colcon.colcon_core.shell:Creating package script '/home/rudra/custom_flightmode/install/example_global_navigation_cpp/share/example_global_navigation_cpp/package.bash'
[3.199s] INFO:colcon.colcon_core.shell:Creating package script '/home/rudra/custom_flightmode/install/example_global_navigation_cpp/share/example_global_navigation_cpp/package.zsh'
[3.199s] Level 1:colcon.colcon_core.environment:create_file_with_runtime_dependencies(/home/rudra/custom_flightmode/install/example_global_navigation_cpp/share/colcon-core/packages/example_global_navigation_cpp)
[3.200s] Level 1:colcon.colcon_core.environment:create_environment_scripts_only(example_global_navigation_cpp)
[3.201s] Level 1:colcon.colcon_core.environment:checking '/home/rudra/custom_flightmode/install/example_global_navigation_cpp' for CMake module files
[3.201s] Level 1:colcon.colcon_core.environment:checking '/home/rudra/custom_flightmode/install/example_global_navigation_cpp' for CMake config files
[3.201s] Level 1:colcon.colcon_core.shell:create_environment_hook('example_global_navigation_cpp', 'cmake_prefix_path')
[3.202s] INFO:colcon.colcon_core.shell:Creating environment hook '/home/rudra/custom_flightmode/install/example_global_navigation_cpp/share/example_global_navigation_cpp/hook/cmake_prefix_path.ps1'
[3.202s] INFO:colcon.colcon_core.shell:Creating environment descriptor '/home/rudra/custom_flightmode/install/example_global_navigation_cpp/share/example_global_navigation_cpp/hook/cmake_prefix_path.dsv'
[3.203s] INFO:colcon.colcon_core.shell:Creating environment hook '/home/rudra/custom_flightmode/install/example_global_navigation_cpp/share/example_global_navigation_cpp/hook/cmake_prefix_path.sh'
[3.203s] Level 1:colcon.colcon_core.environment:checking '/home/rudra/custom_flightmode/install/example_global_navigation_cpp/lib'
[3.204s] Level 1:colcon.colcon_core.environment:checking '/home/rudra/custom_flightmode/install/example_global_navigation_cpp/bin'
[3.204s] Level 1:colcon.colcon_core.environment:checking '/home/rudra/custom_flightmode/install/example_global_navigation_cpp/lib/pkgconfig/example_global_navigation_cpp.pc'
[3.204s] Level 1:colcon.colcon_core.environment:checking '/home/rudra/custom_flightmode/install/example_global_navigation_cpp/lib/python3.10/site-packages'
[3.204s] Level 1:colcon.colcon_core.environment:checking '/home/rudra/custom_flightmode/install/example_global_navigation_cpp/bin'
[3.205s] INFO:colcon.colcon_core.shell:Creating package script '/home/rudra/custom_flightmode/install/example_global_navigation_cpp/share/example_global_navigation_cpp/package.ps1'
[3.205s] INFO:colcon.colcon_core.shell:Creating package descriptor '/home/rudra/custom_flightmode/install/example_global_navigation_cpp/share/example_global_navigation_cpp/package.dsv'
[3.206s] INFO:colcon.colcon_core.shell:Creating package script '/home/rudra/custom_flightmode/install/example_global_navigation_cpp/share/example_global_navigation_cpp/package.sh'
[3.206s] INFO:colcon.colcon_core.shell:Creating package script '/home/rudra/custom_flightmode/install/example_global_navigation_cpp/share/example_global_navigation_cpp/package.bash'
[3.207s] INFO:colcon.colcon_core.shell:Creating package script '/home/rudra/custom_flightmode/install/example_global_navigation_cpp/share/example_global_navigation_cpp/package.zsh'
[3.207s] Level 1:colcon.colcon_core.environment:create_file_with_runtime_dependencies(/home/rudra/custom_flightmode/install/example_global_navigation_cpp/share/colcon-core/packages/example_global_navigation_cpp)
[3.209s] INFO:colcon.colcon_ros.task.ament_cmake.build:Building ROS package in '/home/rudra/custom_flightmode/src/px4-ros2-interface-lib/examples/cpp/modes/mode_with_executor' with build type 'ament_cmake'
[3.209s] INFO:colcon.colcon_cmake.task.cmake.build:Building CMake package in '/home/rudra/custom_flightmode/src/px4-ros2-interface-lib/examples/cpp/modes/mode_with_executor'
[3.209s] INFO:colcon.colcon_core.shell:Skip shell extension 'powershell' for command environment: Not usable outside of PowerShell
[3.209s] DEBUG:colcon.colcon_core.shell:Skip shell extension 'dsv' for command environment
[3.219s] DEBUG:colcon.colcon_core.event_handler.log_command:Invoked command in '/home/rudra/custom_flightmode/build/example_mode_goto_global_cpp' returned '0': AMENT_PREFIX_PATH=/home/rudra/custom_flightmode/install/px4_ros2_cpp:/home/rudra/custom_flightmode/install/px4_msgs:${AMENT_PREFIX_PATH} CMAKE_PREFIX_PATH=/home/rudra/custom_flightmode/install/px4_ros2_cpp:/home/rudra/custom_flightmode/install/px4_msgs:/home/rudra/ros2_ws/install/talker_listener:/home/rudra/ros2_ws/install/first_pkg:/opt/ros/humble LD_LIBRARY_PATH=/home/rudra/custom_flightmode/install/px4_ros2_cpp/lib:/home/rudra/custom_flightmode/install/px4_msgs/lib:${LD_LIBRARY_PATH} PYTHONPATH=/home/rudra/custom_flightmode/install/px4_msgs/local/lib/python3.10/dist-packages:${PYTHONPATH} /usr/bin/cmake --build /home/rudra/custom_flightmode/build/example_mode_goto_global_cpp -- -j12 -l12
[3.222s] DEBUG:colcon.colcon_core.event_handler.log_command:Invoking command in '/home/rudra/custom_flightmode/build/example_mode_goto_global_cpp': AMENT_PREFIX_PATH=/home/rudra/custom_flightmode/install/px4_ros2_cpp:/home/rudra/custom_flightmode/install/px4_msgs:${AMENT_PREFIX_PATH} CMAKE_PREFIX_PATH=/home/rudra/custom_flightmode/install/px4_ros2_cpp:/home/rudra/custom_flightmode/install/px4_msgs:/home/rudra/ros2_ws/install/talker_listener:/home/rudra/ros2_ws/install/first_pkg:/opt/ros/humble LD_LIBRARY_PATH=/home/rudra/custom_flightmode/install/px4_ros2_cpp/lib:/home/rudra/custom_flightmode/install/px4_msgs/lib:${LD_LIBRARY_PATH} PYTHONPATH=/home/rudra/custom_flightmode/install/px4_msgs/local/lib/python3.10/dist-packages:${PYTHONPATH} /usr/bin/cmake --install /home/rudra/custom_flightmode/build/example_mode_goto_global_cpp
[3.223s] Level 1:colcon.colcon_core.environment:create_environment_scripts_only(example_mode_fw_attitude_cpp)
[3.223s] DEBUG:colcon.colcon_core.event_handler.log_command:Invoked command in '/home/rudra/custom_flightmode/build/example_mode_fw_attitude_cpp' returned '0': AMENT_PREFIX_PATH=/home/rudra/custom_flightmode/install/px4_ros2_cpp:/home/rudra/custom_flightmode/install/px4_msgs:${AMENT_PREFIX_PATH} CMAKE_PREFIX_PATH=/home/rudra/custom_flightmode/install/px4_ros2_cpp:/home/rudra/custom_flightmode/install/px4_msgs:/home/rudra/ros2_ws/install/talker_listener:/home/rudra/ros2_ws/install/first_pkg:/opt/ros/humble LD_LIBRARY_PATH=/home/rudra/custom_flightmode/install/px4_ros2_cpp/lib:/home/rudra/custom_flightmode/install/px4_msgs/lib:${LD_LIBRARY_PATH} PYTHONPATH=/home/rudra/custom_flightmode/install/px4_msgs/local/lib/python3.10/dist-packages:${PYTHONPATH} /usr/bin/cmake --install /home/rudra/custom_flightmode/build/example_mode_fw_attitude_cpp
[3.224s] Level 1:colcon.colcon_core.environment:checking '/home/rudra/custom_flightmode/install/example_mode_fw_attitude_cpp' for CMake module files
[3.225s] Level 1:colcon.colcon_core.environment:checking '/home/rudra/custom_flightmode/install/example_mode_fw_attitude_cpp' for CMake config files
[3.225s] Level 1:colcon.colcon_core.shell:create_environment_hook('example_mode_fw_attitude_cpp', 'cmake_prefix_path')
[3.226s] INFO:colcon.colcon_core.shell:Creating environment hook '/home/rudra/custom_flightmode/install/example_mode_fw_attitude_cpp/share/example_mode_fw_attitude_cpp/hook/cmake_prefix_path.ps1'
[3.227s] INFO:colcon.colcon_core.shell:Creating environment descriptor '/home/rudra/custom_flightmode/install/example_mode_fw_attitude_cpp/share/example_mode_fw_attitude_cpp/hook/cmake_prefix_path.dsv'
[3.227s] INFO:colcon.colcon_core.shell:Creating environment hook '/home/rudra/custom_flightmode/install/example_mode_fw_attitude_cpp/share/example_mode_fw_attitude_cpp/hook/cmake_prefix_path.sh'
[3.228s] Level 1:colcon.colcon_core.environment:checking '/home/rudra/custom_flightmode/install/example_mode_fw_attitude_cpp/lib'
[3.228s] Level 1:colcon.colcon_core.environment:checking '/home/rudra/custom_flightmode/install/example_mode_fw_attitude_cpp/bin'
[3.228s] Level 1:colcon.colcon_core.environment:checking '/home/rudra/custom_flightmode/install/example_mode_fw_attitude_cpp/lib/pkgconfig/example_mode_fw_attitude_cpp.pc'
[3.229s] Level 1:colcon.colcon_core.environment:checking '/home/rudra/custom_flightmode/install/example_mode_fw_attitude_cpp/lib/python3.10/site-packages'
[3.229s] Level 1:colcon.colcon_core.environment:checking '/home/rudra/custom_flightmode/install/example_mode_fw_attitude_cpp/bin'
[3.229s] INFO:colcon.colcon_core.shell:Creating package script '/home/rudra/custom_flightmode/install/example_mode_fw_attitude_cpp/share/example_mode_fw_attitude_cpp/package.ps1'
[3.230s] INFO:colcon.colcon_core.shell:Creating package descriptor '/home/rudra/custom_flightmode/install/example_mode_fw_attitude_cpp/share/example_mode_fw_attitude_cpp/package.dsv'
[3.231s] INFO:colcon.colcon_core.shell:Creating package script '/home/rudra/custom_flightmode/install/example_mode_fw_attitude_cpp/share/example_mode_fw_attitude_cpp/package.sh'
[3.231s] INFO:colcon.colcon_core.shell:Creating package script '/home/rudra/custom_flightmode/install/example_mode_fw_attitude_cpp/share/example_mode_fw_attitude_cpp/package.bash'
[3.232s] INFO:colcon.colcon_core.shell:Creating package script '/home/rudra/custom_flightmode/install/example_mode_fw_attitude_cpp/share/example_mode_fw_attitude_cpp/package.zsh'
[3.232s] Level 1:colcon.colcon_core.environment:create_file_with_runtime_dependencies(/home/rudra/custom_flightmode/install/example_mode_fw_attitude_cpp/share/colcon-core/packages/example_mode_fw_attitude_cpp)
[3.233s] Level 1:colcon.colcon_core.environment:create_environment_scripts_only(example_mode_fw_attitude_cpp)
[3.234s] Level 1:colcon.colcon_core.environment:checking '/home/rudra/custom_flightmode/install/example_mode_fw_attitude_cpp' for CMake module files
[3.234s] Level 1:colcon.colcon_core.environment:checking '/home/rudra/custom_flightmode/install/example_mode_fw_attitude_cpp' for CMake config files
[3.234s] Level 1:colcon.colcon_core.shell:create_environment_hook('example_mode_fw_attitude_cpp', 'cmake_prefix_path')
[3.235s] INFO:colcon.colcon_core.shell:Creating environment hook '/home/rudra/custom_flightmode/install/example_mode_fw_attitude_cpp/share/example_mode_fw_attitude_cpp/hook/cmake_prefix_path.ps1'
[3.235s] INFO:colcon.colcon_core.shell:Creating environment descriptor '/home/rudra/custom_flightmode/install/example_mode_fw_attitude_cpp/share/example_mode_fw_attitude_cpp/hook/cmake_prefix_path.dsv'
[3.236s] INFO:colcon.colcon_core.shell:Creating environment hook '/home/rudra/custom_flightmode/install/example_mode_fw_attitude_cpp/share/example_mode_fw_attitude_cpp/hook/cmake_prefix_path.sh'
[3.236s] Level 1:colcon.colcon_core.environment:checking '/home/rudra/custom_flightmode/install/example_mode_fw_attitude_cpp/lib'
[3.237s] Level 1:colcon.colcon_core.environment:checking '/home/rudra/custom_flightmode/install/example_mode_fw_attitude_cpp/bin'
[3.237s] Level 1:colcon.colcon_core.environment:checking '/home/rudra/custom_flightmode/install/example_mode_fw_attitude_cpp/lib/pkgconfig/example_mode_fw_attitude_cpp.pc'
[3.237s] Level 1:colcon.colcon_core.environment:checking '/home/rudra/custom_flightmode/install/example_mode_fw_attitude_cpp/lib/python3.10/site-packages'
[3.237s] Level 1:colcon.colcon_core.environment:checking '/home/rudra/custom_flightmode/install/example_mode_fw_attitude_cpp/bin'
[3.238s] INFO:colcon.colcon_core.shell:Creating package script '/home/rudra/custom_flightmode/install/example_mode_fw_attitude_cpp/share/example_mode_fw_attitude_cpp/package.ps1'
[3.239s] INFO:colcon.colcon_core.shell:Creating package descriptor '/home/rudra/custom_flightmode/install/example_mode_fw_attitude_cpp/share/example_mode_fw_attitude_cpp/package.dsv'
[3.239s] INFO:colcon.colcon_core.shell:Creating package script '/home/rudra/custom_flightmode/install/example_mode_fw_attitude_cpp/share/example_mode_fw_attitude_cpp/package.sh'
[3.240s] INFO:colcon.colcon_core.shell:Creating package script '/home/rudra/custom_flightmode/install/example_mode_fw_attitude_cpp/share/example_mode_fw_attitude_cpp/package.bash'
[3.241s] INFO:colcon.colcon_core.shell:Creating package script '/home/rudra/custom_flightmode/install/example_mode_fw_attitude_cpp/share/example_mode_fw_attitude_cpp/package.zsh'
[3.241s] Level 1:colcon.colcon_core.environment:create_file_with_runtime_dependencies(/home/rudra/custom_flightmode/install/example_mode_fw_attitude_cpp/share/colcon-core/packages/example_mode_fw_attitude_cpp)
[3.241s] Level 1:colcon.colcon_core.environment:create_environment_scripts_only(example_mode_goto_cpp)
[3.242s] Level 1:colcon.colcon_core.environment:checking '/home/rudra/custom_flightmode/install/example_mode_goto_cpp' for CMake module files
[3.243s] DEBUG:colcon.colcon_core.event_handler.log_command:Invoked command in '/home/rudra/custom_flightmode/build/example_mode_goto_cpp' returned '0': AMENT_PREFIX_PATH=/home/rudra/custom_flightmode/install/px4_ros2_cpp:/home/rudra/custom_flightmode/install/px4_msgs:${AMENT_PREFIX_PATH} CMAKE_PREFIX_PATH=/home/rudra/custom_flightmode/install/px4_ros2_cpp:/home/rudra/custom_flightmode/install/px4_msgs:/home/rudra/ros2_ws/install/talker_listener:/home/rudra/ros2_ws/install/first_pkg:/opt/ros/humble LD_LIBRARY_PATH=/home/rudra/custom_flightmode/install/px4_ros2_cpp/lib:/home/rudra/custom_flightmode/install/px4_msgs/lib:${LD_LIBRARY_PATH} PYTHONPATH=/home/rudra/custom_flightmode/install/px4_msgs/local/lib/python3.10/dist-packages:${PYTHONPATH} /usr/bin/cmake --install /home/rudra/custom_flightmode/build/example_mode_goto_cpp
[3.243s] Level 1:colcon.colcon_core.environment:checking '/home/rudra/custom_flightmode/install/example_mode_goto_cpp' for CMake config files
[3.243s] Level 1:colcon.colcon_core.shell:create_environment_hook('example_mode_goto_cpp', 'cmake_prefix_path')
[3.243s] INFO:colcon.colcon_core.shell:Creating environment hook '/home/rudra/custom_flightmode/install/example_mode_goto_cpp/share/example_mode_goto_cpp/hook/cmake_prefix_path.ps1'
[3.244s] INFO:colcon.colcon_core.shell:Creating environment descriptor '/home/rudra/custom_flightmode/install/example_mode_goto_cpp/share/example_mode_goto_cpp/hook/cmake_prefix_path.dsv'
[3.244s] INFO:colcon.colcon_core.shell:Creating environment hook '/home/rudra/custom_flightmode/install/example_mode_goto_cpp/share/example_mode_goto_cpp/hook/cmake_prefix_path.sh'
[3.245s] Level 1:colcon.colcon_core.environment:checking '/home/rudra/custom_flightmode/install/example_mode_goto_cpp/lib'
[3.245s] Level 1:colcon.colcon_core.environment:checking '/home/rudra/custom_flightmode/install/example_mode_goto_cpp/bin'
[3.245s] Level 1:colcon.colcon_core.environment:checking '/home/rudra/custom_flightmode/install/example_mode_goto_cpp/lib/pkgconfig/example_mode_goto_cpp.pc'
[3.245s] Level 1:colcon.colcon_core.environment:checking '/home/rudra/custom_flightmode/install/example_mode_goto_cpp/lib/python3.10/site-packages'
[3.246s] Level 1:colcon.colcon_core.environment:checking '/home/rudra/custom_flightmode/install/example_mode_goto_cpp/bin'
[3.246s] INFO:colcon.colcon_core.shell:Creating package script '/home/rudra/custom_flightmode/install/example_mode_goto_cpp/share/example_mode_goto_cpp/package.ps1'
[3.247s] INFO:colcon.colcon_core.shell:Creating package descriptor '/home/rudra/custom_flightmode/install/example_mode_goto_cpp/share/example_mode_goto_cpp/package.dsv'
[3.248s] INFO:colcon.colcon_core.shell:Creating package script '/home/rudra/custom_flightmode/install/example_mode_goto_cpp/share/example_mode_goto_cpp/package.sh'
[3.248s] INFO:colcon.colcon_core.shell:Creating package script '/home/rudra/custom_flightmode/install/example_mode_goto_cpp/share/example_mode_goto_cpp/package.bash'
[3.249s] INFO:colcon.colcon_core.shell:Creating package script '/home/rudra/custom_flightmode/install/example_mode_goto_cpp/share/example_mode_goto_cpp/package.zsh'
[3.249s] Level 1:colcon.colcon_core.environment:create_file_with_runtime_dependencies(/home/rudra/custom_flightmode/install/example_mode_goto_cpp/share/colcon-core/packages/example_mode_goto_cpp)
[3.249s] Level 1:colcon.colcon_core.environment:create_environment_scripts_only(example_mode_goto_cpp)
[3.250s] Level 1:colcon.colcon_core.environment:checking '/home/rudra/custom_flightmode/install/example_mode_goto_cpp' for CMake module files
[3.250s] Level 1:colcon.colcon_core.environment:checking '/home/rudra/custom_flightmode/install/example_mode_goto_cpp' for CMake config files
[3.251s] Level 1:colcon.colcon_core.shell:create_environment_hook('example_mode_goto_cpp', 'cmake_prefix_path')
[3.251s] INFO:colcon.colcon_core.shell:Creating environment hook '/home/rudra/custom_flightmode/install/example_mode_goto_cpp/share/example_mode_goto_cpp/hook/cmake_prefix_path.ps1'
[3.251s] INFO:colcon.colcon_core.shell:Creating environment descriptor '/home/rudra/custom_flightmode/install/example_mode_goto_cpp/share/example_mode_goto_cpp/hook/cmake_prefix_path.dsv'
[3.252s] INFO:colcon.colcon_core.shell:Creating environment hook '/home/rudra/custom_flightmode/install/example_mode_goto_cpp/share/example_mode_goto_cpp/hook/cmake_prefix_path.sh'
[3.252s] Level 1:colcon.colcon_core.environment:checking '/home/rudra/custom_flightmode/install/example_mode_goto_cpp/lib'
[3.253s] Level 1:colcon.colcon_core.environment:checking '/home/rudra/custom_flightmode/install/example_mode_goto_cpp/bin'
[3.253s] Level 1:colcon.colcon_core.environment:checking '/home/rudra/custom_flightmode/install/example_mode_goto_cpp/lib/pkgconfig/example_mode_goto_cpp.pc'
[3.253s] Level 1:colcon.colcon_core.environment:checking '/home/rudra/custom_flightmode/install/example_mode_goto_cpp/lib/python3.10/site-packages'
[3.253s] Level 1:colcon.colcon_core.environment:checking '/home/rudra/custom_flightmode/install/example_mode_goto_cpp/bin'
[3.254s] INFO:colcon.colcon_core.shell:Creating package script '/home/rudra/custom_flightmode/install/example_mode_goto_cpp/share/example_mode_goto_cpp/package.ps1'
[3.255s] INFO:colcon.colcon_core.shell:Creating package descriptor '/home/rudra/custom_flightmode/install/example_mode_goto_cpp/share/example_mode_goto_cpp/package.dsv'
[3.255s] INFO:colcon.colcon_core.shell:Creating package script '/home/rudra/custom_flightmode/install/example_mode_goto_cpp/share/example_mode_goto_cpp/package.sh'
[3.256s] INFO:colcon.colcon_core.shell:Creating package script '/home/rudra/custom_flightmode/install/example_mode_goto_cpp/share/example_mode_goto_cpp/package.bash'
[3.256s] INFO:colcon.colcon_core.shell:Creating package script '/home/rudra/custom_flightmode/install/example_mode_goto_cpp/share/example_mode_goto_cpp/package.zsh'
[3.257s] Level 1:colcon.colcon_core.environment:create_file_with_runtime_dependencies(/home/rudra/custom_flightmode/install/example_mode_goto_cpp/share/colcon-core/packages/example_mode_goto_cpp)
[3.260s] DEBUG:colcon.colcon_core.event_handler.log_command:Invoked command in '/home/rudra/custom_flightmode/build/example_mode_rtl_replacement_cpp' returned '0': AMENT_PREFIX_PATH=/home/rudra/custom_flightmode/install/px4_ros2_cpp:/home/rudra/custom_flightmode/install/px4_msgs:${AMENT_PREFIX_PATH} CMAKE_PREFIX_PATH=/home/rudra/custom_flightmode/install/px4_ros2_cpp:/home/rudra/custom_flightmode/install/px4_msgs:/home/rudra/ros2_ws/install/talker_listener:/home/rudra/ros2_ws/install/first_pkg:/opt/ros/humble LD_LIBRARY_PATH=/home/rudra/custom_flightmode/install/px4_ros2_cpp/lib:/home/rudra/custom_flightmode/install/px4_msgs/lib:${LD_LIBRARY_PATH} PYTHONPATH=/home/rudra/custom_flightmode/install/px4_msgs/local/lib/python3.10/dist-packages:${PYTHONPATH} /usr/bin/cmake --build /home/rudra/custom_flightmode/build/example_mode_rtl_replacement_cpp -- -j12 -l12
[3.262s] Level 1:colcon.colcon_core.environment:create_environment_scripts_only(example_mode_manual_cpp)
[3.262s] DEBUG:colcon.colcon_core.event_handler.log_command:Invoking command in '/home/rudra/custom_flightmode/build/example_mode_rtl_replacement_cpp': AMENT_PREFIX_PATH=/home/rudra/custom_flightmode/install/px4_ros2_cpp:/home/rudra/custom_flightmode/install/px4_msgs:${AMENT_PREFIX_PATH} CMAKE_PREFIX_PATH=/home/rudra/custom_flightmode/install/px4_ros2_cpp:/home/rudra/custom_flightmode/install/px4_msgs:/home/rudra/ros2_ws/install/talker_listener:/home/rudra/ros2_ws/install/first_pkg:/opt/ros/humble LD_LIBRARY_PATH=/home/rudra/custom_flightmode/install/px4_ros2_cpp/lib:/home/rudra/custom_flightmode/install/px4_msgs/lib:${LD_LIBRARY_PATH} PYTHONPATH=/home/rudra/custom_flightmode/install/px4_msgs/local/lib/python3.10/dist-packages:${PYTHONPATH} /usr/bin/cmake --install /home/rudra/custom_flightmode/build/example_mode_rtl_replacement_cpp
[3.263s] Level 1:colcon.colcon_core.environment:checking '/home/rudra/custom_flightmode/install/example_mode_manual_cpp' for CMake module files
[3.264s] DEBUG:colcon.colcon_core.event_handler.log_command:Invoked command in '/home/rudra/custom_flightmode/build/example_mode_manual_cpp' returned '0': AMENT_PREFIX_PATH=/home/rudra/custom_flightmode/install/px4_ros2_cpp:/home/rudra/custom_flightmode/install/px4_msgs:${AMENT_PREFIX_PATH} CMAKE_PREFIX_PATH=/home/rudra/custom_flightmode/install/px4_ros2_cpp:/home/rudra/custom_flightmode/install/px4_msgs:/home/rudra/ros2_ws/install/talker_listener:/home/rudra/ros2_ws/install/first_pkg:/opt/ros/humble LD_LIBRARY_PATH=/home/rudra/custom_flightmode/install/px4_ros2_cpp/lib:/home/rudra/custom_flightmode/install/px4_msgs/lib:${LD_LIBRARY_PATH} PYTHONPATH=/home/rudra/custom_flightmode/install/px4_msgs/local/lib/python3.10/dist-packages:${PYTHONPATH} /usr/bin/cmake --install /home/rudra/custom_flightmode/build/example_mode_manual_cpp
[3.265s] Level 1:colcon.colcon_core.environment:checking '/home/rudra/custom_flightmode/install/example_mode_manual_cpp' for CMake config files
[3.266s] Level 1:colcon.colcon_core.shell:create_environment_hook('example_mode_manual_cpp', 'cmake_prefix_path')
[3.266s] INFO:colcon.colcon_core.shell:Creating environment hook '/home/rudra/custom_flightmode/install/example_mode_manual_cpp/share/example_mode_manual_cpp/hook/cmake_prefix_path.ps1'
[3.267s] INFO:colcon.colcon_core.shell:Creating environment descriptor '/home/rudra/custom_flightmode/install/example_mode_manual_cpp/share/example_mode_manual_cpp/hook/cmake_prefix_path.dsv'
[3.267s] INFO:colcon.colcon_core.shell:Creating environment hook '/home/rudra/custom_flightmode/install/example_mode_manual_cpp/share/example_mode_manual_cpp/hook/cmake_prefix_path.sh'
[3.269s] Level 1:colcon.colcon_core.environment:checking '/home/rudra/custom_flightmode/install/example_mode_manual_cpp/lib'
[3.269s] Level 1:colcon.colcon_core.environment:checking '/home/rudra/custom_flightmode/install/example_mode_manual_cpp/bin'
[3.269s] Level 1:colcon.colcon_core.environment:checking '/home/rudra/custom_flightmode/install/example_mode_manual_cpp/lib/pkgconfig/example_mode_manual_cpp.pc'
[3.269s] Level 1:colcon.colcon_core.environment:checking '/home/rudra/custom_flightmode/install/example_mode_manual_cpp/lib/python3.10/site-packages'
[3.270s] Level 1:colcon.colcon_core.environment:checking '/home/rudra/custom_flightmode/install/example_mode_manual_cpp/bin'
[3.270s] INFO:colcon.colcon_core.shell:Creating package script '/home/rudra/custom_flightmode/install/example_mode_manual_cpp/share/example_mode_manual_cpp/package.ps1'
[3.271s] INFO:colcon.colcon_core.shell:Creating package descriptor '/home/rudra/custom_flightmode/install/example_mode_manual_cpp/share/example_mode_manual_cpp/package.dsv'
[3.272s] INFO:colcon.colcon_core.shell:Creating package script '/home/rudra/custom_flightmode/install/example_mode_manual_cpp/share/example_mode_manual_cpp/package.sh'
[3.272s] INFO:colcon.colcon_core.shell:Creating package script '/home/rudra/custom_flightmode/install/example_mode_manual_cpp/share/example_mode_manual_cpp/package.bash'
[3.273s] INFO:colcon.colcon_core.shell:Creating package script '/home/rudra/custom_flightmode/install/example_mode_manual_cpp/share/example_mode_manual_cpp/package.zsh'
[3.273s] Level 1:colcon.colcon_core.environment:create_file_with_runtime_dependencies(/home/rudra/custom_flightmode/install/example_mode_manual_cpp/share/colcon-core/packages/example_mode_manual_cpp)
[3.274s] Level 1:colcon.colcon_core.environment:create_environment_scripts_only(example_mode_manual_cpp)
[3.274s] Level 1:colcon.colcon_core.environment:checking '/home/rudra/custom_flightmode/install/example_mode_manual_cpp' for CMake module files
[3.275s] Level 1:colcon.colcon_core.environment:checking '/home/rudra/custom_flightmode/install/example_mode_manual_cpp' for CMake config files
[3.275s] Level 1:colcon.colcon_core.shell:create_environment_hook('example_mode_manual_cpp', 'cmake_prefix_path')
[3.275s] INFO:colcon.colcon_core.shell:Creating environment hook '/home/rudra/custom_flightmode/install/example_mode_manual_cpp/share/example_mode_manual_cpp/hook/cmake_prefix_path.ps1'
[3.276s] INFO:colcon.colcon_core.shell:Creating environment descriptor '/home/rudra/custom_flightmode/install/example_mode_manual_cpp/share/example_mode_manual_cpp/hook/cmake_prefix_path.dsv'
[3.276s] INFO:colcon.colcon_core.shell:Creating environment hook '/home/rudra/custom_flightmode/install/example_mode_manual_cpp/share/example_mode_manual_cpp/hook/cmake_prefix_path.sh'
[3.277s] Level 1:colcon.colcon_core.environment:checking '/home/rudra/custom_flightmode/install/example_mode_manual_cpp/lib'
[3.277s] Level 1:colcon.colcon_core.environment:checking '/home/rudra/custom_flightmode/install/example_mode_manual_cpp/bin'
[3.277s] Level 1:colcon.colcon_core.environment:checking '/home/rudra/custom_flightmode/install/example_mode_manual_cpp/lib/pkgconfig/example_mode_manual_cpp.pc'
[3.278s] Level 1:colcon.colcon_core.environment:checking '/home/rudra/custom_flightmode/install/example_mode_manual_cpp/lib/python3.10/site-packages'
[3.278s] Level 1:colcon.colcon_core.environment:checking '/home/rudra/custom_flightmode/install/example_mode_manual_cpp/bin'
[3.279s] INFO:colcon.colcon_core.shell:Creating package script '/home/rudra/custom_flightmode/install/example_mode_manual_cpp/share/example_mode_manual_cpp/package.ps1'
[3.280s] INFO:colcon.colcon_core.shell:Creating package descriptor '/home/rudra/custom_flightmode/install/example_mode_manual_cpp/share/example_mode_manual_cpp/package.dsv'
[3.281s] INFO:colcon.colcon_core.shell:Creating package script '/home/rudra/custom_flightmode/install/example_mode_manual_cpp/share/example_mode_manual_cpp/package.sh'
[3.281s] INFO:colcon.colcon_core.shell:Creating package script '/home/rudra/custom_flightmode/install/example_mode_manual_cpp/share/example_mode_manual_cpp/package.bash'
[3.282s] INFO:colcon.colcon_core.shell:Creating package script '/home/rudra/custom_flightmode/install/example_mode_manual_cpp/share/example_mode_manual_cpp/package.zsh'
[3.282s] Level 1:colcon.colcon_core.environment:create_file_with_runtime_dependencies(/home/rudra/custom_flightmode/install/example_mode_manual_cpp/share/colcon-core/packages/example_mode_manual_cpp)
[3.285s] INFO:colcon.colcon_ros.task.ament_cmake.build:Building ROS package in '/home/rudra/custom_flightmode/src/px4-ros2-interface-lib/examples/cpp/modes/rover_velocity' with build type 'ament_cmake'
[3.286s] DEBUG:colcon.colcon_core.event_handler.log_command:Invoked command in '/home/rudra/custom_flightmode/build/example_mode_mission_cpp' returned '0': AMENT_PREFIX_PATH=/home/rudra/custom_flightmode/install/px4_ros2_cpp:/home/rudra/custom_flightmode/install/px4_msgs:${AMENT_PREFIX_PATH} CMAKE_PREFIX_PATH=/home/rudra/custom_flightmode/install/px4_ros2_cpp:/home/rudra/custom_flightmode/install/px4_msgs:/home/rudra/ros2_ws/install/talker_listener:/home/rudra/ros2_ws/install/first_pkg:/opt/ros/humble LD_LIBRARY_PATH=/home/rudra/custom_flightmode/install/px4_ros2_cpp/lib:/home/rudra/custom_flightmode/install/px4_msgs/lib:${LD_LIBRARY_PATH} PYTHONPATH=/home/rudra/custom_flightmode/install/px4_msgs/local/lib/python3.10/dist-packages:${PYTHONPATH} /usr/bin/cmake --build /home/rudra/custom_flightmode/build/example_mode_mission_cpp -- -j12 -l12
[3.286s] INFO:colcon.colcon_cmake.task.cmake.build:Building CMake package in '/home/rudra/custom_flightmode/src/px4-ros2-interface-lib/examples/cpp/modes/rover_velocity'
[3.286s] INFO:colcon.colcon_core.shell:Skip shell extension 'powershell' for command environment: Not usable outside of PowerShell
[3.287s] DEBUG:colcon.colcon_core.shell:Skip shell extension 'dsv' for command environment
[3.287s] DEBUG:colcon.colcon_core.event_handler.log_command:Invoking command in '/home/rudra/custom_flightmode/build/example_mode_mission_cpp': AMENT_PREFIX_PATH=/home/rudra/custom_flightmode/install/px4_ros2_cpp:/home/rudra/custom_flightmode/install/px4_msgs:${AMENT_PREFIX_PATH} CMAKE_PREFIX_PATH=/home/rudra/custom_flightmode/install/px4_ros2_cpp:/home/rudra/custom_flightmode/install/px4_msgs:/home/rudra/ros2_ws/install/talker_listener:/home/rudra/ros2_ws/install/first_pkg:/opt/ros/humble LD_LIBRARY_PATH=/home/rudra/custom_flightmode/install/px4_ros2_cpp/lib:/home/rudra/custom_flightmode/install/px4_msgs/lib:${LD_LIBRARY_PATH} PYTHONPATH=/home/rudra/custom_flightmode/install/px4_msgs/local/lib/python3.10/dist-packages:${PYTHONPATH} /usr/bin/cmake --install /home/rudra/custom_flightmode/build/example_mode_mission_cpp
[3.293s] Level 1:colcon.colcon_core.environment:create_environment_scripts_only(example_local_navigation_cpp)
[3.294s] Level 1:colcon.colcon_core.environment:checking '/home/rudra/custom_flightmode/install/example_local_navigation_cpp' for CMake module files
[3.294s] Level 1:colcon.colcon_core.environment:checking '/home/rudra/custom_flightmode/install/example_local_navigation_cpp' for CMake config files
[3.295s] Level 1:colcon.colcon_core.shell:create_environment_hook('example_local_navigation_cpp', 'cmake_prefix_path')
[3.296s] INFO:colcon.colcon_core.shell:Creating environment hook '/home/rudra/custom_flightmode/install/example_local_navigation_cpp/share/example_local_navigation_cpp/hook/cmake_prefix_path.ps1'
[3.297s] DEBUG:colcon.colcon_core.event_handler.log_command:Invoked command in '/home/rudra/custom_flightmode/build/example_local_navigation_cpp' returned '0': AMENT_PREFIX_PATH=/home/rudra/custom_flightmode/install/px4_ros2_cpp:/home/rudra/custom_flightmode/install/px4_msgs:${AMENT_PREFIX_PATH} CMAKE_PREFIX_PATH=/home/rudra/custom_flightmode/install/px4_ros2_cpp:/home/rudra/custom_flightmode/install/px4_msgs:/home/rudra/ros2_ws/install/talker_listener:/home/rudra/ros2_ws/install/first_pkg:/opt/ros/humble LD_LIBRARY_PATH=/home/rudra/custom_flightmode/install/px4_ros2_cpp/lib:/home/rudra/custom_flightmode/install/px4_msgs/lib:${LD_LIBRARY_PATH} PYTHONPATH=/home/rudra/custom_flightmode/install/px4_msgs/local/lib/python3.10/dist-packages:${PYTHONPATH} /usr/bin/cmake --install /home/rudra/custom_flightmode/build/example_local_navigation_cpp
[3.298s] INFO:colcon.colcon_core.shell:Creating environment descriptor '/home/rudra/custom_flightmode/install/example_local_navigation_cpp/share/example_local_navigation_cpp/hook/cmake_prefix_path.dsv'
[3.298s] INFO:colcon.colcon_core.shell:Creating environment hook '/home/rudra/custom_flightmode/install/example_local_navigation_cpp/share/example_local_navigation_cpp/hook/cmake_prefix_path.sh'
[3.299s] Level 1:colcon.colcon_core.environment:checking '/home/rudra/custom_flightmode/install/example_local_navigation_cpp/lib'
[3.299s] Level 1:colcon.colcon_core.environment:checking '/home/rudra/custom_flightmode/install/example_local_navigation_cpp/bin'
[3.299s] Level 1:colcon.colcon_core.environment:checking '/home/rudra/custom_flightmode/install/example_local_navigation_cpp/lib/pkgconfig/example_local_navigation_cpp.pc'
[3.300s] Level 1:colcon.colcon_core.environment:checking '/home/rudra/custom_flightmode/install/example_local_navigation_cpp/lib/python3.10/site-packages'
[3.300s] Level 1:colcon.colcon_core.environment:checking '/home/rudra/custom_flightmode/install/example_local_navigation_cpp/bin'
[3.301s] INFO:colcon.colcon_core.shell:Creating package script '/home/rudra/custom_flightmode/install/example_local_navigation_cpp/share/example_local_navigation_cpp/package.ps1'
[3.302s] INFO:colcon.colcon_core.shell:Creating package descriptor '/home/rudra/custom_flightmode/install/example_local_navigation_cpp/share/example_local_navigation_cpp/package.dsv'
[3.303s] INFO:colcon.colcon_core.shell:Creating package script '/home/rudra/custom_flightmode/install/example_local_navigation_cpp/share/example_local_navigation_cpp/package.sh'
[3.303s] INFO:colcon.colcon_core.shell:Creating package script '/home/rudra/custom_flightmode/install/example_local_navigation_cpp/share/example_local_navigation_cpp/package.bash'
[3.304s] INFO:colcon.colcon_core.shell:Creating package script '/home/rudra/custom_flightmode/install/example_local_navigation_cpp/share/example_local_navigation_cpp/package.zsh'
[3.305s] Level 1:colcon.colcon_core.environment:create_file_with_runtime_dependencies(/home/rudra/custom_flightmode/install/example_local_navigation_cpp/share/colcon-core/packages/example_local_navigation_cpp)
[3.306s] Level 1:colcon.colcon_core.environment:create_environment_scripts_only(example_local_navigation_cpp)
[3.306s] Level 1:colcon.colcon_core.environment:checking '/home/rudra/custom_flightmode/install/example_local_navigation_cpp' for CMake module files
[3.306s] Level 1:colcon.colcon_core.environment:checking '/home/rudra/custom_flightmode/install/example_local_navigation_cpp' for CMake config files
[3.307s] Level 1:colcon.colcon_core.shell:create_environment_hook('example_local_navigation_cpp', 'cmake_prefix_path')
[3.307s] INFO:colcon.colcon_core.shell:Creating environment hook '/home/rudra/custom_flightmode/install/example_local_navigation_cpp/share/example_local_navigation_cpp/hook/cmake_prefix_path.ps1'
[3.307s] INFO:colcon.colcon_core.shell:Creating environment descriptor '/home/rudra/custom_flightmode/install/example_local_navigation_cpp/share/example_local_navigation_cpp/hook/cmake_prefix_path.dsv'
[3.308s] INFO:colcon.colcon_core.shell:Creating environment hook '/home/rudra/custom_flightmode/install/example_local_navigation_cpp/share/example_local_navigation_cpp/hook/cmake_prefix_path.sh'
[3.309s] Level 1:colcon.colcon_core.environment:checking '/home/rudra/custom_flightmode/install/example_local_navigation_cpp/lib'
[3.309s] Level 1:colcon.colcon_core.environment:checking '/home/rudra/custom_flightmode/install/example_local_navigation_cpp/bin'
[3.309s] Level 1:colcon.colcon_core.environment:checking '/home/rudra/custom_flightmode/install/example_local_navigation_cpp/lib/pkgconfig/example_local_navigation_cpp.pc'
[3.309s] Level 1:colcon.colcon_core.environment:checking '/home/rudra/custom_flightmode/install/example_local_navigation_cpp/lib/python3.10/site-packages'
[3.309s] Level 1:colcon.colcon_core.environment:checking '/home/rudra/custom_flightmode/install/example_local_navigation_cpp/bin'
[3.310s] INFO:colcon.colcon_core.shell:Creating package script '/home/rudra/custom_flightmode/install/example_local_navigation_cpp/share/example_local_navigation_cpp/package.ps1'
[3.310s] INFO:colcon.colcon_core.shell:Creating package descriptor '/home/rudra/custom_flightmode/install/example_local_navigation_cpp/share/example_local_navigation_cpp/package.dsv'
[3.311s] INFO:colcon.colcon_core.shell:Creating package script '/home/rudra/custom_flightmode/install/example_local_navigation_cpp/share/example_local_navigation_cpp/package.sh'
[3.311s] INFO:colcon.colcon_core.shell:Creating package script '/home/rudra/custom_flightmode/install/example_local_navigation_cpp/share/example_local_navigation_cpp/package.bash'
[3.312s] INFO:colcon.colcon_core.shell:Creating package script '/home/rudra/custom_flightmode/install/example_local_navigation_cpp/share/example_local_navigation_cpp/package.zsh'
[3.312s] Level 1:colcon.colcon_core.environment:create_file_with_runtime_dependencies(/home/rudra/custom_flightmode/install/example_local_navigation_cpp/share/colcon-core/packages/example_local_navigation_cpp)
[3.313s] Level 1:colcon.colcon_core.environment:create_environment_scripts_only(example_executor_with_multiple_modes_cpp)
[3.313s] Level 1:colcon.colcon_core.environment:checking '/home/rudra/custom_flightmode/install/example_executor_with_multiple_modes_cpp' for CMake module files
[3.314s] DEBUG:colcon.colcon_core.event_handler.log_command:Invoked command in '/home/rudra/custom_flightmode/build/example_executor_with_multiple_modes_cpp' returned '0': AMENT_PREFIX_PATH=/home/rudra/custom_flightmode/install/px4_ros2_cpp:/home/rudra/custom_flightmode/install/px4_msgs:${AMENT_PREFIX_PATH} CMAKE_PREFIX_PATH=/home/rudra/custom_flightmode/install/px4_ros2_cpp:/home/rudra/custom_flightmode/install/px4_msgs:/home/rudra/ros2_ws/install/talker_listener:/home/rudra/ros2_ws/install/first_pkg:/opt/ros/humble LD_LIBRARY_PATH=/home/rudra/custom_flightmode/install/px4_ros2_cpp/lib:/home/rudra/custom_flightmode/install/px4_msgs/lib:${LD_LIBRARY_PATH} PYTHONPATH=/home/rudra/custom_flightmode/install/px4_msgs/local/lib/python3.10/dist-packages:${PYTHONPATH} /usr/bin/cmake --install /home/rudra/custom_flightmode/build/example_executor_with_multiple_modes_cpp
[3.314s] Level 1:colcon.colcon_core.environment:checking '/home/rudra/custom_flightmode/install/example_executor_with_multiple_modes_cpp' for CMake config files
[3.315s] Level 1:colcon.colcon_core.shell:create_environment_hook('example_executor_with_multiple_modes_cpp', 'cmake_prefix_path')
[3.315s] INFO:colcon.colcon_core.shell:Creating environment hook '/home/rudra/custom_flightmode/install/example_executor_with_multiple_modes_cpp/share/example_executor_with_multiple_modes_cpp/hook/cmake_prefix_path.ps1'
[3.315s] INFO:colcon.colcon_core.shell:Creating environment descriptor '/home/rudra/custom_flightmode/install/example_executor_with_multiple_modes_cpp/share/example_executor_with_multiple_modes_cpp/hook/cmake_prefix_path.dsv'
[3.316s] INFO:colcon.colcon_core.shell:Creating environment hook '/home/rudra/custom_flightmode/install/example_executor_with_multiple_modes_cpp/share/example_executor_with_multiple_modes_cpp/hook/cmake_prefix_path.sh'
[3.317s] Level 1:colcon.colcon_core.environment:checking '/home/rudra/custom_flightmode/install/example_executor_with_multiple_modes_cpp/lib'
[3.317s] Level 1:colcon.colcon_core.environment:checking '/home/rudra/custom_flightmode/install/example_executor_with_multiple_modes_cpp/bin'
[3.317s] Level 1:colcon.colcon_core.environment:checking '/home/rudra/custom_flightmode/install/example_executor_with_multiple_modes_cpp/lib/pkgconfig/example_executor_with_multiple_modes_cpp.pc'
[3.317s] Level 1:colcon.colcon_core.environment:checking '/home/rudra/custom_flightmode/install/example_executor_with_multiple_modes_cpp/lib/python3.10/site-packages'
[3.317s] Level 1:colcon.colcon_core.environment:checking '/home/rudra/custom_flightmode/install/example_executor_with_multiple_modes_cpp/bin'
[3.318s] INFO:colcon.colcon_core.shell:Creating package script '/home/rudra/custom_flightmode/install/example_executor_with_multiple_modes_cpp/share/example_executor_with_multiple_modes_cpp/package.ps1'
[3.318s] INFO:colcon.colcon_core.shell:Creating package descriptor '/home/rudra/custom_flightmode/install/example_executor_with_multiple_modes_cpp/share/example_executor_with_multiple_modes_cpp/package.dsv'
[3.319s] INFO:colcon.colcon_core.shell:Creating package script '/home/rudra/custom_flightmode/install/example_executor_with_multiple_modes_cpp/share/example_executor_with_multiple_modes_cpp/package.sh'
[3.319s] INFO:colcon.colcon_core.shell:Creating package script '/home/rudra/custom_flightmode/install/example_executor_with_multiple_modes_cpp/share/example_executor_with_multiple_modes_cpp/package.bash'
[3.320s] INFO:colcon.colcon_core.shell:Creating package script '/home/rudra/custom_flightmode/install/example_executor_with_multiple_modes_cpp/share/example_executor_with_multiple_modes_cpp/package.zsh'
[3.320s] Level 1:colcon.colcon_core.environment:create_file_with_runtime_dependencies(/home/rudra/custom_flightmode/install/example_executor_with_multiple_modes_cpp/share/colcon-core/packages/example_executor_with_multiple_modes_cpp)
[3.321s] Level 1:colcon.colcon_core.environment:create_environment_scripts_only(example_executor_with_multiple_modes_cpp)
[3.321s] Level 1:colcon.colcon_core.environment:checking '/home/rudra/custom_flightmode/install/example_executor_with_multiple_modes_cpp' for CMake module files
[3.321s] Level 1:colcon.colcon_core.environment:checking '/home/rudra/custom_flightmode/install/example_executor_with_multiple_modes_cpp' for CMake config files
[3.322s] Level 1:colcon.colcon_core.shell:create_environment_hook('example_executor_with_multiple_modes_cpp', 'cmake_prefix_path')
[3.322s] INFO:colcon.colcon_core.shell:Creating environment hook '/home/rudra/custom_flightmode/install/example_executor_with_multiple_modes_cpp/share/example_executor_with_multiple_modes_cpp/hook/cmake_prefix_path.ps1'
[3.322s] INFO:colcon.colcon_core.shell:Creating environment descriptor '/home/rudra/custom_flightmode/install/example_executor_with_multiple_modes_cpp/share/example_executor_with_multiple_modes_cpp/hook/cmake_prefix_path.dsv'
[3.323s] INFO:colcon.colcon_core.shell:Creating environment hook '/home/rudra/custom_flightmode/install/example_executor_with_multiple_modes_cpp/share/example_executor_with_multiple_modes_cpp/hook/cmake_prefix_path.sh'
[3.323s] Level 1:colcon.colcon_core.environment:checking '/home/rudra/custom_flightmode/install/example_executor_with_multiple_modes_cpp/lib'
[3.324s] Level 1:colcon.colcon_core.environment:checking '/home/rudra/custom_flightmode/install/example_executor_with_multiple_modes_cpp/bin'
[3.324s] Level 1:colcon.colcon_core.environment:checking '/home/rudra/custom_flightmode/install/example_executor_with_multiple_modes_cpp/lib/pkgconfig/example_executor_with_multiple_modes_cpp.pc'
[3.324s] Level 1:colcon.colcon_core.environment:checking '/home/rudra/custom_flightmode/install/example_executor_with_multiple_modes_cpp/lib/python3.10/site-packages'
[3.324s] Level 1:colcon.colcon_core.environment:checking '/home/rudra/custom_flightmode/install/example_executor_with_multiple_modes_cpp/bin'
[3.325s] INFO:colcon.colcon_core.shell:Creating package script '/home/rudra/custom_flightmode/install/example_executor_with_multiple_modes_cpp/share/example_executor_with_multiple_modes_cpp/package.ps1'
[3.325s] INFO:colcon.colcon_core.shell:Creating package descriptor '/home/rudra/custom_flightmode/install/example_executor_with_multiple_modes_cpp/share/example_executor_with_multiple_modes_cpp/package.dsv'
[3.326s] INFO:colcon.colcon_core.shell:Creating package script '/home/rudra/custom_flightmode/install/example_executor_with_multiple_modes_cpp/share/example_executor_with_multiple_modes_cpp/package.sh'
[3.326s] INFO:colcon.colcon_core.shell:Creating package script '/home/rudra/custom_flightmode/install/example_executor_with_multiple_modes_cpp/share/example_executor_with_multiple_modes_cpp/package.bash'
[3.327s] INFO:colcon.colcon_core.shell:Creating package script '/home/rudra/custom_flightmode/install/example_executor_with_multiple_modes_cpp/share/example_executor_with_multiple_modes_cpp/package.zsh'
[3.327s] Level 1:colcon.colcon_core.environment:create_file_with_runtime_dependencies(/home/rudra/custom_flightmode/install/example_executor_with_multiple_modes_cpp/share/colcon-core/packages/example_executor_with_multiple_modes_cpp)
[3.328s] DEBUG:colcon.colcon_core.event_handler.log_command:Invoked command in '/home/rudra/custom_flightmode/build/example_mode_vtol_cpp' returned '0': AMENT_PREFIX_PATH=/home/rudra/custom_flightmode/install/px4_ros2_cpp:/home/rudra/custom_flightmode/install/px4_msgs:${AMENT_PREFIX_PATH} CMAKE_PREFIX_PATH=/home/rudra/custom_flightmode/install/px4_ros2_cpp:/home/rudra/custom_flightmode/install/px4_msgs:/home/rudra/ros2_ws/install/talker_listener:/home/rudra/ros2_ws/install/first_pkg:/opt/ros/humble LD_LIBRARY_PATH=/home/rudra/custom_flightmode/install/px4_ros2_cpp/lib:/home/rudra/custom_flightmode/install/px4_msgs/lib:${LD_LIBRARY_PATH} PYTHONPATH=/home/rudra/custom_flightmode/install/px4_msgs/local/lib/python3.10/dist-packages:${PYTHONPATH} /usr/bin/cmake --build /home/rudra/custom_flightmode/build/example_mode_vtol_cpp -- -j12 -l12
[3.330s] DEBUG:colcon.colcon_core.event_handler.log_command:Invoking command in '/home/rudra/custom_flightmode/build/example_mode_vtol_cpp': AMENT_PREFIX_PATH=/home/rudra/custom_flightmode/install/px4_ros2_cpp:/home/rudra/custom_flightmode/install/px4_msgs:${AMENT_PREFIX_PATH} CMAKE_PREFIX_PATH=/home/rudra/custom_flightmode/install/px4_ros2_cpp:/home/rudra/custom_flightmode/install/px4_msgs:/home/rudra/ros2_ws/install/talker_listener:/home/rudra/ros2_ws/install/first_pkg:/opt/ros/humble LD_LIBRARY_PATH=/home/rudra/custom_flightmode/install/px4_ros2_cpp/lib:/home/rudra/custom_flightmode/install/px4_msgs/lib:${LD_LIBRARY_PATH} PYTHONPATH=/home/rudra/custom_flightmode/install/px4_msgs/local/lib/python3.10/dist-packages:${PYTHONPATH} /usr/bin/cmake --install /home/rudra/custom_flightmode/build/example_mode_vtol_cpp
[3.333s] Level 1:colcon.colcon_core.environment:create_environment_scripts_only(example_mode_goto_global_cpp)
[3.334s] Level 1:colcon.colcon_core.environment:checking '/home/rudra/custom_flightmode/install/example_mode_goto_global_cpp' for CMake module files
[3.336s] Level 1:colcon.colcon_core.environment:checking '/home/rudra/custom_flightmode/install/example_mode_goto_global_cpp' for CMake config files
[3.337s] DEBUG:colcon.colcon_core.event_handler.log_command:Invoked command in '/home/rudra/custom_flightmode/build/example_mode_goto_global_cpp' returned '0': AMENT_PREFIX_PATH=/home/rudra/custom_flightmode/install/px4_ros2_cpp:/home/rudra/custom_flightmode/install/px4_msgs:${AMENT_PREFIX_PATH} CMAKE_PREFIX_PATH=/home/rudra/custom_flightmode/install/px4_ros2_cpp:/home/rudra/custom_flightmode/install/px4_msgs:/home/rudra/ros2_ws/install/talker_listener:/home/rudra/ros2_ws/install/first_pkg:/opt/ros/humble LD_LIBRARY_PATH=/home/rudra/custom_flightmode/install/px4_ros2_cpp/lib:/home/rudra/custom_flightmode/install/px4_msgs/lib:${LD_LIBRARY_PATH} PYTHONPATH=/home/rudra/custom_flightmode/install/px4_msgs/local/lib/python3.10/dist-packages:${PYTHONPATH} /usr/bin/cmake --install /home/rudra/custom_flightmode/build/example_mode_goto_global_cpp
[3.337s] Level 1:colcon.colcon_core.shell:create_environment_hook('example_mode_goto_global_cpp', 'cmake_prefix_path')
[3.338s] INFO:colcon.colcon_core.shell:Creating environment hook '/home/rudra/custom_flightmode/install/example_mode_goto_global_cpp/share/example_mode_goto_global_cpp/hook/cmake_prefix_path.ps1'
[3.338s] INFO:colcon.colcon_core.shell:Creating environment descriptor '/home/rudra/custom_flightmode/install/example_mode_goto_global_cpp/share/example_mode_goto_global_cpp/hook/cmake_prefix_path.dsv'
[3.339s] INFO:colcon.colcon_core.shell:Creating environment hook '/home/rudra/custom_flightmode/install/example_mode_goto_global_cpp/share/example_mode_goto_global_cpp/hook/cmake_prefix_path.sh'
[3.340s] Level 1:colcon.colcon_core.environment:checking '/home/rudra/custom_flightmode/install/example_mode_goto_global_cpp/lib'
[3.340s] Level 1:colcon.colcon_core.environment:checking '/home/rudra/custom_flightmode/install/example_mode_goto_global_cpp/bin'
[3.340s] Level 1:colcon.colcon_core.environment:checking '/home/rudra/custom_flightmode/install/example_mode_goto_global_cpp/lib/pkgconfig/example_mode_goto_global_cpp.pc'
[3.340s] Level 1:colcon.colcon_core.environment:checking '/home/rudra/custom_flightmode/install/example_mode_goto_global_cpp/lib/python3.10/site-packages'
[3.341s] Level 1:colcon.colcon_core.environment:checking '/home/rudra/custom_flightmode/install/example_mode_goto_global_cpp/bin'
[3.341s] INFO:colcon.colcon_core.shell:Creating package script '/home/rudra/custom_flightmode/install/example_mode_goto_global_cpp/share/example_mode_goto_global_cpp/package.ps1'
[3.342s] INFO:colcon.colcon_core.shell:Creating package descriptor '/home/rudra/custom_flightmode/install/example_mode_goto_global_cpp/share/example_mode_goto_global_cpp/package.dsv'
[3.342s] INFO:colcon.colcon_core.shell:Creating package script '/home/rudra/custom_flightmode/install/example_mode_goto_global_cpp/share/example_mode_goto_global_cpp/package.sh'
[3.345s] INFO:colcon.colcon_core.shell:Creating package script '/home/rudra/custom_flightmode/install/example_mode_goto_global_cpp/share/example_mode_goto_global_cpp/package.bash'
[3.345s] INFO:colcon.colcon_core.shell:Creating package script '/home/rudra/custom_flightmode/install/example_mode_goto_global_cpp/share/example_mode_goto_global_cpp/package.zsh'
[3.346s] Level 1:colcon.colcon_core.environment:create_file_with_runtime_dependencies(/home/rudra/custom_flightmode/install/example_mode_goto_global_cpp/share/colcon-core/packages/example_mode_goto_global_cpp)
[3.346s] Level 1:colcon.colcon_core.environment:create_environment_scripts_only(example_mode_goto_global_cpp)
[3.347s] Level 1:colcon.colcon_core.environment:checking '/home/rudra/custom_flightmode/install/example_mode_goto_global_cpp' for CMake module files
[3.347s] Level 1:colcon.colcon_core.environment:checking '/home/rudra/custom_flightmode/install/example_mode_goto_global_cpp' for CMake config files
[3.348s] Level 1:colcon.colcon_core.shell:create_environment_hook('example_mode_goto_global_cpp', 'cmake_prefix_path')
[3.348s] INFO:colcon.colcon_core.shell:Creating environment hook '/home/rudra/custom_flightmode/install/example_mode_goto_global_cpp/share/example_mode_goto_global_cpp/hook/cmake_prefix_path.ps1'
[3.348s] INFO:colcon.colcon_core.shell:Creating environment descriptor '/home/rudra/custom_flightmode/install/example_mode_goto_global_cpp/share/example_mode_goto_global_cpp/hook/cmake_prefix_path.dsv'
[3.349s] INFO:colcon.colcon_core.shell:Creating environment hook '/home/rudra/custom_flightmode/install/example_mode_goto_global_cpp/share/example_mode_goto_global_cpp/hook/cmake_prefix_path.sh'
[3.349s] Level 1:colcon.colcon_core.environment:checking '/home/rudra/custom_flightmode/install/example_mode_goto_global_cpp/lib'
[3.349s] Level 1:colcon.colcon_core.environment:checking '/home/rudra/custom_flightmode/install/example_mode_goto_global_cpp/bin'
[3.350s] Level 1:colcon.colcon_core.environment:checking '/home/rudra/custom_flightmode/install/example_mode_goto_global_cpp/lib/pkgconfig/example_mode_goto_global_cpp.pc'
[3.350s] Level 1:colcon.colcon_core.environment:checking '/home/rudra/custom_flightmode/install/example_mode_goto_global_cpp/lib/python3.10/site-packages'
[3.350s] Level 1:colcon.colcon_core.environment:checking '/home/rudra/custom_flightmode/install/example_mode_goto_global_cpp/bin'
[3.350s] INFO:colcon.colcon_core.shell:Creating package script '/home/rudra/custom_flightmode/install/example_mode_goto_global_cpp/share/example_mode_goto_global_cpp/package.ps1'
[3.352s] INFO:colcon.colcon_core.shell:Creating package descriptor '/home/rudra/custom_flightmode/install/example_mode_goto_global_cpp/share/example_mode_goto_global_cpp/package.dsv'
[3.352s] INFO:colcon.colcon_core.shell:Creating package script '/home/rudra/custom_flightmode/install/example_mode_goto_global_cpp/share/example_mode_goto_global_cpp/package.sh'
[3.353s] INFO:colcon.colcon_core.shell:Creating package script '/home/rudra/custom_flightmode/install/example_mode_goto_global_cpp/share/example_mode_goto_global_cpp/package.bash'
[3.353s] INFO:colcon.colcon_core.shell:Creating package script '/home/rudra/custom_flightmode/install/example_mode_goto_global_cpp/share/example_mode_goto_global_cpp/package.zsh'
[3.354s] Level 1:colcon.colcon_core.environment:create_file_with_runtime_dependencies(/home/rudra/custom_flightmode/install/example_mode_goto_global_cpp/share/colcon-core/packages/example_mode_goto_global_cpp)
[3.357s] Level 1:colcon.colcon_core.environment:create_environment_scripts_only(example_mode_rtl_replacement_cpp)
[3.358s] Level 1:colcon.colcon_core.environment:checking '/home/rudra/custom_flightmode/install/example_mode_rtl_replacement_cpp' for CMake module files
[3.359s] DEBUG:colcon.colcon_core.event_handler.log_command:Invoking command in '/home/rudra/custom_flightmode/build/example_mode_with_executor_cpp': AMENT_PREFIX_PATH=/home/rudra/custom_flightmode/install/px4_ros2_cpp:/home/rudra/custom_flightmode/install/px4_msgs:${AMENT_PREFIX_PATH} CMAKE_PREFIX_PATH=/home/rudra/custom_flightmode/install/px4_ros2_cpp:/home/rudra/custom_flightmode/install/px4_msgs:/home/rudra/ros2_ws/install/talker_listener:/home/rudra/ros2_ws/install/first_pkg:/opt/ros/humble LD_LIBRARY_PATH=/home/rudra/custom_flightmode/install/px4_ros2_cpp/lib:/home/rudra/custom_flightmode/install/px4_msgs/lib:${LD_LIBRARY_PATH} PYTHONPATH=/home/rudra/custom_flightmode/install/px4_msgs/local/lib/python3.10/dist-packages:${PYTHONPATH} /usr/bin/cmake --build /home/rudra/custom_flightmode/build/example_mode_with_executor_cpp -- -j12 -l12
[3.359s] DEBUG:colcon.colcon_core.event_handler.log_command:Invoked command in '/home/rudra/custom_flightmode/build/example_mode_rtl_replacement_cpp' returned '0': AMENT_PREFIX_PATH=/home/rudra/custom_flightmode/install/px4_ros2_cpp:/home/rudra/custom_flightmode/install/px4_msgs:${AMENT_PREFIX_PATH} CMAKE_PREFIX_PATH=/home/rudra/custom_flightmode/install/px4_ros2_cpp:/home/rudra/custom_flightmode/install/px4_msgs:/home/rudra/ros2_ws/install/talker_listener:/home/rudra/ros2_ws/install/first_pkg:/opt/ros/humble LD_LIBRARY_PATH=/home/rudra/custom_flightmode/install/px4_ros2_cpp/lib:/home/rudra/custom_flightmode/install/px4_msgs/lib:${LD_LIBRARY_PATH} PYTHONPATH=/home/rudra/custom_flightmode/install/px4_msgs/local/lib/python3.10/dist-packages:${PYTHONPATH} /usr/bin/cmake --install /home/rudra/custom_flightmode/build/example_mode_rtl_replacement_cpp
[3.359s] Level 1:colcon.colcon_core.environment:checking '/home/rudra/custom_flightmode/install/example_mode_rtl_replacement_cpp' for CMake config files
[3.360s] Level 1:colcon.colcon_core.shell:create_environment_hook('example_mode_rtl_replacement_cpp', 'cmake_prefix_path')
[3.360s] INFO:colcon.colcon_core.shell:Creating environment hook '/home/rudra/custom_flightmode/install/example_mode_rtl_replacement_cpp/share/example_mode_rtl_replacement_cpp/hook/cmake_prefix_path.ps1'
[3.361s] INFO:colcon.colcon_core.shell:Creating environment descriptor '/home/rudra/custom_flightmode/install/example_mode_rtl_replacement_cpp/share/example_mode_rtl_replacement_cpp/hook/cmake_prefix_path.dsv'
[3.361s] INFO:colcon.colcon_core.shell:Creating environment hook '/home/rudra/custom_flightmode/install/example_mode_rtl_replacement_cpp/share/example_mode_rtl_replacement_cpp/hook/cmake_prefix_path.sh'
[3.362s] Level 1:colcon.colcon_core.environment:checking '/home/rudra/custom_flightmode/install/example_mode_rtl_replacement_cpp/lib'
[3.362s] Level 1:colcon.colcon_core.environment:checking '/home/rudra/custom_flightmode/install/example_mode_rtl_replacement_cpp/bin'
[3.362s] Level 1:colcon.colcon_core.environment:checking '/home/rudra/custom_flightmode/install/example_mode_rtl_replacement_cpp/lib/pkgconfig/example_mode_rtl_replacement_cpp.pc'
[3.363s] Level 1:colcon.colcon_core.environment:checking '/home/rudra/custom_flightmode/install/example_mode_rtl_replacement_cpp/lib/python3.10/site-packages'
[3.363s] Level 1:colcon.colcon_core.environment:checking '/home/rudra/custom_flightmode/install/example_mode_rtl_replacement_cpp/bin'
[3.364s] INFO:colcon.colcon_core.shell:Creating package script '/home/rudra/custom_flightmode/install/example_mode_rtl_replacement_cpp/share/example_mode_rtl_replacement_cpp/package.ps1'
[3.364s] INFO:colcon.colcon_core.shell:Creating package descriptor '/home/rudra/custom_flightmode/install/example_mode_rtl_replacement_cpp/share/example_mode_rtl_replacement_cpp/package.dsv'
[3.365s] INFO:colcon.colcon_core.shell:Creating package script '/home/rudra/custom_flightmode/install/example_mode_rtl_replacement_cpp/share/example_mode_rtl_replacement_cpp/package.sh'
[3.366s] INFO:colcon.colcon_core.shell:Creating package script '/home/rudra/custom_flightmode/install/example_mode_rtl_replacement_cpp/share/example_mode_rtl_replacement_cpp/package.bash'
[3.366s] INFO:colcon.colcon_core.shell:Creating package script '/home/rudra/custom_flightmode/install/example_mode_rtl_replacement_cpp/share/example_mode_rtl_replacement_cpp/package.zsh'
[3.367s] Level 1:colcon.colcon_core.environment:create_file_with_runtime_dependencies(/home/rudra/custom_flightmode/install/example_mode_rtl_replacement_cpp/share/colcon-core/packages/example_mode_rtl_replacement_cpp)
[3.367s] Level 1:colcon.colcon_core.environment:create_environment_scripts_only(example_mode_rtl_replacement_cpp)
[3.368s] Level 1:colcon.colcon_core.environment:checking '/home/rudra/custom_flightmode/install/example_mode_rtl_replacement_cpp' for CMake module files
[3.368s] Level 1:colcon.colcon_core.environment:checking '/home/rudra/custom_flightmode/install/example_mode_rtl_replacement_cpp' for CMake config files
[3.369s] Level 1:colcon.colcon_core.shell:create_environment_hook('example_mode_rtl_replacement_cpp', 'cmake_prefix_path')
[3.369s] INFO:colcon.colcon_core.shell:Creating environment hook '/home/rudra/custom_flightmode/install/example_mode_rtl_replacement_cpp/share/example_mode_rtl_replacement_cpp/hook/cmake_prefix_path.ps1'
[3.370s] INFO:colcon.colcon_core.shell:Creating environment descriptor '/home/rudra/custom_flightmode/install/example_mode_rtl_replacement_cpp/share/example_mode_rtl_replacement_cpp/hook/cmake_prefix_path.dsv'
[3.370s] INFO:colcon.colcon_core.shell:Creating environment hook '/home/rudra/custom_flightmode/install/example_mode_rtl_replacement_cpp/share/example_mode_rtl_replacement_cpp/hook/cmake_prefix_path.sh'
[3.371s] Level 1:colcon.colcon_core.environment:checking '/home/rudra/custom_flightmode/install/example_mode_rtl_replacement_cpp/lib'
[3.371s] Level 1:colcon.colcon_core.environment:checking '/home/rudra/custom_flightmode/install/example_mode_rtl_replacement_cpp/bin'
[3.371s] Level 1:colcon.colcon_core.environment:checking '/home/rudra/custom_flightmode/install/example_mode_rtl_replacement_cpp/lib/pkgconfig/example_mode_rtl_replacement_cpp.pc'
[3.371s] Level 1:colcon.colcon_core.environment:checking '/home/rudra/custom_flightmode/install/example_mode_rtl_replacement_cpp/lib/python3.10/site-packages'
[3.372s] Level 1:colcon.colcon_core.environment:checking '/home/rudra/custom_flightmode/install/example_mode_rtl_replacement_cpp/bin'
[3.372s] INFO:colcon.colcon_core.shell:Creating package script '/home/rudra/custom_flightmode/install/example_mode_rtl_replacement_cpp/share/example_mode_rtl_replacement_cpp/package.ps1'
[3.373s] INFO:colcon.colcon_core.shell:Creating package descriptor '/home/rudra/custom_flightmode/install/example_mode_rtl_replacement_cpp/share/example_mode_rtl_replacement_cpp/package.dsv'
[3.374s] INFO:colcon.colcon_core.shell:Creating package script '/home/rudra/custom_flightmode/install/example_mode_rtl_replacement_cpp/share/example_mode_rtl_replacement_cpp/package.sh'
[3.375s] INFO:colcon.colcon_core.shell:Creating package script '/home/rudra/custom_flightmode/install/example_mode_rtl_replacement_cpp/share/example_mode_rtl_replacement_cpp/package.bash'
[3.376s] INFO:colcon.colcon_core.shell:Creating package script '/home/rudra/custom_flightmode/install/example_mode_rtl_replacement_cpp/share/example_mode_rtl_replacement_cpp/package.zsh'
[3.376s] Level 1:colcon.colcon_core.environment:create_file_with_runtime_dependencies(/home/rudra/custom_flightmode/install/example_mode_rtl_replacement_cpp/share/colcon-core/packages/example_mode_rtl_replacement_cpp)
[3.377s] Level 1:colcon.colcon_core.environment:create_environment_scripts_only(example_mode_mission_cpp)
[3.377s] Level 1:colcon.colcon_core.environment:checking '/home/rudra/custom_flightmode/install/example_mode_mission_cpp' for CMake module files
[3.378s] DEBUG:colcon.colcon_core.event_handler.log_command:Invoked command in '/home/rudra/custom_flightmode/build/example_mode_mission_cpp' returned '0': AMENT_PREFIX_PATH=/home/rudra/custom_flightmode/install/px4_ros2_cpp:/home/rudra/custom_flightmode/install/px4_msgs:${AMENT_PREFIX_PATH} CMAKE_PREFIX_PATH=/home/rudra/custom_flightmode/install/px4_ros2_cpp:/home/rudra/custom_flightmode/install/px4_msgs:/home/rudra/ros2_ws/install/talker_listener:/home/rudra/ros2_ws/install/first_pkg:/opt/ros/humble LD_LIBRARY_PATH=/home/rudra/custom_flightmode/install/px4_ros2_cpp/lib:/home/rudra/custom_flightmode/install/px4_msgs/lib:${LD_LIBRARY_PATH} PYTHONPATH=/home/rudra/custom_flightmode/install/px4_msgs/local/lib/python3.10/dist-packages:${PYTHONPATH} /usr/bin/cmake --install /home/rudra/custom_flightmode/build/example_mode_mission_cpp
[3.378s] Level 1:colcon.colcon_core.environment:checking '/home/rudra/custom_flightmode/install/example_mode_mission_cpp' for CMake config files
[3.379s] Level 1:colcon.colcon_core.shell:create_environment_hook('example_mode_mission_cpp', 'cmake_prefix_path')
[3.379s] INFO:colcon.colcon_core.shell:Creating environment hook '/home/rudra/custom_flightmode/install/example_mode_mission_cpp/share/example_mode_mission_cpp/hook/cmake_prefix_path.ps1'
[3.380s] INFO:colcon.colcon_core.shell:Creating environment descriptor '/home/rudra/custom_flightmode/install/example_mode_mission_cpp/share/example_mode_mission_cpp/hook/cmake_prefix_path.dsv'
[3.380s] INFO:colcon.colcon_core.shell:Creating environment hook '/home/rudra/custom_flightmode/install/example_mode_mission_cpp/share/example_mode_mission_cpp/hook/cmake_prefix_path.sh'
[3.381s] Level 1:colcon.colcon_core.environment:checking '/home/rudra/custom_flightmode/install/example_mode_mission_cpp/lib'
[3.381s] Level 1:colcon.colcon_core.environment:checking '/home/rudra/custom_flightmode/install/example_mode_mission_cpp/bin'
[3.381s] Level 1:colcon.colcon_core.environment:checking '/home/rudra/custom_flightmode/install/example_mode_mission_cpp/lib/pkgconfig/example_mode_mission_cpp.pc'
[3.381s] Level 1:colcon.colcon_core.environment:checking '/home/rudra/custom_flightmode/install/example_mode_mission_cpp/lib/python3.10/site-packages'
[3.382s] Level 1:colcon.colcon_core.environment:checking '/home/rudra/custom_flightmode/install/example_mode_mission_cpp/bin'
[3.382s] INFO:colcon.colcon_core.shell:Creating package script '/home/rudra/custom_flightmode/install/example_mode_mission_cpp/share/example_mode_mission_cpp/package.ps1'
[3.383s] INFO:colcon.colcon_core.shell:Creating package descriptor '/home/rudra/custom_flightmode/install/example_mode_mission_cpp/share/example_mode_mission_cpp/package.dsv'
[3.383s] INFO:colcon.colcon_core.shell:Creating package script '/home/rudra/custom_flightmode/install/example_mode_mission_cpp/share/example_mode_mission_cpp/package.sh'
[3.384s] INFO:colcon.colcon_core.shell:Creating package script '/home/rudra/custom_flightmode/install/example_mode_mission_cpp/share/example_mode_mission_cpp/package.bash'
[3.384s] INFO:colcon.colcon_core.shell:Creating package script '/home/rudra/custom_flightmode/install/example_mode_mission_cpp/share/example_mode_mission_cpp/package.zsh'
[3.384s] Level 1:colcon.colcon_core.environment:create_file_with_runtime_dependencies(/home/rudra/custom_flightmode/install/example_mode_mission_cpp/share/colcon-core/packages/example_mode_mission_cpp)
[3.385s] Level 1:colcon.colcon_core.environment:create_environment_scripts_only(example_mode_mission_cpp)
[3.385s] Level 1:colcon.colcon_core.environment:checking '/home/rudra/custom_flightmode/install/example_mode_mission_cpp' for CMake module files
[3.386s] Level 1:colcon.colcon_core.environment:checking '/home/rudra/custom_flightmode/install/example_mode_mission_cpp' for CMake config files
[3.386s] Level 1:colcon.colcon_core.shell:create_environment_hook('example_mode_mission_cpp', 'cmake_prefix_path')
[3.386s] INFO:colcon.colcon_core.shell:Creating environment hook '/home/rudra/custom_flightmode/install/example_mode_mission_cpp/share/example_mode_mission_cpp/hook/cmake_prefix_path.ps1'
[3.386s] INFO:colcon.colcon_core.shell:Creating environment descriptor '/home/rudra/custom_flightmode/install/example_mode_mission_cpp/share/example_mode_mission_cpp/hook/cmake_prefix_path.dsv'
[3.387s] INFO:colcon.colcon_core.shell:Creating environment hook '/home/rudra/custom_flightmode/install/example_mode_mission_cpp/share/example_mode_mission_cpp/hook/cmake_prefix_path.sh'
[3.387s] Level 1:colcon.colcon_core.environment:checking '/home/rudra/custom_flightmode/install/example_mode_mission_cpp/lib'
[3.388s] Level 1:colcon.colcon_core.environment:checking '/home/rudra/custom_flightmode/install/example_mode_mission_cpp/bin'
[3.388s] Level 1:colcon.colcon_core.environment:checking '/home/rudra/custom_flightmode/install/example_mode_mission_cpp/lib/pkgconfig/example_mode_mission_cpp.pc'
[3.388s] Level 1:colcon.colcon_core.environment:checking '/home/rudra/custom_flightmode/install/example_mode_mission_cpp/lib/python3.10/site-packages'
[3.388s] Level 1:colcon.colcon_core.environment:checking '/home/rudra/custom_flightmode/install/example_mode_mission_cpp/bin'
[3.389s] INFO:colcon.colcon_core.shell:Creating package script '/home/rudra/custom_flightmode/install/example_mode_mission_cpp/share/example_mode_mission_cpp/package.ps1'
[3.389s] INFO:colcon.colcon_core.shell:Creating package descriptor '/home/rudra/custom_flightmode/install/example_mode_mission_cpp/share/example_mode_mission_cpp/package.dsv'
[3.390s] INFO:colcon.colcon_core.shell:Creating package script '/home/rudra/custom_flightmode/install/example_mode_mission_cpp/share/example_mode_mission_cpp/package.sh'
[3.390s] INFO:colcon.colcon_core.shell:Creating package script '/home/rudra/custom_flightmode/install/example_mode_mission_cpp/share/example_mode_mission_cpp/package.bash'
[3.391s] INFO:colcon.colcon_core.shell:Creating package script '/home/rudra/custom_flightmode/install/example_mode_mission_cpp/share/example_mode_mission_cpp/package.zsh'
[3.391s] Level 1:colcon.colcon_core.environment:create_file_with_runtime_dependencies(/home/rudra/custom_flightmode/install/example_mode_mission_cpp/share/colcon-core/packages/example_mode_mission_cpp)
[3.397s] Level 1:colcon.colcon_core.environment:create_environment_scripts_only(example_mode_vtol_cpp)
[3.397s] Level 1:colcon.colcon_core.environment:checking '/home/rudra/custom_flightmode/install/example_mode_vtol_cpp' for CMake module files
[3.399s] DEBUG:colcon.colcon_core.event_handler.log_command:Invoking command in '/home/rudra/custom_flightmode/build/example_rover_velocity_mode_cpp': AMENT_PREFIX_PATH=/home/rudra/custom_flightmode/install/px4_ros2_cpp:/home/rudra/custom_flightmode/install/px4_msgs:${AMENT_PREFIX_PATH} CMAKE_PREFIX_PATH=/home/rudra/custom_flightmode/install/px4_ros2_cpp:/home/rudra/custom_flightmode/install/px4_msgs:/home/rudra/ros2_ws/install/talker_listener:/home/rudra/ros2_ws/install/first_pkg:/opt/ros/humble LD_LIBRARY_PATH=/home/rudra/custom_flightmode/install/px4_ros2_cpp/lib:/home/rudra/custom_flightmode/install/px4_msgs/lib:${LD_LIBRARY_PATH} PYTHONPATH=/home/rudra/custom_flightmode/install/px4_msgs/local/lib/python3.10/dist-packages:${PYTHONPATH} /usr/bin/cmake --build /home/rudra/custom_flightmode/build/example_rover_velocity_mode_cpp -- -j12 -l12
[3.399s] DEBUG:colcon.colcon_core.event_handler.log_command:Invoked command in '/home/rudra/custom_flightmode/build/example_mode_vtol_cpp' returned '0': AMENT_PREFIX_PATH=/home/rudra/custom_flightmode/install/px4_ros2_cpp:/home/rudra/custom_flightmode/install/px4_msgs:${AMENT_PREFIX_PATH} CMAKE_PREFIX_PATH=/home/rudra/custom_flightmode/install/px4_ros2_cpp:/home/rudra/custom_flightmode/install/px4_msgs:/home/rudra/ros2_ws/install/talker_listener:/home/rudra/ros2_ws/install/first_pkg:/opt/ros/humble LD_LIBRARY_PATH=/home/rudra/custom_flightmode/install/px4_ros2_cpp/lib:/home/rudra/custom_flightmode/install/px4_msgs/lib:${LD_LIBRARY_PATH} PYTHONPATH=/home/rudra/custom_flightmode/install/px4_msgs/local/lib/python3.10/dist-packages:${PYTHONPATH} /usr/bin/cmake --install /home/rudra/custom_flightmode/build/example_mode_vtol_cpp
[3.400s] Level 1:colcon.colcon_core.environment:checking '/home/rudra/custom_flightmode/install/example_mode_vtol_cpp' for CMake config files
[3.400s] Level 1:colcon.colcon_core.shell:create_environment_hook('example_mode_vtol_cpp', 'cmake_prefix_path')
[3.401s] INFO:colcon.colcon_core.shell:Creating environment hook '/home/rudra/custom_flightmode/install/example_mode_vtol_cpp/share/example_mode_vtol_cpp/hook/cmake_prefix_path.ps1'
[3.402s] INFO:colcon.colcon_core.shell:Creating environment descriptor '/home/rudra/custom_flightmode/install/example_mode_vtol_cpp/share/example_mode_vtol_cpp/hook/cmake_prefix_path.dsv'
[3.402s] INFO:colcon.colcon_core.shell:Creating environment hook '/home/rudra/custom_flightmode/install/example_mode_vtol_cpp/share/example_mode_vtol_cpp/hook/cmake_prefix_path.sh'
[3.403s] Level 1:colcon.colcon_core.environment:checking '/home/rudra/custom_flightmode/install/example_mode_vtol_cpp/lib'
[3.403s] Level 1:colcon.colcon_core.environment:checking '/home/rudra/custom_flightmode/install/example_mode_vtol_cpp/bin'
[3.403s] Level 1:colcon.colcon_core.environment:checking '/home/rudra/custom_flightmode/install/example_mode_vtol_cpp/lib/pkgconfig/example_mode_vtol_cpp.pc'
[3.403s] Level 1:colcon.colcon_core.environment:checking '/home/rudra/custom_flightmode/install/example_mode_vtol_cpp/lib/python3.10/site-packages'
[3.404s] Level 1:colcon.colcon_core.environment:checking '/home/rudra/custom_flightmode/install/example_mode_vtol_cpp/bin'
[3.404s] INFO:colcon.colcon_core.shell:Creating package script '/home/rudra/custom_flightmode/install/example_mode_vtol_cpp/share/example_mode_vtol_cpp/package.ps1'
[3.405s] INFO:colcon.colcon_core.shell:Creating package descriptor '/home/rudra/custom_flightmode/install/example_mode_vtol_cpp/share/example_mode_vtol_cpp/package.dsv'
[3.405s] INFO:colcon.colcon_core.shell:Creating package script '/home/rudra/custom_flightmode/install/example_mode_vtol_cpp/share/example_mode_vtol_cpp/package.sh'
[3.406s] INFO:colcon.colcon_core.shell:Creating package script '/home/rudra/custom_flightmode/install/example_mode_vtol_cpp/share/example_mode_vtol_cpp/package.bash'
[3.406s] INFO:colcon.colcon_core.shell:Creating package script '/home/rudra/custom_flightmode/install/example_mode_vtol_cpp/share/example_mode_vtol_cpp/package.zsh'
[3.407s] Level 1:colcon.colcon_core.environment:create_file_with_runtime_dependencies(/home/rudra/custom_flightmode/install/example_mode_vtol_cpp/share/colcon-core/packages/example_mode_vtol_cpp)
[3.407s] Level 1:colcon.colcon_core.environment:create_environment_scripts_only(example_mode_vtol_cpp)
[3.408s] Level 1:colcon.colcon_core.environment:checking '/home/rudra/custom_flightmode/install/example_mode_vtol_cpp' for CMake module files
[3.408s] Level 1:colcon.colcon_core.environment:checking '/home/rudra/custom_flightmode/install/example_mode_vtol_cpp' for CMake config files
[3.408s] Level 1:colcon.colcon_core.shell:create_environment_hook('example_mode_vtol_cpp', 'cmake_prefix_path')
[3.409s] INFO:colcon.colcon_core.shell:Creating environment hook '/home/rudra/custom_flightmode/install/example_mode_vtol_cpp/share/example_mode_vtol_cpp/hook/cmake_prefix_path.ps1'
[3.409s] INFO:colcon.colcon_core.shell:Creating environment descriptor '/home/rudra/custom_flightmode/install/example_mode_vtol_cpp/share/example_mode_vtol_cpp/hook/cmake_prefix_path.dsv'
[3.410s] INFO:colcon.colcon_core.shell:Creating environment hook '/home/rudra/custom_flightmode/install/example_mode_vtol_cpp/share/example_mode_vtol_cpp/hook/cmake_prefix_path.sh'
[3.410s] Level 1:colcon.colcon_core.environment:checking '/home/rudra/custom_flightmode/install/example_mode_vtol_cpp/lib'
[3.410s] Level 1:colcon.colcon_core.environment:checking '/home/rudra/custom_flightmode/install/example_mode_vtol_cpp/bin'
[3.410s] Level 1:colcon.colcon_core.environment:checking '/home/rudra/custom_flightmode/install/example_mode_vtol_cpp/lib/pkgconfig/example_mode_vtol_cpp.pc'
[3.411s] Level 1:colcon.colcon_core.environment:checking '/home/rudra/custom_flightmode/install/example_mode_vtol_cpp/lib/python3.10/site-packages'
[3.411s] Level 1:colcon.colcon_core.environment:checking '/home/rudra/custom_flightmode/install/example_mode_vtol_cpp/bin'
[3.412s] INFO:colcon.colcon_core.shell:Creating package script '/home/rudra/custom_flightmode/install/example_mode_vtol_cpp/share/example_mode_vtol_cpp/package.ps1'
[3.412s] INFO:colcon.colcon_core.shell:Creating package descriptor '/home/rudra/custom_flightmode/install/example_mode_vtol_cpp/share/example_mode_vtol_cpp/package.dsv'
[3.414s] INFO:colcon.colcon_core.shell:Creating package script '/home/rudra/custom_flightmode/install/example_mode_vtol_cpp/share/example_mode_vtol_cpp/package.sh'
[3.414s] INFO:colcon.colcon_core.shell:Creating package script '/home/rudra/custom_flightmode/install/example_mode_vtol_cpp/share/example_mode_vtol_cpp/package.bash'
[3.415s] INFO:colcon.colcon_core.shell:Creating package script '/home/rudra/custom_flightmode/install/example_mode_vtol_cpp/share/example_mode_vtol_cpp/package.zsh'
[3.416s] Level 1:colcon.colcon_core.environment:create_file_with_runtime_dependencies(/home/rudra/custom_flightmode/install/example_mode_vtol_cpp/share/colcon-core/packages/example_mode_vtol_cpp)
[3.458s] DEBUG:colcon.colcon_core.event_handler.log_command:Invoked command in '/home/rudra/custom_flightmode/build/example_mode_with_executor_cpp' returned '0': AMENT_PREFIX_PATH=/home/rudra/custom_flightmode/install/px4_ros2_cpp:/home/rudra/custom_flightmode/install/px4_msgs:${AMENT_PREFIX_PATH} CMAKE_PREFIX_PATH=/home/rudra/custom_flightmode/install/px4_ros2_cpp:/home/rudra/custom_flightmode/install/px4_msgs:/home/rudra/ros2_ws/install/talker_listener:/home/rudra/ros2_ws/install/first_pkg:/opt/ros/humble LD_LIBRARY_PATH=/home/rudra/custom_flightmode/install/px4_ros2_cpp/lib:/home/rudra/custom_flightmode/install/px4_msgs/lib:${LD_LIBRARY_PATH} PYTHONPATH=/home/rudra/custom_flightmode/install/px4_msgs/local/lib/python3.10/dist-packages:${PYTHONPATH} /usr/bin/cmake --build /home/rudra/custom_flightmode/build/example_mode_with_executor_cpp -- -j12 -l12
[3.461s] DEBUG:colcon.colcon_core.event_handler.log_command:Invoking command in '/home/rudra/custom_flightmode/build/example_mode_with_executor_cpp': AMENT_PREFIX_PATH=/home/rudra/custom_flightmode/install/px4_ros2_cpp:/home/rudra/custom_flightmode/install/px4_msgs:${AMENT_PREFIX_PATH} CMAKE_PREFIX_PATH=/home/rudra/custom_flightmode/install/px4_ros2_cpp:/home/rudra/custom_flightmode/install/px4_msgs:/home/rudra/ros2_ws/install/talker_listener:/home/rudra/ros2_ws/install/first_pkg:/opt/ros/humble LD_LIBRARY_PATH=/home/rudra/custom_flightmode/install/px4_ros2_cpp/lib:/home/rudra/custom_flightmode/install/px4_msgs/lib:${LD_LIBRARY_PATH} PYTHONPATH=/home/rudra/custom_flightmode/install/px4_msgs/local/lib/python3.10/dist-packages:${PYTHONPATH} /usr/bin/cmake --install /home/rudra/custom_flightmode/build/example_mode_with_executor_cpp
[3.475s] Level 1:colcon.colcon_core.environment:create_environment_scripts_only(example_mode_with_executor_cpp)
[3.476s] Level 1:colcon.colcon_core.environment:checking '/home/rudra/custom_flightmode/install/example_mode_with_executor_cpp' for CMake module files
[3.477s] Level 1:colcon.colcon_core.environment:checking '/home/rudra/custom_flightmode/install/example_mode_with_executor_cpp' for CMake config files
[3.477s] DEBUG:colcon.colcon_core.event_handler.log_command:Invoked command in '/home/rudra/custom_flightmode/build/example_mode_with_executor_cpp' returned '0': AMENT_PREFIX_PATH=/home/rudra/custom_flightmode/install/px4_ros2_cpp:/home/rudra/custom_flightmode/install/px4_msgs:${AMENT_PREFIX_PATH} CMAKE_PREFIX_PATH=/home/rudra/custom_flightmode/install/px4_ros2_cpp:/home/rudra/custom_flightmode/install/px4_msgs:/home/rudra/ros2_ws/install/talker_listener:/home/rudra/ros2_ws/install/first_pkg:/opt/ros/humble LD_LIBRARY_PATH=/home/rudra/custom_flightmode/install/px4_ros2_cpp/lib:/home/rudra/custom_flightmode/install/px4_msgs/lib:${LD_LIBRARY_PATH} PYTHONPATH=/home/rudra/custom_flightmode/install/px4_msgs/local/lib/python3.10/dist-packages:${PYTHONPATH} /usr/bin/cmake --install /home/rudra/custom_flightmode/build/example_mode_with_executor_cpp
[3.477s] Level 1:colcon.colcon_core.shell:create_environment_hook('example_mode_with_executor_cpp', 'cmake_prefix_path')
[3.478s] INFO:colcon.colcon_core.shell:Creating environment hook '/home/rudra/custom_flightmode/install/example_mode_with_executor_cpp/share/example_mode_with_executor_cpp/hook/cmake_prefix_path.ps1'
[3.479s] INFO:colcon.colcon_core.shell:Creating environment descriptor '/home/rudra/custom_flightmode/install/example_mode_with_executor_cpp/share/example_mode_with_executor_cpp/hook/cmake_prefix_path.dsv'
[3.479s] INFO:colcon.colcon_core.shell:Creating environment hook '/home/rudra/custom_flightmode/install/example_mode_with_executor_cpp/share/example_mode_with_executor_cpp/hook/cmake_prefix_path.sh'
[3.480s] Level 1:colcon.colcon_core.environment:checking '/home/rudra/custom_flightmode/install/example_mode_with_executor_cpp/lib'
[3.480s] Level 1:colcon.colcon_core.environment:checking '/home/rudra/custom_flightmode/install/example_mode_with_executor_cpp/bin'
[3.480s] Level 1:colcon.colcon_core.environment:checking '/home/rudra/custom_flightmode/install/example_mode_with_executor_cpp/lib/pkgconfig/example_mode_with_executor_cpp.pc'
[3.480s] Level 1:colcon.colcon_core.environment:checking '/home/rudra/custom_flightmode/install/example_mode_with_executor_cpp/lib/python3.10/site-packages'
[3.481s] Level 1:colcon.colcon_core.environment:checking '/home/rudra/custom_flightmode/install/example_mode_with_executor_cpp/bin'
[3.481s] INFO:colcon.colcon_core.shell:Creating package script '/home/rudra/custom_flightmode/install/example_mode_with_executor_cpp/share/example_mode_with_executor_cpp/package.ps1'
[3.482s] INFO:colcon.colcon_core.shell:Creating package descriptor '/home/rudra/custom_flightmode/install/example_mode_with_executor_cpp/share/example_mode_with_executor_cpp/package.dsv'
[3.483s] INFO:colcon.colcon_core.shell:Creating package script '/home/rudra/custom_flightmode/install/example_mode_with_executor_cpp/share/example_mode_with_executor_cpp/package.sh'
[3.484s] INFO:colcon.colcon_core.shell:Creating package script '/home/rudra/custom_flightmode/install/example_mode_with_executor_cpp/share/example_mode_with_executor_cpp/package.bash'
[3.484s] INFO:colcon.colcon_core.shell:Creating package script '/home/rudra/custom_flightmode/install/example_mode_with_executor_cpp/share/example_mode_with_executor_cpp/package.zsh'
[3.485s] Level 1:colcon.colcon_core.environment:create_file_with_runtime_dependencies(/home/rudra/custom_flightmode/install/example_mode_with_executor_cpp/share/colcon-core/packages/example_mode_with_executor_cpp)
[3.486s] Level 1:colcon.colcon_core.environment:create_environment_scripts_only(example_mode_with_executor_cpp)
[3.486s] Level 1:colcon.colcon_core.environment:checking '/home/rudra/custom_flightmode/install/example_mode_with_executor_cpp' for CMake module files
[3.486s] Level 1:colcon.colcon_core.environment:checking '/home/rudra/custom_flightmode/install/example_mode_with_executor_cpp' for CMake config files
[3.487s] Level 1:colcon.colcon_core.shell:create_environment_hook('example_mode_with_executor_cpp', 'cmake_prefix_path')
[3.487s] INFO:colcon.colcon_core.shell:Creating environment hook '/home/rudra/custom_flightmode/install/example_mode_with_executor_cpp/share/example_mode_with_executor_cpp/hook/cmake_prefix_path.ps1'
[3.487s] INFO:colcon.colcon_core.shell:Creating environment descriptor '/home/rudra/custom_flightmode/install/example_mode_with_executor_cpp/share/example_mode_with_executor_cpp/hook/cmake_prefix_path.dsv'
[3.488s] INFO:colcon.colcon_core.shell:Creating environment hook '/home/rudra/custom_flightmode/install/example_mode_with_executor_cpp/share/example_mode_with_executor_cpp/hook/cmake_prefix_path.sh'
[3.489s] Level 1:colcon.colcon_core.environment:checking '/home/rudra/custom_flightmode/install/example_mode_with_executor_cpp/lib'
[3.489s] Level 1:colcon.colcon_core.environment:checking '/home/rudra/custom_flightmode/install/example_mode_with_executor_cpp/bin'
[3.489s] Level 1:colcon.colcon_core.environment:checking '/home/rudra/custom_flightmode/install/example_mode_with_executor_cpp/lib/pkgconfig/example_mode_with_executor_cpp.pc'
[3.489s] Level 1:colcon.colcon_core.environment:checking '/home/rudra/custom_flightmode/install/example_mode_with_executor_cpp/lib/python3.10/site-packages'
[3.489s] Level 1:colcon.colcon_core.environment:checking '/home/rudra/custom_flightmode/install/example_mode_with_executor_cpp/bin'
[3.490s] INFO:colcon.colcon_core.shell:Creating package script '/home/rudra/custom_flightmode/install/example_mode_with_executor_cpp/share/example_mode_with_executor_cpp/package.ps1'
[3.490s] INFO:colcon.colcon_core.shell:Creating package descriptor '/home/rudra/custom_flightmode/install/example_mode_with_executor_cpp/share/example_mode_with_executor_cpp/package.dsv'
[3.491s] INFO:colcon.colcon_core.shell:Creating package script '/home/rudra/custom_flightmode/install/example_mode_with_executor_cpp/share/example_mode_with_executor_cpp/package.sh'
[3.492s] INFO:colcon.colcon_core.shell:Creating package script '/home/rudra/custom_flightmode/install/example_mode_with_executor_cpp/share/example_mode_with_executor_cpp/package.bash'
[3.492s] INFO:colcon.colcon_core.shell:Creating package script '/home/rudra/custom_flightmode/install/example_mode_with_executor_cpp/share/example_mode_with_executor_cpp/package.zsh'
[3.493s] Level 1:colcon.colcon_core.environment:create_file_with_runtime_dependencies(/home/rudra/custom_flightmode/install/example_mode_with_executor_cpp/share/colcon-core/packages/example_mode_with_executor_cpp)
[3.495s] DEBUG:colcon.colcon_core.event_handler.log_command:Invoked command in '/home/rudra/custom_flightmode/build/example_rover_velocity_mode_cpp' returned '0': AMENT_PREFIX_PATH=/home/rudra/custom_flightmode/install/px4_ros2_cpp:/home/rudra/custom_flightmode/install/px4_msgs:${AMENT_PREFIX_PATH} CMAKE_PREFIX_PATH=/home/rudra/custom_flightmode/install/px4_ros2_cpp:/home/rudra/custom_flightmode/install/px4_msgs:/home/rudra/ros2_ws/install/talker_listener:/home/rudra/ros2_ws/install/first_pkg:/opt/ros/humble LD_LIBRARY_PATH=/home/rudra/custom_flightmode/install/px4_ros2_cpp/lib:/home/rudra/custom_flightmode/install/px4_msgs/lib:${LD_LIBRARY_PATH} PYTHONPATH=/home/rudra/custom_flightmode/install/px4_msgs/local/lib/python3.10/dist-packages:${PYTHONPATH} /usr/bin/cmake --build /home/rudra/custom_flightmode/build/example_rover_velocity_mode_cpp -- -j12 -l12
[3.498s] DEBUG:colcon.colcon_core.event_handler.log_command:Invoking command in '/home/rudra/custom_flightmode/build/example_rover_velocity_mode_cpp': AMENT_PREFIX_PATH=/home/rudra/custom_flightmode/install/px4_ros2_cpp:/home/rudra/custom_flightmode/install/px4_msgs:${AMENT_PREFIX_PATH} CMAKE_PREFIX_PATH=/home/rudra/custom_flightmode/install/px4_ros2_cpp:/home/rudra/custom_flightmode/install/px4_msgs:/home/rudra/ros2_ws/install/talker_listener:/home/rudra/ros2_ws/install/first_pkg:/opt/ros/humble LD_LIBRARY_PATH=/home/rudra/custom_flightmode/install/px4_ros2_cpp/lib:/home/rudra/custom_flightmode/install/px4_msgs/lib:${LD_LIBRARY_PATH} PYTHONPATH=/home/rudra/custom_flightmode/install/px4_msgs/local/lib/python3.10/dist-packages:${PYTHONPATH} /usr/bin/cmake --install /home/rudra/custom_flightmode/build/example_rover_velocity_mode_cpp
[3.513s] Level 1:colcon.colcon_core.environment:create_environment_scripts_only(example_rover_velocity_mode_cpp)
[3.513s] Level 1:colcon.colcon_core.environment:checking '/home/rudra/custom_flightmode/install/example_rover_velocity_mode_cpp' for CMake module files
[3.514s] DEBUG:colcon.colcon_core.event_handler.log_command:Invoked command in '/home/rudra/custom_flightmode/build/example_rover_velocity_mode_cpp' returned '0': AMENT_PREFIX_PATH=/home/rudra/custom_flightmode/install/px4_ros2_cpp:/home/rudra/custom_flightmode/install/px4_msgs:${AMENT_PREFIX_PATH} CMAKE_PREFIX_PATH=/home/rudra/custom_flightmode/install/px4_ros2_cpp:/home/rudra/custom_flightmode/install/px4_msgs:/home/rudra/ros2_ws/install/talker_listener:/home/rudra/ros2_ws/install/first_pkg:/opt/ros/humble LD_LIBRARY_PATH=/home/rudra/custom_flightmode/install/px4_ros2_cpp/lib:/home/rudra/custom_flightmode/install/px4_msgs/lib:${LD_LIBRARY_PATH} PYTHONPATH=/home/rudra/custom_flightmode/install/px4_msgs/local/lib/python3.10/dist-packages:${PYTHONPATH} /usr/bin/cmake --install /home/rudra/custom_flightmode/build/example_rover_velocity_mode_cpp
[3.514s] Level 1:colcon.colcon_core.environment:checking '/home/rudra/custom_flightmode/install/example_rover_velocity_mode_cpp' for CMake config files
[3.515s] Level 1:colcon.colcon_core.shell:create_environment_hook('example_rover_velocity_mode_cpp', 'cmake_prefix_path')
[3.515s] INFO:colcon.colcon_core.shell:Creating environment hook '/home/rudra/custom_flightmode/install/example_rover_velocity_mode_cpp/share/example_rover_velocity_mode_cpp/hook/cmake_prefix_path.ps1'
[3.516s] INFO:colcon.colcon_core.shell:Creating environment descriptor '/home/rudra/custom_flightmode/install/example_rover_velocity_mode_cpp/share/example_rover_velocity_mode_cpp/hook/cmake_prefix_path.dsv'
[3.517s] INFO:colcon.colcon_core.shell:Creating environment hook '/home/rudra/custom_flightmode/install/example_rover_velocity_mode_cpp/share/example_rover_velocity_mode_cpp/hook/cmake_prefix_path.sh'
[3.517s] Level 1:colcon.colcon_core.environment:checking '/home/rudra/custom_flightmode/install/example_rover_velocity_mode_cpp/lib'
[3.517s] Level 1:colcon.colcon_core.environment:checking '/home/rudra/custom_flightmode/install/example_rover_velocity_mode_cpp/bin'
[3.517s] Level 1:colcon.colcon_core.environment:checking '/home/rudra/custom_flightmode/install/example_rover_velocity_mode_cpp/lib/pkgconfig/example_rover_velocity_mode_cpp.pc'
[3.518s] Level 1:colcon.colcon_core.environment:checking '/home/rudra/custom_flightmode/install/example_rover_velocity_mode_cpp/lib/python3.10/site-packages'
[3.518s] Level 1:colcon.colcon_core.environment:checking '/home/rudra/custom_flightmode/install/example_rover_velocity_mode_cpp/bin'
[3.518s] INFO:colcon.colcon_core.shell:Creating package script '/home/rudra/custom_flightmode/install/example_rover_velocity_mode_cpp/share/example_rover_velocity_mode_cpp/package.ps1'
[3.519s] INFO:colcon.colcon_core.shell:Creating package descriptor '/home/rudra/custom_flightmode/install/example_rover_velocity_mode_cpp/share/example_rover_velocity_mode_cpp/package.dsv'
[3.519s] INFO:colcon.colcon_core.shell:Creating package script '/home/rudra/custom_flightmode/install/example_rover_velocity_mode_cpp/share/example_rover_velocity_mode_cpp/package.sh'
[3.520s] INFO:colcon.colcon_core.shell:Creating package script '/home/rudra/custom_flightmode/install/example_rover_velocity_mode_cpp/share/example_rover_velocity_mode_cpp/package.bash'
[3.520s] INFO:colcon.colcon_core.shell:Creating package script '/home/rudra/custom_flightmode/install/example_rover_velocity_mode_cpp/share/example_rover_velocity_mode_cpp/package.zsh'
[3.520s] Level 1:colcon.colcon_core.environment:create_file_with_runtime_dependencies(/home/rudra/custom_flightmode/install/example_rover_velocity_mode_cpp/share/colcon-core/packages/example_rover_velocity_mode_cpp)
[3.521s] Level 1:colcon.colcon_core.environment:create_environment_scripts_only(example_rover_velocity_mode_cpp)
[3.521s] Level 1:colcon.colcon_core.environment:checking '/home/rudra/custom_flightmode/install/example_rover_velocity_mode_cpp' for CMake module files
[3.522s] Level 1:colcon.colcon_core.environment:checking '/home/rudra/custom_flightmode/install/example_rover_velocity_mode_cpp' for CMake config files
[3.522s] Level 1:colcon.colcon_core.shell:create_environment_hook('example_rover_velocity_mode_cpp', 'cmake_prefix_path')
[3.522s] INFO:colcon.colcon_core.shell:Creating environment hook '/home/rudra/custom_flightmode/install/example_rover_velocity_mode_cpp/share/example_rover_velocity_mode_cpp/hook/cmake_prefix_path.ps1'
[3.523s] INFO:colcon.colcon_core.shell:Creating environment descriptor '/home/rudra/custom_flightmode/install/example_rover_velocity_mode_cpp/share/example_rover_velocity_mode_cpp/hook/cmake_prefix_path.dsv'
[3.524s] INFO:colcon.colcon_core.shell:Creating environment hook '/home/rudra/custom_flightmode/install/example_rover_velocity_mode_cpp/share/example_rover_velocity_mode_cpp/hook/cmake_prefix_path.sh'
[3.524s] Level 1:colcon.colcon_core.environment:checking '/home/rudra/custom_flightmode/install/example_rover_velocity_mode_cpp/lib'
[3.524s] Level 1:colcon.colcon_core.environment:checking '/home/rudra/custom_flightmode/install/example_rover_velocity_mode_cpp/bin'
[3.524s] Level 1:colcon.colcon_core.environment:checking '/home/rudra/custom_flightmode/install/example_rover_velocity_mode_cpp/lib/pkgconfig/example_rover_velocity_mode_cpp.pc'
[3.525s] Level 1:colcon.colcon_core.environment:checking '/home/rudra/custom_flightmode/install/example_rover_velocity_mode_cpp/lib/python3.10/site-packages'
[3.525s] Level 1:colcon.colcon_core.environment:checking '/home/rudra/custom_flightmode/install/example_rover_velocity_mode_cpp/bin'
[3.525s] INFO:colcon.colcon_core.shell:Creating package script '/home/rudra/custom_flightmode/install/example_rover_velocity_mode_cpp/share/example_rover_velocity_mode_cpp/package.ps1'
[3.526s] INFO:colcon.colcon_core.shell:Creating package descriptor '/home/rudra/custom_flightmode/install/example_rover_velocity_mode_cpp/share/example_rover_velocity_mode_cpp/package.dsv'
[3.527s] INFO:colcon.colcon_core.shell:Creating package script '/home/rudra/custom_flightmode/install/example_rover_velocity_mode_cpp/share/example_rover_velocity_mode_cpp/package.sh'
[3.527s] INFO:colcon.colcon_core.shell:Creating package script '/home/rudra/custom_flightmode/install/example_rover_velocity_mode_cpp/share/example_rover_velocity_mode_cpp/package.bash'
[3.528s] INFO:colcon.colcon_core.shell:Creating package script '/home/rudra/custom_flightmode/install/example_rover_velocity_mode_cpp/share/example_rover_velocity_mode_cpp/package.zsh'
[3.529s] Level 1:colcon.colcon_core.environment:create_file_with_runtime_dependencies(/home/rudra/custom_flightmode/install/example_rover_velocity_mode_cpp/share/colcon-core/packages/example_rover_velocity_mode_cpp)
[3.601s] DEBUG:colcon.colcon_core.event_handler.log_command:Invoked command in '/home/rudra/custom_flightmode/build/px4_ros2_py' returned '0': AMENT_PREFIX_PATH=/home/rudra/custom_flightmode/install/px4_ros2_cpp:/home/rudra/custom_flightmode/install/px4_msgs:${AMENT_PREFIX_PATH} CMAKE_PREFIX_PATH=/home/rudra/custom_flightmode/install/px4_ros2_cpp:/home/rudra/custom_flightmode/install/px4_msgs:/home/rudra/ros2_ws/install/talker_listener:/home/rudra/ros2_ws/install/first_pkg:/opt/ros/humble LD_LIBRARY_PATH=/home/rudra/custom_flightmode/install/px4_ros2_cpp/lib:/home/rudra/custom_flightmode/install/px4_msgs/lib:${LD_LIBRARY_PATH} PYTHONPATH=/home/rudra/custom_flightmode/install/px4_msgs/local/lib/python3.10/dist-packages:${PYTHONPATH} /usr/bin/cmake --build /home/rudra/custom_flightmode/build/px4_ros2_py -- -j12 -l12
[3.603s] DEBUG:colcon.colcon_core.event_handler.log_command:Invoking command in '/home/rudra/custom_flightmode/build/px4_ros2_py': AMENT_PREFIX_PATH=/home/rudra/custom_flightmode/install/px4_ros2_cpp:/home/rudra/custom_flightmode/install/px4_msgs:${AMENT_PREFIX_PATH} CMAKE_PREFIX_PATH=/home/rudra/custom_flightmode/install/px4_ros2_cpp:/home/rudra/custom_flightmode/install/px4_msgs:/home/rudra/ros2_ws/install/talker_listener:/home/rudra/ros2_ws/install/first_pkg:/opt/ros/humble LD_LIBRARY_PATH=/home/rudra/custom_flightmode/install/px4_ros2_cpp/lib:/home/rudra/custom_flightmode/install/px4_msgs/lib:${LD_LIBRARY_PATH} PYTHONPATH=/home/rudra/custom_flightmode/install/px4_msgs/local/lib/python3.10/dist-packages:${PYTHONPATH} /usr/bin/cmake --install /home/rudra/custom_flightmode/build/px4_ros2_py
[3.665s] Level 1:colcon.colcon_core.environment:create_environment_scripts_only(px4_ros2_py)
[3.666s] Level 1:colcon.colcon_core.environment:checking '/home/rudra/custom_flightmode/install/px4_ros2_py' for CMake module files
[3.666s] DEBUG:colcon.colcon_core.event_handler.log_command:Invoked command in '/home/rudra/custom_flightmode/build/px4_ros2_py' returned '0': AMENT_PREFIX_PATH=/home/rudra/custom_flightmode/install/px4_ros2_cpp:/home/rudra/custom_flightmode/install/px4_msgs:${AMENT_PREFIX_PATH} CMAKE_PREFIX_PATH=/home/rudra/custom_flightmode/install/px4_ros2_cpp:/home/rudra/custom_flightmode/install/px4_msgs:/home/rudra/ros2_ws/install/talker_listener:/home/rudra/ros2_ws/install/first_pkg:/opt/ros/humble LD_LIBRARY_PATH=/home/rudra/custom_flightmode/install/px4_ros2_cpp/lib:/home/rudra/custom_flightmode/install/px4_msgs/lib:${LD_LIBRARY_PATH} PYTHONPATH=/home/rudra/custom_flightmode/install/px4_msgs/local/lib/python3.10/dist-packages:${PYTHONPATH} /usr/bin/cmake --install /home/rudra/custom_flightmode/build/px4_ros2_py
[3.667s] Level 1:colcon.colcon_core.environment:checking '/home/rudra/custom_flightmode/install/px4_ros2_py' for CMake config files
[3.667s] Level 1:colcon.colcon_core.shell:create_environment_hook('px4_ros2_py', 'cmake_prefix_path')
[3.668s] INFO:colcon.colcon_core.shell:Creating environment hook '/home/rudra/custom_flightmode/install/px4_ros2_py/share/px4_ros2_py/hook/cmake_prefix_path.ps1'
[3.669s] INFO:colcon.colcon_core.shell:Creating environment descriptor '/home/rudra/custom_flightmode/install/px4_ros2_py/share/px4_ros2_py/hook/cmake_prefix_path.dsv'
[3.669s] INFO:colcon.colcon_core.shell:Creating environment hook '/home/rudra/custom_flightmode/install/px4_ros2_py/share/px4_ros2_py/hook/cmake_prefix_path.sh'
[3.670s] Level 1:colcon.colcon_core.environment:checking '/home/rudra/custom_flightmode/install/px4_ros2_py/bin'
[3.670s] Level 1:colcon.colcon_core.environment:checking '/home/rudra/custom_flightmode/install/px4_ros2_py/lib/pkgconfig/px4_ros2_py.pc'
[3.670s] Level 1:colcon.colcon_core.environment:checking '/home/rudra/custom_flightmode/install/px4_ros2_py/lib/python3.10/site-packages'
[3.670s] Level 1:colcon.colcon_core.environment:checking '/home/rudra/custom_flightmode/install/px4_ros2_py/bin'
[3.671s] INFO:colcon.colcon_core.shell:Creating package script '/home/rudra/custom_flightmode/install/px4_ros2_py/share/px4_ros2_py/package.ps1'
[3.671s] INFO:colcon.colcon_core.shell:Creating package descriptor '/home/rudra/custom_flightmode/install/px4_ros2_py/share/px4_ros2_py/package.dsv'
[3.672s] INFO:colcon.colcon_core.shell:Creating package script '/home/rudra/custom_flightmode/install/px4_ros2_py/share/px4_ros2_py/package.sh'
[3.672s] INFO:colcon.colcon_core.shell:Creating package script '/home/rudra/custom_flightmode/install/px4_ros2_py/share/px4_ros2_py/package.bash'
[3.673s] INFO:colcon.colcon_core.shell:Creating package script '/home/rudra/custom_flightmode/install/px4_ros2_py/share/px4_ros2_py/package.zsh'
[3.673s] Level 1:colcon.colcon_core.environment:create_file_with_runtime_dependencies(/home/rudra/custom_flightmode/install/px4_ros2_py/share/colcon-core/packages/px4_ros2_py)
[3.674s] Level 1:colcon.colcon_core.environment:create_environment_scripts_only(px4_ros2_py)
[3.674s] Level 1:colcon.colcon_core.environment:checking '/home/rudra/custom_flightmode/install/px4_ros2_py' for CMake module files
[3.675s] Level 1:colcon.colcon_core.environment:checking '/home/rudra/custom_flightmode/install/px4_ros2_py' for CMake config files
[3.675s] Level 1:colcon.colcon_core.shell:create_environment_hook('px4_ros2_py', 'cmake_prefix_path')
[3.675s] INFO:colcon.colcon_core.shell:Creating environment hook '/home/rudra/custom_flightmode/install/px4_ros2_py/share/px4_ros2_py/hook/cmake_prefix_path.ps1'
[3.676s] INFO:colcon.colcon_core.shell:Creating environment descriptor '/home/rudra/custom_flightmode/install/px4_ros2_py/share/px4_ros2_py/hook/cmake_prefix_path.dsv'
[3.676s] INFO:colcon.colcon_core.shell:Creating environment hook '/home/rudra/custom_flightmode/install/px4_ros2_py/share/px4_ros2_py/hook/cmake_prefix_path.sh'
[3.677s] Level 1:colcon.colcon_core.environment:checking '/home/rudra/custom_flightmode/install/px4_ros2_py/bin'
[3.677s] Level 1:colcon.colcon_core.environment:checking '/home/rudra/custom_flightmode/install/px4_ros2_py/lib/pkgconfig/px4_ros2_py.pc'
[3.677s] Level 1:colcon.colcon_core.environment:checking '/home/rudra/custom_flightmode/install/px4_ros2_py/lib/python3.10/site-packages'
[3.678s] Level 1:colcon.colcon_core.environment:checking '/home/rudra/custom_flightmode/install/px4_ros2_py/bin'
[3.678s] INFO:colcon.colcon_core.shell:Creating package script '/home/rudra/custom_flightmode/install/px4_ros2_py/share/px4_ros2_py/package.ps1'
[3.679s] INFO:colcon.colcon_core.shell:Creating package descriptor '/home/rudra/custom_flightmode/install/px4_ros2_py/share/px4_ros2_py/package.dsv'
[3.679s] INFO:colcon.colcon_core.shell:Creating package script '/home/rudra/custom_flightmode/install/px4_ros2_py/share/px4_ros2_py/package.sh'
[3.680s] INFO:colcon.colcon_core.shell:Creating package script '/home/rudra/custom_flightmode/install/px4_ros2_py/share/px4_ros2_py/package.bash'
[3.680s] INFO:colcon.colcon_core.shell:Creating package script '/home/rudra/custom_flightmode/install/px4_ros2_py/share/px4_ros2_py/package.zsh'
[3.681s] Level 1:colcon.colcon_core.environment:create_file_with_runtime_dependencies(/home/rudra/custom_flightmode/install/px4_ros2_py/share/colcon-core/packages/px4_ros2_py)
[3.681s] INFO:colcon.colcon_ros.task.ament_python.build:Building ROS package in '/home/rudra/custom_flightmode/src/px4-ros2-interface-lib/examples/python/modes/goto' with build type 'ament_python'
[3.681s] Level 1:colcon.colcon_core.shell:create_environment_hook('example_mode_goto_py', 'ament_prefix_path')
[3.682s] INFO:colcon.colcon_core.shell:Creating environment hook '/home/rudra/custom_flightmode/install/example_mode_goto_py/share/example_mode_goto_py/hook/ament_prefix_path.ps1'
[3.683s] INFO:colcon.colcon_core.shell:Creating environment descriptor '/home/rudra/custom_flightmode/install/example_mode_goto_py/share/example_mode_goto_py/hook/ament_prefix_path.dsv'
[3.683s] INFO:colcon.colcon_core.shell:Creating environment hook '/home/rudra/custom_flightmode/install/example_mode_goto_py/share/example_mode_goto_py/hook/ament_prefix_path.sh'
[3.684s] INFO:colcon.colcon_core.shell:Skip shell extension 'powershell' for command environment: Not usable outside of PowerShell
[3.684s] DEBUG:colcon.colcon_core.shell:Skip shell extension 'dsv' for command environment
[3.688s] INFO:colcon.colcon_ros.task.ament_python.build:Building ROS package in '/home/rudra/custom_flightmode/src/px4-ros2-interface-lib/examples/python/modes/goto_with_rclpy' with build type 'ament_python'
[3.688s] Level 1:colcon.colcon_core.shell:create_environment_hook('example_mode_with_rclpy_py', 'ament_prefix_path')
[3.689s] INFO:colcon.colcon_core.shell:Creating environment hook '/home/rudra/custom_flightmode/install/example_mode_with_rclpy_py/share/example_mode_with_rclpy_py/hook/ament_prefix_path.ps1'
[3.690s] INFO:colcon.colcon_core.shell:Creating environment descriptor '/home/rudra/custom_flightmode/install/example_mode_with_rclpy_py/share/example_mode_with_rclpy_py/hook/ament_prefix_path.dsv'
[3.690s] INFO:colcon.colcon_core.shell:Creating environment hook '/home/rudra/custom_flightmode/install/example_mode_with_rclpy_py/share/example_mode_with_rclpy_py/hook/ament_prefix_path.sh'
[3.691s] INFO:colcon.colcon_core.shell:Skip shell extension 'powershell' for command environment: Not usable outside of PowerShell
[3.691s] DEBUG:colcon.colcon_core.shell:Skip shell extension 'dsv' for command environment
[3.964s] INFO:colcon.colcon_core.task.python.build:Building Python package in '/home/rudra/custom_flightmode/src/px4-ros2-interface-lib/examples/python/modes/goto'
[3.965s] INFO:colcon.colcon_core.shell:Skip shell extension 'powershell' for command environment: Not usable outside of PowerShell
[3.965s] DEBUG:colcon.colcon_core.shell:Skip shell extension 'dsv' for command environment
[4.234s] INFO:colcon.colcon_core.task.python.build:Building Python package in '/home/rudra/custom_flightmode/src/px4-ros2-interface-lib/examples/python/modes/goto_with_rclpy'
[4.235s] INFO:colcon.colcon_core.shell:Skip shell extension 'powershell' for command environment: Not usable outside of PowerShell
[4.235s] DEBUG:colcon.colcon_core.shell:Skip shell extension 'dsv' for command environment
[4.810s] DEBUG:colcon.colcon_core.task.python.build:Available setuptools commands: check, update_catalog, install_data, sdist, compile_catalog, build_ext, develop, editable_wheel, clean, build, saveopts, bdist_dumb, egg_info, bdist, dist_info, install_egg_info, bdist_wheel, build_py, extract_messages, build_scripts, install_scripts, symlink_data, install_lib, setopt, install, install_headers, init_catalog, easy_install, bdist_egg, bdist_rpm, build_clib, alias, rotate
[4.813s] DEBUG:colcon.colcon_core.event_handler.log_command:Invoking command in '/home/rudra/custom_flightmode/src/px4-ros2-interface-lib/examples/python/modes/goto': AMENT_PREFIX_PATH=/home/rudra/custom_flightmode/install/px4_ros2_py:/home/rudra/custom_flightmode/install/px4_ros2_cpp:/home/rudra/custom_flightmode/install/px4_msgs:${AMENT_PREFIX_PATH} CMAKE_PREFIX_PATH=/home/rudra/custom_flightmode/install/px4_ros2_py:/home/rudra/custom_flightmode/install/px4_ros2_cpp:/home/rudra/custom_flightmode/install/px4_msgs LD_LIBRARY_PATH=/home/rudra/custom_flightmode/install/px4_ros2_cpp/lib:/home/rudra/custom_flightmode/install/px4_msgs/lib:${LD_LIBRARY_PATH} PYTHONPATH=/home/rudra/custom_flightmode/build/example_mode_goto_py/prefix_override:/usr/lib/python3/dist-packages/colcon_core/task/python/colcon_distutils_commands:/home/rudra/custom_flightmode/install/example_mode_goto_py/lib/python3.10/site-packages:/home/rudra/custom_flightmode/install/px4_ros2_py/local/lib/python3.10/dist-packages:/home/rudra/custom_flightmode/install/px4_msgs/local/lib/python3.10/dist-packages:${PYTHONPATH} /usr/bin/python3 -W ignore:setup.py install is deprecated -W ignore:easy_install command is deprecated setup.py egg_info --egg-base ../../../../../../build/example_mode_goto_py build --build-base /home/rudra/custom_flightmode/build/example_mode_goto_py/build install --record /home/rudra/custom_flightmode/build/example_mode_goto_py/install.log --install-scripts $base/lib/example_mode_goto_py --single-version-externally-managed install_data
[4.840s] DEBUG:colcon.colcon_core.task.python.build:Available setuptools commands: check, update_catalog, install_data, sdist, compile_catalog, build_ext, develop, editable_wheel, clean, build, saveopts, bdist_dumb, egg_info, bdist, dist_info, install_egg_info, bdist_wheel, build_py, extract_messages, build_scripts, install_scripts, symlink_data, install_lib, setopt, install, install_headers, init_catalog, easy_install, bdist_egg, bdist_rpm, build_clib, alias, rotate
[4.843s] DEBUG:colcon.colcon_core.event_handler.log_command:Invoking command in '/home/rudra/custom_flightmode/src/px4-ros2-interface-lib/examples/python/modes/goto_with_rclpy': AMENT_PREFIX_PATH=/home/rudra/custom_flightmode/install/px4_ros2_py:/home/rudra/custom_flightmode/install/px4_ros2_cpp:/home/rudra/custom_flightmode/install/px4_msgs:${AMENT_PREFIX_PATH} CMAKE_PREFIX_PATH=/home/rudra/custom_flightmode/install/px4_ros2_py:/home/rudra/custom_flightmode/install/px4_ros2_cpp:/home/rudra/custom_flightmode/install/px4_msgs LD_LIBRARY_PATH=/home/rudra/custom_flightmode/install/px4_ros2_cpp/lib:/home/rudra/custom_flightmode/install/px4_msgs/lib:${LD_LIBRARY_PATH} PYTHONPATH=/home/rudra/custom_flightmode/build/example_mode_with_rclpy_py/prefix_override:/usr/lib/python3/dist-packages/colcon_core/task/python/colcon_distutils_commands:/home/rudra/custom_flightmode/install/example_mode_with_rclpy_py/lib/python3.10/site-packages:/home/rudra/custom_flightmode/install/px4_ros2_py/local/lib/python3.10/dist-packages:/home/rudra/custom_flightmode/install/px4_msgs/local/lib/python3.10/dist-packages:${PYTHONPATH} /usr/bin/python3 -W ignore:setup.py install is deprecated -W ignore:easy_install command is deprecated setup.py egg_info --egg-base ../../../../../../build/example_mode_with_rclpy_py build --build-base /home/rudra/custom_flightmode/build/example_mode_with_rclpy_py/build install --record /home/rudra/custom_flightmode/build/example_mode_with_rclpy_py/install.log --install-scripts $base/lib/example_mode_with_rclpy_py --single-version-externally-managed install_data
[5.387s] Level 1:colcon.colcon_core.environment:checking '/home/rudra/custom_flightmode/install/example_mode_goto_py' for CMake module files
[5.388s] DEBUG:colcon.colcon_core.event_handler.log_command:Invoked command in '/home/rudra/custom_flightmode/src/px4-ros2-interface-lib/examples/python/modes/goto' returned '0': AMENT_PREFIX_PATH=/home/rudra/custom_flightmode/install/px4_ros2_py:/home/rudra/custom_flightmode/install/px4_ros2_cpp:/home/rudra/custom_flightmode/install/px4_msgs:${AMENT_PREFIX_PATH} CMAKE_PREFIX_PATH=/home/rudra/custom_flightmode/install/px4_ros2_py:/home/rudra/custom_flightmode/install/px4_ros2_cpp:/home/rudra/custom_flightmode/install/px4_msgs LD_LIBRARY_PATH=/home/rudra/custom_flightmode/install/px4_ros2_cpp/lib:/home/rudra/custom_flightmode/install/px4_msgs/lib:${LD_LIBRARY_PATH} PYTHONPATH=/home/rudra/custom_flightmode/build/example_mode_goto_py/prefix_override:/usr/lib/python3/dist-packages/colcon_core/task/python/colcon_distutils_commands:/home/rudra/custom_flightmode/install/example_mode_goto_py/lib/python3.10/site-packages:/home/rudra/custom_flightmode/install/px4_ros2_py/local/lib/python3.10/dist-packages:/home/rudra/custom_flightmode/install/px4_msgs/local/lib/python3.10/dist-packages:${PYTHONPATH} /usr/bin/python3 -W ignore:setup.py install is deprecated -W ignore:easy_install command is deprecated setup.py egg_info --egg-base ../../../../../../build/example_mode_goto_py build --build-base /home/rudra/custom_flightmode/build/example_mode_goto_py/build install --record /home/rudra/custom_flightmode/build/example_mode_goto_py/install.log --install-scripts $base/lib/example_mode_goto_py --single-version-externally-managed install_data
[5.388s] Level 1:colcon.colcon_core.environment:checking '/home/rudra/custom_flightmode/install/example_mode_goto_py' for CMake config files
[5.389s] Level 1:colcon.colcon_core.environment:checking '/home/rudra/custom_flightmode/install/example_mode_goto_py/lib'
[5.389s] Level 1:colcon.colcon_core.environment:checking '/home/rudra/custom_flightmode/install/example_mode_goto_py/bin'
[5.389s] Level 1:colcon.colcon_core.environment:checking '/home/rudra/custom_flightmode/install/example_mode_goto_py/lib/pkgconfig/example_mode_goto_py.pc'
[5.389s] Level 1:colcon.colcon_core.environment:checking '/home/rudra/custom_flightmode/install/example_mode_goto_py/lib/python3.10/site-packages'
[5.389s] Level 1:colcon.colcon_core.shell:create_environment_hook('example_mode_goto_py', 'pythonpath')
[5.390s] INFO:colcon.colcon_core.shell:Creating environment hook '/home/rudra/custom_flightmode/install/example_mode_goto_py/share/example_mode_goto_py/hook/pythonpath.ps1'
[5.390s] INFO:colcon.colcon_core.shell:Creating environment descriptor '/home/rudra/custom_flightmode/install/example_mode_goto_py/share/example_mode_goto_py/hook/pythonpath.dsv'
[5.391s] INFO:colcon.colcon_core.shell:Creating environment hook '/home/rudra/custom_flightmode/install/example_mode_goto_py/share/example_mode_goto_py/hook/pythonpath.sh'
[5.391s] Level 1:colcon.colcon_core.environment:checking '/home/rudra/custom_flightmode/install/example_mode_goto_py/bin'
[5.392s] Level 1:colcon.colcon_core.environment:create_environment_scripts_only(example_mode_goto_py)
[5.392s] INFO:colcon.colcon_core.shell:Creating package script '/home/rudra/custom_flightmode/install/example_mode_goto_py/share/example_mode_goto_py/package.ps1'
[5.393s] INFO:colcon.colcon_core.shell:Creating package descriptor '/home/rudra/custom_flightmode/install/example_mode_goto_py/share/example_mode_goto_py/package.dsv'
[5.394s] INFO:colcon.colcon_core.shell:Creating package script '/home/rudra/custom_flightmode/install/example_mode_goto_py/share/example_mode_goto_py/package.sh'
[5.394s] INFO:colcon.colcon_core.shell:Creating package script '/home/rudra/custom_flightmode/install/example_mode_goto_py/share/example_mode_goto_py/package.bash'
[5.394s] INFO:colcon.colcon_core.shell:Creating package script '/home/rudra/custom_flightmode/install/example_mode_goto_py/share/example_mode_goto_py/package.zsh'
[5.395s] Level 1:colcon.colcon_core.environment:create_file_with_runtime_dependencies(/home/rudra/custom_flightmode/install/example_mode_goto_py/share/colcon-core/packages/example_mode_goto_py)
[5.405s] Level 1:colcon.colcon_core.environment:checking '/home/rudra/custom_flightmode/install/example_mode_with_rclpy_py' for CMake module files
[5.406s] DEBUG:colcon.colcon_core.event_handler.log_command:Invoked command in '/home/rudra/custom_flightmode/src/px4-ros2-interface-lib/examples/python/modes/goto_with_rclpy' returned '0': AMENT_PREFIX_PATH=/home/rudra/custom_flightmode/install/px4_ros2_py:/home/rudra/custom_flightmode/install/px4_ros2_cpp:/home/rudra/custom_flightmode/install/px4_msgs:${AMENT_PREFIX_PATH} CMAKE_PREFIX_PATH=/home/rudra/custom_flightmode/install/px4_ros2_py:/home/rudra/custom_flightmode/install/px4_ros2_cpp:/home/rudra/custom_flightmode/install/px4_msgs LD_LIBRARY_PATH=/home/rudra/custom_flightmode/install/px4_ros2_cpp/lib:/home/rudra/custom_flightmode/install/px4_msgs/lib:${LD_LIBRARY_PATH} PYTHONPATH=/home/rudra/custom_flightmode/build/example_mode_with_rclpy_py/prefix_override:/usr/lib/python3/dist-packages/colcon_core/task/python/colcon_distutils_commands:/home/rudra/custom_flightmode/install/example_mode_with_rclpy_py/lib/python3.10/site-packages:/home/rudra/custom_flightmode/install/px4_ros2_py/local/lib/python3.10/dist-packages:/home/rudra/custom_flightmode/install/px4_msgs/local/lib/python3.10/dist-packages:${PYTHONPATH} /usr/bin/python3 -W ignore:setup.py install is deprecated -W ignore:easy_install command is deprecated setup.py egg_info --egg-base ../../../../../../build/example_mode_with_rclpy_py build --build-base /home/rudra/custom_flightmode/build/example_mode_with_rclpy_py/build install --record /home/rudra/custom_flightmode/build/example_mode_with_rclpy_py/install.log --install-scripts $base/lib/example_mode_with_rclpy_py --single-version-externally-managed install_data
[5.406s] Level 1:colcon.colcon_core.environment:checking '/home/rudra/custom_flightmode/install/example_mode_with_rclpy_py' for CMake config files
[5.407s] Level 1:colcon.colcon_core.environment:checking '/home/rudra/custom_flightmode/install/example_mode_with_rclpy_py/lib'
[5.407s] Level 1:colcon.colcon_core.environment:checking '/home/rudra/custom_flightmode/install/example_mode_with_rclpy_py/bin'
[5.407s] Level 1:colcon.colcon_core.environment:checking '/home/rudra/custom_flightmode/install/example_mode_with_rclpy_py/lib/pkgconfig/example_mode_with_rclpy_py.pc'
[5.407s] Level 1:colcon.colcon_core.environment:checking '/home/rudra/custom_flightmode/install/example_mode_with_rclpy_py/lib/python3.10/site-packages'
[5.408s] Level 1:colcon.colcon_core.shell:create_environment_hook('example_mode_with_rclpy_py', 'pythonpath')
[5.408s] INFO:colcon.colcon_core.shell:Creating environment hook '/home/rudra/custom_flightmode/install/example_mode_with_rclpy_py/share/example_mode_with_rclpy_py/hook/pythonpath.ps1'
[5.408s] INFO:colcon.colcon_core.shell:Creating environment descriptor '/home/rudra/custom_flightmode/install/example_mode_with_rclpy_py/share/example_mode_with_rclpy_py/hook/pythonpath.dsv'
[5.409s] INFO:colcon.colcon_core.shell:Creating environment hook '/home/rudra/custom_flightmode/install/example_mode_with_rclpy_py/share/example_mode_with_rclpy_py/hook/pythonpath.sh'
[5.409s] Level 1:colcon.colcon_core.environment:checking '/home/rudra/custom_flightmode/install/example_mode_with_rclpy_py/bin'
[5.410s] Level 1:colcon.colcon_core.environment:create_environment_scripts_only(example_mode_with_rclpy_py)
[5.410s] INFO:colcon.colcon_core.shell:Creating package script '/home/rudra/custom_flightmode/install/example_mode_with_rclpy_py/share/example_mode_with_rclpy_py/package.ps1'
[5.411s] INFO:colcon.colcon_core.shell:Creating package descriptor '/home/rudra/custom_flightmode/install/example_mode_with_rclpy_py/share/example_mode_with_rclpy_py/package.dsv'
[5.411s] INFO:colcon.colcon_core.shell:Creating package script '/home/rudra/custom_flightmode/install/example_mode_with_rclpy_py/share/example_mode_with_rclpy_py/package.sh'
[5.412s] INFO:colcon.colcon_core.shell:Creating package script '/home/rudra/custom_flightmode/install/example_mode_with_rclpy_py/share/example_mode_with_rclpy_py/package.bash'
[5.413s] INFO:colcon.colcon_core.shell:Creating package script '/home/rudra/custom_flightmode/install/example_mode_with_rclpy_py/share/example_mode_with_rclpy_py/package.zsh'
[5.413s] Level 1:colcon.colcon_core.environment:create_file_with_runtime_dependencies(/home/rudra/custom_flightmode/install/example_mode_with_rclpy_py/share/colcon-core/packages/example_mode_with_rclpy_py)
[9.761s] DEBUG:colcon.colcon_core.event_handler.log_command:Invoked command in '/home/rudra/custom_flightmode/build/draw_flight_mode' returned '2': AMENT_PREFIX_PATH=/home/rudra/custom_flightmode/install/px4_ros2_cpp:/home/rudra/custom_flightmode/install/px4_msgs:${AMENT_PREFIX_PATH} CMAKE_PREFIX_PATH=/home/rudra/custom_flightmode/install/px4_ros2_cpp:/home/rudra/custom_flightmode/install/px4_msgs:/home/rudra/ros2_ws/install/talker_listener:/home/rudra/ros2_ws/install/first_pkg:/opt/ros/humble LD_LIBRARY_PATH=/home/rudra/custom_flightmode/install/px4_ros2_cpp/lib:/home/rudra/custom_flightmode/install/px4_msgs/lib:${LD_LIBRARY_PATH} PYTHONPATH=/home/rudra/custom_flightmode/install/px4_msgs/local/lib/python3.10/dist-packages:${PYTHONPATH} /usr/bin/cmake --build /home/rudra/custom_flightmode/build/draw_flight_mode -- -j12 -l12
[9.762s] Level 1:colcon.colcon_core.environment:create_environment_scripts_only(draw_flight_mode)
[9.762s] Level 1:colcon.colcon_core.environment:checking '/home/rudra/custom_flightmode/install/draw_flight_mode' for CMake module files
[9.763s] Level 1:colcon.colcon_core.environment:checking '/home/rudra/custom_flightmode/install/draw_flight_mode' for CMake config files
[9.763s] Level 1:colcon.colcon_core.shell:create_environment_hook('draw_flight_mode', 'cmake_prefix_path')
[9.763s] INFO:colcon.colcon_core.shell:Creating environment hook '/home/rudra/custom_flightmode/install/draw_flight_mode/share/draw_flight_mode/hook/cmake_prefix_path.ps1'
[9.764s] INFO:colcon.colcon_core.shell:Creating environment descriptor '/home/rudra/custom_flightmode/install/draw_flight_mode/share/draw_flight_mode/hook/cmake_prefix_path.dsv'
[9.764s] INFO:colcon.colcon_core.shell:Creating environment hook '/home/rudra/custom_flightmode/install/draw_flight_mode/share/draw_flight_mode/hook/cmake_prefix_path.sh'
[9.765s] Level 1:colcon.colcon_core.environment:checking '/home/rudra/custom_flightmode/install/draw_flight_mode/lib'
[9.765s] Level 1:colcon.colcon_core.environment:checking '/home/rudra/custom_flightmode/install/draw_flight_mode/bin'
[9.765s] Level 1:colcon.colcon_core.environment:checking '/home/rudra/custom_flightmode/install/draw_flight_mode/lib/pkgconfig/draw_flight_mode.pc'
[9.765s] Level 1:colcon.colcon_core.environment:checking '/home/rudra/custom_flightmode/install/draw_flight_mode/lib/python3.10/site-packages'
[9.766s] Level 1:colcon.colcon_core.environment:checking '/home/rudra/custom_flightmode/install/draw_flight_mode/bin'
[9.766s] INFO:colcon.colcon_core.shell:Creating package script '/home/rudra/custom_flightmode/install/draw_flight_mode/share/draw_flight_mode/package.ps1'
[9.767s] INFO:colcon.colcon_core.shell:Creating package descriptor '/home/rudra/custom_flightmode/install/draw_flight_mode/share/draw_flight_mode/package.dsv'
[9.767s] INFO:colcon.colcon_core.shell:Creating package script '/home/rudra/custom_flightmode/install/draw_flight_mode/share/draw_flight_mode/package.sh'
[9.768s] INFO:colcon.colcon_core.shell:Creating package script '/home/rudra/custom_flightmode/install/draw_flight_mode/share/draw_flight_mode/package.bash'
[9.768s] INFO:colcon.colcon_core.shell:Creating package script '/home/rudra/custom_flightmode/install/draw_flight_mode/share/draw_flight_mode/package.zsh'
[9.769s] Level 1:colcon.colcon_core.environment:create_file_with_runtime_dependencies(/home/rudra/custom_flightmode/install/draw_flight_mode/share/colcon-core/packages/draw_flight_mode)
[9.779s] DEBUG:colcon.colcon_parallel_executor.executor.parallel:closing loop
[9.780s] DEBUG:colcon.colcon_parallel_executor.executor.parallel:loop closed
[9.780s] DEBUG:colcon.colcon_parallel_executor.executor.parallel:run_until_complete finished with '2'
[9.780s] DEBUG:colcon.colcon_core.event_reactor:joining thread
[9.786s] INFO:colcon.colcon_core.plugin_system:Skipping extension 'colcon_notification.desktop_notification.terminal_notifier': Not used on non-Darwin systems
[9.787s] INFO:colcon.colcon_core.plugin_system:Skipping extension 'colcon_notification.desktop_notification.win32': Not used on non-Windows systems
[9.787s] INFO:colcon.colcon_notification.desktop_notification:Sending desktop notification using 'notify2'
[9.800s] DEBUG:colcon.colcon_core.event_reactor:joined thread
[9.801s] INFO:colcon.colcon_core.shell:Creating prefix script '/home/rudra/custom_flightmode/install/local_setup.ps1'
[9.802s] INFO:colcon.colcon_core.shell:Creating prefix util module '/home/rudra/custom_flightmode/install/_local_setup_util_ps1.py'
[9.804s] INFO:colcon.colcon_core.shell:Creating prefix chain script '/home/rudra/custom_flightmode/install/setup.ps1'
[9.805s] INFO:colcon.colcon_core.shell:Creating prefix script '/home/rudra/custom_flightmode/install/local_setup.sh'
[9.805s] INFO:colcon.colcon_core.shell:Creating prefix util module '/home/rudra/custom_flightmode/install/_local_setup_util_sh.py'
[9.806s] INFO:colcon.colcon_core.shell:Creating prefix chain script '/home/rudra/custom_flightmode/install/setup.sh'
[9.807s] INFO:colcon.colcon_core.shell:Creating prefix script '/home/rudra/custom_flightmode/install/local_setup.bash'
[9.808s] INFO:colcon.colcon_core.shell:Creating prefix chain script '/home/rudra/custom_flightmode/install/setup.bash'
[9.809s] INFO:colcon.colcon_core.shell:Creating prefix script '/home/rudra/custom_flightmode/install/local_setup.zsh'
[9.809s] INFO:colcon.colcon_core.shell:Creating prefix chain script '/home/rudra/custom_flightmode/install/setup.zsh'
