[0.143s] DEBUG:colcon:Command line arguments: ['/usr/bin/colcon', 'build']
[0.143s] DEBUG:colcon:Parsed command line arguments: Namespace(log_base=None, log_level=None, verb_name='build', build_base='build', install_base='install', merge_install=False, symlink_install=False, test_result_base=None, continue_on_error=False, executor='parallel', parallel_workers=12, event_handlers=None, ignore_user_meta=False, metas=['./colcon.meta'], base_paths=['.'], packages_ignore=None, packages_ignore_regex=None, paths=None, packages_up_to=None, packages_up_to_regex=None, packages_above=None, packages_above_and_dependencies=None, packages_above_depth=None, packages_select_by_dep=None, packages_skip_by_dep=None, packages_skip_up_to=None, packages_select_build_failed=False, packages_skip_build_finished=False, packages_select_test_failures=False, packages_skip_test_passed=False, packages_select=None, packages_skip=None, packages_select_regex=None, packages_skip_regex=None, packages_start=None, packages_end=None, allow_overriding=[], cmake_args=None, cmake_target=None, cmake_target_skip_unavailable=False, cmake_clean_cache=False, cmake_clean_first=False, cmake_force_configure=False, ament_cmake_args=None, catkin_cmake_args=None, catkin_skip_building_tests=False, mixin_files=None, mixin=None, verb_parser=<colcon_mixin.mixin.mixin_argument.MixinArgumentDecorator object at 0x7c4ae6c99330>, verb_extension=<colcon_core.verb.build.BuildVerb object at 0x7c4ae6c98970>, main=<bound method BuildVerb.main of <colcon_core.verb.build.BuildVerb object at 0x7c4ae6c98970>>, mixin_verb=('build',))
[0.188s] Level 1:colcon.colcon_core.package_discovery:discover_packages(colcon_meta) check parameters
[0.188s] Level 1:colcon.colcon_core.package_discovery:discover_packages(recursive) check parameters
[0.188s] Level 1:colcon.colcon_core.package_discovery:discover_packages(ignore) check parameters
[0.188s] Level 1:colcon.colcon_core.package_discovery:discover_packages(path) check parameters
[0.188s] Level 1:colcon.colcon_core.package_discovery:discover_packages(colcon_meta) discover
[0.189s] Level 1:colcon.colcon_core.package_discovery:discover_packages(recursive) discover
[0.189s] INFO:colcon.colcon_core.package_discovery:Crawling recursively for packages in '/home/rudra/custom_flightmode'
[0.189s] Level 1:colcon.colcon_core.package_identification:_identify(.) by extensions ['ignore', 'ignore_ament_install']
[0.189s] Level 1:colcon.colcon_core.package_identification:_identify(.) by extension 'ignore'
[0.189s] Level 1:colcon.colcon_core.package_identification:_identify(.) by extension 'ignore_ament_install'
[0.189s] Level 1:colcon.colcon_core.package_identification:_identify(.) by extensions ['colcon_pkg']
[0.189s] Level 1:colcon.colcon_core.package_identification:_identify(.) by extension 'colcon_pkg'
[0.189s] Level 1:colcon.colcon_core.package_identification:_identify(.) by extensions ['colcon_meta']
[0.189s] Level 1:colcon.colcon_core.package_identification:_identify(.) by extension 'colcon_meta'
[0.189s] Level 1:colcon.colcon_core.package_identification:_identify(.) by extensions ['ros']
[0.189s] Level 1:colcon.colcon_core.package_identification:_identify(.) by extension 'ros'
[0.226s] Level 1:colcon.colcon_core.package_identification:_identify(.) by extensions ['cmake', 'python']
[0.226s] Level 1:colcon.colcon_core.package_identification:_identify(.) by extension 'cmake'
[0.226s] Level 1:colcon.colcon_core.package_identification:_identify(.) by extension 'python'
[0.226s] Level 1:colcon.colcon_core.package_identification:_identify(.) by extensions ['python_setup_py']
[0.226s] Level 1:colcon.colcon_core.package_identification:_identify(.) by extension 'python_setup_py'
[0.226s] Level 1:colcon.colcon_core.package_identification:_identify(build) by extensions ['ignore', 'ignore_ament_install']
[0.226s] Level 1:colcon.colcon_core.package_identification:_identify(build) by extension 'ignore'
[0.226s] Level 1:colcon.colcon_core.package_identification:_identify(build) ignored
[0.226s] Level 1:colcon.colcon_core.package_identification:_identify(install) by extensions ['ignore', 'ignore_ament_install']
[0.226s] Level 1:colcon.colcon_core.package_identification:_identify(install) by extension 'ignore'
[0.226s] Level 1:colcon.colcon_core.package_identification:_identify(install) ignored
[0.226s] Level 1:colcon.colcon_core.package_identification:_identify(log) by extensions ['ignore', 'ignore_ament_install']
[0.227s] Level 1:colcon.colcon_core.package_identification:_identify(log) by extension 'ignore'
[0.227s] Level 1:colcon.colcon_core.package_identification:_identify(log) ignored
[0.227s] Level 1:colcon.colcon_core.package_identification:_identify(src) by extensions ['ignore', 'ignore_ament_install']
[0.227s] Level 1:colcon.colcon_core.package_identification:_identify(src) by extension 'ignore'
[0.227s] Level 1:colcon.colcon_core.package_identification:_identify(src) by extension 'ignore_ament_install'
[0.227s] Level 1:colcon.colcon_core.package_identification:_identify(src) by extensions ['colcon_pkg']
[0.227s] Level 1:colcon.colcon_core.package_identification:_identify(src) by extension 'colcon_pkg'
[0.227s] Level 1:colcon.colcon_core.package_identification:_identify(src) by extensions ['colcon_meta']
[0.227s] Level 1:colcon.colcon_core.package_identification:_identify(src) by extension 'colcon_meta'
[0.227s] Level 1:colcon.colcon_core.package_identification:_identify(src) by extensions ['ros']
[0.227s] Level 1:colcon.colcon_core.package_identification:_identify(src) by extension 'ros'
[0.227s] Level 1:colcon.colcon_core.package_identification:_identify(src) by extensions ['cmake', 'python']
[0.227s] Level 1:colcon.colcon_core.package_identification:_identify(src) by extension 'cmake'
[0.227s] Level 1:colcon.colcon_core.package_identification:_identify(src) by extension 'python'
[0.227s] Level 1:colcon.colcon_core.package_identification:_identify(src) by extensions ['python_setup_py']
[0.227s] Level 1:colcon.colcon_core.package_identification:_identify(src) by extension 'python_setup_py'
[0.227s] Level 1:colcon.colcon_core.package_identification:_identify(src/px4-ros2-interface-lib) by extensions ['ignore', 'ignore_ament_install']
[0.227s] Level 1:colcon.colcon_core.package_identification:_identify(src/px4-ros2-interface-lib) by extension 'ignore'
[0.228s] Level 1:colcon.colcon_core.package_identification:_identify(src/px4-ros2-interface-lib) by extension 'ignore_ament_install'
[0.228s] Level 1:colcon.colcon_core.package_identification:_identify(src/px4-ros2-interface-lib) by extensions ['colcon_pkg']
[0.228s] Level 1:colcon.colcon_core.package_identification:_identify(src/px4-ros2-interface-lib) by extension 'colcon_pkg'
[0.228s] Level 1:colcon.colcon_core.package_identification:_identify(src/px4-ros2-interface-lib) by extensions ['colcon_meta']
[0.228s] Level 1:colcon.colcon_core.package_identification:_identify(src/px4-ros2-interface-lib) by extension 'colcon_meta'
[0.228s] Level 1:colcon.colcon_core.package_identification:_identify(src/px4-ros2-interface-lib) by extensions ['ros']
[0.228s] Level 1:colcon.colcon_core.package_identification:_identify(src/px4-ros2-interface-lib) by extension 'ros'
[0.228s] Level 1:colcon.colcon_core.package_identification:_identify(src/px4-ros2-interface-lib) by extensions ['cmake', 'python']
[0.228s] Level 1:colcon.colcon_core.package_identification:_identify(src/px4-ros2-interface-lib) by extension 'cmake'
[0.228s] Level 1:colcon.colcon_core.package_identification:_identify(src/px4-ros2-interface-lib) by extension 'python'
[0.228s] Level 1:colcon.colcon_core.package_identification:_identify(src/px4-ros2-interface-lib) by extensions ['python_setup_py']
[0.228s] Level 1:colcon.colcon_core.package_identification:_identify(src/px4-ros2-interface-lib) by extension 'python_setup_py'
[0.228s] Level 1:colcon.colcon_core.package_identification:_identify(src/px4-ros2-interface-lib/examples) by extensions ['ignore', 'ignore_ament_install']
[0.228s] Level 1:colcon.colcon_core.package_identification:_identify(src/px4-ros2-interface-lib/examples) by extension 'ignore'
[0.228s] Level 1:colcon.colcon_core.package_identification:_identify(src/px4-ros2-interface-lib/examples) by extension 'ignore_ament_install'
[0.228s] Level 1:colcon.colcon_core.package_identification:_identify(src/px4-ros2-interface-lib/examples) by extensions ['colcon_pkg']
[0.228s] Level 1:colcon.colcon_core.package_identification:_identify(src/px4-ros2-interface-lib/examples) by extension 'colcon_pkg'
[0.228s] Level 1:colcon.colcon_core.package_identification:_identify(src/px4-ros2-interface-lib/examples) by extensions ['colcon_meta']
[0.228s] Level 1:colcon.colcon_core.package_identification:_identify(src/px4-ros2-interface-lib/examples) by extension 'colcon_meta'
[0.228s] Level 1:colcon.colcon_core.package_identification:_identify(src/px4-ros2-interface-lib/examples) by extensions ['ros']
[0.228s] Level 1:colcon.colcon_core.package_identification:_identify(src/px4-ros2-interface-lib/examples) by extension 'ros'
[0.228s] Level 1:colcon.colcon_core.package_identification:_identify(src/px4-ros2-interface-lib/examples) by extensions ['cmake', 'python']
[0.229s] Level 1:colcon.colcon_core.package_identification:_identify(src/px4-ros2-interface-lib/examples) by extension 'cmake'
[0.229s] Level 1:colcon.colcon_core.package_identification:_identify(src/px4-ros2-interface-lib/examples) by extension 'python'
[0.229s] Level 1:colcon.colcon_core.package_identification:_identify(src/px4-ros2-interface-lib/examples) by extensions ['python_setup_py']
[0.229s] Level 1:colcon.colcon_core.package_identification:_identify(src/px4-ros2-interface-lib/examples) by extension 'python_setup_py'
[0.229s] Level 1:colcon.colcon_core.package_identification:_identify(src/px4-ros2-interface-lib/examples/cpp) by extensions ['ignore', 'ignore_ament_install']
[0.229s] Level 1:colcon.colcon_core.package_identification:_identify(src/px4-ros2-interface-lib/examples/cpp) by extension 'ignore'
[0.229s] Level 1:colcon.colcon_core.package_identification:_identify(src/px4-ros2-interface-lib/examples/cpp) by extension 'ignore_ament_install'
[0.229s] Level 1:colcon.colcon_core.package_identification:_identify(src/px4-ros2-interface-lib/examples/cpp) by extensions ['colcon_pkg']
[0.229s] Level 1:colcon.colcon_core.package_identification:_identify(src/px4-ros2-interface-lib/examples/cpp) by extension 'colcon_pkg'
[0.229s] Level 1:colcon.colcon_core.package_identification:_identify(src/px4-ros2-interface-lib/examples/cpp) by extensions ['colcon_meta']
[0.229s] Level 1:colcon.colcon_core.package_identification:_identify(src/px4-ros2-interface-lib/examples/cpp) by extension 'colcon_meta'
[0.229s] Level 1:colcon.colcon_core.package_identification:_identify(src/px4-ros2-interface-lib/examples/cpp) by extensions ['ros']
[0.229s] Level 1:colcon.colcon_core.package_identification:_identify(src/px4-ros2-interface-lib/examples/cpp) by extension 'ros'
[0.229s] Level 1:colcon.colcon_core.package_identification:_identify(src/px4-ros2-interface-lib/examples/cpp) by extensions ['cmake', 'python']
[0.229s] Level 1:colcon.colcon_core.package_identification:_identify(src/px4-ros2-interface-lib/examples/cpp) by extension 'cmake'
[0.229s] Level 1:colcon.colcon_core.package_identification:_identify(src/px4-ros2-interface-lib/examples/cpp) by extension 'python'
[0.229s] Level 1:colcon.colcon_core.package_identification:_identify(src/px4-ros2-interface-lib/examples/cpp) by extensions ['python_setup_py']
[0.229s] Level 1:colcon.colcon_core.package_identification:_identify(src/px4-ros2-interface-lib/examples/cpp) by extension 'python_setup_py'
[0.230s] Level 1:colcon.colcon_core.package_identification:_identify(src/px4-ros2-interface-lib/examples/cpp/modes) by extensions ['ignore', 'ignore_ament_install']
[0.230s] Level 1:colcon.colcon_core.package_identification:_identify(src/px4-ros2-interface-lib/examples/cpp/modes) by extension 'ignore'
[0.230s] Level 1:colcon.colcon_core.package_identification:_identify(src/px4-ros2-interface-lib/examples/cpp/modes) by extension 'ignore_ament_install'
[0.230s] Level 1:colcon.colcon_core.package_identification:_identify(src/px4-ros2-interface-lib/examples/cpp/modes) by extensions ['colcon_pkg']
[0.230s] Level 1:colcon.colcon_core.package_identification:_identify(src/px4-ros2-interface-lib/examples/cpp/modes) by extension 'colcon_pkg'
[0.230s] Level 1:colcon.colcon_core.package_identification:_identify(src/px4-ros2-interface-lib/examples/cpp/modes) by extensions ['colcon_meta']
[0.230s] Level 1:colcon.colcon_core.package_identification:_identify(src/px4-ros2-interface-lib/examples/cpp/modes) by extension 'colcon_meta'
[0.230s] Level 1:colcon.colcon_core.package_identification:_identify(src/px4-ros2-interface-lib/examples/cpp/modes) by extensions ['ros']
[0.230s] Level 1:colcon.colcon_core.package_identification:_identify(src/px4-ros2-interface-lib/examples/cpp/modes) by extension 'ros'
[0.230s] Level 1:colcon.colcon_core.package_identification:_identify(src/px4-ros2-interface-lib/examples/cpp/modes) by extensions ['cmake', 'python']
[0.230s] Level 1:colcon.colcon_core.package_identification:_identify(src/px4-ros2-interface-lib/examples/cpp/modes) by extension 'cmake'
[0.230s] Level 1:colcon.colcon_core.package_identification:_identify(src/px4-ros2-interface-lib/examples/cpp/modes) by extension 'python'
[0.230s] Level 1:colcon.colcon_core.package_identification:_identify(src/px4-ros2-interface-lib/examples/cpp/modes) by extensions ['python_setup_py']
[0.230s] Level 1:colcon.colcon_core.package_identification:_identify(src/px4-ros2-interface-lib/examples/cpp/modes) by extension 'python_setup_py'
[0.230s] Level 1:colcon.colcon_core.package_identification:_identify(src/px4-ros2-interface-lib/examples/cpp/modes/executor_with_multiple_modes) by extensions ['ignore', 'ignore_ament_install']
[0.231s] Level 1:colcon.colcon_core.package_identification:_identify(src/px4-ros2-interface-lib/examples/cpp/modes/executor_with_multiple_modes) by extension 'ignore'
[0.231s] Level 1:colcon.colcon_core.package_identification:_identify(src/px4-ros2-interface-lib/examples/cpp/modes/executor_with_multiple_modes) by extension 'ignore_ament_install'
[0.231s] Level 1:colcon.colcon_core.package_identification:_identify(src/px4-ros2-interface-lib/examples/cpp/modes/executor_with_multiple_modes) by extensions ['colcon_pkg']
[0.231s] Level 1:colcon.colcon_core.package_identification:_identify(src/px4-ros2-interface-lib/examples/cpp/modes/executor_with_multiple_modes) by extension 'colcon_pkg'
[0.231s] Level 1:colcon.colcon_core.package_identification:_identify(src/px4-ros2-interface-lib/examples/cpp/modes/executor_with_multiple_modes) by extensions ['colcon_meta']
[0.231s] Level 1:colcon.colcon_core.package_identification:_identify(src/px4-ros2-interface-lib/examples/cpp/modes/executor_with_multiple_modes) by extension 'colcon_meta'
[0.231s] Level 1:colcon.colcon_core.package_identification:_identify(src/px4-ros2-interface-lib/examples/cpp/modes/executor_with_multiple_modes) by extensions ['ros']
[0.231s] Level 1:colcon.colcon_core.package_identification:_identify(src/px4-ros2-interface-lib/examples/cpp/modes/executor_with_multiple_modes) by extension 'ros'
[0.234s] DEBUG:colcon.colcon_core.package_identification:Package 'src/px4-ros2-interface-lib/examples/cpp/modes/executor_with_multiple_modes' with type 'ros.ament_cmake' and name 'example_executor_with_multiple_modes_cpp'
[0.234s] Level 1:colcon.colcon_core.package_identification:_identify(src/px4-ros2-interface-lib/examples/cpp/modes/fw_attitude) by extensions ['ignore', 'ignore_ament_install']
[0.235s] Level 1:colcon.colcon_core.package_identification:_identify(src/px4-ros2-interface-lib/examples/cpp/modes/fw_attitude) by extension 'ignore'
[0.235s] Level 1:colcon.colcon_core.package_identification:_identify(src/px4-ros2-interface-lib/examples/cpp/modes/fw_attitude) by extension 'ignore_ament_install'
[0.235s] Level 1:colcon.colcon_core.package_identification:_identify(src/px4-ros2-interface-lib/examples/cpp/modes/fw_attitude) by extensions ['colcon_pkg']
[0.235s] Level 1:colcon.colcon_core.package_identification:_identify(src/px4-ros2-interface-lib/examples/cpp/modes/fw_attitude) by extension 'colcon_pkg'
[0.235s] Level 1:colcon.colcon_core.package_identification:_identify(src/px4-ros2-interface-lib/examples/cpp/modes/fw_attitude) by extensions ['colcon_meta']
[0.235s] Level 1:colcon.colcon_core.package_identification:_identify(src/px4-ros2-interface-lib/examples/cpp/modes/fw_attitude) by extension 'colcon_meta'
[0.235s] Level 1:colcon.colcon_core.package_identification:_identify(src/px4-ros2-interface-lib/examples/cpp/modes/fw_attitude) by extensions ['ros']
[0.235s] Level 1:colcon.colcon_core.package_identification:_identify(src/px4-ros2-interface-lib/examples/cpp/modes/fw_attitude) by extension 'ros'
[0.236s] DEBUG:colcon.colcon_core.package_identification:Package 'src/px4-ros2-interface-lib/examples/cpp/modes/fw_attitude' with type 'ros.ament_cmake' and name 'example_mode_fw_attitude_cpp'
[0.236s] Level 1:colcon.colcon_core.package_identification:_identify(src/px4-ros2-interface-lib/examples/cpp/modes/goto) by extensions ['ignore', 'ignore_ament_install']
[0.236s] Level 1:colcon.colcon_core.package_identification:_identify(src/px4-ros2-interface-lib/examples/cpp/modes/goto) by extension 'ignore'
[0.236s] Level 1:colcon.colcon_core.package_identification:_identify(src/px4-ros2-interface-lib/examples/cpp/modes/goto) by extension 'ignore_ament_install'
[0.236s] Level 1:colcon.colcon_core.package_identification:_identify(src/px4-ros2-interface-lib/examples/cpp/modes/goto) by extensions ['colcon_pkg']
[0.236s] Level 1:colcon.colcon_core.package_identification:_identify(src/px4-ros2-interface-lib/examples/cpp/modes/goto) by extension 'colcon_pkg'
[0.236s] Level 1:colcon.colcon_core.package_identification:_identify(src/px4-ros2-interface-lib/examples/cpp/modes/goto) by extensions ['colcon_meta']
[0.236s] Level 1:colcon.colcon_core.package_identification:_identify(src/px4-ros2-interface-lib/examples/cpp/modes/goto) by extension 'colcon_meta'
[0.236s] Level 1:colcon.colcon_core.package_identification:_identify(src/px4-ros2-interface-lib/examples/cpp/modes/goto) by extensions ['ros']
[0.236s] Level 1:colcon.colcon_core.package_identification:_identify(src/px4-ros2-interface-lib/examples/cpp/modes/goto) by extension 'ros'
[0.237s] DEBUG:colcon.colcon_core.package_identification:Package 'src/px4-ros2-interface-lib/examples/cpp/modes/goto' with type 'ros.ament_cmake' and name 'example_mode_goto_cpp'
[0.237s] Level 1:colcon.colcon_core.package_identification:_identify(src/px4-ros2-interface-lib/examples/cpp/modes/goto_global) by extensions ['ignore', 'ignore_ament_install']
[0.237s] Level 1:colcon.colcon_core.package_identification:_identify(src/px4-ros2-interface-lib/examples/cpp/modes/goto_global) by extension 'ignore'
[0.237s] Level 1:colcon.colcon_core.package_identification:_identify(src/px4-ros2-interface-lib/examples/cpp/modes/goto_global) by extension 'ignore_ament_install'
[0.237s] Level 1:colcon.colcon_core.package_identification:_identify(src/px4-ros2-interface-lib/examples/cpp/modes/goto_global) by extensions ['colcon_pkg']
[0.237s] Level 1:colcon.colcon_core.package_identification:_identify(src/px4-ros2-interface-lib/examples/cpp/modes/goto_global) by extension 'colcon_pkg'
[0.237s] Level 1:colcon.colcon_core.package_identification:_identify(src/px4-ros2-interface-lib/examples/cpp/modes/goto_global) by extensions ['colcon_meta']
[0.237s] Level 1:colcon.colcon_core.package_identification:_identify(src/px4-ros2-interface-lib/examples/cpp/modes/goto_global) by extension 'colcon_meta'
[0.237s] Level 1:colcon.colcon_core.package_identification:_identify(src/px4-ros2-interface-lib/examples/cpp/modes/goto_global) by extensions ['ros']
[0.238s] Level 1:colcon.colcon_core.package_identification:_identify(src/px4-ros2-interface-lib/examples/cpp/modes/goto_global) by extension 'ros'
[0.238s] DEBUG:colcon.colcon_core.package_identification:Package 'src/px4-ros2-interface-lib/examples/cpp/modes/goto_global' with type 'ros.ament_cmake' and name 'example_mode_goto_global_cpp'
[0.238s] Level 1:colcon.colcon_core.package_identification:_identify(src/px4-ros2-interface-lib/examples/cpp/modes/manual) by extensions ['ignore', 'ignore_ament_install']
[0.238s] Level 1:colcon.colcon_core.package_identification:_identify(src/px4-ros2-interface-lib/examples/cpp/modes/manual) by extension 'ignore'
[0.238s] Level 1:colcon.colcon_core.package_identification:_identify(src/px4-ros2-interface-lib/examples/cpp/modes/manual) by extension 'ignore_ament_install'
[0.238s] Level 1:colcon.colcon_core.package_identification:_identify(src/px4-ros2-interface-lib/examples/cpp/modes/manual) by extensions ['colcon_pkg']
[0.238s] Level 1:colcon.colcon_core.package_identification:_identify(src/px4-ros2-interface-lib/examples/cpp/modes/manual) by extension 'colcon_pkg'
[0.238s] Level 1:colcon.colcon_core.package_identification:_identify(src/px4-ros2-interface-lib/examples/cpp/modes/manual) by extensions ['colcon_meta']
[0.239s] Level 1:colcon.colcon_core.package_identification:_identify(src/px4-ros2-interface-lib/examples/cpp/modes/manual) by extension 'colcon_meta'
[0.239s] Level 1:colcon.colcon_core.package_identification:_identify(src/px4-ros2-interface-lib/examples/cpp/modes/manual) by extensions ['ros']
[0.239s] Level 1:colcon.colcon_core.package_identification:_identify(src/px4-ros2-interface-lib/examples/cpp/modes/manual) by extension 'ros'
[0.239s] DEBUG:colcon.colcon_core.package_identification:Package 'src/px4-ros2-interface-lib/examples/cpp/modes/manual' with type 'ros.ament_cmake' and name 'example_mode_manual_cpp'
[0.239s] Level 1:colcon.colcon_core.package_identification:_identify(src/px4-ros2-interface-lib/examples/cpp/modes/mission) by extensions ['ignore', 'ignore_ament_install']
[0.240s] Level 1:colcon.colcon_core.package_identification:_identify(src/px4-ros2-interface-lib/examples/cpp/modes/mission) by extension 'ignore'
[0.240s] Level 1:colcon.colcon_core.package_identification:_identify(src/px4-ros2-interface-lib/examples/cpp/modes/mission) by extension 'ignore_ament_install'
[0.240s] Level 1:colcon.colcon_core.package_identification:_identify(src/px4-ros2-interface-lib/examples/cpp/modes/mission) by extensions ['colcon_pkg']
[0.240s] Level 1:colcon.colcon_core.package_identification:_identify(src/px4-ros2-interface-lib/examples/cpp/modes/mission) by extension 'colcon_pkg'
[0.240s] Level 1:colcon.colcon_core.package_identification:_identify(src/px4-ros2-interface-lib/examples/cpp/modes/mission) by extensions ['colcon_meta']
[0.240s] Level 1:colcon.colcon_core.package_identification:_identify(src/px4-ros2-interface-lib/examples/cpp/modes/mission) by extension 'colcon_meta'
[0.240s] Level 1:colcon.colcon_core.package_identification:_identify(src/px4-ros2-interface-lib/examples/cpp/modes/mission) by extensions ['ros']
[0.240s] Level 1:colcon.colcon_core.package_identification:_identify(src/px4-ros2-interface-lib/examples/cpp/modes/mission) by extension 'ros'
[0.241s] DEBUG:colcon.colcon_core.package_identification:Package 'src/px4-ros2-interface-lib/examples/cpp/modes/mission' with type 'ros.ament_cmake' and name 'example_mode_mission_cpp'
[0.241s] Level 1:colcon.colcon_core.package_identification:_identify(src/px4-ros2-interface-lib/examples/cpp/modes/mode_with_executor) by extensions ['ignore', 'ignore_ament_install']
[0.241s] Level 1:colcon.colcon_core.package_identification:_identify(src/px4-ros2-interface-lib/examples/cpp/modes/mode_with_executor) by extension 'ignore'
[0.241s] Level 1:colcon.colcon_core.package_identification:_identify(src/px4-ros2-interface-lib/examples/cpp/modes/mode_with_executor) by extension 'ignore_ament_install'
[0.241s] Level 1:colcon.colcon_core.package_identification:_identify(src/px4-ros2-interface-lib/examples/cpp/modes/mode_with_executor) by extensions ['colcon_pkg']
[0.241s] Level 1:colcon.colcon_core.package_identification:_identify(src/px4-ros2-interface-lib/examples/cpp/modes/mode_with_executor) by extension 'colcon_pkg'
[0.241s] Level 1:colcon.colcon_core.package_identification:_identify(src/px4-ros2-interface-lib/examples/cpp/modes/mode_with_executor) by extensions ['colcon_meta']
[0.241s] Level 1:colcon.colcon_core.package_identification:_identify(src/px4-ros2-interface-lib/examples/cpp/modes/mode_with_executor) by extension 'colcon_meta'
[0.241s] Level 1:colcon.colcon_core.package_identification:_identify(src/px4-ros2-interface-lib/examples/cpp/modes/mode_with_executor) by extensions ['ros']
[0.241s] Level 1:colcon.colcon_core.package_identification:_identify(src/px4-ros2-interface-lib/examples/cpp/modes/mode_with_executor) by extension 'ros'
[0.242s] DEBUG:colcon.colcon_core.package_identification:Package 'src/px4-ros2-interface-lib/examples/cpp/modes/mode_with_executor' with type 'ros.ament_cmake' and name 'example_mode_with_executor_cpp'
[0.242s] Level 1:colcon.colcon_core.package_identification:_identify(src/px4-ros2-interface-lib/examples/cpp/modes/rover_velocity) by extensions ['ignore', 'ignore_ament_install']
[0.242s] Level 1:colcon.colcon_core.package_identification:_identify(src/px4-ros2-interface-lib/examples/cpp/modes/rover_velocity) by extension 'ignore'
[0.242s] Level 1:colcon.colcon_core.package_identification:_identify(src/px4-ros2-interface-lib/examples/cpp/modes/rover_velocity) by extension 'ignore_ament_install'
[0.242s] Level 1:colcon.colcon_core.package_identification:_identify(src/px4-ros2-interface-lib/examples/cpp/modes/rover_velocity) by extensions ['colcon_pkg']
[0.242s] Level 1:colcon.colcon_core.package_identification:_identify(src/px4-ros2-interface-lib/examples/cpp/modes/rover_velocity) by extension 'colcon_pkg'
[0.242s] Level 1:colcon.colcon_core.package_identification:_identify(src/px4-ros2-interface-lib/examples/cpp/modes/rover_velocity) by extensions ['colcon_meta']
[0.242s] Level 1:colcon.colcon_core.package_identification:_identify(src/px4-ros2-interface-lib/examples/cpp/modes/rover_velocity) by extension 'colcon_meta'
[0.242s] Level 1:colcon.colcon_core.package_identification:_identify(src/px4-ros2-interface-lib/examples/cpp/modes/rover_velocity) by extensions ['ros']
[0.242s] Level 1:colcon.colcon_core.package_identification:_identify(src/px4-ros2-interface-lib/examples/cpp/modes/rover_velocity) by extension 'ros'
[0.243s] DEBUG:colcon.colcon_core.package_identification:Package 'src/px4-ros2-interface-lib/examples/cpp/modes/rover_velocity' with type 'ros.ament_cmake' and name 'example_rover_velocity_mode_cpp'
[0.243s] Level 1:colcon.colcon_core.package_identification:_identify(src/px4-ros2-interface-lib/examples/cpp/modes/rtl_replacement) by extensions ['ignore', 'ignore_ament_install']
[0.243s] Level 1:colcon.colcon_core.package_identification:_identify(src/px4-ros2-interface-lib/examples/cpp/modes/rtl_replacement) by extension 'ignore'
[0.243s] Level 1:colcon.colcon_core.package_identification:_identify(src/px4-ros2-interface-lib/examples/cpp/modes/rtl_replacement) by extension 'ignore_ament_install'
[0.243s] Level 1:colcon.colcon_core.package_identification:_identify(src/px4-ros2-interface-lib/examples/cpp/modes/rtl_replacement) by extensions ['colcon_pkg']
[0.243s] Level 1:colcon.colcon_core.package_identification:_identify(src/px4-ros2-interface-lib/examples/cpp/modes/rtl_replacement) by extension 'colcon_pkg'
[0.243s] Level 1:colcon.colcon_core.package_identification:_identify(src/px4-ros2-interface-lib/examples/cpp/modes/rtl_replacement) by extensions ['colcon_meta']
[0.243s] Level 1:colcon.colcon_core.package_identification:_identify(src/px4-ros2-interface-lib/examples/cpp/modes/rtl_replacement) by extension 'colcon_meta'
[0.243s] Level 1:colcon.colcon_core.package_identification:_identify(src/px4-ros2-interface-lib/examples/cpp/modes/rtl_replacement) by extensions ['ros']
[0.243s] Level 1:colcon.colcon_core.package_identification:_identify(src/px4-ros2-interface-lib/examples/cpp/modes/rtl_replacement) by extension 'ros'
[0.244s] DEBUG:colcon.colcon_core.package_identification:Package 'src/px4-ros2-interface-lib/examples/cpp/modes/rtl_replacement' with type 'ros.ament_cmake' and name 'example_mode_rtl_replacement_cpp'
[0.244s] Level 1:colcon.colcon_core.package_identification:_identify(src/px4-ros2-interface-lib/examples/cpp/modes/vtol) by extensions ['ignore', 'ignore_ament_install']
[0.244s] Level 1:colcon.colcon_core.package_identification:_identify(src/px4-ros2-interface-lib/examples/cpp/modes/vtol) by extension 'ignore'
[0.244s] Level 1:colcon.colcon_core.package_identification:_identify(src/px4-ros2-interface-lib/examples/cpp/modes/vtol) by extension 'ignore_ament_install'
[0.244s] Level 1:colcon.colcon_core.package_identification:_identify(src/px4-ros2-interface-lib/examples/cpp/modes/vtol) by extensions ['colcon_pkg']
[0.244s] Level 1:colcon.colcon_core.package_identification:_identify(src/px4-ros2-interface-lib/examples/cpp/modes/vtol) by extension 'colcon_pkg'
[0.244s] Level 1:colcon.colcon_core.package_identification:_identify(src/px4-ros2-interface-lib/examples/cpp/modes/vtol) by extensions ['colcon_meta']
[0.245s] Level 1:colcon.colcon_core.package_identification:_identify(src/px4-ros2-interface-lib/examples/cpp/modes/vtol) by extension 'colcon_meta'
[0.245s] Level 1:colcon.colcon_core.package_identification:_identify(src/px4-ros2-interface-lib/examples/cpp/modes/vtol) by extensions ['ros']
[0.245s] Level 1:colcon.colcon_core.package_identification:_identify(src/px4-ros2-interface-lib/examples/cpp/modes/vtol) by extension 'ros'
[0.245s] DEBUG:colcon.colcon_core.package_identification:Package 'src/px4-ros2-interface-lib/examples/cpp/modes/vtol' with type 'ros.ament_cmake' and name 'example_mode_vtol_cpp'
[0.245s] Level 1:colcon.colcon_core.package_identification:_identify(src/px4-ros2-interface-lib/examples/cpp/navigation) by extensions ['ignore', 'ignore_ament_install']
[0.246s] Level 1:colcon.colcon_core.package_identification:_identify(src/px4-ros2-interface-lib/examples/cpp/navigation) by extension 'ignore'
[0.246s] Level 1:colcon.colcon_core.package_identification:_identify(src/px4-ros2-interface-lib/examples/cpp/navigation) by extension 'ignore_ament_install'
[0.246s] Level 1:colcon.colcon_core.package_identification:_identify(src/px4-ros2-interface-lib/examples/cpp/navigation) by extensions ['colcon_pkg']
[0.246s] Level 1:colcon.colcon_core.package_identification:_identify(src/px4-ros2-interface-lib/examples/cpp/navigation) by extension 'colcon_pkg'
[0.246s] Level 1:colcon.colcon_core.package_identification:_identify(src/px4-ros2-interface-lib/examples/cpp/navigation) by extensions ['colcon_meta']
[0.246s] Level 1:colcon.colcon_core.package_identification:_identify(src/px4-ros2-interface-lib/examples/cpp/navigation) by extension 'colcon_meta'
[0.246s] Level 1:colcon.colcon_core.package_identification:_identify(src/px4-ros2-interface-lib/examples/cpp/navigation) by extensions ['ros']
[0.246s] Level 1:colcon.colcon_core.package_identification:_identify(src/px4-ros2-interface-lib/examples/cpp/navigation) by extension 'ros'
[0.246s] Level 1:colcon.colcon_core.package_identification:_identify(src/px4-ros2-interface-lib/examples/cpp/navigation) by extensions ['cmake', 'python']
[0.246s] Level 1:colcon.colcon_core.package_identification:_identify(src/px4-ros2-interface-lib/examples/cpp/navigation) by extension 'cmake'
[0.246s] Level 1:colcon.colcon_core.package_identification:_identify(src/px4-ros2-interface-lib/examples/cpp/navigation) by extension 'python'
[0.246s] Level 1:colcon.colcon_core.package_identification:_identify(src/px4-ros2-interface-lib/examples/cpp/navigation) by extensions ['python_setup_py']
[0.246s] Level 1:colcon.colcon_core.package_identification:_identify(src/px4-ros2-interface-lib/examples/cpp/navigation) by extension 'python_setup_py'
[0.246s] Level 1:colcon.colcon_core.package_identification:_identify(src/px4-ros2-interface-lib/examples/cpp/navigation/global_navigation) by extensions ['ignore', 'ignore_ament_install']
[0.246s] Level 1:colcon.colcon_core.package_identification:_identify(src/px4-ros2-interface-lib/examples/cpp/navigation/global_navigation) by extension 'ignore'
[0.246s] Level 1:colcon.colcon_core.package_identification:_identify(src/px4-ros2-interface-lib/examples/cpp/navigation/global_navigation) by extension 'ignore_ament_install'
[0.247s] Level 1:colcon.colcon_core.package_identification:_identify(src/px4-ros2-interface-lib/examples/cpp/navigation/global_navigation) by extensions ['colcon_pkg']
[0.247s] Level 1:colcon.colcon_core.package_identification:_identify(src/px4-ros2-interface-lib/examples/cpp/navigation/global_navigation) by extension 'colcon_pkg'
[0.247s] Level 1:colcon.colcon_core.package_identification:_identify(src/px4-ros2-interface-lib/examples/cpp/navigation/global_navigation) by extensions ['colcon_meta']
[0.247s] Level 1:colcon.colcon_core.package_identification:_identify(src/px4-ros2-interface-lib/examples/cpp/navigation/global_navigation) by extension 'colcon_meta'
[0.247s] Level 1:colcon.colcon_core.package_identification:_identify(src/px4-ros2-interface-lib/examples/cpp/navigation/global_navigation) by extensions ['ros']
[0.247s] Level 1:colcon.colcon_core.package_identification:_identify(src/px4-ros2-interface-lib/examples/cpp/navigation/global_navigation) by extension 'ros'
[0.247s] DEBUG:colcon.colcon_core.package_identification:Package 'src/px4-ros2-interface-lib/examples/cpp/navigation/global_navigation' with type 'ros.ament_cmake' and name 'example_global_navigation_cpp'
[0.248s] Level 1:colcon.colcon_core.package_identification:_identify(src/px4-ros2-interface-lib/examples/cpp/navigation/local_navigation) by extensions ['ignore', 'ignore_ament_install']
[0.248s] Level 1:colcon.colcon_core.package_identification:_identify(src/px4-ros2-interface-lib/examples/cpp/navigation/local_navigation) by extension 'ignore'
[0.248s] Level 1:colcon.colcon_core.package_identification:_identify(src/px4-ros2-interface-lib/examples/cpp/navigation/local_navigation) by extension 'ignore_ament_install'
[0.248s] Level 1:colcon.colcon_core.package_identification:_identify(src/px4-ros2-interface-lib/examples/cpp/navigation/local_navigation) by extensions ['colcon_pkg']
[0.248s] Level 1:colcon.colcon_core.package_identification:_identify(src/px4-ros2-interface-lib/examples/cpp/navigation/local_navigation) by extension 'colcon_pkg'
[0.248s] Level 1:colcon.colcon_core.package_identification:_identify(src/px4-ros2-interface-lib/examples/cpp/navigation/local_navigation) by extensions ['colcon_meta']
[0.248s] Level 1:colcon.colcon_core.package_identification:_identify(src/px4-ros2-interface-lib/examples/cpp/navigation/local_navigation) by extension 'colcon_meta'
[0.248s] Level 1:colcon.colcon_core.package_identification:_identify(src/px4-ros2-interface-lib/examples/cpp/navigation/local_navigation) by extensions ['ros']
[0.248s] Level 1:colcon.colcon_core.package_identification:_identify(src/px4-ros2-interface-lib/examples/cpp/navigation/local_navigation) by extension 'ros'
[0.249s] DEBUG:colcon.colcon_core.package_identification:Package 'src/px4-ros2-interface-lib/examples/cpp/navigation/local_navigation' with type 'ros.ament_cmake' and name 'example_local_navigation_cpp'
[0.249s] Level 1:colcon.colcon_core.package_identification:_identify(src/px4-ros2-interface-lib/examples/python) by extensions ['ignore', 'ignore_ament_install']
[0.249s] Level 1:colcon.colcon_core.package_identification:_identify(src/px4-ros2-interface-lib/examples/python) by extension 'ignore'
[0.249s] Level 1:colcon.colcon_core.package_identification:_identify(src/px4-ros2-interface-lib/examples/python) by extension 'ignore_ament_install'
[0.249s] Level 1:colcon.colcon_core.package_identification:_identify(src/px4-ros2-interface-lib/examples/python) by extensions ['colcon_pkg']
[0.249s] Level 1:colcon.colcon_core.package_identification:_identify(src/px4-ros2-interface-lib/examples/python) by extension 'colcon_pkg'
[0.249s] Level 1:colcon.colcon_core.package_identification:_identify(src/px4-ros2-interface-lib/examples/python) by extensions ['colcon_meta']
[0.249s] Level 1:colcon.colcon_core.package_identification:_identify(src/px4-ros2-interface-lib/examples/python) by extension 'colcon_meta'
[0.250s] Level 1:colcon.colcon_core.package_identification:_identify(src/px4-ros2-interface-lib/examples/python) by extensions ['ros']
[0.250s] Level 1:colcon.colcon_core.package_identification:_identify(src/px4-ros2-interface-lib/examples/python) by extension 'ros'
[0.250s] Level 1:colcon.colcon_core.package_identification:_identify(src/px4-ros2-interface-lib/examples/python) by extensions ['cmake', 'python']
[0.250s] Level 1:colcon.colcon_core.package_identification:_identify(src/px4-ros2-interface-lib/examples/python) by extension 'cmake'
[0.250s] Level 1:colcon.colcon_core.package_identification:_identify(src/px4-ros2-interface-lib/examples/python) by extension 'python'
[0.250s] Level 1:colcon.colcon_core.package_identification:_identify(src/px4-ros2-interface-lib/examples/python) by extensions ['python_setup_py']
[0.250s] Level 1:colcon.colcon_core.package_identification:_identify(src/px4-ros2-interface-lib/examples/python) by extension 'python_setup_py'
[0.250s] Level 1:colcon.colcon_core.package_identification:_identify(src/px4-ros2-interface-lib/examples/python/modes) by extensions ['ignore', 'ignore_ament_install']
[0.250s] Level 1:colcon.colcon_core.package_identification:_identify(src/px4-ros2-interface-lib/examples/python/modes) by extension 'ignore'
[0.250s] Level 1:colcon.colcon_core.package_identification:_identify(src/px4-ros2-interface-lib/examples/python/modes) by extension 'ignore_ament_install'
[0.250s] Level 1:colcon.colcon_core.package_identification:_identify(src/px4-ros2-interface-lib/examples/python/modes) by extensions ['colcon_pkg']
[0.250s] Level 1:colcon.colcon_core.package_identification:_identify(src/px4-ros2-interface-lib/examples/python/modes) by extension 'colcon_pkg'
[0.250s] Level 1:colcon.colcon_core.package_identification:_identify(src/px4-ros2-interface-lib/examples/python/modes) by extensions ['colcon_meta']
[0.250s] Level 1:colcon.colcon_core.package_identification:_identify(src/px4-ros2-interface-lib/examples/python/modes) by extension 'colcon_meta'
[0.250s] Level 1:colcon.colcon_core.package_identification:_identify(src/px4-ros2-interface-lib/examples/python/modes) by extensions ['ros']
[0.250s] Level 1:colcon.colcon_core.package_identification:_identify(src/px4-ros2-interface-lib/examples/python/modes) by extension 'ros'
[0.250s] Level 1:colcon.colcon_core.package_identification:_identify(src/px4-ros2-interface-lib/examples/python/modes) by extensions ['cmake', 'python']
[0.251s] Level 1:colcon.colcon_core.package_identification:_identify(src/px4-ros2-interface-lib/examples/python/modes) by extension 'cmake'
[0.251s] Level 1:colcon.colcon_core.package_identification:_identify(src/px4-ros2-interface-lib/examples/python/modes) by extension 'python'
[0.251s] Level 1:colcon.colcon_core.package_identification:_identify(src/px4-ros2-interface-lib/examples/python/modes) by extensions ['python_setup_py']
[0.251s] Level 1:colcon.colcon_core.package_identification:_identify(src/px4-ros2-interface-lib/examples/python/modes) by extension 'python_setup_py'
[0.251s] Level 1:colcon.colcon_core.package_identification:_identify(src/px4-ros2-interface-lib/examples/python/modes/goto) by extensions ['ignore', 'ignore_ament_install']
[0.251s] Level 1:colcon.colcon_core.package_identification:_identify(src/px4-ros2-interface-lib/examples/python/modes/goto) by extension 'ignore'
[0.251s] Level 1:colcon.colcon_core.package_identification:_identify(src/px4-ros2-interface-lib/examples/python/modes/goto) by extension 'ignore_ament_install'
[0.251s] Level 1:colcon.colcon_core.package_identification:_identify(src/px4-ros2-interface-lib/examples/python/modes/goto) by extensions ['colcon_pkg']
[0.251s] Level 1:colcon.colcon_core.package_identification:_identify(src/px4-ros2-interface-lib/examples/python/modes/goto) by extension 'colcon_pkg'
[0.251s] Level 1:colcon.colcon_core.package_identification:_identify(src/px4-ros2-interface-lib/examples/python/modes/goto) by extensions ['colcon_meta']
[0.251s] Level 1:colcon.colcon_core.package_identification:_identify(src/px4-ros2-interface-lib/examples/python/modes/goto) by extension 'colcon_meta'
[0.251s] Level 1:colcon.colcon_core.package_identification:_identify(src/px4-ros2-interface-lib/examples/python/modes/goto) by extensions ['ros']
[0.251s] Level 1:colcon.colcon_core.package_identification:_identify(src/px4-ros2-interface-lib/examples/python/modes/goto) by extension 'ros'
[0.252s] DEBUG:colcon.colcon_core.package_identification:Package 'src/px4-ros2-interface-lib/examples/python/modes/goto' with type 'ros.ament_python' and name 'example_mode_goto_py'
[0.252s] Level 1:colcon.colcon_core.package_identification:_identify(src/px4-ros2-interface-lib/examples/python/modes/goto_with_rclpy) by extensions ['ignore', 'ignore_ament_install']
[0.252s] Level 1:colcon.colcon_core.package_identification:_identify(src/px4-ros2-interface-lib/examples/python/modes/goto_with_rclpy) by extension 'ignore'
[0.252s] Level 1:colcon.colcon_core.package_identification:_identify(src/px4-ros2-interface-lib/examples/python/modes/goto_with_rclpy) by extension 'ignore_ament_install'
[0.252s] Level 1:colcon.colcon_core.package_identification:_identify(src/px4-ros2-interface-lib/examples/python/modes/goto_with_rclpy) by extensions ['colcon_pkg']
[0.252s] Level 1:colcon.colcon_core.package_identification:_identify(src/px4-ros2-interface-lib/examples/python/modes/goto_with_rclpy) by extension 'colcon_pkg'
[0.252s] Level 1:colcon.colcon_core.package_identification:_identify(src/px4-ros2-interface-lib/examples/python/modes/goto_with_rclpy) by extensions ['colcon_meta']
[0.252s] Level 1:colcon.colcon_core.package_identification:_identify(src/px4-ros2-interface-lib/examples/python/modes/goto_with_rclpy) by extension 'colcon_meta'
[0.253s] Level 1:colcon.colcon_core.package_identification:_identify(src/px4-ros2-interface-lib/examples/python/modes/goto_with_rclpy) by extensions ['ros']
[0.253s] Level 1:colcon.colcon_core.package_identification:_identify(src/px4-ros2-interface-lib/examples/python/modes/goto_with_rclpy) by extension 'ros'
[0.253s] DEBUG:colcon.colcon_core.package_identification:Package 'src/px4-ros2-interface-lib/examples/python/modes/goto_with_rclpy' with type 'ros.ament_python' and name 'example_mode_with_rclpy_py'
[0.253s] Level 1:colcon.colcon_core.package_identification:_identify(src/px4-ros2-interface-lib/mission) by extensions ['ignore', 'ignore_ament_install']
[0.253s] Level 1:colcon.colcon_core.package_identification:_identify(src/px4-ros2-interface-lib/mission) by extension 'ignore'
[0.253s] Level 1:colcon.colcon_core.package_identification:_identify(src/px4-ros2-interface-lib/mission) by extension 'ignore_ament_install'
[0.253s] Level 1:colcon.colcon_core.package_identification:_identify(src/px4-ros2-interface-lib/mission) by extensions ['colcon_pkg']
[0.253s] Level 1:colcon.colcon_core.package_identification:_identify(src/px4-ros2-interface-lib/mission) by extension 'colcon_pkg'
[0.254s] Level 1:colcon.colcon_core.package_identification:_identify(src/px4-ros2-interface-lib/mission) by extensions ['colcon_meta']
[0.254s] Level 1:colcon.colcon_core.package_identification:_identify(src/px4-ros2-interface-lib/mission) by extension 'colcon_meta'
[0.254s] Level 1:colcon.colcon_core.package_identification:_identify(src/px4-ros2-interface-lib/mission) by extensions ['ros']
[0.254s] Level 1:colcon.colcon_core.package_identification:_identify(src/px4-ros2-interface-lib/mission) by extension 'ros'
[0.254s] Level 1:colcon.colcon_core.package_identification:_identify(src/px4-ros2-interface-lib/mission) by extensions ['cmake', 'python']
[0.254s] Level 1:colcon.colcon_core.package_identification:_identify(src/px4-ros2-interface-lib/mission) by extension 'cmake'
[0.254s] Level 1:colcon.colcon_core.package_identification:_identify(src/px4-ros2-interface-lib/mission) by extension 'python'
[0.254s] Level 1:colcon.colcon_core.package_identification:_identify(src/px4-ros2-interface-lib/mission) by extensions ['python_setup_py']
[0.254s] Level 1:colcon.colcon_core.package_identification:_identify(src/px4-ros2-interface-lib/mission) by extension 'python_setup_py'
[0.254s] Level 1:colcon.colcon_core.package_identification:_identify(src/px4-ros2-interface-lib/mission/examples) by extensions ['ignore', 'ignore_ament_install']
[0.254s] Level 1:colcon.colcon_core.package_identification:_identify(src/px4-ros2-interface-lib/mission/examples) by extension 'ignore'
[0.254s] Level 1:colcon.colcon_core.package_identification:_identify(src/px4-ros2-interface-lib/mission/examples) by extension 'ignore_ament_install'
[0.254s] Level 1:colcon.colcon_core.package_identification:_identify(src/px4-ros2-interface-lib/mission/examples) by extensions ['colcon_pkg']
[0.254s] Level 1:colcon.colcon_core.package_identification:_identify(src/px4-ros2-interface-lib/mission/examples) by extension 'colcon_pkg'
[0.254s] Level 1:colcon.colcon_core.package_identification:_identify(src/px4-ros2-interface-lib/mission/examples) by extensions ['colcon_meta']
[0.254s] Level 1:colcon.colcon_core.package_identification:_identify(src/px4-ros2-interface-lib/mission/examples) by extension 'colcon_meta'
[0.254s] Level 1:colcon.colcon_core.package_identification:_identify(src/px4-ros2-interface-lib/mission/examples) by extensions ['ros']
[0.254s] Level 1:colcon.colcon_core.package_identification:_identify(src/px4-ros2-interface-lib/mission/examples) by extension 'ros'
[0.254s] Level 1:colcon.colcon_core.package_identification:_identify(src/px4-ros2-interface-lib/mission/examples) by extensions ['cmake', 'python']
[0.254s] Level 1:colcon.colcon_core.package_identification:_identify(src/px4-ros2-interface-lib/mission/examples) by extension 'cmake'
[0.254s] Level 1:colcon.colcon_core.package_identification:_identify(src/px4-ros2-interface-lib/mission/examples) by extension 'python'
[0.254s] Level 1:colcon.colcon_core.package_identification:_identify(src/px4-ros2-interface-lib/mission/examples) by extensions ['python_setup_py']
[0.255s] Level 1:colcon.colcon_core.package_identification:_identify(src/px4-ros2-interface-lib/mission/examples) by extension 'python_setup_py'
[0.255s] Level 1:colcon.colcon_core.package_identification:_identify(src/px4-ros2-interface-lib/px4_ros2_cpp) by extensions ['ignore', 'ignore_ament_install']
[0.255s] Level 1:colcon.colcon_core.package_identification:_identify(src/px4-ros2-interface-lib/px4_ros2_cpp) by extension 'ignore'
[0.255s] Level 1:colcon.colcon_core.package_identification:_identify(src/px4-ros2-interface-lib/px4_ros2_cpp) by extension 'ignore_ament_install'
[0.255s] Level 1:colcon.colcon_core.package_identification:_identify(src/px4-ros2-interface-lib/px4_ros2_cpp) by extensions ['colcon_pkg']
[0.255s] Level 1:colcon.colcon_core.package_identification:_identify(src/px4-ros2-interface-lib/px4_ros2_cpp) by extension 'colcon_pkg'
[0.255s] Level 1:colcon.colcon_core.package_identification:_identify(src/px4-ros2-interface-lib/px4_ros2_cpp) by extensions ['colcon_meta']
[0.255s] Level 1:colcon.colcon_core.package_identification:_identify(src/px4-ros2-interface-lib/px4_ros2_cpp) by extension 'colcon_meta'
[0.255s] Level 1:colcon.colcon_core.package_identification:_identify(src/px4-ros2-interface-lib/px4_ros2_cpp) by extensions ['ros']
[0.255s] Level 1:colcon.colcon_core.package_identification:_identify(src/px4-ros2-interface-lib/px4_ros2_cpp) by extension 'ros'
[0.256s] DEBUG:colcon.colcon_core.package_identification:Package 'src/px4-ros2-interface-lib/px4_ros2_cpp' with type 'ros.ament_cmake' and name 'px4_ros2_cpp'
[0.256s] Level 1:colcon.colcon_core.package_identification:_identify(src/px4-ros2-interface-lib/px4_ros2_py) by extensions ['ignore', 'ignore_ament_install']
[0.256s] Level 1:colcon.colcon_core.package_identification:_identify(src/px4-ros2-interface-lib/px4_ros2_py) by extension 'ignore'
[0.256s] Level 1:colcon.colcon_core.package_identification:_identify(src/px4-ros2-interface-lib/px4_ros2_py) by extension 'ignore_ament_install'
[0.256s] Level 1:colcon.colcon_core.package_identification:_identify(src/px4-ros2-interface-lib/px4_ros2_py) by extensions ['colcon_pkg']
[0.256s] Level 1:colcon.colcon_core.package_identification:_identify(src/px4-ros2-interface-lib/px4_ros2_py) by extension 'colcon_pkg'
[0.256s] Level 1:colcon.colcon_core.package_identification:_identify(src/px4-ros2-interface-lib/px4_ros2_py) by extensions ['colcon_meta']
[0.256s] Level 1:colcon.colcon_core.package_identification:_identify(src/px4-ros2-interface-lib/px4_ros2_py) by extension 'colcon_meta'
[0.256s] Level 1:colcon.colcon_core.package_identification:_identify(src/px4-ros2-interface-lib/px4_ros2_py) by extensions ['ros']
[0.256s] Level 1:colcon.colcon_core.package_identification:_identify(src/px4-ros2-interface-lib/px4_ros2_py) by extension 'ros'
[0.257s] DEBUG:colcon.colcon_core.package_identification:Package 'src/px4-ros2-interface-lib/px4_ros2_py' with type 'ros.ament_cmake' and name 'px4_ros2_py'
[0.257s] Level 1:colcon.colcon_core.package_identification:_identify(src/px4-ros2-interface-lib/python_docs) by extensions ['ignore', 'ignore_ament_install']
[0.257s] Level 1:colcon.colcon_core.package_identification:_identify(src/px4-ros2-interface-lib/python_docs) by extension 'ignore'
[0.257s] Level 1:colcon.colcon_core.package_identification:_identify(src/px4-ros2-interface-lib/python_docs) by extension 'ignore_ament_install'
[0.257s] Level 1:colcon.colcon_core.package_identification:_identify(src/px4-ros2-interface-lib/python_docs) by extensions ['colcon_pkg']
[0.258s] Level 1:colcon.colcon_core.package_identification:_identify(src/px4-ros2-interface-lib/python_docs) by extension 'colcon_pkg'
[0.258s] Level 1:colcon.colcon_core.package_identification:_identify(src/px4-ros2-interface-lib/python_docs) by extensions ['colcon_meta']
[0.258s] Level 1:colcon.colcon_core.package_identification:_identify(src/px4-ros2-interface-lib/python_docs) by extension 'colcon_meta'
[0.258s] Level 1:colcon.colcon_core.package_identification:_identify(src/px4-ros2-interface-lib/python_docs) by extensions ['ros']
[0.258s] Level 1:colcon.colcon_core.package_identification:_identify(src/px4-ros2-interface-lib/python_docs) by extension 'ros'
[0.258s] Level 1:colcon.colcon_core.package_identification:_identify(src/px4-ros2-interface-lib/python_docs) by extensions ['cmake', 'python']
[0.258s] Level 1:colcon.colcon_core.package_identification:_identify(src/px4-ros2-interface-lib/python_docs) by extension 'cmake'
[0.258s] Level 1:colcon.colcon_core.package_identification:_identify(src/px4-ros2-interface-lib/python_docs) by extension 'python'
[0.258s] Level 1:colcon.colcon_core.package_identification:_identify(src/px4-ros2-interface-lib/python_docs) by extensions ['python_setup_py']
[0.258s] Level 1:colcon.colcon_core.package_identification:_identify(src/px4-ros2-interface-lib/python_docs) by extension 'python_setup_py'
[0.258s] Level 1:colcon.colcon_core.package_identification:_identify(src/px4-ros2-interface-lib/scripts) by extensions ['ignore', 'ignore_ament_install']
[0.258s] Level 1:colcon.colcon_core.package_identification:_identify(src/px4-ros2-interface-lib/scripts) by extension 'ignore'
[0.258s] Level 1:colcon.colcon_core.package_identification:_identify(src/px4-ros2-interface-lib/scripts) by extension 'ignore_ament_install'
[0.258s] Level 1:colcon.colcon_core.package_identification:_identify(src/px4-ros2-interface-lib/scripts) by extensions ['colcon_pkg']
[0.258s] Level 1:colcon.colcon_core.package_identification:_identify(src/px4-ros2-interface-lib/scripts) by extension 'colcon_pkg'
[0.258s] Level 1:colcon.colcon_core.package_identification:_identify(src/px4-ros2-interface-lib/scripts) by extensions ['colcon_meta']
[0.259s] Level 1:colcon.colcon_core.package_identification:_identify(src/px4-ros2-interface-lib/scripts) by extension 'colcon_meta'
[0.259s] Level 1:colcon.colcon_core.package_identification:_identify(src/px4-ros2-interface-lib/scripts) by extensions ['ros']
[0.259s] Level 1:colcon.colcon_core.package_identification:_identify(src/px4-ros2-interface-lib/scripts) by extension 'ros'
[0.259s] Level 1:colcon.colcon_core.package_identification:_identify(src/px4-ros2-interface-lib/scripts) by extensions ['cmake', 'python']
[0.259s] Level 1:colcon.colcon_core.package_identification:_identify(src/px4-ros2-interface-lib/scripts) by extension 'cmake'
[0.259s] Level 1:colcon.colcon_core.package_identification:_identify(src/px4-ros2-interface-lib/scripts) by extension 'python'
[0.259s] Level 1:colcon.colcon_core.package_identification:_identify(src/px4-ros2-interface-lib/scripts) by extensions ['python_setup_py']
[0.259s] Level 1:colcon.colcon_core.package_identification:_identify(src/px4-ros2-interface-lib/scripts) by extension 'python_setup_py'
[0.259s] Level 1:colcon.colcon_core.package_identification:_identify(src/px4_msgs) by extensions ['ignore', 'ignore_ament_install']
[0.259s] Level 1:colcon.colcon_core.package_identification:_identify(src/px4_msgs) by extension 'ignore'
[0.259s] Level 1:colcon.colcon_core.package_identification:_identify(src/px4_msgs) by extension 'ignore_ament_install'
[0.259s] Level 1:colcon.colcon_core.package_identification:_identify(src/px4_msgs) by extensions ['colcon_pkg']
[0.259s] Level 1:colcon.colcon_core.package_identification:_identify(src/px4_msgs) by extension 'colcon_pkg'
[0.259s] Level 1:colcon.colcon_core.package_identification:_identify(src/px4_msgs) by extensions ['colcon_meta']
[0.259s] Level 1:colcon.colcon_core.package_identification:_identify(src/px4_msgs) by extension 'colcon_meta'
[0.259s] Level 1:colcon.colcon_core.package_identification:_identify(src/px4_msgs) by extensions ['ros']
[0.259s] Level 1:colcon.colcon_core.package_identification:_identify(src/px4_msgs) by extension 'ros'
[0.260s] DEBUG:colcon.colcon_core.package_identification:Package 'src/px4_msgs' with type 'ros.ament_cmake' and name 'px4_msgs'
[0.260s] Level 1:colcon.colcon_core.package_identification:_identify(src/px4_ros2_custom_flight_mode-main) by extensions ['ignore', 'ignore_ament_install']
[0.260s] Level 1:colcon.colcon_core.package_identification:_identify(src/px4_ros2_custom_flight_mode-main) by extension 'ignore'
[0.260s] Level 1:colcon.colcon_core.package_identification:_identify(src/px4_ros2_custom_flight_mode-main) by extension 'ignore_ament_install'
[0.261s] Level 1:colcon.colcon_core.package_identification:_identify(src/px4_ros2_custom_flight_mode-main) by extensions ['colcon_pkg']
[0.261s] Level 1:colcon.colcon_core.package_identification:_identify(src/px4_ros2_custom_flight_mode-main) by extension 'colcon_pkg'
[0.261s] Level 1:colcon.colcon_core.package_identification:_identify(src/px4_ros2_custom_flight_mode-main) by extensions ['colcon_meta']
[0.261s] Level 1:colcon.colcon_core.package_identification:_identify(src/px4_ros2_custom_flight_mode-main) by extension 'colcon_meta'
[0.261s] Level 1:colcon.colcon_core.package_identification:_identify(src/px4_ros2_custom_flight_mode-main) by extensions ['ros']
[0.261s] Level 1:colcon.colcon_core.package_identification:_identify(src/px4_ros2_custom_flight_mode-main) by extension 'ros'
[0.261s] DEBUG:colcon.colcon_core.package_identification:Package 'src/px4_ros2_custom_flight_mode-main' with type 'ros.ament_cmake' and name 'draw_flight_mode'
[0.261s] Level 1:colcon.colcon_core.package_discovery:discover_packages(recursive) using defaults
[0.261s] Level 1:colcon.colcon_core.package_discovery:discover_packages(ignore) discover
[0.262s] Level 1:colcon.colcon_core.package_discovery:discover_packages(ignore) using defaults
[0.262s] Level 1:colcon.colcon_core.package_discovery:discover_packages(path) discover
[0.262s] Level 1:colcon.colcon_core.package_discovery:discover_packages(path) using defaults
[0.291s] Level 1:colcon.colcon_core.package_discovery:discover_packages(prefix_path) check parameters
[0.291s] Level 1:colcon.colcon_core.package_discovery:discover_packages(prefix_path) discover
[0.294s] DEBUG:colcon.colcon_installed_package_information.package_discovery:Found 2 installed packages in /home/rudra/ros2_ws/install
[0.295s] DEBUG:colcon.colcon_installed_package_information.package_discovery:Found 273 installed packages in /opt/ros/humble
[0.297s] Level 1:colcon.colcon_core.package_discovery:discover_packages(prefix_path) using defaults
[0.355s] Level 5:colcon.colcon_core.verb:set package 'px4_msgs' build argument 'cmake_args' from command line to 'None'
[0.355s] Level 5:colcon.colcon_core.verb:set package 'px4_msgs' build argument 'cmake_target' from command line to 'None'
[0.355s] Level 5:colcon.colcon_core.verb:set package 'px4_msgs' build argument 'cmake_target_skip_unavailable' from command line to 'False'
[0.355s] Level 5:colcon.colcon_core.verb:set package 'px4_msgs' build argument 'cmake_clean_cache' from command line to 'False'
[0.355s] Level 5:colcon.colcon_core.verb:set package 'px4_msgs' build argument 'cmake_clean_first' from command line to 'False'
[0.355s] Level 5:colcon.colcon_core.verb:set package 'px4_msgs' build argument 'cmake_force_configure' from command line to 'False'
[0.355s] Level 5:colcon.colcon_core.verb:set package 'px4_msgs' build argument 'ament_cmake_args' from command line to 'None'
[0.356s] Level 5:colcon.colcon_core.verb:set package 'px4_msgs' build argument 'catkin_cmake_args' from command line to 'None'
[0.356s] Level 5:colcon.colcon_core.verb:set package 'px4_msgs' build argument 'catkin_skip_building_tests' from command line to 'False'
[0.356s] DEBUG:colcon.colcon_core.verb:Building package 'px4_msgs' with the following arguments: {'ament_cmake_args': None, 'build_base': '/home/rudra/custom_flightmode/build/px4_msgs', 'catkin_cmake_args': None, 'catkin_skip_building_tests': False, 'cmake_args': None, 'cmake_clean_cache': False, 'cmake_clean_first': False, 'cmake_force_configure': False, 'cmake_target': None, 'cmake_target_skip_unavailable': False, 'install_base': '/home/rudra/custom_flightmode/install/px4_msgs', 'merge_install': False, 'path': '/home/rudra/custom_flightmode/src/px4_msgs', 'symlink_install': False, 'test_result_base': None}
[0.356s] Level 5:colcon.colcon_core.verb:set package 'px4_ros2_cpp' build argument 'cmake_args' from command line to 'None'
[0.356s] Level 5:colcon.colcon_core.verb:set package 'px4_ros2_cpp' build argument 'cmake_target' from command line to 'None'
[0.356s] Level 5:colcon.colcon_core.verb:set package 'px4_ros2_cpp' build argument 'cmake_target_skip_unavailable' from command line to 'False'
[0.356s] Level 5:colcon.colcon_core.verb:set package 'px4_ros2_cpp' build argument 'cmake_clean_cache' from command line to 'False'
[0.356s] Level 5:colcon.colcon_core.verb:set package 'px4_ros2_cpp' build argument 'cmake_clean_first' from command line to 'False'
[0.356s] Level 5:colcon.colcon_core.verb:set package 'px4_ros2_cpp' build argument 'cmake_force_configure' from command line to 'False'
[0.356s] Level 5:colcon.colcon_core.verb:set package 'px4_ros2_cpp' build argument 'ament_cmake_args' from command line to 'None'
[0.356s] Level 5:colcon.colcon_core.verb:set package 'px4_ros2_cpp' build argument 'catkin_cmake_args' from command line to 'None'
[0.356s] Level 5:colcon.colcon_core.verb:set package 'px4_ros2_cpp' build argument 'catkin_skip_building_tests' from command line to 'False'
[0.356s] DEBUG:colcon.colcon_core.verb:Building package 'px4_ros2_cpp' with the following arguments: {'ament_cmake_args': None, 'build_base': '/home/rudra/custom_flightmode/build/px4_ros2_cpp', 'catkin_cmake_args': None, 'catkin_skip_building_tests': False, 'cmake_args': None, 'cmake_clean_cache': False, 'cmake_clean_first': False, 'cmake_force_configure': False, 'cmake_target': None, 'cmake_target_skip_unavailable': False, 'install_base': '/home/rudra/custom_flightmode/install/px4_ros2_cpp', 'merge_install': False, 'path': '/home/rudra/custom_flightmode/src/px4-ros2-interface-lib/px4_ros2_cpp', 'symlink_install': False, 'test_result_base': None}
[0.356s] Level 5:colcon.colcon_core.verb:set package 'draw_flight_mode' build argument 'cmake_args' from command line to 'None'
[0.356s] Level 5:colcon.colcon_core.verb:set package 'draw_flight_mode' build argument 'cmake_target' from command line to 'None'
[0.356s] Level 5:colcon.colcon_core.verb:set package 'draw_flight_mode' build argument 'cmake_target_skip_unavailable' from command line to 'False'
[0.356s] Level 5:colcon.colcon_core.verb:set package 'draw_flight_mode' build argument 'cmake_clean_cache' from command line to 'False'
[0.357s] Level 5:colcon.colcon_core.verb:set package 'draw_flight_mode' build argument 'cmake_clean_first' from command line to 'False'
[0.357s] Level 5:colcon.colcon_core.verb:set package 'draw_flight_mode' build argument 'cmake_force_configure' from command line to 'False'
[0.357s] Level 5:colcon.colcon_core.verb:set package 'draw_flight_mode' build argument 'ament_cmake_args' from command line to 'None'
[0.357s] Level 5:colcon.colcon_core.verb:set package 'draw_flight_mode' build argument 'catkin_cmake_args' from command line to 'None'
[0.357s] Level 5:colcon.colcon_core.verb:set package 'draw_flight_mode' build argument 'catkin_skip_building_tests' from command line to 'False'
[0.357s] DEBUG:colcon.colcon_core.verb:Building package 'draw_flight_mode' with the following arguments: {'ament_cmake_args': None, 'build_base': '/home/rudra/custom_flightmode/build/draw_flight_mode', 'catkin_cmake_args': None, 'catkin_skip_building_tests': False, 'cmake_args': None, 'cmake_clean_cache': False, 'cmake_clean_first': False, 'cmake_force_configure': False, 'cmake_target': None, 'cmake_target_skip_unavailable': False, 'install_base': '/home/rudra/custom_flightmode/install/draw_flight_mode', 'merge_install': False, 'path': '/home/rudra/custom_flightmode/src/px4_ros2_custom_flight_mode-main', 'symlink_install': False, 'test_result_base': None}
[0.357s] Level 5:colcon.colcon_core.verb:set package 'example_executor_with_multiple_modes_cpp' build argument 'cmake_args' from command line to 'None'
[0.357s] Level 5:colcon.colcon_core.verb:set package 'example_executor_with_multiple_modes_cpp' build argument 'cmake_target' from command line to 'None'
[0.357s] Level 5:colcon.colcon_core.verb:set package 'example_executor_with_multiple_modes_cpp' build argument 'cmake_target_skip_unavailable' from command line to 'False'
[0.357s] Level 5:colcon.colcon_core.verb:set package 'example_executor_with_multiple_modes_cpp' build argument 'cmake_clean_cache' from command line to 'False'
[0.357s] Level 5:colcon.colcon_core.verb:set package 'example_executor_with_multiple_modes_cpp' build argument 'cmake_clean_first' from command line to 'False'
[0.357s] Level 5:colcon.colcon_core.verb:set package 'example_executor_with_multiple_modes_cpp' build argument 'cmake_force_configure' from command line to 'False'
[0.357s] Level 5:colcon.colcon_core.verb:set package 'example_executor_with_multiple_modes_cpp' build argument 'ament_cmake_args' from command line to 'None'
[0.357s] Level 5:colcon.colcon_core.verb:set package 'example_executor_with_multiple_modes_cpp' build argument 'catkin_cmake_args' from command line to 'None'
[0.357s] Level 5:colcon.colcon_core.verb:set package 'example_executor_with_multiple_modes_cpp' build argument 'catkin_skip_building_tests' from command line to 'False'
[0.357s] DEBUG:colcon.colcon_core.verb:Building package 'example_executor_with_multiple_modes_cpp' with the following arguments: {'ament_cmake_args': None, 'build_base': '/home/rudra/custom_flightmode/build/example_executor_with_multiple_modes_cpp', 'catkin_cmake_args': None, 'catkin_skip_building_tests': False, 'cmake_args': None, 'cmake_clean_cache': False, 'cmake_clean_first': False, 'cmake_force_configure': False, 'cmake_target': None, 'cmake_target_skip_unavailable': False, 'install_base': '/home/rudra/custom_flightmode/install/example_executor_with_multiple_modes_cpp', 'merge_install': False, 'path': '/home/rudra/custom_flightmode/src/px4-ros2-interface-lib/examples/cpp/modes/executor_with_multiple_modes', 'symlink_install': False, 'test_result_base': None}
[0.358s] Level 5:colcon.colcon_core.verb:set package 'example_global_navigation_cpp' build argument 'cmake_args' from command line to 'None'
[0.358s] Level 5:colcon.colcon_core.verb:set package 'example_global_navigation_cpp' build argument 'cmake_target' from command line to 'None'
[0.358s] Level 5:colcon.colcon_core.verb:set package 'example_global_navigation_cpp' build argument 'cmake_target_skip_unavailable' from command line to 'False'
[0.358s] Level 5:colcon.colcon_core.verb:set package 'example_global_navigation_cpp' build argument 'cmake_clean_cache' from command line to 'False'
[0.358s] Level 5:colcon.colcon_core.verb:set package 'example_global_navigation_cpp' build argument 'cmake_clean_first' from command line to 'False'
[0.358s] Level 5:colcon.colcon_core.verb:set package 'example_global_navigation_cpp' build argument 'cmake_force_configure' from command line to 'False'
[0.358s] Level 5:colcon.colcon_core.verb:set package 'example_global_navigation_cpp' build argument 'ament_cmake_args' from command line to 'None'
[0.358s] Level 5:colcon.colcon_core.verb:set package 'example_global_navigation_cpp' build argument 'catkin_cmake_args' from command line to 'None'
[0.358s] Level 5:colcon.colcon_core.verb:set package 'example_global_navigation_cpp' build argument 'catkin_skip_building_tests' from command line to 'False'
[0.358s] DEBUG:colcon.colcon_core.verb:Building package 'example_global_navigation_cpp' with the following arguments: {'ament_cmake_args': None, 'build_base': '/home/rudra/custom_flightmode/build/example_global_navigation_cpp', 'catkin_cmake_args': None, 'catkin_skip_building_tests': False, 'cmake_args': None, 'cmake_clean_cache': False, 'cmake_clean_first': False, 'cmake_force_configure': False, 'cmake_target': None, 'cmake_target_skip_unavailable': False, 'install_base': '/home/rudra/custom_flightmode/install/example_global_navigation_cpp', 'merge_install': False, 'path': '/home/rudra/custom_flightmode/src/px4-ros2-interface-lib/examples/cpp/navigation/global_navigation', 'symlink_install': False, 'test_result_base': None}
[0.358s] Level 5:colcon.colcon_core.verb:set package 'example_local_navigation_cpp' build argument 'cmake_args' from command line to 'None'
[0.358s] Level 5:colcon.colcon_core.verb:set package 'example_local_navigation_cpp' build argument 'cmake_target' from command line to 'None'
[0.358s] Level 5:colcon.colcon_core.verb:set package 'example_local_navigation_cpp' build argument 'cmake_target_skip_unavailable' from command line to 'False'
[0.358s] Level 5:colcon.colcon_core.verb:set package 'example_local_navigation_cpp' build argument 'cmake_clean_cache' from command line to 'False'
[0.358s] Level 5:colcon.colcon_core.verb:set package 'example_local_navigation_cpp' build argument 'cmake_clean_first' from command line to 'False'
[0.358s] Level 5:colcon.colcon_core.verb:set package 'example_local_navigation_cpp' build argument 'cmake_force_configure' from command line to 'False'
[0.358s] Level 5:colcon.colcon_core.verb:set package 'example_local_navigation_cpp' build argument 'ament_cmake_args' from command line to 'None'
[0.358s] Level 5:colcon.colcon_core.verb:set package 'example_local_navigation_cpp' build argument 'catkin_cmake_args' from command line to 'None'
[0.358s] Level 5:colcon.colcon_core.verb:set package 'example_local_navigation_cpp' build argument 'catkin_skip_building_tests' from command line to 'False'
[0.359s] DEBUG:colcon.colcon_core.verb:Building package 'example_local_navigation_cpp' with the following arguments: {'ament_cmake_args': None, 'build_base': '/home/rudra/custom_flightmode/build/example_local_navigation_cpp', 'catkin_cmake_args': None, 'catkin_skip_building_tests': False, 'cmake_args': None, 'cmake_clean_cache': False, 'cmake_clean_first': False, 'cmake_force_configure': False, 'cmake_target': None, 'cmake_target_skip_unavailable': False, 'install_base': '/home/rudra/custom_flightmode/install/example_local_navigation_cpp', 'merge_install': False, 'path': '/home/rudra/custom_flightmode/src/px4-ros2-interface-lib/examples/cpp/navigation/local_navigation', 'symlink_install': False, 'test_result_base': None}
[0.359s] Level 5:colcon.colcon_core.verb:set package 'example_mode_fw_attitude_cpp' build argument 'cmake_args' from command line to 'None'
[0.359s] Level 5:colcon.colcon_core.verb:set package 'example_mode_fw_attitude_cpp' build argument 'cmake_target' from command line to 'None'
[0.359s] Level 5:colcon.colcon_core.verb:set package 'example_mode_fw_attitude_cpp' build argument 'cmake_target_skip_unavailable' from command line to 'False'
[0.359s] Level 5:colcon.colcon_core.verb:set package 'example_mode_fw_attitude_cpp' build argument 'cmake_clean_cache' from command line to 'False'
[0.359s] Level 5:colcon.colcon_core.verb:set package 'example_mode_fw_attitude_cpp' build argument 'cmake_clean_first' from command line to 'False'
[0.359s] Level 5:colcon.colcon_core.verb:set package 'example_mode_fw_attitude_cpp' build argument 'cmake_force_configure' from command line to 'False'
[0.359s] Level 5:colcon.colcon_core.verb:set package 'example_mode_fw_attitude_cpp' build argument 'ament_cmake_args' from command line to 'None'
[0.359s] Level 5:colcon.colcon_core.verb:set package 'example_mode_fw_attitude_cpp' build argument 'catkin_cmake_args' from command line to 'None'
[0.359s] Level 5:colcon.colcon_core.verb:set package 'example_mode_fw_attitude_cpp' build argument 'catkin_skip_building_tests' from command line to 'False'
[0.359s] DEBUG:colcon.colcon_core.verb:Building package 'example_mode_fw_attitude_cpp' with the following arguments: {'ament_cmake_args': None, 'build_base': '/home/rudra/custom_flightmode/build/example_mode_fw_attitude_cpp', 'catkin_cmake_args': None, 'catkin_skip_building_tests': False, 'cmake_args': None, 'cmake_clean_cache': False, 'cmake_clean_first': False, 'cmake_force_configure': False, 'cmake_target': None, 'cmake_target_skip_unavailable': False, 'install_base': '/home/rudra/custom_flightmode/install/example_mode_fw_attitude_cpp', 'merge_install': False, 'path': '/home/rudra/custom_flightmode/src/px4-ros2-interface-lib/examples/cpp/modes/fw_attitude', 'symlink_install': False, 'test_result_base': None}
[0.359s] Level 5:colcon.colcon_core.verb:set package 'example_mode_goto_cpp' build argument 'cmake_args' from command line to 'None'
[0.360s] Level 5:colcon.colcon_core.verb:set package 'example_mode_goto_cpp' build argument 'cmake_target' from command line to 'None'
[0.360s] Level 5:colcon.colcon_core.verb:set package 'example_mode_goto_cpp' build argument 'cmake_target_skip_unavailable' from command line to 'False'
[0.360s] Level 5:colcon.colcon_core.verb:set package 'example_mode_goto_cpp' build argument 'cmake_clean_cache' from command line to 'False'
[0.360s] Level 5:colcon.colcon_core.verb:set package 'example_mode_goto_cpp' build argument 'cmake_clean_first' from command line to 'False'
[0.360s] Level 5:colcon.colcon_core.verb:set package 'example_mode_goto_cpp' build argument 'cmake_force_configure' from command line to 'False'
[0.360s] Level 5:colcon.colcon_core.verb:set package 'example_mode_goto_cpp' build argument 'ament_cmake_args' from command line to 'None'
[0.360s] Level 5:colcon.colcon_core.verb:set package 'example_mode_goto_cpp' build argument 'catkin_cmake_args' from command line to 'None'
[0.360s] Level 5:colcon.colcon_core.verb:set package 'example_mode_goto_cpp' build argument 'catkin_skip_building_tests' from command line to 'False'
[0.360s] DEBUG:colcon.colcon_core.verb:Building package 'example_mode_goto_cpp' with the following arguments: {'ament_cmake_args': None, 'build_base': '/home/rudra/custom_flightmode/build/example_mode_goto_cpp', 'catkin_cmake_args': None, 'catkin_skip_building_tests': False, 'cmake_args': None, 'cmake_clean_cache': False, 'cmake_clean_first': False, 'cmake_force_configure': False, 'cmake_target': None, 'cmake_target_skip_unavailable': False, 'install_base': '/home/rudra/custom_flightmode/install/example_mode_goto_cpp', 'merge_install': False, 'path': '/home/rudra/custom_flightmode/src/px4-ros2-interface-lib/examples/cpp/modes/goto', 'symlink_install': False, 'test_result_base': None}
[0.360s] Level 5:colcon.colcon_core.verb:set package 'example_mode_goto_global_cpp' build argument 'cmake_args' from command line to 'None'
[0.360s] Level 5:colcon.colcon_core.verb:set package 'example_mode_goto_global_cpp' build argument 'cmake_target' from command line to 'None'
[0.360s] Level 5:colcon.colcon_core.verb:set package 'example_mode_goto_global_cpp' build argument 'cmake_target_skip_unavailable' from command line to 'False'
[0.360s] Level 5:colcon.colcon_core.verb:set package 'example_mode_goto_global_cpp' build argument 'cmake_clean_cache' from command line to 'False'
[0.360s] Level 5:colcon.colcon_core.verb:set package 'example_mode_goto_global_cpp' build argument 'cmake_clean_first' from command line to 'False'
[0.360s] Level 5:colcon.colcon_core.verb:set package 'example_mode_goto_global_cpp' build argument 'cmake_force_configure' from command line to 'False'
[0.360s] Level 5:colcon.colcon_core.verb:set package 'example_mode_goto_global_cpp' build argument 'ament_cmake_args' from command line to 'None'
[0.360s] Level 5:colcon.colcon_core.verb:set package 'example_mode_goto_global_cpp' build argument 'catkin_cmake_args' from command line to 'None'
[0.360s] Level 5:colcon.colcon_core.verb:set package 'example_mode_goto_global_cpp' build argument 'catkin_skip_building_tests' from command line to 'False'
[0.360s] DEBUG:colcon.colcon_core.verb:Building package 'example_mode_goto_global_cpp' with the following arguments: {'ament_cmake_args': None, 'build_base': '/home/rudra/custom_flightmode/build/example_mode_goto_global_cpp', 'catkin_cmake_args': None, 'catkin_skip_building_tests': False, 'cmake_args': None, 'cmake_clean_cache': False, 'cmake_clean_first': False, 'cmake_force_configure': False, 'cmake_target': None, 'cmake_target_skip_unavailable': False, 'install_base': '/home/rudra/custom_flightmode/install/example_mode_goto_global_cpp', 'merge_install': False, 'path': '/home/rudra/custom_flightmode/src/px4-ros2-interface-lib/examples/cpp/modes/goto_global', 'symlink_install': False, 'test_result_base': None}
[0.360s] Level 5:colcon.colcon_core.verb:set package 'example_mode_manual_cpp' build argument 'cmake_args' from command line to 'None'
[0.361s] Level 5:colcon.colcon_core.verb:set package 'example_mode_manual_cpp' build argument 'cmake_target' from command line to 'None'
[0.361s] Level 5:colcon.colcon_core.verb:set package 'example_mode_manual_cpp' build argument 'cmake_target_skip_unavailable' from command line to 'False'
[0.361s] Level 5:colcon.colcon_core.verb:set package 'example_mode_manual_cpp' build argument 'cmake_clean_cache' from command line to 'False'
[0.361s] Level 5:colcon.colcon_core.verb:set package 'example_mode_manual_cpp' build argument 'cmake_clean_first' from command line to 'False'
[0.361s] Level 5:colcon.colcon_core.verb:set package 'example_mode_manual_cpp' build argument 'cmake_force_configure' from command line to 'False'
[0.361s] Level 5:colcon.colcon_core.verb:set package 'example_mode_manual_cpp' build argument 'ament_cmake_args' from command line to 'None'
[0.361s] Level 5:colcon.colcon_core.verb:set package 'example_mode_manual_cpp' build argument 'catkin_cmake_args' from command line to 'None'
[0.361s] Level 5:colcon.colcon_core.verb:set package 'example_mode_manual_cpp' build argument 'catkin_skip_building_tests' from command line to 'False'
[0.361s] DEBUG:colcon.colcon_core.verb:Building package 'example_mode_manual_cpp' with the following arguments: {'ament_cmake_args': None, 'build_base': '/home/rudra/custom_flightmode/build/example_mode_manual_cpp', 'catkin_cmake_args': None, 'catkin_skip_building_tests': False, 'cmake_args': None, 'cmake_clean_cache': False, 'cmake_clean_first': False, 'cmake_force_configure': False, 'cmake_target': None, 'cmake_target_skip_unavailable': False, 'install_base': '/home/rudra/custom_flightmode/install/example_mode_manual_cpp', 'merge_install': False, 'path': '/home/rudra/custom_flightmode/src/px4-ros2-interface-lib/examples/cpp/modes/manual', 'symlink_install': False, 'test_result_base': None}
[0.361s] Level 5:colcon.colcon_core.verb:set package 'example_mode_mission_cpp' build argument 'cmake_args' from command line to 'None'
[0.361s] Level 5:colcon.colcon_core.verb:set package 'example_mode_mission_cpp' build argument 'cmake_target' from command line to 'None'
[0.361s] Level 5:colcon.colcon_core.verb:set package 'example_mode_mission_cpp' build argument 'cmake_target_skip_unavailable' from command line to 'False'
[0.361s] Level 5:colcon.colcon_core.verb:set package 'example_mode_mission_cpp' build argument 'cmake_clean_cache' from command line to 'False'
[0.361s] Level 5:colcon.colcon_core.verb:set package 'example_mode_mission_cpp' build argument 'cmake_clean_first' from command line to 'False'
[0.361s] Level 5:colcon.colcon_core.verb:set package 'example_mode_mission_cpp' build argument 'cmake_force_configure' from command line to 'False'
[0.361s] Level 5:colcon.colcon_core.verb:set package 'example_mode_mission_cpp' build argument 'ament_cmake_args' from command line to 'None'
[0.361s] Level 5:colcon.colcon_core.verb:set package 'example_mode_mission_cpp' build argument 'catkin_cmake_args' from command line to 'None'
[0.361s] Level 5:colcon.colcon_core.verb:set package 'example_mode_mission_cpp' build argument 'catkin_skip_building_tests' from command line to 'False'
[0.361s] DEBUG:colcon.colcon_core.verb:Building package 'example_mode_mission_cpp' with the following arguments: {'ament_cmake_args': None, 'build_base': '/home/rudra/custom_flightmode/build/example_mode_mission_cpp', 'catkin_cmake_args': None, 'catkin_skip_building_tests': False, 'cmake_args': None, 'cmake_clean_cache': False, 'cmake_clean_first': False, 'cmake_force_configure': False, 'cmake_target': None, 'cmake_target_skip_unavailable': False, 'install_base': '/home/rudra/custom_flightmode/install/example_mode_mission_cpp', 'merge_install': False, 'path': '/home/rudra/custom_flightmode/src/px4-ros2-interface-lib/examples/cpp/modes/mission', 'symlink_install': False, 'test_result_base': None}
[0.361s] Level 5:colcon.colcon_core.verb:set package 'example_mode_rtl_replacement_cpp' build argument 'cmake_args' from command line to 'None'
[0.362s] Level 5:colcon.colcon_core.verb:set package 'example_mode_rtl_replacement_cpp' build argument 'cmake_target' from command line to 'None'
[0.362s] Level 5:colcon.colcon_core.verb:set package 'example_mode_rtl_replacement_cpp' build argument 'cmake_target_skip_unavailable' from command line to 'False'
[0.362s] Level 5:colcon.colcon_core.verb:set package 'example_mode_rtl_replacement_cpp' build argument 'cmake_clean_cache' from command line to 'False'
[0.362s] Level 5:colcon.colcon_core.verb:set package 'example_mode_rtl_replacement_cpp' build argument 'cmake_clean_first' from command line to 'False'
[0.362s] Level 5:colcon.colcon_core.verb:set package 'example_mode_rtl_replacement_cpp' build argument 'cmake_force_configure' from command line to 'False'
[0.362s] Level 5:colcon.colcon_core.verb:set package 'example_mode_rtl_replacement_cpp' build argument 'ament_cmake_args' from command line to 'None'
[0.362s] Level 5:colcon.colcon_core.verb:set package 'example_mode_rtl_replacement_cpp' build argument 'catkin_cmake_args' from command line to 'None'
[0.362s] Level 5:colcon.colcon_core.verb:set package 'example_mode_rtl_replacement_cpp' build argument 'catkin_skip_building_tests' from command line to 'False'
[0.362s] DEBUG:colcon.colcon_core.verb:Building package 'example_mode_rtl_replacement_cpp' with the following arguments: {'ament_cmake_args': None, 'build_base': '/home/rudra/custom_flightmode/build/example_mode_rtl_replacement_cpp', 'catkin_cmake_args': None, 'catkin_skip_building_tests': False, 'cmake_args': None, 'cmake_clean_cache': False, 'cmake_clean_first': False, 'cmake_force_configure': False, 'cmake_target': None, 'cmake_target_skip_unavailable': False, 'install_base': '/home/rudra/custom_flightmode/install/example_mode_rtl_replacement_cpp', 'merge_install': False, 'path': '/home/rudra/custom_flightmode/src/px4-ros2-interface-lib/examples/cpp/modes/rtl_replacement', 'symlink_install': False, 'test_result_base': None}
[0.362s] Level 5:colcon.colcon_core.verb:set package 'example_mode_vtol_cpp' build argument 'cmake_args' from command line to 'None'
[0.362s] Level 5:colcon.colcon_core.verb:set package 'example_mode_vtol_cpp' build argument 'cmake_target' from command line to 'None'
[0.362s] Level 5:colcon.colcon_core.verb:set package 'example_mode_vtol_cpp' build argument 'cmake_target_skip_unavailable' from command line to 'False'
[0.362s] Level 5:colcon.colcon_core.verb:set package 'example_mode_vtol_cpp' build argument 'cmake_clean_cache' from command line to 'False'
[0.362s] Level 5:colcon.colcon_core.verb:set package 'example_mode_vtol_cpp' build argument 'cmake_clean_first' from command line to 'False'
[0.362s] Level 5:colcon.colcon_core.verb:set package 'example_mode_vtol_cpp' build argument 'cmake_force_configure' from command line to 'False'
[0.362s] Level 5:colcon.colcon_core.verb:set package 'example_mode_vtol_cpp' build argument 'ament_cmake_args' from command line to 'None'
[0.362s] Level 5:colcon.colcon_core.verb:set package 'example_mode_vtol_cpp' build argument 'catkin_cmake_args' from command line to 'None'
[0.362s] Level 5:colcon.colcon_core.verb:set package 'example_mode_vtol_cpp' build argument 'catkin_skip_building_tests' from command line to 'False'
[0.362s] DEBUG:colcon.colcon_core.verb:Building package 'example_mode_vtol_cpp' with the following arguments: {'ament_cmake_args': None, 'build_base': '/home/rudra/custom_flightmode/build/example_mode_vtol_cpp', 'catkin_cmake_args': None, 'catkin_skip_building_tests': False, 'cmake_args': None, 'cmake_clean_cache': False, 'cmake_clean_first': False, 'cmake_force_configure': False, 'cmake_target': None, 'cmake_target_skip_unavailable': False, 'install_base': '/home/rudra/custom_flightmode/install/example_mode_vtol_cpp', 'merge_install': False, 'path': '/home/rudra/custom_flightmode/src/px4-ros2-interface-lib/examples/cpp/modes/vtol', 'symlink_install': False, 'test_result_base': None}
[0.362s] Level 5:colcon.colcon_core.verb:set package 'example_mode_with_executor_cpp' build argument 'cmake_args' from command line to 'None'
[0.362s] Level 5:colcon.colcon_core.verb:set package 'example_mode_with_executor_cpp' build argument 'cmake_target' from command line to 'None'
[0.362s] Level 5:colcon.colcon_core.verb:set package 'example_mode_with_executor_cpp' build argument 'cmake_target_skip_unavailable' from command line to 'False'
[0.362s] Level 5:colcon.colcon_core.verb:set package 'example_mode_with_executor_cpp' build argument 'cmake_clean_cache' from command line to 'False'
[0.362s] Level 5:colcon.colcon_core.verb:set package 'example_mode_with_executor_cpp' build argument 'cmake_clean_first' from command line to 'False'
[0.362s] Level 5:colcon.colcon_core.verb:set package 'example_mode_with_executor_cpp' build argument 'cmake_force_configure' from command line to 'False'
[0.362s] Level 5:colcon.colcon_core.verb:set package 'example_mode_with_executor_cpp' build argument 'ament_cmake_args' from command line to 'None'
[0.362s] Level 5:colcon.colcon_core.verb:set package 'example_mode_with_executor_cpp' build argument 'catkin_cmake_args' from command line to 'None'
[0.362s] Level 5:colcon.colcon_core.verb:set package 'example_mode_with_executor_cpp' build argument 'catkin_skip_building_tests' from command line to 'False'
[0.362s] DEBUG:colcon.colcon_core.verb:Building package 'example_mode_with_executor_cpp' with the following arguments: {'ament_cmake_args': None, 'build_base': '/home/rudra/custom_flightmode/build/example_mode_with_executor_cpp', 'catkin_cmake_args': None, 'catkin_skip_building_tests': False, 'cmake_args': None, 'cmake_clean_cache': False, 'cmake_clean_first': False, 'cmake_force_configure': False, 'cmake_target': None, 'cmake_target_skip_unavailable': False, 'install_base': '/home/rudra/custom_flightmode/install/example_mode_with_executor_cpp', 'merge_install': False, 'path': '/home/rudra/custom_flightmode/src/px4-ros2-interface-lib/examples/cpp/modes/mode_with_executor', 'symlink_install': False, 'test_result_base': None}
[0.363s] Level 5:colcon.colcon_core.verb:set package 'example_rover_velocity_mode_cpp' build argument 'cmake_args' from command line to 'None'
[0.363s] Level 5:colcon.colcon_core.verb:set package 'example_rover_velocity_mode_cpp' build argument 'cmake_target' from command line to 'None'
[0.363s] Level 5:colcon.colcon_core.verb:set package 'example_rover_velocity_mode_cpp' build argument 'cmake_target_skip_unavailable' from command line to 'False'
[0.363s] Level 5:colcon.colcon_core.verb:set package 'example_rover_velocity_mode_cpp' build argument 'cmake_clean_cache' from command line to 'False'
[0.363s] Level 5:colcon.colcon_core.verb:set package 'example_rover_velocity_mode_cpp' build argument 'cmake_clean_first' from command line to 'False'
[0.363s] Level 5:colcon.colcon_core.verb:set package 'example_rover_velocity_mode_cpp' build argument 'cmake_force_configure' from command line to 'False'
[0.363s] Level 5:colcon.colcon_core.verb:set package 'example_rover_velocity_mode_cpp' build argument 'ament_cmake_args' from command line to 'None'
[0.363s] Level 5:colcon.colcon_core.verb:set package 'example_rover_velocity_mode_cpp' build argument 'catkin_cmake_args' from command line to 'None'
[0.363s] Level 5:colcon.colcon_core.verb:set package 'example_rover_velocity_mode_cpp' build argument 'catkin_skip_building_tests' from command line to 'False'
[0.363s] DEBUG:colcon.colcon_core.verb:Building package 'example_rover_velocity_mode_cpp' with the following arguments: {'ament_cmake_args': None, 'build_base': '/home/rudra/custom_flightmode/build/example_rover_velocity_mode_cpp', 'catkin_cmake_args': None, 'catkin_skip_building_tests': False, 'cmake_args': None, 'cmake_clean_cache': False, 'cmake_clean_first': False, 'cmake_force_configure': False, 'cmake_target': None, 'cmake_target_skip_unavailable': False, 'install_base': '/home/rudra/custom_flightmode/install/example_rover_velocity_mode_cpp', 'merge_install': False, 'path': '/home/rudra/custom_flightmode/src/px4-ros2-interface-lib/examples/cpp/modes/rover_velocity', 'symlink_install': False, 'test_result_base': None}
[0.363s] Level 5:colcon.colcon_core.verb:set package 'px4_ros2_py' build argument 'cmake_args' from command line to 'None'
[0.363s] Level 5:colcon.colcon_core.verb:set package 'px4_ros2_py' build argument 'cmake_target' from command line to 'None'
[0.363s] Level 5:colcon.colcon_core.verb:set package 'px4_ros2_py' build argument 'cmake_target_skip_unavailable' from command line to 'False'
[0.363s] Level 5:colcon.colcon_core.verb:set package 'px4_ros2_py' build argument 'cmake_clean_cache' from command line to 'False'
[0.363s] Level 5:colcon.colcon_core.verb:set package 'px4_ros2_py' build argument 'cmake_clean_first' from command line to 'False'
[0.363s] Level 5:colcon.colcon_core.verb:set package 'px4_ros2_py' build argument 'cmake_force_configure' from command line to 'False'
[0.363s] Level 5:colcon.colcon_core.verb:set package 'px4_ros2_py' build argument 'ament_cmake_args' from command line to 'None'
[0.363s] Level 5:colcon.colcon_core.verb:set package 'px4_ros2_py' build argument 'catkin_cmake_args' from command line to 'None'
[0.363s] Level 5:colcon.colcon_core.verb:set package 'px4_ros2_py' build argument 'catkin_skip_building_tests' from command line to 'False'
[0.363s] DEBUG:colcon.colcon_core.verb:Building package 'px4_ros2_py' with the following arguments: {'ament_cmake_args': None, 'build_base': '/home/rudra/custom_flightmode/build/px4_ros2_py', 'catkin_cmake_args': None, 'catkin_skip_building_tests': False, 'cmake_args': None, 'cmake_clean_cache': False, 'cmake_clean_first': False, 'cmake_force_configure': False, 'cmake_target': None, 'cmake_target_skip_unavailable': False, 'install_base': '/home/rudra/custom_flightmode/install/px4_ros2_py', 'merge_install': False, 'path': '/home/rudra/custom_flightmode/src/px4-ros2-interface-lib/px4_ros2_py', 'symlink_install': False, 'test_result_base': None}
[0.364s] Level 5:colcon.colcon_core.verb:set package 'example_mode_goto_py' build argument 'cmake_args' from command line to 'None'
[0.364s] Level 5:colcon.colcon_core.verb:set package 'example_mode_goto_py' build argument 'cmake_target' from command line to 'None'
[0.364s] Level 5:colcon.colcon_core.verb:set package 'example_mode_goto_py' build argument 'cmake_target_skip_unavailable' from command line to 'False'
[0.364s] Level 5:colcon.colcon_core.verb:set package 'example_mode_goto_py' build argument 'cmake_clean_cache' from command line to 'False'
[0.364s] Level 5:colcon.colcon_core.verb:set package 'example_mode_goto_py' build argument 'cmake_clean_first' from command line to 'False'
[0.364s] Level 5:colcon.colcon_core.verb:set package 'example_mode_goto_py' build argument 'cmake_force_configure' from command line to 'False'
[0.364s] Level 5:colcon.colcon_core.verb:set package 'example_mode_goto_py' build argument 'ament_cmake_args' from command line to 'None'
[0.364s] Level 5:colcon.colcon_core.verb:set package 'example_mode_goto_py' build argument 'catkin_cmake_args' from command line to 'None'
[0.364s] Level 5:colcon.colcon_core.verb:set package 'example_mode_goto_py' build argument 'catkin_skip_building_tests' from command line to 'False'
[0.364s] DEBUG:colcon.colcon_core.verb:Building package 'example_mode_goto_py' with the following arguments: {'ament_cmake_args': None, 'build_base': '/home/rudra/custom_flightmode/build/example_mode_goto_py', 'catkin_cmake_args': None, 'catkin_skip_building_tests': False, 'cmake_args': None, 'cmake_clean_cache': False, 'cmake_clean_first': False, 'cmake_force_configure': False, 'cmake_target': None, 'cmake_target_skip_unavailable': False, 'install_base': '/home/rudra/custom_flightmode/install/example_mode_goto_py', 'merge_install': False, 'path': '/home/rudra/custom_flightmode/src/px4-ros2-interface-lib/examples/python/modes/goto', 'symlink_install': False, 'test_result_base': None}
[0.364s] Level 5:colcon.colcon_core.verb:set package 'example_mode_with_rclpy_py' build argument 'cmake_args' from command line to 'None'
[0.364s] Level 5:colcon.colcon_core.verb:set package 'example_mode_with_rclpy_py' build argument 'cmake_target' from command line to 'None'
[0.364s] Level 5:colcon.colcon_core.verb:set package 'example_mode_with_rclpy_py' build argument 'cmake_target_skip_unavailable' from command line to 'False'
[0.364s] Level 5:colcon.colcon_core.verb:set package 'example_mode_with_rclpy_py' build argument 'cmake_clean_cache' from command line to 'False'
[0.364s] Level 5:colcon.colcon_core.verb:set package 'example_mode_with_rclpy_py' build argument 'cmake_clean_first' from command line to 'False'
[0.364s] Level 5:colcon.colcon_core.verb:set package 'example_mode_with_rclpy_py' build argument 'cmake_force_configure' from command line to 'False'
[0.364s] Level 5:colcon.colcon_core.verb:set package 'example_mode_with_rclpy_py' build argument 'ament_cmake_args' from command line to 'None'
[0.364s] Level 5:colcon.colcon_core.verb:set package 'example_mode_with_rclpy_py' build argument 'catkin_cmake_args' from command line to 'None'
[0.364s] Level 5:colcon.colcon_core.verb:set package 'example_mode_with_rclpy_py' build argument 'catkin_skip_building_tests' from command line to 'False'
[0.364s] DEBUG:colcon.colcon_core.verb:Building package 'example_mode_with_rclpy_py' with the following arguments: {'ament_cmake_args': None, 'build_base': '/home/rudra/custom_flightmode/build/example_mode_with_rclpy_py', 'catkin_cmake_args': None, 'catkin_skip_building_tests': False, 'cmake_args': None, 'cmake_clean_cache': False, 'cmake_clean_first': False, 'cmake_force_configure': False, 'cmake_target': None, 'cmake_target_skip_unavailable': False, 'install_base': '/home/rudra/custom_flightmode/install/example_mode_with_rclpy_py', 'merge_install': False, 'path': '/home/rudra/custom_flightmode/src/px4-ros2-interface-lib/examples/python/modes/goto_with_rclpy', 'symlink_install': False, 'test_result_base': None}
[0.364s] INFO:colcon.colcon_core.executor:Executing jobs using 'parallel' executor
[0.366s] DEBUG:colcon.colcon_parallel_executor.executor.parallel:run_until_complete
[0.366s] INFO:colcon.colcon_ros.task.ament_cmake.build:Building ROS package in '/home/rudra/custom_flightmode/src/px4_msgs' with build type 'ament_cmake'
[0.366s] INFO:colcon.colcon_cmake.task.cmake.build:Building CMake package in '/home/rudra/custom_flightmode/src/px4_msgs'
[0.370s] INFO:colcon.colcon_core.plugin_system:Skipping extension 'colcon_core.shell.bat': Not used on non-Windows systems
[0.371s] INFO:colcon.colcon_core.shell:Skip shell extension 'powershell' for command environment: Not usable outside of PowerShell
[0.371s] DEBUG:colcon.colcon_core.shell:Skip shell extension 'dsv' for command environment
[0.380s] DEBUG:colcon.colcon_core.event_handler.log_command:Invoking command in '/home/rudra/custom_flightmode/build/px4_msgs': CMAKE_PREFIX_PATH=/home/rudra/ros2_ws/install/talker_listener:/home/rudra/ros2_ws/install/first_pkg:/opt/ros/humble /usr/bin/cmake --build /home/rudra/custom_flightmode/build/px4_msgs -- -j12 -l12
[1.899s] DEBUG:colcon.colcon_core.event_handler.log_command:Invoked command in '/home/rudra/custom_flightmode/build/px4_msgs' returned '0': CMAKE_PREFIX_PATH=/home/rudra/ros2_ws/install/talker_listener:/home/rudra/ros2_ws/install/first_pkg:/opt/ros/humble /usr/bin/cmake --build /home/rudra/custom_flightmode/build/px4_msgs -- -j12 -l12
[1.912s] DEBUG:colcon.colcon_core.event_handler.log_command:Invoking command in '/home/rudra/custom_flightmode/build/px4_msgs': CMAKE_PREFIX_PATH=/home/rudra/ros2_ws/install/talker_listener:/home/rudra/ros2_ws/install/first_pkg:/opt/ros/humble /usr/bin/cmake --install /home/rudra/custom_flightmode/build/px4_msgs
[2.645s] Level 1:colcon.colcon_core.environment:create_environment_scripts_only(px4_msgs)
[2.646s] DEBUG:colcon.colcon_core.event_handler.log_command:Invoked command in '/home/rudra/custom_flightmode/build/px4_msgs' returned '0': CMAKE_PREFIX_PATH=/home/rudra/ros2_ws/install/talker_listener:/home/rudra/ros2_ws/install/first_pkg:/opt/ros/humble /usr/bin/cmake --install /home/rudra/custom_flightmode/build/px4_msgs
[2.648s] Level 1:colcon.colcon_core.environment:checking '/home/rudra/custom_flightmode/install/px4_msgs' for CMake module files
[2.649s] Level 1:colcon.colcon_core.environment:checking '/home/rudra/custom_flightmode/install/px4_msgs' for CMake config files
[2.651s] Level 1:colcon.colcon_core.shell:create_environment_hook('px4_msgs', 'cmake_prefix_path')
[2.652s] INFO:colcon.colcon_core.shell:Creating environment hook '/home/rudra/custom_flightmode/install/px4_msgs/share/px4_msgs/hook/cmake_prefix_path.ps1'
[2.653s] INFO:colcon.colcon_core.shell:Creating environment descriptor '/home/rudra/custom_flightmode/install/px4_msgs/share/px4_msgs/hook/cmake_prefix_path.dsv'
[2.653s] INFO:colcon.colcon_core.shell:Creating environment hook '/home/rudra/custom_flightmode/install/px4_msgs/share/px4_msgs/hook/cmake_prefix_path.sh'
[2.654s] Level 1:colcon.colcon_core.environment:checking '/home/rudra/custom_flightmode/install/px4_msgs/lib'
[2.655s] Level 1:colcon.colcon_core.shell:create_environment_hook('px4_msgs', 'ld_library_path_lib')
[2.655s] INFO:colcon.colcon_core.shell:Creating environment hook '/home/rudra/custom_flightmode/install/px4_msgs/share/px4_msgs/hook/ld_library_path_lib.ps1'
[2.655s] INFO:colcon.colcon_core.shell:Creating environment descriptor '/home/rudra/custom_flightmode/install/px4_msgs/share/px4_msgs/hook/ld_library_path_lib.dsv'
[2.656s] INFO:colcon.colcon_core.shell:Creating environment hook '/home/rudra/custom_flightmode/install/px4_msgs/share/px4_msgs/hook/ld_library_path_lib.sh'
[2.656s] Level 1:colcon.colcon_core.environment:checking '/home/rudra/custom_flightmode/install/px4_msgs/bin'
[2.656s] Level 1:colcon.colcon_core.environment:checking '/home/rudra/custom_flightmode/install/px4_msgs/lib/pkgconfig/px4_msgs.pc'
[2.656s] Level 1:colcon.colcon_core.environment:checking '/home/rudra/custom_flightmode/install/px4_msgs/lib/python3.10/site-packages'
[2.657s] Level 1:colcon.colcon_core.environment:checking '/home/rudra/custom_flightmode/install/px4_msgs/bin'
[2.657s] INFO:colcon.colcon_core.shell:Creating package script '/home/rudra/custom_flightmode/install/px4_msgs/share/px4_msgs/package.ps1'
[2.659s] INFO:colcon.colcon_core.shell:Creating package descriptor '/home/rudra/custom_flightmode/install/px4_msgs/share/px4_msgs/package.dsv'
[2.660s] INFO:colcon.colcon_core.shell:Creating package script '/home/rudra/custom_flightmode/install/px4_msgs/share/px4_msgs/package.sh'
[2.661s] INFO:colcon.colcon_core.shell:Creating package script '/home/rudra/custom_flightmode/install/px4_msgs/share/px4_msgs/package.bash'
[2.662s] INFO:colcon.colcon_core.shell:Creating package script '/home/rudra/custom_flightmode/install/px4_msgs/share/px4_msgs/package.zsh'
[2.663s] Level 1:colcon.colcon_core.environment:create_file_with_runtime_dependencies(/home/rudra/custom_flightmode/install/px4_msgs/share/colcon-core/packages/px4_msgs)
[2.663s] Level 1:colcon.colcon_core.environment:create_environment_scripts_only(px4_msgs)
[2.664s] Level 1:colcon.colcon_core.environment:checking '/home/rudra/custom_flightmode/install/px4_msgs' for CMake module files
[2.664s] Level 1:colcon.colcon_core.environment:checking '/home/rudra/custom_flightmode/install/px4_msgs' for CMake config files
[2.666s] Level 1:colcon.colcon_core.shell:create_environment_hook('px4_msgs', 'cmake_prefix_path')
[2.666s] INFO:colcon.colcon_core.shell:Creating environment hook '/home/rudra/custom_flightmode/install/px4_msgs/share/px4_msgs/hook/cmake_prefix_path.ps1'
[2.667s] INFO:colcon.colcon_core.shell:Creating environment descriptor '/home/rudra/custom_flightmode/install/px4_msgs/share/px4_msgs/hook/cmake_prefix_path.dsv'
[2.667s] INFO:colcon.colcon_core.shell:Creating environment hook '/home/rudra/custom_flightmode/install/px4_msgs/share/px4_msgs/hook/cmake_prefix_path.sh'
[2.668s] Level 1:colcon.colcon_core.environment:checking '/home/rudra/custom_flightmode/install/px4_msgs/lib'
[2.668s] Level 1:colcon.colcon_core.shell:create_environment_hook('px4_msgs', 'ld_library_path_lib')
[2.668s] INFO:colcon.colcon_core.shell:Creating environment hook '/home/rudra/custom_flightmode/install/px4_msgs/share/px4_msgs/hook/ld_library_path_lib.ps1'
[2.669s] INFO:colcon.colcon_core.shell:Creating environment descriptor '/home/rudra/custom_flightmode/install/px4_msgs/share/px4_msgs/hook/ld_library_path_lib.dsv'
[2.669s] INFO:colcon.colcon_core.shell:Creating environment hook '/home/rudra/custom_flightmode/install/px4_msgs/share/px4_msgs/hook/ld_library_path_lib.sh'
[2.670s] Level 1:colcon.colcon_core.environment:checking '/home/rudra/custom_flightmode/install/px4_msgs/bin'
[2.670s] Level 1:colcon.colcon_core.environment:checking '/home/rudra/custom_flightmode/install/px4_msgs/lib/pkgconfig/px4_msgs.pc'
[2.670s] Level 1:colcon.colcon_core.environment:checking '/home/rudra/custom_flightmode/install/px4_msgs/lib/python3.10/site-packages'
[2.671s] Level 1:colcon.colcon_core.environment:checking '/home/rudra/custom_flightmode/install/px4_msgs/bin'
[2.671s] INFO:colcon.colcon_core.shell:Creating package script '/home/rudra/custom_flightmode/install/px4_msgs/share/px4_msgs/package.ps1'
[2.672s] INFO:colcon.colcon_core.shell:Creating package descriptor '/home/rudra/custom_flightmode/install/px4_msgs/share/px4_msgs/package.dsv'
[2.673s] INFO:colcon.colcon_core.shell:Creating package script '/home/rudra/custom_flightmode/install/px4_msgs/share/px4_msgs/package.sh'
[2.674s] INFO:colcon.colcon_core.shell:Creating package script '/home/rudra/custom_flightmode/install/px4_msgs/share/px4_msgs/package.bash'
[2.674s] INFO:colcon.colcon_core.shell:Creating package script '/home/rudra/custom_flightmode/install/px4_msgs/share/px4_msgs/package.zsh'
[2.675s] Level 1:colcon.colcon_core.environment:create_file_with_runtime_dependencies(/home/rudra/custom_flightmode/install/px4_msgs/share/colcon-core/packages/px4_msgs)
[2.675s] INFO:colcon.colcon_ros.task.ament_cmake.build:Building ROS package in '/home/rudra/custom_flightmode/src/px4-ros2-interface-lib/px4_ros2_cpp' with build type 'ament_cmake'
[2.675s] INFO:colcon.colcon_cmake.task.cmake.build:Building CMake package in '/home/rudra/custom_flightmode/src/px4-ros2-interface-lib/px4_ros2_cpp'
[2.676s] INFO:colcon.colcon_core.shell:Skip shell extension 'powershell' for command environment: Not usable outside of PowerShell
[2.676s] DEBUG:colcon.colcon_core.shell:Skip shell extension 'dsv' for command environment
[2.689s] DEBUG:colcon.colcon_core.event_handler.log_command:Invoking command in '/home/rudra/custom_flightmode/build/px4_ros2_cpp': AMENT_PREFIX_PATH=/home/rudra/custom_flightmode/install/px4_msgs:${AMENT_PREFIX_PATH} CMAKE_PREFIX_PATH=/home/rudra/custom_flightmode/install/px4_msgs:/home/rudra/ros2_ws/install/talker_listener:/home/rudra/ros2_ws/install/first_pkg:/opt/ros/humble LD_LIBRARY_PATH=/home/rudra/custom_flightmode/install/px4_msgs/lib:${LD_LIBRARY_PATH} PYTHONPATH=/home/rudra/custom_flightmode/install/px4_msgs/local/lib/python3.10/dist-packages:${PYTHONPATH} /usr/bin/cmake --build /home/rudra/custom_flightmode/build/px4_ros2_cpp -- -j12 -l12
[2.961s] DEBUG:colcon.colcon_core.event_handler.log_command:Invoked command in '/home/rudra/custom_flightmode/build/px4_ros2_cpp' returned '0': AMENT_PREFIX_PATH=/home/rudra/custom_flightmode/install/px4_msgs:${AMENT_PREFIX_PATH} CMAKE_PREFIX_PATH=/home/rudra/custom_flightmode/install/px4_msgs:/home/rudra/ros2_ws/install/talker_listener:/home/rudra/ros2_ws/install/first_pkg:/opt/ros/humble LD_LIBRARY_PATH=/home/rudra/custom_flightmode/install/px4_msgs/lib:${LD_LIBRARY_PATH} PYTHONPATH=/home/rudra/custom_flightmode/install/px4_msgs/local/lib/python3.10/dist-packages:${PYTHONPATH} /usr/bin/cmake --build /home/rudra/custom_flightmode/build/px4_ros2_cpp -- -j12 -l12
[2.964s] DEBUG:colcon.colcon_core.event_handler.log_command:Invoking command in '/home/rudra/custom_flightmode/build/px4_ros2_cpp': AMENT_PREFIX_PATH=/home/rudra/custom_flightmode/install/px4_msgs:${AMENT_PREFIX_PATH} CMAKE_PREFIX_PATH=/home/rudra/custom_flightmode/install/px4_msgs:/home/rudra/ros2_ws/install/talker_listener:/home/rudra/ros2_ws/install/first_pkg:/opt/ros/humble LD_LIBRARY_PATH=/home/rudra/custom_flightmode/install/px4_msgs/lib:${LD_LIBRARY_PATH} PYTHONPATH=/home/rudra/custom_flightmode/install/px4_msgs/local/lib/python3.10/dist-packages:${PYTHONPATH} /usr/bin/cmake --install /home/rudra/custom_flightmode/build/px4_ros2_cpp
[2.981s] Level 1:colcon.colcon_core.environment:create_environment_scripts_only(px4_ros2_cpp)
[2.982s] Level 1:colcon.colcon_core.environment:checking '/home/rudra/custom_flightmode/install/px4_ros2_cpp' for CMake module files
[2.984s] DEBUG:colcon.colcon_core.event_handler.log_command:Invoked command in '/home/rudra/custom_flightmode/build/px4_ros2_cpp' returned '0': AMENT_PREFIX_PATH=/home/rudra/custom_flightmode/install/px4_msgs:${AMENT_PREFIX_PATH} CMAKE_PREFIX_PATH=/home/rudra/custom_flightmode/install/px4_msgs:/home/rudra/ros2_ws/install/talker_listener:/home/rudra/ros2_ws/install/first_pkg:/opt/ros/humble LD_LIBRARY_PATH=/home/rudra/custom_flightmode/install/px4_msgs/lib:${LD_LIBRARY_PATH} PYTHONPATH=/home/rudra/custom_flightmode/install/px4_msgs/local/lib/python3.10/dist-packages:${PYTHONPATH} /usr/bin/cmake --install /home/rudra/custom_flightmode/build/px4_ros2_cpp
[2.984s] Level 1:colcon.colcon_core.environment:checking '/home/rudra/custom_flightmode/install/px4_ros2_cpp' for CMake config files
[2.985s] Level 1:colcon.colcon_core.shell:create_environment_hook('px4_ros2_cpp', 'cmake_prefix_path')
[2.985s] INFO:colcon.colcon_core.shell:Creating environment hook '/home/rudra/custom_flightmode/install/px4_ros2_cpp/share/px4_ros2_cpp/hook/cmake_prefix_path.ps1'
[2.986s] INFO:colcon.colcon_core.shell:Creating environment descriptor '/home/rudra/custom_flightmode/install/px4_ros2_cpp/share/px4_ros2_cpp/hook/cmake_prefix_path.dsv'
[2.986s] INFO:colcon.colcon_core.shell:Creating environment hook '/home/rudra/custom_flightmode/install/px4_ros2_cpp/share/px4_ros2_cpp/hook/cmake_prefix_path.sh'
[2.987s] Level 1:colcon.colcon_core.environment:checking '/home/rudra/custom_flightmode/install/px4_ros2_cpp/lib'
[2.987s] Level 1:colcon.colcon_core.shell:create_environment_hook('px4_ros2_cpp', 'ld_library_path_lib')
[2.987s] INFO:colcon.colcon_core.shell:Creating environment hook '/home/rudra/custom_flightmode/install/px4_ros2_cpp/share/px4_ros2_cpp/hook/ld_library_path_lib.ps1'
[2.988s] INFO:colcon.colcon_core.shell:Creating environment descriptor '/home/rudra/custom_flightmode/install/px4_ros2_cpp/share/px4_ros2_cpp/hook/ld_library_path_lib.dsv'
[2.988s] INFO:colcon.colcon_core.shell:Creating environment hook '/home/rudra/custom_flightmode/install/px4_ros2_cpp/share/px4_ros2_cpp/hook/ld_library_path_lib.sh'
[2.989s] Level 1:colcon.colcon_core.environment:checking '/home/rudra/custom_flightmode/install/px4_ros2_cpp/bin'
[2.989s] Level 1:colcon.colcon_core.environment:checking '/home/rudra/custom_flightmode/install/px4_ros2_cpp/lib/pkgconfig/px4_ros2_cpp.pc'
[2.989s] Level 1:colcon.colcon_core.environment:checking '/home/rudra/custom_flightmode/install/px4_ros2_cpp/lib/python3.10/site-packages'
[2.989s] Level 1:colcon.colcon_core.environment:checking '/home/rudra/custom_flightmode/install/px4_ros2_cpp/bin'
[2.990s] INFO:colcon.colcon_core.shell:Creating package script '/home/rudra/custom_flightmode/install/px4_ros2_cpp/share/px4_ros2_cpp/package.ps1'
[2.990s] INFO:colcon.colcon_core.shell:Creating package descriptor '/home/rudra/custom_flightmode/install/px4_ros2_cpp/share/px4_ros2_cpp/package.dsv'
[2.991s] INFO:colcon.colcon_core.shell:Creating package script '/home/rudra/custom_flightmode/install/px4_ros2_cpp/share/px4_ros2_cpp/package.sh'
[2.991s] INFO:colcon.colcon_core.shell:Creating package script '/home/rudra/custom_flightmode/install/px4_ros2_cpp/share/px4_ros2_cpp/package.bash'
[2.992s] INFO:colcon.colcon_core.shell:Creating package script '/home/rudra/custom_flightmode/install/px4_ros2_cpp/share/px4_ros2_cpp/package.zsh'
[2.992s] Level 1:colcon.colcon_core.environment:create_file_with_runtime_dependencies(/home/rudra/custom_flightmode/install/px4_ros2_cpp/share/colcon-core/packages/px4_ros2_cpp)
[2.993s] Level 1:colcon.colcon_core.environment:create_environment_scripts_only(px4_ros2_cpp)
[2.993s] Level 1:colcon.colcon_core.environment:checking '/home/rudra/custom_flightmode/install/px4_ros2_cpp' for CMake module files
[2.994s] Level 1:colcon.colcon_core.environment:checking '/home/rudra/custom_flightmode/install/px4_ros2_cpp' for CMake config files
[2.994s] Level 1:colcon.colcon_core.shell:create_environment_hook('px4_ros2_cpp', 'cmake_prefix_path')
[2.994s] INFO:colcon.colcon_core.shell:Creating environment hook '/home/rudra/custom_flightmode/install/px4_ros2_cpp/share/px4_ros2_cpp/hook/cmake_prefix_path.ps1'
[2.995s] INFO:colcon.colcon_core.shell:Creating environment descriptor '/home/rudra/custom_flightmode/install/px4_ros2_cpp/share/px4_ros2_cpp/hook/cmake_prefix_path.dsv'
[2.995s] INFO:colcon.colcon_core.shell:Creating environment hook '/home/rudra/custom_flightmode/install/px4_ros2_cpp/share/px4_ros2_cpp/hook/cmake_prefix_path.sh'
[2.996s] Level 1:colcon.colcon_core.environment:checking '/home/rudra/custom_flightmode/install/px4_ros2_cpp/lib'
[2.996s] Level 1:colcon.colcon_core.shell:create_environment_hook('px4_ros2_cpp', 'ld_library_path_lib')
[2.997s] INFO:colcon.colcon_core.shell:Creating environment hook '/home/rudra/custom_flightmode/install/px4_ros2_cpp/share/px4_ros2_cpp/hook/ld_library_path_lib.ps1'
[2.997s] INFO:colcon.colcon_core.shell:Creating environment descriptor '/home/rudra/custom_flightmode/install/px4_ros2_cpp/share/px4_ros2_cpp/hook/ld_library_path_lib.dsv'
[2.998s] INFO:colcon.colcon_core.shell:Creating environment hook '/home/rudra/custom_flightmode/install/px4_ros2_cpp/share/px4_ros2_cpp/hook/ld_library_path_lib.sh'
[2.998s] Level 1:colcon.colcon_core.environment:checking '/home/rudra/custom_flightmode/install/px4_ros2_cpp/bin'
[2.998s] Level 1:colcon.colcon_core.environment:checking '/home/rudra/custom_flightmode/install/px4_ros2_cpp/lib/pkgconfig/px4_ros2_cpp.pc'
[2.998s] Level 1:colcon.colcon_core.environment:checking '/home/rudra/custom_flightmode/install/px4_ros2_cpp/lib/python3.10/site-packages'
[2.999s] Level 1:colcon.colcon_core.environment:checking '/home/rudra/custom_flightmode/install/px4_ros2_cpp/bin'
[2.999s] INFO:colcon.colcon_core.shell:Creating package script '/home/rudra/custom_flightmode/install/px4_ros2_cpp/share/px4_ros2_cpp/package.ps1'
[3.000s] INFO:colcon.colcon_core.shell:Creating package descriptor '/home/rudra/custom_flightmode/install/px4_ros2_cpp/share/px4_ros2_cpp/package.dsv'
[3.001s] INFO:colcon.colcon_core.shell:Creating package script '/home/rudra/custom_flightmode/install/px4_ros2_cpp/share/px4_ros2_cpp/package.sh'
[3.001s] INFO:colcon.colcon_core.shell:Creating package script '/home/rudra/custom_flightmode/install/px4_ros2_cpp/share/px4_ros2_cpp/package.bash'
[3.002s] INFO:colcon.colcon_core.shell:Creating package script '/home/rudra/custom_flightmode/install/px4_ros2_cpp/share/px4_ros2_cpp/package.zsh'
[3.003s] Level 1:colcon.colcon_core.environment:create_file_with_runtime_dependencies(/home/rudra/custom_flightmode/install/px4_ros2_cpp/share/colcon-core/packages/px4_ros2_cpp)
[3.003s] INFO:colcon.colcon_ros.task.ament_cmake.build:Building ROS package in '/home/rudra/custom_flightmode/src/px4-ros2-interface-lib/px4_ros2_py' with build type 'ament_cmake'
[3.003s] INFO:colcon.colcon_cmake.task.cmake.build:Building CMake package in '/home/rudra/custom_flightmode/src/px4-ros2-interface-lib/px4_ros2_py'
[3.004s] INFO:colcon.colcon_core.shell:Skip shell extension 'powershell' for command environment: Not usable outside of PowerShell
[3.004s] DEBUG:colcon.colcon_core.shell:Skip shell extension 'dsv' for command environment
[3.009s] INFO:colcon.colcon_ros.task.ament_cmake.build:Building ROS package in '/home/rudra/custom_flightmode/src/px4_ros2_custom_flight_mode-main' with build type 'ament_cmake'
[3.009s] INFO:colcon.colcon_cmake.task.cmake.build:Building CMake package in '/home/rudra/custom_flightmode/src/px4_ros2_custom_flight_mode-main'
[3.009s] INFO:colcon.colcon_core.shell:Skip shell extension 'powershell' for command environment: Not usable outside of PowerShell
[3.009s] DEBUG:colcon.colcon_core.shell:Skip shell extension 'dsv' for command environment
[3.014s] INFO:colcon.colcon_ros.task.ament_cmake.build:Building ROS package in '/home/rudra/custom_flightmode/src/px4-ros2-interface-lib/examples/cpp/modes/executor_with_multiple_modes' with build type 'ament_cmake'
[3.014s] INFO:colcon.colcon_cmake.task.cmake.build:Building CMake package in '/home/rudra/custom_flightmode/src/px4-ros2-interface-lib/examples/cpp/modes/executor_with_multiple_modes'
[3.014s] INFO:colcon.colcon_core.shell:Skip shell extension 'powershell' for command environment: Not usable outside of PowerShell
[3.014s] DEBUG:colcon.colcon_core.shell:Skip shell extension 'dsv' for command environment
[3.018s] INFO:colcon.colcon_ros.task.ament_cmake.build:Building ROS package in '/home/rudra/custom_flightmode/src/px4-ros2-interface-lib/examples/cpp/navigation/global_navigation' with build type 'ament_cmake'
[3.018s] INFO:colcon.colcon_cmake.task.cmake.build:Building CMake package in '/home/rudra/custom_flightmode/src/px4-ros2-interface-lib/examples/cpp/navigation/global_navigation'
[3.019s] INFO:colcon.colcon_core.shell:Skip shell extension 'powershell' for command environment: Not usable outside of PowerShell
[3.019s] DEBUG:colcon.colcon_core.shell:Skip shell extension 'dsv' for command environment
[3.023s] INFO:colcon.colcon_ros.task.ament_cmake.build:Building ROS package in '/home/rudra/custom_flightmode/src/px4-ros2-interface-lib/examples/cpp/navigation/local_navigation' with build type 'ament_cmake'
[3.023s] INFO:colcon.colcon_cmake.task.cmake.build:Building CMake package in '/home/rudra/custom_flightmode/src/px4-ros2-interface-lib/examples/cpp/navigation/local_navigation'
[3.024s] INFO:colcon.colcon_core.shell:Skip shell extension 'powershell' for command environment: Not usable outside of PowerShell
[3.024s] DEBUG:colcon.colcon_core.shell:Skip shell extension 'dsv' for command environment
[3.028s] INFO:colcon.colcon_ros.task.ament_cmake.build:Building ROS package in '/home/rudra/custom_flightmode/src/px4-ros2-interface-lib/examples/cpp/modes/fw_attitude' with build type 'ament_cmake'
[3.029s] INFO:colcon.colcon_cmake.task.cmake.build:Building CMake package in '/home/rudra/custom_flightmode/src/px4-ros2-interface-lib/examples/cpp/modes/fw_attitude'
[3.029s] INFO:colcon.colcon_core.shell:Skip shell extension 'powershell' for command environment: Not usable outside of PowerShell
[3.029s] DEBUG:colcon.colcon_core.shell:Skip shell extension 'dsv' for command environment
[3.034s] INFO:colcon.colcon_ros.task.ament_cmake.build:Building ROS package in '/home/rudra/custom_flightmode/src/px4-ros2-interface-lib/examples/cpp/modes/goto' with build type 'ament_cmake'
[3.034s] INFO:colcon.colcon_cmake.task.cmake.build:Building CMake package in '/home/rudra/custom_flightmode/src/px4-ros2-interface-lib/examples/cpp/modes/goto'
[3.035s] INFO:colcon.colcon_core.shell:Skip shell extension 'powershell' for command environment: Not usable outside of PowerShell
[3.035s] DEBUG:colcon.colcon_core.shell:Skip shell extension 'dsv' for command environment
[3.039s] INFO:colcon.colcon_ros.task.ament_cmake.build:Building ROS package in '/home/rudra/custom_flightmode/src/px4-ros2-interface-lib/examples/cpp/modes/goto_global' with build type 'ament_cmake'
[3.040s] INFO:colcon.colcon_cmake.task.cmake.build:Building CMake package in '/home/rudra/custom_flightmode/src/px4-ros2-interface-lib/examples/cpp/modes/goto_global'
[3.040s] INFO:colcon.colcon_core.shell:Skip shell extension 'powershell' for command environment: Not usable outside of PowerShell
[3.040s] DEBUG:colcon.colcon_core.shell:Skip shell extension 'dsv' for command environment
[3.045s] INFO:colcon.colcon_ros.task.ament_cmake.build:Building ROS package in '/home/rudra/custom_flightmode/src/px4-ros2-interface-lib/examples/cpp/modes/manual' with build type 'ament_cmake'
[3.045s] INFO:colcon.colcon_cmake.task.cmake.build:Building CMake package in '/home/rudra/custom_flightmode/src/px4-ros2-interface-lib/examples/cpp/modes/manual'
[3.045s] INFO:colcon.colcon_core.shell:Skip shell extension 'powershell' for command environment: Not usable outside of PowerShell
[3.045s] DEBUG:colcon.colcon_core.shell:Skip shell extension 'dsv' for command environment
[3.049s] INFO:colcon.colcon_ros.task.ament_cmake.build:Building ROS package in '/home/rudra/custom_flightmode/src/px4-ros2-interface-lib/examples/cpp/modes/mission' with build type 'ament_cmake'
[3.049s] INFO:colcon.colcon_cmake.task.cmake.build:Building CMake package in '/home/rudra/custom_flightmode/src/px4-ros2-interface-lib/examples/cpp/modes/mission'
[3.050s] INFO:colcon.colcon_core.shell:Skip shell extension 'powershell' for command environment: Not usable outside of PowerShell
[3.050s] DEBUG:colcon.colcon_core.shell:Skip shell extension 'dsv' for command environment
[3.054s] INFO:colcon.colcon_ros.task.ament_cmake.build:Building ROS package in '/home/rudra/custom_flightmode/src/px4-ros2-interface-lib/examples/cpp/modes/rtl_replacement' with build type 'ament_cmake'
[3.054s] INFO:colcon.colcon_cmake.task.cmake.build:Building CMake package in '/home/rudra/custom_flightmode/src/px4-ros2-interface-lib/examples/cpp/modes/rtl_replacement'
[3.055s] INFO:colcon.colcon_core.shell:Skip shell extension 'powershell' for command environment: Not usable outside of PowerShell
[3.055s] DEBUG:colcon.colcon_core.shell:Skip shell extension 'dsv' for command environment
[3.059s] INFO:colcon.colcon_ros.task.ament_cmake.build:Building ROS package in '/home/rudra/custom_flightmode/src/px4-ros2-interface-lib/examples/cpp/modes/vtol' with build type 'ament_cmake'
[3.059s] INFO:colcon.colcon_cmake.task.cmake.build:Building CMake package in '/home/rudra/custom_flightmode/src/px4-ros2-interface-lib/examples/cpp/modes/vtol'
[3.059s] INFO:colcon.colcon_core.shell:Skip shell extension 'powershell' for command environment: Not usable outside of PowerShell
[3.060s] DEBUG:colcon.colcon_core.shell:Skip shell extension 'dsv' for command environment
[3.071s] DEBUG:colcon.colcon_core.event_handler.log_command:Invoking command in '/home/rudra/custom_flightmode/build/px4_ros2_py': AMENT_PREFIX_PATH=/home/rudra/custom_flightmode/install/px4_ros2_cpp:/home/rudra/custom_flightmode/install/px4_msgs:${AMENT_PREFIX_PATH} CMAKE_PREFIX_PATH=/home/rudra/custom_flightmode/install/px4_ros2_cpp:/home/rudra/custom_flightmode/install/px4_msgs:/home/rudra/ros2_ws/install/talker_listener:/home/rudra/ros2_ws/install/first_pkg:/opt/ros/humble LD_LIBRARY_PATH=/home/rudra/custom_flightmode/install/px4_ros2_cpp/lib:/home/rudra/custom_flightmode/install/px4_msgs/lib:${LD_LIBRARY_PATH} PYTHONPATH=/home/rudra/custom_flightmode/install/px4_msgs/local/lib/python3.10/dist-packages:${PYTHONPATH} /usr/bin/cmake --build /home/rudra/custom_flightmode/build/px4_ros2_py -- -j12 -l12
[3.075s] DEBUG:colcon.colcon_core.event_handler.log_command:Invoking command in '/home/rudra/custom_flightmode/build/draw_flight_mode': AMENT_PREFIX_PATH=/home/rudra/custom_flightmode/install/px4_ros2_cpp:/home/rudra/custom_flightmode/install/px4_msgs:${AMENT_PREFIX_PATH} CMAKE_PREFIX_PATH=/home/rudra/custom_flightmode/install/px4_ros2_cpp:/home/rudra/custom_flightmode/install/px4_msgs:/home/rudra/ros2_ws/install/talker_listener:/home/rudra/ros2_ws/install/first_pkg:/opt/ros/humble LD_LIBRARY_PATH=/home/rudra/custom_flightmode/install/px4_ros2_cpp/lib:/home/rudra/custom_flightmode/install/px4_msgs/lib:${LD_LIBRARY_PATH} PYTHONPATH=/home/rudra/custom_flightmode/install/px4_msgs/local/lib/python3.10/dist-packages:${PYTHONPATH} /usr/bin/cmake --build /home/rudra/custom_flightmode/build/draw_flight_mode -- -j12 -l12
[3.078s] DEBUG:colcon.colcon_core.event_handler.log_command:Invoking command in '/home/rudra/custom_flightmode/build/example_executor_with_multiple_modes_cpp': AMENT_PREFIX_PATH=/home/rudra/custom_flightmode/install/px4_ros2_cpp:/home/rudra/custom_flightmode/install/px4_msgs:${AMENT_PREFIX_PATH} CMAKE_PREFIX_PATH=/home/rudra/custom_flightmode/install/px4_ros2_cpp:/home/rudra/custom_flightmode/install/px4_msgs:/home/rudra/ros2_ws/install/talker_listener:/home/rudra/ros2_ws/install/first_pkg:/opt/ros/humble LD_LIBRARY_PATH=/home/rudra/custom_flightmode/install/px4_ros2_cpp/lib:/home/rudra/custom_flightmode/install/px4_msgs/lib:${LD_LIBRARY_PATH} PYTHONPATH=/home/rudra/custom_flightmode/install/px4_msgs/local/lib/python3.10/dist-packages:${PYTHONPATH} /usr/bin/cmake --build /home/rudra/custom_flightmode/build/example_executor_with_multiple_modes_cpp -- -j12 -l12
[3.081s] DEBUG:colcon.colcon_core.event_handler.log_command:Invoking command in '/home/rudra/custom_flightmode/build/example_global_navigation_cpp': AMENT_PREFIX_PATH=/home/rudra/custom_flightmode/install/px4_ros2_cpp:/home/rudra/custom_flightmode/install/px4_msgs:${AMENT_PREFIX_PATH} CMAKE_PREFIX_PATH=/home/rudra/custom_flightmode/install/px4_ros2_cpp:/home/rudra/custom_flightmode/install/px4_msgs:/home/rudra/ros2_ws/install/talker_listener:/home/rudra/ros2_ws/install/first_pkg:/opt/ros/humble LD_LIBRARY_PATH=/home/rudra/custom_flightmode/install/px4_ros2_cpp/lib:/home/rudra/custom_flightmode/install/px4_msgs/lib:${LD_LIBRARY_PATH} PYTHONPATH=/home/rudra/custom_flightmode/install/px4_msgs/local/lib/python3.10/dist-packages:${PYTHONPATH} /usr/bin/cmake --build /home/rudra/custom_flightmode/build/example_global_navigation_cpp -- -j12 -l12
[3.085s] DEBUG:colcon.colcon_core.event_handler.log_command:Invoking command in '/home/rudra/custom_flightmode/build/example_local_navigation_cpp': AMENT_PREFIX_PATH=/home/rudra/custom_flightmode/install/px4_ros2_cpp:/home/rudra/custom_flightmode/install/px4_msgs:${AMENT_PREFIX_PATH} CMAKE_PREFIX_PATH=/home/rudra/custom_flightmode/install/px4_ros2_cpp:/home/rudra/custom_flightmode/install/px4_msgs:/home/rudra/ros2_ws/install/talker_listener:/home/rudra/ros2_ws/install/first_pkg:/opt/ros/humble LD_LIBRARY_PATH=/home/rudra/custom_flightmode/install/px4_ros2_cpp/lib:/home/rudra/custom_flightmode/install/px4_msgs/lib:${LD_LIBRARY_PATH} PYTHONPATH=/home/rudra/custom_flightmode/install/px4_msgs/local/lib/python3.10/dist-packages:${PYTHONPATH} /usr/bin/cmake --build /home/rudra/custom_flightmode/build/example_local_navigation_cpp -- -j12 -l12
[3.089s] DEBUG:colcon.colcon_core.event_handler.log_command:Invoking command in '/home/rudra/custom_flightmode/build/example_mode_fw_attitude_cpp': AMENT_PREFIX_PATH=/home/rudra/custom_flightmode/install/px4_ros2_cpp:/home/rudra/custom_flightmode/install/px4_msgs:${AMENT_PREFIX_PATH} CMAKE_PREFIX_PATH=/home/rudra/custom_flightmode/install/px4_ros2_cpp:/home/rudra/custom_flightmode/install/px4_msgs:/home/rudra/ros2_ws/install/talker_listener:/home/rudra/ros2_ws/install/first_pkg:/opt/ros/humble LD_LIBRARY_PATH=/home/rudra/custom_flightmode/install/px4_ros2_cpp/lib:/home/rudra/custom_flightmode/install/px4_msgs/lib:${LD_LIBRARY_PATH} PYTHONPATH=/home/rudra/custom_flightmode/install/px4_msgs/local/lib/python3.10/dist-packages:${PYTHONPATH} /usr/bin/cmake --build /home/rudra/custom_flightmode/build/example_mode_fw_attitude_cpp -- -j12 -l12
[3.091s] DEBUG:colcon.colcon_core.event_handler.log_command:Invoking command in '/home/rudra/custom_flightmode/build/example_mode_goto_cpp': AMENT_PREFIX_PATH=/home/rudra/custom_flightmode/install/px4_ros2_cpp:/home/rudra/custom_flightmode/install/px4_msgs:${AMENT_PREFIX_PATH} CMAKE_PREFIX_PATH=/home/rudra/custom_flightmode/install/px4_ros2_cpp:/home/rudra/custom_flightmode/install/px4_msgs:/home/rudra/ros2_ws/install/talker_listener:/home/rudra/ros2_ws/install/first_pkg:/opt/ros/humble LD_LIBRARY_PATH=/home/rudra/custom_flightmode/install/px4_ros2_cpp/lib:/home/rudra/custom_flightmode/install/px4_msgs/lib:${LD_LIBRARY_PATH} PYTHONPATH=/home/rudra/custom_flightmode/install/px4_msgs/local/lib/python3.10/dist-packages:${PYTHONPATH} /usr/bin/cmake --build /home/rudra/custom_flightmode/build/example_mode_goto_cpp -- -j12 -l12
[3.110s] DEBUG:colcon.colcon_core.event_handler.log_command:Invoking command in '/home/rudra/custom_flightmode/build/example_mode_goto_global_cpp': AMENT_PREFIX_PATH=/home/rudra/custom_flightmode/install/px4_ros2_cpp:/home/rudra/custom_flightmode/install/px4_msgs:${AMENT_PREFIX_PATH} CMAKE_PREFIX_PATH=/home/rudra/custom_flightmode/install/px4_ros2_cpp:/home/rudra/custom_flightmode/install/px4_msgs:/home/rudra/ros2_ws/install/talker_listener:/home/rudra/ros2_ws/install/first_pkg:/opt/ros/humble LD_LIBRARY_PATH=/home/rudra/custom_flightmode/install/px4_ros2_cpp/lib:/home/rudra/custom_flightmode/install/px4_msgs/lib:${LD_LIBRARY_PATH} PYTHONPATH=/home/rudra/custom_flightmode/install/px4_msgs/local/lib/python3.10/dist-packages:${PYTHONPATH} /usr/bin/cmake --build /home/rudra/custom_flightmode/build/example_mode_goto_global_cpp -- -j12 -l12
[3.111s] DEBUG:colcon.colcon_core.event_handler.log_command:Invoking command in '/home/rudra/custom_flightmode/build/example_mode_manual_cpp': AMENT_PREFIX_PATH=/home/rudra/custom_flightmode/install/px4_ros2_cpp:/home/rudra/custom_flightmode/install/px4_msgs:${AMENT_PREFIX_PATH} CMAKE_PREFIX_PATH=/home/rudra/custom_flightmode/install/px4_ros2_cpp:/home/rudra/custom_flightmode/install/px4_msgs:/home/rudra/ros2_ws/install/talker_listener:/home/rudra/ros2_ws/install/first_pkg:/opt/ros/humble LD_LIBRARY_PATH=/home/rudra/custom_flightmode/install/px4_ros2_cpp/lib:/home/rudra/custom_flightmode/install/px4_msgs/lib:${LD_LIBRARY_PATH} PYTHONPATH=/home/rudra/custom_flightmode/install/px4_msgs/local/lib/python3.10/dist-packages:${PYTHONPATH} /usr/bin/cmake --build /home/rudra/custom_flightmode/build/example_mode_manual_cpp -- -j12 -l12
[3.117s] DEBUG:colcon.colcon_core.event_handler.log_command:Invoking command in '/home/rudra/custom_flightmode/build/example_mode_mission_cpp': AMENT_PREFIX_PATH=/home/rudra/custom_flightmode/install/px4_ros2_cpp:/home/rudra/custom_flightmode/install/px4_msgs:${AMENT_PREFIX_PATH} CMAKE_PREFIX_PATH=/home/rudra/custom_flightmode/install/px4_ros2_cpp:/home/rudra/custom_flightmode/install/px4_msgs:/home/rudra/ros2_ws/install/talker_listener:/home/rudra/ros2_ws/install/first_pkg:/opt/ros/humble LD_LIBRARY_PATH=/home/rudra/custom_flightmode/install/px4_ros2_cpp/lib:/home/rudra/custom_flightmode/install/px4_msgs/lib:${LD_LIBRARY_PATH} PYTHONPATH=/home/rudra/custom_flightmode/install/px4_msgs/local/lib/python3.10/dist-packages:${PYTHONPATH} /usr/bin/cmake --build /home/rudra/custom_flightmode/build/example_mode_mission_cpp -- -j12 -l12
[3.145s] DEBUG:colcon.colcon_core.event_handler.log_command:Invoking command in '/home/rudra/custom_flightmode/build/example_mode_rtl_replacement_cpp': AMENT_PREFIX_PATH=/home/rudra/custom_flightmode/install/px4_ros2_cpp:/home/rudra/custom_flightmode/install/px4_msgs:${AMENT_PREFIX_PATH} CMAKE_PREFIX_PATH=/home/rudra/custom_flightmode/install/px4_ros2_cpp:/home/rudra/custom_flightmode/install/px4_msgs:/home/rudra/ros2_ws/install/talker_listener:/home/rudra/ros2_ws/install/first_pkg:/opt/ros/humble LD_LIBRARY_PATH=/home/rudra/custom_flightmode/install/px4_ros2_cpp/lib:/home/rudra/custom_flightmode/install/px4_msgs/lib:${LD_LIBRARY_PATH} PYTHONPATH=/home/rudra/custom_flightmode/install/px4_msgs/local/lib/python3.10/dist-packages:${PYTHONPATH} /usr/bin/cmake --build /home/rudra/custom_flightmode/build/example_mode_rtl_replacement_cpp -- -j12 -l12
[3.157s] DEBUG:colcon.colcon_core.event_handler.log_command:Invoking command in '/home/rudra/custom_flightmode/build/example_mode_vtol_cpp': AMENT_PREFIX_PATH=/home/rudra/custom_flightmode/install/px4_ros2_cpp:/home/rudra/custom_flightmode/install/px4_msgs:${AMENT_PREFIX_PATH} CMAKE_PREFIX_PATH=/home/rudra/custom_flightmode/install/px4_ros2_cpp:/home/rudra/custom_flightmode/install/px4_msgs:/home/rudra/ros2_ws/install/talker_listener:/home/rudra/ros2_ws/install/first_pkg:/opt/ros/humble LD_LIBRARY_PATH=/home/rudra/custom_flightmode/install/px4_ros2_cpp/lib:/home/rudra/custom_flightmode/install/px4_msgs/lib:${LD_LIBRARY_PATH} PYTHONPATH=/home/rudra/custom_flightmode/install/px4_msgs/local/lib/python3.10/dist-packages:${PYTHONPATH} /usr/bin/cmake --build /home/rudra/custom_flightmode/build/example_mode_vtol_cpp -- -j12 -l12
[3.264s] DEBUG:colcon.colcon_core.event_handler.log_command:Invoked command in '/home/rudra/custom_flightmode/build/example_executor_with_multiple_modes_cpp' returned '0': AMENT_PREFIX_PATH=/home/rudra/custom_flightmode/install/px4_ros2_cpp:/home/rudra/custom_flightmode/install/px4_msgs:${AMENT_PREFIX_PATH} CMAKE_PREFIX_PATH=/home/rudra/custom_flightmode/install/px4_ros2_cpp:/home/rudra/custom_flightmode/install/px4_msgs:/home/rudra/ros2_ws/install/talker_listener:/home/rudra/ros2_ws/install/first_pkg:/opt/ros/humble LD_LIBRARY_PATH=/home/rudra/custom_flightmode/install/px4_ros2_cpp/lib:/home/rudra/custom_flightmode/install/px4_msgs/lib:${LD_LIBRARY_PATH} PYTHONPATH=/home/rudra/custom_flightmode/install/px4_msgs/local/lib/python3.10/dist-packages:${PYTHONPATH} /usr/bin/cmake --build /home/rudra/custom_flightmode/build/example_executor_with_multiple_modes_cpp -- -j12 -l12
[3.266s] DEBUG:colcon.colcon_core.event_handler.log_command:Invoking command in '/home/rudra/custom_flightmode/build/example_executor_with_multiple_modes_cpp': AMENT_PREFIX_PATH=/home/rudra/custom_flightmode/install/px4_ros2_cpp:/home/rudra/custom_flightmode/install/px4_msgs:${AMENT_PREFIX_PATH} CMAKE_PREFIX_PATH=/home/rudra/custom_flightmode/install/px4_ros2_cpp:/home/rudra/custom_flightmode/install/px4_msgs:/home/rudra/ros2_ws/install/talker_listener:/home/rudra/ros2_ws/install/first_pkg:/opt/ros/humble LD_LIBRARY_PATH=/home/rudra/custom_flightmode/install/px4_ros2_cpp/lib:/home/rudra/custom_flightmode/install/px4_msgs/lib:${LD_LIBRARY_PATH} PYTHONPATH=/home/rudra/custom_flightmode/install/px4_msgs/local/lib/python3.10/dist-packages:${PYTHONPATH} /usr/bin/cmake --install /home/rudra/custom_flightmode/build/example_executor_with_multiple_modes_cpp
[3.275s] DEBUG:colcon.colcon_core.event_handler.log_command:Invoked command in '/home/rudra/custom_flightmode/build/example_mode_fw_attitude_cpp' returned '0': AMENT_PREFIX_PATH=/home/rudra/custom_flightmode/install/px4_ros2_cpp:/home/rudra/custom_flightmode/install/px4_msgs:${AMENT_PREFIX_PATH} CMAKE_PREFIX_PATH=/home/rudra/custom_flightmode/install/px4_ros2_cpp:/home/rudra/custom_flightmode/install/px4_msgs:/home/rudra/ros2_ws/install/talker_listener:/home/rudra/ros2_ws/install/first_pkg:/opt/ros/humble LD_LIBRARY_PATH=/home/rudra/custom_flightmode/install/px4_ros2_cpp/lib:/home/rudra/custom_flightmode/install/px4_msgs/lib:${LD_LIBRARY_PATH} PYTHONPATH=/home/rudra/custom_flightmode/install/px4_msgs/local/lib/python3.10/dist-packages:${PYTHONPATH} /usr/bin/cmake --build /home/rudra/custom_flightmode/build/example_mode_fw_attitude_cpp -- -j12 -l12
[3.286s] DEBUG:colcon.colcon_core.event_handler.log_command:Invoking command in '/home/rudra/custom_flightmode/build/example_mode_fw_attitude_cpp': AMENT_PREFIX_PATH=/home/rudra/custom_flightmode/install/px4_ros2_cpp:/home/rudra/custom_flightmode/install/px4_msgs:${AMENT_PREFIX_PATH} CMAKE_PREFIX_PATH=/home/rudra/custom_flightmode/install/px4_ros2_cpp:/home/rudra/custom_flightmode/install/px4_msgs:/home/rudra/ros2_ws/install/talker_listener:/home/rudra/ros2_ws/install/first_pkg:/opt/ros/humble LD_LIBRARY_PATH=/home/rudra/custom_flightmode/install/px4_ros2_cpp/lib:/home/rudra/custom_flightmode/install/px4_msgs/lib:${LD_LIBRARY_PATH} PYTHONPATH=/home/rudra/custom_flightmode/install/px4_msgs/local/lib/python3.10/dist-packages:${PYTHONPATH} /usr/bin/cmake --install /home/rudra/custom_flightmode/build/example_mode_fw_attitude_cpp
[3.301s] DEBUG:colcon.colcon_core.event_handler.log_command:Invoked command in '/home/rudra/custom_flightmode/build/example_mode_mission_cpp' returned '0': AMENT_PREFIX_PATH=/home/rudra/custom_flightmode/install/px4_ros2_cpp:/home/rudra/custom_flightmode/install/px4_msgs:${AMENT_PREFIX_PATH} CMAKE_PREFIX_PATH=/home/rudra/custom_flightmode/install/px4_ros2_cpp:/home/rudra/custom_flightmode/install/px4_msgs:/home/rudra/ros2_ws/install/talker_listener:/home/rudra/ros2_ws/install/first_pkg:/opt/ros/humble LD_LIBRARY_PATH=/home/rudra/custom_flightmode/install/px4_ros2_cpp/lib:/home/rudra/custom_flightmode/install/px4_msgs/lib:${LD_LIBRARY_PATH} PYTHONPATH=/home/rudra/custom_flightmode/install/px4_msgs/local/lib/python3.10/dist-packages:${PYTHONPATH} /usr/bin/cmake --build /home/rudra/custom_flightmode/build/example_mode_mission_cpp -- -j12 -l12
[3.302s] DEBUG:colcon.colcon_core.event_handler.log_command:Invoking command in '/home/rudra/custom_flightmode/build/example_mode_mission_cpp': AMENT_PREFIX_PATH=/home/rudra/custom_flightmode/install/px4_ros2_cpp:/home/rudra/custom_flightmode/install/px4_msgs:${AMENT_PREFIX_PATH} CMAKE_PREFIX_PATH=/home/rudra/custom_flightmode/install/px4_ros2_cpp:/home/rudra/custom_flightmode/install/px4_msgs:/home/rudra/ros2_ws/install/talker_listener:/home/rudra/ros2_ws/install/first_pkg:/opt/ros/humble LD_LIBRARY_PATH=/home/rudra/custom_flightmode/install/px4_ros2_cpp/lib:/home/rudra/custom_flightmode/install/px4_msgs/lib:${LD_LIBRARY_PATH} PYTHONPATH=/home/rudra/custom_flightmode/install/px4_msgs/local/lib/python3.10/dist-packages:${PYTHONPATH} /usr/bin/cmake --install /home/rudra/custom_flightmode/build/example_mode_mission_cpp
[3.304s] DEBUG:colcon.colcon_core.event_handler.log_command:Invoked command in '/home/rudra/custom_flightmode/build/example_global_navigation_cpp' returned '0': AMENT_PREFIX_PATH=/home/rudra/custom_flightmode/install/px4_ros2_cpp:/home/rudra/custom_flightmode/install/px4_msgs:${AMENT_PREFIX_PATH} CMAKE_PREFIX_PATH=/home/rudra/custom_flightmode/install/px4_ros2_cpp:/home/rudra/custom_flightmode/install/px4_msgs:/home/rudra/ros2_ws/install/talker_listener:/home/rudra/ros2_ws/install/first_pkg:/opt/ros/humble LD_LIBRARY_PATH=/home/rudra/custom_flightmode/install/px4_ros2_cpp/lib:/home/rudra/custom_flightmode/install/px4_msgs/lib:${LD_LIBRARY_PATH} PYTHONPATH=/home/rudra/custom_flightmode/install/px4_msgs/local/lib/python3.10/dist-packages:${PYTHONPATH} /usr/bin/cmake --build /home/rudra/custom_flightmode/build/example_global_navigation_cpp -- -j12 -l12
[3.326s] DEBUG:colcon.colcon_core.event_handler.log_command:Invoking command in '/home/rudra/custom_flightmode/build/example_global_navigation_cpp': AMENT_PREFIX_PATH=/home/rudra/custom_flightmode/install/px4_ros2_cpp:/home/rudra/custom_flightmode/install/px4_msgs:${AMENT_PREFIX_PATH} CMAKE_PREFIX_PATH=/home/rudra/custom_flightmode/install/px4_ros2_cpp:/home/rudra/custom_flightmode/install/px4_msgs:/home/rudra/ros2_ws/install/talker_listener:/home/rudra/ros2_ws/install/first_pkg:/opt/ros/humble LD_LIBRARY_PATH=/home/rudra/custom_flightmode/install/px4_ros2_cpp/lib:/home/rudra/custom_flightmode/install/px4_msgs/lib:${LD_LIBRARY_PATH} PYTHONPATH=/home/rudra/custom_flightmode/install/px4_msgs/local/lib/python3.10/dist-packages:${PYTHONPATH} /usr/bin/cmake --install /home/rudra/custom_flightmode/build/example_global_navigation_cpp
[3.332s] DEBUG:colcon.colcon_core.event_handler.log_command:Invoked command in '/home/rudra/custom_flightmode/build/example_local_navigation_cpp' returned '0': AMENT_PREFIX_PATH=/home/rudra/custom_flightmode/install/px4_ros2_cpp:/home/rudra/custom_flightmode/install/px4_msgs:${AMENT_PREFIX_PATH} CMAKE_PREFIX_PATH=/home/rudra/custom_flightmode/install/px4_ros2_cpp:/home/rudra/custom_flightmode/install/px4_msgs:/home/rudra/ros2_ws/install/talker_listener:/home/rudra/ros2_ws/install/first_pkg:/opt/ros/humble LD_LIBRARY_PATH=/home/rudra/custom_flightmode/install/px4_ros2_cpp/lib:/home/rudra/custom_flightmode/install/px4_msgs/lib:${LD_LIBRARY_PATH} PYTHONPATH=/home/rudra/custom_flightmode/install/px4_msgs/local/lib/python3.10/dist-packages:${PYTHONPATH} /usr/bin/cmake --build /home/rudra/custom_flightmode/build/example_local_navigation_cpp -- -j12 -l12
[3.334s] Level 1:colcon.colcon_core.environment:create_environment_scripts_only(example_mode_fw_attitude_cpp)
[3.336s] Level 1:colcon.colcon_core.environment:checking '/home/rudra/custom_flightmode/install/example_mode_fw_attitude_cpp' for CMake module files
[3.335s] DEBUG:colcon.colcon_core.event_handler.log_command:Invoking command in '/home/rudra/custom_flightmode/build/example_local_navigation_cpp': AMENT_PREFIX_PATH=/home/rudra/custom_flightmode/install/px4_ros2_cpp:/home/rudra/custom_flightmode/install/px4_msgs:${AMENT_PREFIX_PATH} CMAKE_PREFIX_PATH=/home/rudra/custom_flightmode/install/px4_ros2_cpp:/home/rudra/custom_flightmode/install/px4_msgs:/home/rudra/ros2_ws/install/talker_listener:/home/rudra/ros2_ws/install/first_pkg:/opt/ros/humble LD_LIBRARY_PATH=/home/rudra/custom_flightmode/install/px4_ros2_cpp/lib:/home/rudra/custom_flightmode/install/px4_msgs/lib:${LD_LIBRARY_PATH} PYTHONPATH=/home/rudra/custom_flightmode/install/px4_msgs/local/lib/python3.10/dist-packages:${PYTHONPATH} /usr/bin/cmake --install /home/rudra/custom_flightmode/build/example_local_navigation_cpp
[3.338s] DEBUG:colcon.colcon_core.event_handler.log_command:Invoked command in '/home/rudra/custom_flightmode/build/example_mode_goto_cpp' returned '0': AMENT_PREFIX_PATH=/home/rudra/custom_flightmode/install/px4_ros2_cpp:/home/rudra/custom_flightmode/install/px4_msgs:${AMENT_PREFIX_PATH} CMAKE_PREFIX_PATH=/home/rudra/custom_flightmode/install/px4_ros2_cpp:/home/rudra/custom_flightmode/install/px4_msgs:/home/rudra/ros2_ws/install/talker_listener:/home/rudra/ros2_ws/install/first_pkg:/opt/ros/humble LD_LIBRARY_PATH=/home/rudra/custom_flightmode/install/px4_ros2_cpp/lib:/home/rudra/custom_flightmode/install/px4_msgs/lib:${LD_LIBRARY_PATH} PYTHONPATH=/home/rudra/custom_flightmode/install/px4_msgs/local/lib/python3.10/dist-packages:${PYTHONPATH} /usr/bin/cmake --build /home/rudra/custom_flightmode/build/example_mode_goto_cpp -- -j12 -l12
[3.340s] DEBUG:colcon.colcon_core.event_handler.log_command:Invoking command in '/home/rudra/custom_flightmode/build/example_mode_goto_cpp': AMENT_PREFIX_PATH=/home/rudra/custom_flightmode/install/px4_ros2_cpp:/home/rudra/custom_flightmode/install/px4_msgs:${AMENT_PREFIX_PATH} CMAKE_PREFIX_PATH=/home/rudra/custom_flightmode/install/px4_ros2_cpp:/home/rudra/custom_flightmode/install/px4_msgs:/home/rudra/ros2_ws/install/talker_listener:/home/rudra/ros2_ws/install/first_pkg:/opt/ros/humble LD_LIBRARY_PATH=/home/rudra/custom_flightmode/install/px4_ros2_cpp/lib:/home/rudra/custom_flightmode/install/px4_msgs/lib:${LD_LIBRARY_PATH} PYTHONPATH=/home/rudra/custom_flightmode/install/px4_msgs/local/lib/python3.10/dist-packages:${PYTHONPATH} /usr/bin/cmake --install /home/rudra/custom_flightmode/build/example_mode_goto_cpp
[3.340s] DEBUG:colcon.colcon_core.event_handler.log_command:Invoked command in '/home/rudra/custom_flightmode/build/example_mode_fw_attitude_cpp' returned '0': AMENT_PREFIX_PATH=/home/rudra/custom_flightmode/install/px4_ros2_cpp:/home/rudra/custom_flightmode/install/px4_msgs:${AMENT_PREFIX_PATH} CMAKE_PREFIX_PATH=/home/rudra/custom_flightmode/install/px4_ros2_cpp:/home/rudra/custom_flightmode/install/px4_msgs:/home/rudra/ros2_ws/install/talker_listener:/home/rudra/ros2_ws/install/first_pkg:/opt/ros/humble LD_LIBRARY_PATH=/home/rudra/custom_flightmode/install/px4_ros2_cpp/lib:/home/rudra/custom_flightmode/install/px4_msgs/lib:${LD_LIBRARY_PATH} PYTHONPATH=/home/rudra/custom_flightmode/install/px4_msgs/local/lib/python3.10/dist-packages:${PYTHONPATH} /usr/bin/cmake --install /home/rudra/custom_flightmode/build/example_mode_fw_attitude_cpp
[3.341s] Level 1:colcon.colcon_core.environment:checking '/home/rudra/custom_flightmode/install/example_mode_fw_attitude_cpp' for CMake config files
[3.342s] Level 1:colcon.colcon_core.shell:create_environment_hook('example_mode_fw_attitude_cpp', 'cmake_prefix_path')
[3.343s] INFO:colcon.colcon_core.shell:Creating environment hook '/home/rudra/custom_flightmode/install/example_mode_fw_attitude_cpp/share/example_mode_fw_attitude_cpp/hook/cmake_prefix_path.ps1'
[3.346s] INFO:colcon.colcon_core.shell:Creating environment descriptor '/home/rudra/custom_flightmode/install/example_mode_fw_attitude_cpp/share/example_mode_fw_attitude_cpp/hook/cmake_prefix_path.dsv'
[3.348s] INFO:colcon.colcon_core.shell:Creating environment hook '/home/rudra/custom_flightmode/install/example_mode_fw_attitude_cpp/share/example_mode_fw_attitude_cpp/hook/cmake_prefix_path.sh'
[3.349s] Level 1:colcon.colcon_core.environment:checking '/home/rudra/custom_flightmode/install/example_mode_fw_attitude_cpp/lib'
[3.349s] Level 1:colcon.colcon_core.environment:checking '/home/rudra/custom_flightmode/install/example_mode_fw_attitude_cpp/bin'
[3.349s] Level 1:colcon.colcon_core.environment:checking '/home/rudra/custom_flightmode/install/example_mode_fw_attitude_cpp/lib/pkgconfig/example_mode_fw_attitude_cpp.pc'
[3.349s] Level 1:colcon.colcon_core.environment:checking '/home/rudra/custom_flightmode/install/example_mode_fw_attitude_cpp/lib/python3.10/site-packages'
[3.350s] Level 1:colcon.colcon_core.environment:checking '/home/rudra/custom_flightmode/install/example_mode_fw_attitude_cpp/bin'
[3.351s] INFO:colcon.colcon_core.shell:Creating package script '/home/rudra/custom_flightmode/install/example_mode_fw_attitude_cpp/share/example_mode_fw_attitude_cpp/package.ps1'
[3.352s] INFO:colcon.colcon_core.shell:Creating package descriptor '/home/rudra/custom_flightmode/install/example_mode_fw_attitude_cpp/share/example_mode_fw_attitude_cpp/package.dsv'
[3.352s] INFO:colcon.colcon_core.shell:Creating package script '/home/rudra/custom_flightmode/install/example_mode_fw_attitude_cpp/share/example_mode_fw_attitude_cpp/package.sh'
[3.353s] INFO:colcon.colcon_core.shell:Creating package script '/home/rudra/custom_flightmode/install/example_mode_fw_attitude_cpp/share/example_mode_fw_attitude_cpp/package.bash'
[3.353s] INFO:colcon.colcon_core.shell:Creating package script '/home/rudra/custom_flightmode/install/example_mode_fw_attitude_cpp/share/example_mode_fw_attitude_cpp/package.zsh'
[3.354s] Level 1:colcon.colcon_core.environment:create_file_with_runtime_dependencies(/home/rudra/custom_flightmode/install/example_mode_fw_attitude_cpp/share/colcon-core/packages/example_mode_fw_attitude_cpp)
[3.354s] Level 1:colcon.colcon_core.environment:create_environment_scripts_only(example_mode_fw_attitude_cpp)
[3.355s] Level 1:colcon.colcon_core.environment:checking '/home/rudra/custom_flightmode/install/example_mode_fw_attitude_cpp' for CMake module files
[3.356s] Level 1:colcon.colcon_core.environment:checking '/home/rudra/custom_flightmode/install/example_mode_fw_attitude_cpp' for CMake config files
[3.356s] Level 1:colcon.colcon_core.shell:create_environment_hook('example_mode_fw_attitude_cpp', 'cmake_prefix_path')
[3.357s] INFO:colcon.colcon_core.shell:Creating environment hook '/home/rudra/custom_flightmode/install/example_mode_fw_attitude_cpp/share/example_mode_fw_attitude_cpp/hook/cmake_prefix_path.ps1'
[3.357s] INFO:colcon.colcon_core.shell:Creating environment descriptor '/home/rudra/custom_flightmode/install/example_mode_fw_attitude_cpp/share/example_mode_fw_attitude_cpp/hook/cmake_prefix_path.dsv'
[3.358s] INFO:colcon.colcon_core.shell:Creating environment hook '/home/rudra/custom_flightmode/install/example_mode_fw_attitude_cpp/share/example_mode_fw_attitude_cpp/hook/cmake_prefix_path.sh'
[3.359s] Level 1:colcon.colcon_core.environment:checking '/home/rudra/custom_flightmode/install/example_mode_fw_attitude_cpp/lib'
[3.359s] Level 1:colcon.colcon_core.environment:checking '/home/rudra/custom_flightmode/install/example_mode_fw_attitude_cpp/bin'
[3.359s] Level 1:colcon.colcon_core.environment:checking '/home/rudra/custom_flightmode/install/example_mode_fw_attitude_cpp/lib/pkgconfig/example_mode_fw_attitude_cpp.pc'
[3.359s] Level 1:colcon.colcon_core.environment:checking '/home/rudra/custom_flightmode/install/example_mode_fw_attitude_cpp/lib/python3.10/site-packages'
[3.360s] Level 1:colcon.colcon_core.environment:checking '/home/rudra/custom_flightmode/install/example_mode_fw_attitude_cpp/bin'
[3.360s] INFO:colcon.colcon_core.shell:Creating package script '/home/rudra/custom_flightmode/install/example_mode_fw_attitude_cpp/share/example_mode_fw_attitude_cpp/package.ps1'
[3.361s] INFO:colcon.colcon_core.shell:Creating package descriptor '/home/rudra/custom_flightmode/install/example_mode_fw_attitude_cpp/share/example_mode_fw_attitude_cpp/package.dsv'
[3.362s] INFO:colcon.colcon_core.shell:Creating package script '/home/rudra/custom_flightmode/install/example_mode_fw_attitude_cpp/share/example_mode_fw_attitude_cpp/package.sh'
[3.362s] INFO:colcon.colcon_core.shell:Creating package script '/home/rudra/custom_flightmode/install/example_mode_fw_attitude_cpp/share/example_mode_fw_attitude_cpp/package.bash'
[3.363s] INFO:colcon.colcon_core.shell:Creating package script '/home/rudra/custom_flightmode/install/example_mode_fw_attitude_cpp/share/example_mode_fw_attitude_cpp/package.zsh'
[3.363s] Level 1:colcon.colcon_core.environment:create_file_with_runtime_dependencies(/home/rudra/custom_flightmode/install/example_mode_fw_attitude_cpp/share/colcon-core/packages/example_mode_fw_attitude_cpp)
[3.365s] INFO:colcon.colcon_ros.task.ament_cmake.build:Building ROS package in '/home/rudra/custom_flightmode/src/px4-ros2-interface-lib/examples/cpp/modes/mode_with_executor' with build type 'ament_cmake'
[3.365s] INFO:colcon.colcon_cmake.task.cmake.build:Building CMake package in '/home/rudra/custom_flightmode/src/px4-ros2-interface-lib/examples/cpp/modes/mode_with_executor'
[3.366s] INFO:colcon.colcon_core.shell:Skip shell extension 'powershell' for command environment: Not usable outside of PowerShell
[3.366s] DEBUG:colcon.colcon_core.shell:Skip shell extension 'dsv' for command environment
[3.378s] Level 1:colcon.colcon_core.environment:create_environment_scripts_only(example_executor_with_multiple_modes_cpp)
[3.378s] Level 1:colcon.colcon_core.environment:checking '/home/rudra/custom_flightmode/install/example_executor_with_multiple_modes_cpp' for CMake module files
[3.380s] Level 1:colcon.colcon_core.environment:checking '/home/rudra/custom_flightmode/install/example_executor_with_multiple_modes_cpp' for CMake config files
[3.380s] Level 1:colcon.colcon_core.shell:create_environment_hook('example_executor_with_multiple_modes_cpp', 'cmake_prefix_path')
[3.381s] INFO:colcon.colcon_core.shell:Creating environment hook '/home/rudra/custom_flightmode/install/example_executor_with_multiple_modes_cpp/share/example_executor_with_multiple_modes_cpp/hook/cmake_prefix_path.ps1'
[3.382s] DEBUG:colcon.colcon_core.event_handler.log_command:Invoked command in '/home/rudra/custom_flightmode/build/example_executor_with_multiple_modes_cpp' returned '0': AMENT_PREFIX_PATH=/home/rudra/custom_flightmode/install/px4_ros2_cpp:/home/rudra/custom_flightmode/install/px4_msgs:${AMENT_PREFIX_PATH} CMAKE_PREFIX_PATH=/home/rudra/custom_flightmode/install/px4_ros2_cpp:/home/rudra/custom_flightmode/install/px4_msgs:/home/rudra/ros2_ws/install/talker_listener:/home/rudra/ros2_ws/install/first_pkg:/opt/ros/humble LD_LIBRARY_PATH=/home/rudra/custom_flightmode/install/px4_ros2_cpp/lib:/home/rudra/custom_flightmode/install/px4_msgs/lib:${LD_LIBRARY_PATH} PYTHONPATH=/home/rudra/custom_flightmode/install/px4_msgs/local/lib/python3.10/dist-packages:${PYTHONPATH} /usr/bin/cmake --install /home/rudra/custom_flightmode/build/example_executor_with_multiple_modes_cpp
[3.383s] INFO:colcon.colcon_core.shell:Creating environment descriptor '/home/rudra/custom_flightmode/install/example_executor_with_multiple_modes_cpp/share/example_executor_with_multiple_modes_cpp/hook/cmake_prefix_path.dsv'
[3.383s] INFO:colcon.colcon_core.shell:Creating environment hook '/home/rudra/custom_flightmode/install/example_executor_with_multiple_modes_cpp/share/example_executor_with_multiple_modes_cpp/hook/cmake_prefix_path.sh'
[3.384s] Level 1:colcon.colcon_core.environment:checking '/home/rudra/custom_flightmode/install/example_executor_with_multiple_modes_cpp/lib'
[3.384s] Level 1:colcon.colcon_core.environment:checking '/home/rudra/custom_flightmode/install/example_executor_with_multiple_modes_cpp/bin'
[3.384s] Level 1:colcon.colcon_core.environment:checking '/home/rudra/custom_flightmode/install/example_executor_with_multiple_modes_cpp/lib/pkgconfig/example_executor_with_multiple_modes_cpp.pc'
[3.385s] Level 1:colcon.colcon_core.environment:checking '/home/rudra/custom_flightmode/install/example_executor_with_multiple_modes_cpp/lib/python3.10/site-packages'
[3.385s] Level 1:colcon.colcon_core.environment:checking '/home/rudra/custom_flightmode/install/example_executor_with_multiple_modes_cpp/bin'
[3.386s] INFO:colcon.colcon_core.shell:Creating package script '/home/rudra/custom_flightmode/install/example_executor_with_multiple_modes_cpp/share/example_executor_with_multiple_modes_cpp/package.ps1'
[3.387s] INFO:colcon.colcon_core.shell:Creating package descriptor '/home/rudra/custom_flightmode/install/example_executor_with_multiple_modes_cpp/share/example_executor_with_multiple_modes_cpp/package.dsv'
[3.387s] INFO:colcon.colcon_core.shell:Creating package script '/home/rudra/custom_flightmode/install/example_executor_with_multiple_modes_cpp/share/example_executor_with_multiple_modes_cpp/package.sh'
[3.388s] INFO:colcon.colcon_core.shell:Creating package script '/home/rudra/custom_flightmode/install/example_executor_with_multiple_modes_cpp/share/example_executor_with_multiple_modes_cpp/package.bash'
[3.388s] INFO:colcon.colcon_core.shell:Creating package script '/home/rudra/custom_flightmode/install/example_executor_with_multiple_modes_cpp/share/example_executor_with_multiple_modes_cpp/package.zsh'
[3.389s] Level 1:colcon.colcon_core.environment:create_file_with_runtime_dependencies(/home/rudra/custom_flightmode/install/example_executor_with_multiple_modes_cpp/share/colcon-core/packages/example_executor_with_multiple_modes_cpp)
[3.390s] Level 1:colcon.colcon_core.environment:create_environment_scripts_only(example_executor_with_multiple_modes_cpp)
[3.390s] Level 1:colcon.colcon_core.environment:checking '/home/rudra/custom_flightmode/install/example_executor_with_multiple_modes_cpp' for CMake module files
[3.390s] Level 1:colcon.colcon_core.environment:checking '/home/rudra/custom_flightmode/install/example_executor_with_multiple_modes_cpp' for CMake config files
[3.391s] Level 1:colcon.colcon_core.shell:create_environment_hook('example_executor_with_multiple_modes_cpp', 'cmake_prefix_path')
[3.391s] INFO:colcon.colcon_core.shell:Creating environment hook '/home/rudra/custom_flightmode/install/example_executor_with_multiple_modes_cpp/share/example_executor_with_multiple_modes_cpp/hook/cmake_prefix_path.ps1'
[3.391s] INFO:colcon.colcon_core.shell:Creating environment descriptor '/home/rudra/custom_flightmode/install/example_executor_with_multiple_modes_cpp/share/example_executor_with_multiple_modes_cpp/hook/cmake_prefix_path.dsv'
[3.392s] INFO:colcon.colcon_core.shell:Creating environment hook '/home/rudra/custom_flightmode/install/example_executor_with_multiple_modes_cpp/share/example_executor_with_multiple_modes_cpp/hook/cmake_prefix_path.sh'
[3.393s] Level 1:colcon.colcon_core.environment:checking '/home/rudra/custom_flightmode/install/example_executor_with_multiple_modes_cpp/lib'
[3.393s] Level 1:colcon.colcon_core.environment:checking '/home/rudra/custom_flightmode/install/example_executor_with_multiple_modes_cpp/bin'
[3.393s] Level 1:colcon.colcon_core.environment:checking '/home/rudra/custom_flightmode/install/example_executor_with_multiple_modes_cpp/lib/pkgconfig/example_executor_with_multiple_modes_cpp.pc'
[3.393s] Level 1:colcon.colcon_core.environment:checking '/home/rudra/custom_flightmode/install/example_executor_with_multiple_modes_cpp/lib/python3.10/site-packages'
[3.394s] Level 1:colcon.colcon_core.environment:checking '/home/rudra/custom_flightmode/install/example_executor_with_multiple_modes_cpp/bin'
[3.394s] INFO:colcon.colcon_core.shell:Creating package script '/home/rudra/custom_flightmode/install/example_executor_with_multiple_modes_cpp/share/example_executor_with_multiple_modes_cpp/package.ps1'
[3.395s] INFO:colcon.colcon_core.shell:Creating package descriptor '/home/rudra/custom_flightmode/install/example_executor_with_multiple_modes_cpp/share/example_executor_with_multiple_modes_cpp/package.dsv'
[3.396s] INFO:colcon.colcon_core.shell:Creating package script '/home/rudra/custom_flightmode/install/example_executor_with_multiple_modes_cpp/share/example_executor_with_multiple_modes_cpp/package.sh'
[3.396s] INFO:colcon.colcon_core.shell:Creating package script '/home/rudra/custom_flightmode/install/example_executor_with_multiple_modes_cpp/share/example_executor_with_multiple_modes_cpp/package.bash'
[3.397s] INFO:colcon.colcon_core.shell:Creating package script '/home/rudra/custom_flightmode/install/example_executor_with_multiple_modes_cpp/share/example_executor_with_multiple_modes_cpp/package.zsh'
[3.397s] Level 1:colcon.colcon_core.environment:create_file_with_runtime_dependencies(/home/rudra/custom_flightmode/install/example_executor_with_multiple_modes_cpp/share/colcon-core/packages/example_executor_with_multiple_modes_cpp)
[3.398s] Level 1:colcon.colcon_core.environment:create_environment_scripts_only(example_mode_mission_cpp)
[3.398s] Level 1:colcon.colcon_core.environment:checking '/home/rudra/custom_flightmode/install/example_mode_mission_cpp' for CMake module files
[3.399s] Level 1:colcon.colcon_core.environment:checking '/home/rudra/custom_flightmode/install/example_mode_mission_cpp' for CMake config files
[3.399s] Level 1:colcon.colcon_core.shell:create_environment_hook('example_mode_mission_cpp', 'cmake_prefix_path')
[3.400s] INFO:colcon.colcon_core.shell:Creating environment hook '/home/rudra/custom_flightmode/install/example_mode_mission_cpp/share/example_mode_mission_cpp/hook/cmake_prefix_path.ps1'
[3.401s] DEBUG:colcon.colcon_core.event_handler.log_command:Invoked command in '/home/rudra/custom_flightmode/build/example_mode_mission_cpp' returned '0': AMENT_PREFIX_PATH=/home/rudra/custom_flightmode/install/px4_ros2_cpp:/home/rudra/custom_flightmode/install/px4_msgs:${AMENT_PREFIX_PATH} CMAKE_PREFIX_PATH=/home/rudra/custom_flightmode/install/px4_ros2_cpp:/home/rudra/custom_flightmode/install/px4_msgs:/home/rudra/ros2_ws/install/talker_listener:/home/rudra/ros2_ws/install/first_pkg:/opt/ros/humble LD_LIBRARY_PATH=/home/rudra/custom_flightmode/install/px4_ros2_cpp/lib:/home/rudra/custom_flightmode/install/px4_msgs/lib:${LD_LIBRARY_PATH} PYTHONPATH=/home/rudra/custom_flightmode/install/px4_msgs/local/lib/python3.10/dist-packages:${PYTHONPATH} /usr/bin/cmake --install /home/rudra/custom_flightmode/build/example_mode_mission_cpp
[3.401s] INFO:colcon.colcon_core.shell:Creating environment descriptor '/home/rudra/custom_flightmode/install/example_mode_mission_cpp/share/example_mode_mission_cpp/hook/cmake_prefix_path.dsv'
[3.402s] INFO:colcon.colcon_core.shell:Creating environment hook '/home/rudra/custom_flightmode/install/example_mode_mission_cpp/share/example_mode_mission_cpp/hook/cmake_prefix_path.sh'
[3.403s] Level 1:colcon.colcon_core.environment:checking '/home/rudra/custom_flightmode/install/example_mode_mission_cpp/lib'
[3.403s] Level 1:colcon.colcon_core.environment:checking '/home/rudra/custom_flightmode/install/example_mode_mission_cpp/bin'
[3.403s] Level 1:colcon.colcon_core.environment:checking '/home/rudra/custom_flightmode/install/example_mode_mission_cpp/lib/pkgconfig/example_mode_mission_cpp.pc'
[3.403s] Level 1:colcon.colcon_core.environment:checking '/home/rudra/custom_flightmode/install/example_mode_mission_cpp/lib/python3.10/site-packages'
[3.404s] Level 1:colcon.colcon_core.environment:checking '/home/rudra/custom_flightmode/install/example_mode_mission_cpp/bin'
[3.404s] INFO:colcon.colcon_core.shell:Creating package script '/home/rudra/custom_flightmode/install/example_mode_mission_cpp/share/example_mode_mission_cpp/package.ps1'
[3.405s] INFO:colcon.colcon_core.shell:Creating package descriptor '/home/rudra/custom_flightmode/install/example_mode_mission_cpp/share/example_mode_mission_cpp/package.dsv'
[3.405s] INFO:colcon.colcon_core.shell:Creating package script '/home/rudra/custom_flightmode/install/example_mode_mission_cpp/share/example_mode_mission_cpp/package.sh'
[3.406s] INFO:colcon.colcon_core.shell:Creating package script '/home/rudra/custom_flightmode/install/example_mode_mission_cpp/share/example_mode_mission_cpp/package.bash'
[3.406s] INFO:colcon.colcon_core.shell:Creating package script '/home/rudra/custom_flightmode/install/example_mode_mission_cpp/share/example_mode_mission_cpp/package.zsh'
[3.407s] Level 1:colcon.colcon_core.environment:create_file_with_runtime_dependencies(/home/rudra/custom_flightmode/install/example_mode_mission_cpp/share/colcon-core/packages/example_mode_mission_cpp)
[3.408s] Level 1:colcon.colcon_core.environment:create_environment_scripts_only(example_mode_mission_cpp)
[3.408s] Level 1:colcon.colcon_core.environment:checking '/home/rudra/custom_flightmode/install/example_mode_mission_cpp' for CMake module files
[3.408s] Level 1:colcon.colcon_core.environment:checking '/home/rudra/custom_flightmode/install/example_mode_mission_cpp' for CMake config files
[3.409s] Level 1:colcon.colcon_core.shell:create_environment_hook('example_mode_mission_cpp', 'cmake_prefix_path')
[3.409s] INFO:colcon.colcon_core.shell:Creating environment hook '/home/rudra/custom_flightmode/install/example_mode_mission_cpp/share/example_mode_mission_cpp/hook/cmake_prefix_path.ps1'
[3.410s] INFO:colcon.colcon_core.shell:Creating environment descriptor '/home/rudra/custom_flightmode/install/example_mode_mission_cpp/share/example_mode_mission_cpp/hook/cmake_prefix_path.dsv'
[3.410s] INFO:colcon.colcon_core.shell:Creating environment hook '/home/rudra/custom_flightmode/install/example_mode_mission_cpp/share/example_mode_mission_cpp/hook/cmake_prefix_path.sh'
[3.411s] Level 1:colcon.colcon_core.environment:checking '/home/rudra/custom_flightmode/install/example_mode_mission_cpp/lib'
[3.411s] Level 1:colcon.colcon_core.environment:checking '/home/rudra/custom_flightmode/install/example_mode_mission_cpp/bin'
[3.411s] Level 1:colcon.colcon_core.environment:checking '/home/rudra/custom_flightmode/install/example_mode_mission_cpp/lib/pkgconfig/example_mode_mission_cpp.pc'
[3.411s] Level 1:colcon.colcon_core.environment:checking '/home/rudra/custom_flightmode/install/example_mode_mission_cpp/lib/python3.10/site-packages'
[3.412s] Level 1:colcon.colcon_core.environment:checking '/home/rudra/custom_flightmode/install/example_mode_mission_cpp/bin'
[3.412s] INFO:colcon.colcon_core.shell:Creating package script '/home/rudra/custom_flightmode/install/example_mode_mission_cpp/share/example_mode_mission_cpp/package.ps1'
[3.413s] INFO:colcon.colcon_core.shell:Creating package descriptor '/home/rudra/custom_flightmode/install/example_mode_mission_cpp/share/example_mode_mission_cpp/package.dsv'
[3.414s] INFO:colcon.colcon_core.shell:Creating package script '/home/rudra/custom_flightmode/install/example_mode_mission_cpp/share/example_mode_mission_cpp/package.sh'
[3.414s] INFO:colcon.colcon_core.shell:Creating package script '/home/rudra/custom_flightmode/install/example_mode_mission_cpp/share/example_mode_mission_cpp/package.bash'
[3.415s] INFO:colcon.colcon_core.shell:Creating package script '/home/rudra/custom_flightmode/install/example_mode_mission_cpp/share/example_mode_mission_cpp/package.zsh'
[3.415s] Level 1:colcon.colcon_core.environment:create_file_with_runtime_dependencies(/home/rudra/custom_flightmode/install/example_mode_mission_cpp/share/colcon-core/packages/example_mode_mission_cpp)
[3.416s] Level 1:colcon.colcon_core.environment:create_environment_scripts_only(example_global_navigation_cpp)
[3.416s] Level 1:colcon.colcon_core.environment:checking '/home/rudra/custom_flightmode/install/example_global_navigation_cpp' for CMake module files
[3.417s] Level 1:colcon.colcon_core.environment:checking '/home/rudra/custom_flightmode/install/example_global_navigation_cpp' for CMake config files
[3.417s] DEBUG:colcon.colcon_core.event_handler.log_command:Invoked command in '/home/rudra/custom_flightmode/build/example_global_navigation_cpp' returned '0': AMENT_PREFIX_PATH=/home/rudra/custom_flightmode/install/px4_ros2_cpp:/home/rudra/custom_flightmode/install/px4_msgs:${AMENT_PREFIX_PATH} CMAKE_PREFIX_PATH=/home/rudra/custom_flightmode/install/px4_ros2_cpp:/home/rudra/custom_flightmode/install/px4_msgs:/home/rudra/ros2_ws/install/talker_listener:/home/rudra/ros2_ws/install/first_pkg:/opt/ros/humble LD_LIBRARY_PATH=/home/rudra/custom_flightmode/install/px4_ros2_cpp/lib:/home/rudra/custom_flightmode/install/px4_msgs/lib:${LD_LIBRARY_PATH} PYTHONPATH=/home/rudra/custom_flightmode/install/px4_msgs/local/lib/python3.10/dist-packages:${PYTHONPATH} /usr/bin/cmake --install /home/rudra/custom_flightmode/build/example_global_navigation_cpp
[3.418s] Level 1:colcon.colcon_core.shell:create_environment_hook('example_global_navigation_cpp', 'cmake_prefix_path')
[3.418s] INFO:colcon.colcon_core.shell:Creating environment hook '/home/rudra/custom_flightmode/install/example_global_navigation_cpp/share/example_global_navigation_cpp/hook/cmake_prefix_path.ps1'
[3.419s] INFO:colcon.colcon_core.shell:Creating environment descriptor '/home/rudra/custom_flightmode/install/example_global_navigation_cpp/share/example_global_navigation_cpp/hook/cmake_prefix_path.dsv'
[3.419s] INFO:colcon.colcon_core.shell:Creating environment hook '/home/rudra/custom_flightmode/install/example_global_navigation_cpp/share/example_global_navigation_cpp/hook/cmake_prefix_path.sh'
[3.420s] Level 1:colcon.colcon_core.environment:checking '/home/rudra/custom_flightmode/install/example_global_navigation_cpp/lib'
[3.420s] Level 1:colcon.colcon_core.environment:checking '/home/rudra/custom_flightmode/install/example_global_navigation_cpp/bin'
[3.420s] Level 1:colcon.colcon_core.environment:checking '/home/rudra/custom_flightmode/install/example_global_navigation_cpp/lib/pkgconfig/example_global_navigation_cpp.pc'
[3.420s] Level 1:colcon.colcon_core.environment:checking '/home/rudra/custom_flightmode/install/example_global_navigation_cpp/lib/python3.10/site-packages'
[3.421s] Level 1:colcon.colcon_core.environment:checking '/home/rudra/custom_flightmode/install/example_global_navigation_cpp/bin'
[3.421s] INFO:colcon.colcon_core.shell:Creating package script '/home/rudra/custom_flightmode/install/example_global_navigation_cpp/share/example_global_navigation_cpp/package.ps1'
[3.422s] INFO:colcon.colcon_core.shell:Creating package descriptor '/home/rudra/custom_flightmode/install/example_global_navigation_cpp/share/example_global_navigation_cpp/package.dsv'
[3.422s] INFO:colcon.colcon_core.shell:Creating package script '/home/rudra/custom_flightmode/install/example_global_navigation_cpp/share/example_global_navigation_cpp/package.sh'
[3.423s] INFO:colcon.colcon_core.shell:Creating package script '/home/rudra/custom_flightmode/install/example_global_navigation_cpp/share/example_global_navigation_cpp/package.bash'
[3.423s] INFO:colcon.colcon_core.shell:Creating package script '/home/rudra/custom_flightmode/install/example_global_navigation_cpp/share/example_global_navigation_cpp/package.zsh'
[3.424s] Level 1:colcon.colcon_core.environment:create_file_with_runtime_dependencies(/home/rudra/custom_flightmode/install/example_global_navigation_cpp/share/colcon-core/packages/example_global_navigation_cpp)
[3.424s] Level 1:colcon.colcon_core.environment:create_environment_scripts_only(example_global_navigation_cpp)
[3.425s] Level 1:colcon.colcon_core.environment:checking '/home/rudra/custom_flightmode/install/example_global_navigation_cpp' for CMake module files
[3.425s] Level 1:colcon.colcon_core.environment:checking '/home/rudra/custom_flightmode/install/example_global_navigation_cpp' for CMake config files
[3.425s] Level 1:colcon.colcon_core.shell:create_environment_hook('example_global_navigation_cpp', 'cmake_prefix_path')
[3.426s] INFO:colcon.colcon_core.shell:Creating environment hook '/home/rudra/custom_flightmode/install/example_global_navigation_cpp/share/example_global_navigation_cpp/hook/cmake_prefix_path.ps1'
[3.426s] INFO:colcon.colcon_core.shell:Creating environment descriptor '/home/rudra/custom_flightmode/install/example_global_navigation_cpp/share/example_global_navigation_cpp/hook/cmake_prefix_path.dsv'
[3.427s] INFO:colcon.colcon_core.shell:Creating environment hook '/home/rudra/custom_flightmode/install/example_global_navigation_cpp/share/example_global_navigation_cpp/hook/cmake_prefix_path.sh'
[3.427s] Level 1:colcon.colcon_core.environment:checking '/home/rudra/custom_flightmode/install/example_global_navigation_cpp/lib'
[3.428s] Level 1:colcon.colcon_core.environment:checking '/home/rudra/custom_flightmode/install/example_global_navigation_cpp/bin'
[3.428s] Level 1:colcon.colcon_core.environment:checking '/home/rudra/custom_flightmode/install/example_global_navigation_cpp/lib/pkgconfig/example_global_navigation_cpp.pc'
[3.428s] Level 1:colcon.colcon_core.environment:checking '/home/rudra/custom_flightmode/install/example_global_navigation_cpp/lib/python3.10/site-packages'
[3.428s] Level 1:colcon.colcon_core.environment:checking '/home/rudra/custom_flightmode/install/example_global_navigation_cpp/bin'
[3.429s] INFO:colcon.colcon_core.shell:Creating package script '/home/rudra/custom_flightmode/install/example_global_navigation_cpp/share/example_global_navigation_cpp/package.ps1'
[3.430s] INFO:colcon.colcon_core.shell:Creating package descriptor '/home/rudra/custom_flightmode/install/example_global_navigation_cpp/share/example_global_navigation_cpp/package.dsv'
[3.431s] INFO:colcon.colcon_core.shell:Creating package script '/home/rudra/custom_flightmode/install/example_global_navigation_cpp/share/example_global_navigation_cpp/package.sh'
[3.431s] INFO:colcon.colcon_core.shell:Creating package script '/home/rudra/custom_flightmode/install/example_global_navigation_cpp/share/example_global_navigation_cpp/package.bash'
[3.432s] INFO:colcon.colcon_core.shell:Creating package script '/home/rudra/custom_flightmode/install/example_global_navigation_cpp/share/example_global_navigation_cpp/package.zsh'
[3.432s] Level 1:colcon.colcon_core.environment:create_file_with_runtime_dependencies(/home/rudra/custom_flightmode/install/example_global_navigation_cpp/share/colcon-core/packages/example_global_navigation_cpp)
[3.435s] DEBUG:colcon.colcon_core.event_handler.log_command:Invoked command in '/home/rudra/custom_flightmode/build/example_mode_goto_global_cpp' returned '0': AMENT_PREFIX_PATH=/home/rudra/custom_flightmode/install/px4_ros2_cpp:/home/rudra/custom_flightmode/install/px4_msgs:${AMENT_PREFIX_PATH} CMAKE_PREFIX_PATH=/home/rudra/custom_flightmode/install/px4_ros2_cpp:/home/rudra/custom_flightmode/install/px4_msgs:/home/rudra/ros2_ws/install/talker_listener:/home/rudra/ros2_ws/install/first_pkg:/opt/ros/humble LD_LIBRARY_PATH=/home/rudra/custom_flightmode/install/px4_ros2_cpp/lib:/home/rudra/custom_flightmode/install/px4_msgs/lib:${LD_LIBRARY_PATH} PYTHONPATH=/home/rudra/custom_flightmode/install/px4_msgs/local/lib/python3.10/dist-packages:${PYTHONPATH} /usr/bin/cmake --build /home/rudra/custom_flightmode/build/example_mode_goto_global_cpp -- -j12 -l12
[3.438s] DEBUG:colcon.colcon_core.event_handler.log_command:Invoking command in '/home/rudra/custom_flightmode/build/example_mode_goto_global_cpp': AMENT_PREFIX_PATH=/home/rudra/custom_flightmode/install/px4_ros2_cpp:/home/rudra/custom_flightmode/install/px4_msgs:${AMENT_PREFIX_PATH} CMAKE_PREFIX_PATH=/home/rudra/custom_flightmode/install/px4_ros2_cpp:/home/rudra/custom_flightmode/install/px4_msgs:/home/rudra/ros2_ws/install/talker_listener:/home/rudra/ros2_ws/install/first_pkg:/opt/ros/humble LD_LIBRARY_PATH=/home/rudra/custom_flightmode/install/px4_ros2_cpp/lib:/home/rudra/custom_flightmode/install/px4_msgs/lib:${LD_LIBRARY_PATH} PYTHONPATH=/home/rudra/custom_flightmode/install/px4_msgs/local/lib/python3.10/dist-packages:${PYTHONPATH} /usr/bin/cmake --install /home/rudra/custom_flightmode/build/example_mode_goto_global_cpp
[3.438s] DEBUG:colcon.colcon_core.event_handler.log_command:Invoked command in '/home/rudra/custom_flightmode/build/example_mode_vtol_cpp' returned '0': AMENT_PREFIX_PATH=/home/rudra/custom_flightmode/install/px4_ros2_cpp:/home/rudra/custom_flightmode/install/px4_msgs:${AMENT_PREFIX_PATH} CMAKE_PREFIX_PATH=/home/rudra/custom_flightmode/install/px4_ros2_cpp:/home/rudra/custom_flightmode/install/px4_msgs:/home/rudra/ros2_ws/install/talker_listener:/home/rudra/ros2_ws/install/first_pkg:/opt/ros/humble LD_LIBRARY_PATH=/home/rudra/custom_flightmode/install/px4_ros2_cpp/lib:/home/rudra/custom_flightmode/install/px4_msgs/lib:${LD_LIBRARY_PATH} PYTHONPATH=/home/rudra/custom_flightmode/install/px4_msgs/local/lib/python3.10/dist-packages:${PYTHONPATH} /usr/bin/cmake --build /home/rudra/custom_flightmode/build/example_mode_vtol_cpp -- -j12 -l12
[3.438s] DEBUG:colcon.colcon_core.event_handler.log_command:Invoking command in '/home/rudra/custom_flightmode/build/example_mode_vtol_cpp': AMENT_PREFIX_PATH=/home/rudra/custom_flightmode/install/px4_ros2_cpp:/home/rudra/custom_flightmode/install/px4_msgs:${AMENT_PREFIX_PATH} CMAKE_PREFIX_PATH=/home/rudra/custom_flightmode/install/px4_ros2_cpp:/home/rudra/custom_flightmode/install/px4_msgs:/home/rudra/ros2_ws/install/talker_listener:/home/rudra/ros2_ws/install/first_pkg:/opt/ros/humble LD_LIBRARY_PATH=/home/rudra/custom_flightmode/install/px4_ros2_cpp/lib:/home/rudra/custom_flightmode/install/px4_msgs/lib:${LD_LIBRARY_PATH} PYTHONPATH=/home/rudra/custom_flightmode/install/px4_msgs/local/lib/python3.10/dist-packages:${PYTHONPATH} /usr/bin/cmake --install /home/rudra/custom_flightmode/build/example_mode_vtol_cpp
[3.439s] Level 1:colcon.colcon_core.environment:create_environment_scripts_only(example_local_navigation_cpp)
[3.439s] Level 1:colcon.colcon_core.environment:checking '/home/rudra/custom_flightmode/install/example_local_navigation_cpp' for CMake module files
[3.440s] DEBUG:colcon.colcon_core.event_handler.log_command:Invoked command in '/home/rudra/custom_flightmode/build/example_local_navigation_cpp' returned '0': AMENT_PREFIX_PATH=/home/rudra/custom_flightmode/install/px4_ros2_cpp:/home/rudra/custom_flightmode/install/px4_msgs:${AMENT_PREFIX_PATH} CMAKE_PREFIX_PATH=/home/rudra/custom_flightmode/install/px4_ros2_cpp:/home/rudra/custom_flightmode/install/px4_msgs:/home/rudra/ros2_ws/install/talker_listener:/home/rudra/ros2_ws/install/first_pkg:/opt/ros/humble LD_LIBRARY_PATH=/home/rudra/custom_flightmode/install/px4_ros2_cpp/lib:/home/rudra/custom_flightmode/install/px4_msgs/lib:${LD_LIBRARY_PATH} PYTHONPATH=/home/rudra/custom_flightmode/install/px4_msgs/local/lib/python3.10/dist-packages:${PYTHONPATH} /usr/bin/cmake --install /home/rudra/custom_flightmode/build/example_local_navigation_cpp
[3.440s] Level 1:colcon.colcon_core.environment:checking '/home/rudra/custom_flightmode/install/example_local_navigation_cpp' for CMake config files
[3.441s] Level 1:colcon.colcon_core.shell:create_environment_hook('example_local_navigation_cpp', 'cmake_prefix_path')
[3.441s] INFO:colcon.colcon_core.shell:Creating environment hook '/home/rudra/custom_flightmode/install/example_local_navigation_cpp/share/example_local_navigation_cpp/hook/cmake_prefix_path.ps1'
[3.442s] INFO:colcon.colcon_core.shell:Creating environment descriptor '/home/rudra/custom_flightmode/install/example_local_navigation_cpp/share/example_local_navigation_cpp/hook/cmake_prefix_path.dsv'
[3.443s] INFO:colcon.colcon_core.shell:Creating environment hook '/home/rudra/custom_flightmode/install/example_local_navigation_cpp/share/example_local_navigation_cpp/hook/cmake_prefix_path.sh'
[3.443s] Level 1:colcon.colcon_core.environment:checking '/home/rudra/custom_flightmode/install/example_local_navigation_cpp/lib'
[3.443s] Level 1:colcon.colcon_core.environment:checking '/home/rudra/custom_flightmode/install/example_local_navigation_cpp/bin'
[3.443s] Level 1:colcon.colcon_core.environment:checking '/home/rudra/custom_flightmode/install/example_local_navigation_cpp/lib/pkgconfig/example_local_navigation_cpp.pc'
[3.444s] Level 1:colcon.colcon_core.environment:checking '/home/rudra/custom_flightmode/install/example_local_navigation_cpp/lib/python3.10/site-packages'
[3.444s] Level 1:colcon.colcon_core.environment:checking '/home/rudra/custom_flightmode/install/example_local_navigation_cpp/bin'
[3.445s] INFO:colcon.colcon_core.shell:Creating package script '/home/rudra/custom_flightmode/install/example_local_navigation_cpp/share/example_local_navigation_cpp/package.ps1'
[3.445s] INFO:colcon.colcon_core.shell:Creating package descriptor '/home/rudra/custom_flightmode/install/example_local_navigation_cpp/share/example_local_navigation_cpp/package.dsv'
[3.446s] INFO:colcon.colcon_core.shell:Creating package script '/home/rudra/custom_flightmode/install/example_local_navigation_cpp/share/example_local_navigation_cpp/package.sh'
[3.446s] INFO:colcon.colcon_core.shell:Creating package script '/home/rudra/custom_flightmode/install/example_local_navigation_cpp/share/example_local_navigation_cpp/package.bash'
[3.447s] INFO:colcon.colcon_core.shell:Creating package script '/home/rudra/custom_flightmode/install/example_local_navigation_cpp/share/example_local_navigation_cpp/package.zsh'
[3.448s] Level 1:colcon.colcon_core.environment:create_file_with_runtime_dependencies(/home/rudra/custom_flightmode/install/example_local_navigation_cpp/share/colcon-core/packages/example_local_navigation_cpp)
[3.448s] Level 1:colcon.colcon_core.environment:create_environment_scripts_only(example_local_navigation_cpp)
[3.449s] Level 1:colcon.colcon_core.environment:checking '/home/rudra/custom_flightmode/install/example_local_navigation_cpp' for CMake module files
[3.450s] Level 1:colcon.colcon_core.environment:checking '/home/rudra/custom_flightmode/install/example_local_navigation_cpp' for CMake config files
[3.450s] Level 1:colcon.colcon_core.shell:create_environment_hook('example_local_navigation_cpp', 'cmake_prefix_path')
[3.450s] INFO:colcon.colcon_core.shell:Creating environment hook '/home/rudra/custom_flightmode/install/example_local_navigation_cpp/share/example_local_navigation_cpp/hook/cmake_prefix_path.ps1'
[3.451s] INFO:colcon.colcon_core.shell:Creating environment descriptor '/home/rudra/custom_flightmode/install/example_local_navigation_cpp/share/example_local_navigation_cpp/hook/cmake_prefix_path.dsv'
[3.451s] INFO:colcon.colcon_core.shell:Creating environment hook '/home/rudra/custom_flightmode/install/example_local_navigation_cpp/share/example_local_navigation_cpp/hook/cmake_prefix_path.sh'
[3.452s] Level 1:colcon.colcon_core.environment:checking '/home/rudra/custom_flightmode/install/example_local_navigation_cpp/lib'
[3.452s] Level 1:colcon.colcon_core.environment:checking '/home/rudra/custom_flightmode/install/example_local_navigation_cpp/bin'
[3.452s] Level 1:colcon.colcon_core.environment:checking '/home/rudra/custom_flightmode/install/example_local_navigation_cpp/lib/pkgconfig/example_local_navigation_cpp.pc'
[3.452s] Level 1:colcon.colcon_core.environment:checking '/home/rudra/custom_flightmode/install/example_local_navigation_cpp/lib/python3.10/site-packages'
[3.453s] Level 1:colcon.colcon_core.environment:checking '/home/rudra/custom_flightmode/install/example_local_navigation_cpp/bin'
[3.453s] INFO:colcon.colcon_core.shell:Creating package script '/home/rudra/custom_flightmode/install/example_local_navigation_cpp/share/example_local_navigation_cpp/package.ps1'
[3.454s] INFO:colcon.colcon_core.shell:Creating package descriptor '/home/rudra/custom_flightmode/install/example_local_navigation_cpp/share/example_local_navigation_cpp/package.dsv'
[3.455s] INFO:colcon.colcon_core.shell:Creating package script '/home/rudra/custom_flightmode/install/example_local_navigation_cpp/share/example_local_navigation_cpp/package.sh'
[3.455s] INFO:colcon.colcon_core.shell:Creating package script '/home/rudra/custom_flightmode/install/example_local_navigation_cpp/share/example_local_navigation_cpp/package.bash'
[3.456s] INFO:colcon.colcon_core.shell:Creating package script '/home/rudra/custom_flightmode/install/example_local_navigation_cpp/share/example_local_navigation_cpp/package.zsh'
[3.456s] Level 1:colcon.colcon_core.environment:create_file_with_runtime_dependencies(/home/rudra/custom_flightmode/install/example_local_navigation_cpp/share/colcon-core/packages/example_local_navigation_cpp)
[3.458s] DEBUG:colcon.colcon_core.event_handler.log_command:Invoked command in '/home/rudra/custom_flightmode/build/example_mode_manual_cpp' returned '0': AMENT_PREFIX_PATH=/home/rudra/custom_flightmode/install/px4_ros2_cpp:/home/rudra/custom_flightmode/install/px4_msgs:${AMENT_PREFIX_PATH} CMAKE_PREFIX_PATH=/home/rudra/custom_flightmode/install/px4_ros2_cpp:/home/rudra/custom_flightmode/install/px4_msgs:/home/rudra/ros2_ws/install/talker_listener:/home/rudra/ros2_ws/install/first_pkg:/opt/ros/humble LD_LIBRARY_PATH=/home/rudra/custom_flightmode/install/px4_ros2_cpp/lib:/home/rudra/custom_flightmode/install/px4_msgs/lib:${LD_LIBRARY_PATH} PYTHONPATH=/home/rudra/custom_flightmode/install/px4_msgs/local/lib/python3.10/dist-packages:${PYTHONPATH} /usr/bin/cmake --build /home/rudra/custom_flightmode/build/example_mode_manual_cpp -- -j12 -l12
[3.460s] DEBUG:colcon.colcon_core.event_handler.log_command:Invoking command in '/home/rudra/custom_flightmode/build/example_mode_manual_cpp': AMENT_PREFIX_PATH=/home/rudra/custom_flightmode/install/px4_ros2_cpp:/home/rudra/custom_flightmode/install/px4_msgs:${AMENT_PREFIX_PATH} CMAKE_PREFIX_PATH=/home/rudra/custom_flightmode/install/px4_ros2_cpp:/home/rudra/custom_flightmode/install/px4_msgs:/home/rudra/ros2_ws/install/talker_listener:/home/rudra/ros2_ws/install/first_pkg:/opt/ros/humble LD_LIBRARY_PATH=/home/rudra/custom_flightmode/install/px4_ros2_cpp/lib:/home/rudra/custom_flightmode/install/px4_msgs/lib:${LD_LIBRARY_PATH} PYTHONPATH=/home/rudra/custom_flightmode/install/px4_msgs/local/lib/python3.10/dist-packages:${PYTHONPATH} /usr/bin/cmake --install /home/rudra/custom_flightmode/build/example_mode_manual_cpp
[3.461s] INFO:colcon.colcon_ros.task.ament_cmake.build:Building ROS package in '/home/rudra/custom_flightmode/src/px4-ros2-interface-lib/examples/cpp/modes/rover_velocity' with build type 'ament_cmake'
[3.461s] INFO:colcon.colcon_cmake.task.cmake.build:Building CMake package in '/home/rudra/custom_flightmode/src/px4-ros2-interface-lib/examples/cpp/modes/rover_velocity'
[3.462s] INFO:colcon.colcon_core.shell:Skip shell extension 'powershell' for command environment: Not usable outside of PowerShell
[3.462s] DEBUG:colcon.colcon_core.shell:Skip shell extension 'dsv' for command environment
[3.468s] DEBUG:colcon.colcon_core.event_handler.log_command:Invoked command in '/home/rudra/custom_flightmode/build/example_mode_rtl_replacement_cpp' returned '0': AMENT_PREFIX_PATH=/home/rudra/custom_flightmode/install/px4_ros2_cpp:/home/rudra/custom_flightmode/install/px4_msgs:${AMENT_PREFIX_PATH} CMAKE_PREFIX_PATH=/home/rudra/custom_flightmode/install/px4_ros2_cpp:/home/rudra/custom_flightmode/install/px4_msgs:/home/rudra/ros2_ws/install/talker_listener:/home/rudra/ros2_ws/install/first_pkg:/opt/ros/humble LD_LIBRARY_PATH=/home/rudra/custom_flightmode/install/px4_ros2_cpp/lib:/home/rudra/custom_flightmode/install/px4_msgs/lib:${LD_LIBRARY_PATH} PYTHONPATH=/home/rudra/custom_flightmode/install/px4_msgs/local/lib/python3.10/dist-packages:${PYTHONPATH} /usr/bin/cmake --build /home/rudra/custom_flightmode/build/example_mode_rtl_replacement_cpp -- -j12 -l12
[3.470s] Level 1:colcon.colcon_core.environment:create_environment_scripts_only(example_mode_goto_cpp)
[3.470s] Level 1:colcon.colcon_core.environment:checking '/home/rudra/custom_flightmode/install/example_mode_goto_cpp' for CMake module files
[3.474s] Level 1:colcon.colcon_core.environment:checking '/home/rudra/custom_flightmode/install/example_mode_goto_cpp' for CMake config files
[3.475s] Level 1:colcon.colcon_core.shell:create_environment_hook('example_mode_goto_cpp', 'cmake_prefix_path')
[3.475s] INFO:colcon.colcon_core.shell:Creating environment hook '/home/rudra/custom_flightmode/install/example_mode_goto_cpp/share/example_mode_goto_cpp/hook/cmake_prefix_path.ps1'
[3.477s] INFO:colcon.colcon_core.shell:Creating environment descriptor '/home/rudra/custom_flightmode/install/example_mode_goto_cpp/share/example_mode_goto_cpp/hook/cmake_prefix_path.dsv'
[3.478s] INFO:colcon.colcon_core.shell:Creating environment hook '/home/rudra/custom_flightmode/install/example_mode_goto_cpp/share/example_mode_goto_cpp/hook/cmake_prefix_path.sh'
[3.478s] DEBUG:colcon.colcon_core.event_handler.log_command:Invoking command in '/home/rudra/custom_flightmode/build/example_mode_rtl_replacement_cpp': AMENT_PREFIX_PATH=/home/rudra/custom_flightmode/install/px4_ros2_cpp:/home/rudra/custom_flightmode/install/px4_msgs:${AMENT_PREFIX_PATH} CMAKE_PREFIX_PATH=/home/rudra/custom_flightmode/install/px4_ros2_cpp:/home/rudra/custom_flightmode/install/px4_msgs:/home/rudra/ros2_ws/install/talker_listener:/home/rudra/ros2_ws/install/first_pkg:/opt/ros/humble LD_LIBRARY_PATH=/home/rudra/custom_flightmode/install/px4_ros2_cpp/lib:/home/rudra/custom_flightmode/install/px4_msgs/lib:${LD_LIBRARY_PATH} PYTHONPATH=/home/rudra/custom_flightmode/install/px4_msgs/local/lib/python3.10/dist-packages:${PYTHONPATH} /usr/bin/cmake --install /home/rudra/custom_flightmode/build/example_mode_rtl_replacement_cpp
[3.479s] DEBUG:colcon.colcon_core.event_handler.log_command:Invoked command in '/home/rudra/custom_flightmode/build/example_mode_goto_cpp' returned '0': AMENT_PREFIX_PATH=/home/rudra/custom_flightmode/install/px4_ros2_cpp:/home/rudra/custom_flightmode/install/px4_msgs:${AMENT_PREFIX_PATH} CMAKE_PREFIX_PATH=/home/rudra/custom_flightmode/install/px4_ros2_cpp:/home/rudra/custom_flightmode/install/px4_msgs:/home/rudra/ros2_ws/install/talker_listener:/home/rudra/ros2_ws/install/first_pkg:/opt/ros/humble LD_LIBRARY_PATH=/home/rudra/custom_flightmode/install/px4_ros2_cpp/lib:/home/rudra/custom_flightmode/install/px4_msgs/lib:${LD_LIBRARY_PATH} PYTHONPATH=/home/rudra/custom_flightmode/install/px4_msgs/local/lib/python3.10/dist-packages:${PYTHONPATH} /usr/bin/cmake --install /home/rudra/custom_flightmode/build/example_mode_goto_cpp
[3.481s] Level 1:colcon.colcon_core.environment:checking '/home/rudra/custom_flightmode/install/example_mode_goto_cpp/lib'
[3.481s] Level 1:colcon.colcon_core.environment:checking '/home/rudra/custom_flightmode/install/example_mode_goto_cpp/bin'
[3.481s] Level 1:colcon.colcon_core.environment:checking '/home/rudra/custom_flightmode/install/example_mode_goto_cpp/lib/pkgconfig/example_mode_goto_cpp.pc'
[3.482s] Level 1:colcon.colcon_core.environment:checking '/home/rudra/custom_flightmode/install/example_mode_goto_cpp/lib/python3.10/site-packages'
[3.482s] Level 1:colcon.colcon_core.environment:checking '/home/rudra/custom_flightmode/install/example_mode_goto_cpp/bin'
[3.482s] INFO:colcon.colcon_core.shell:Creating package script '/home/rudra/custom_flightmode/install/example_mode_goto_cpp/share/example_mode_goto_cpp/package.ps1'
[3.483s] INFO:colcon.colcon_core.shell:Creating package descriptor '/home/rudra/custom_flightmode/install/example_mode_goto_cpp/share/example_mode_goto_cpp/package.dsv'
[3.484s] INFO:colcon.colcon_core.shell:Creating package script '/home/rudra/custom_flightmode/install/example_mode_goto_cpp/share/example_mode_goto_cpp/package.sh'
[3.484s] INFO:colcon.colcon_core.shell:Creating package script '/home/rudra/custom_flightmode/install/example_mode_goto_cpp/share/example_mode_goto_cpp/package.bash'
[3.485s] INFO:colcon.colcon_core.shell:Creating package script '/home/rudra/custom_flightmode/install/example_mode_goto_cpp/share/example_mode_goto_cpp/package.zsh'
[3.485s] Level 1:colcon.colcon_core.environment:create_file_with_runtime_dependencies(/home/rudra/custom_flightmode/install/example_mode_goto_cpp/share/colcon-core/packages/example_mode_goto_cpp)
[3.486s] Level 1:colcon.colcon_core.environment:create_environment_scripts_only(example_mode_goto_cpp)
[3.486s] Level 1:colcon.colcon_core.environment:checking '/home/rudra/custom_flightmode/install/example_mode_goto_cpp' for CMake module files
[3.487s] Level 1:colcon.colcon_core.environment:checking '/home/rudra/custom_flightmode/install/example_mode_goto_cpp' for CMake config files
[3.487s] Level 1:colcon.colcon_core.shell:create_environment_hook('example_mode_goto_cpp', 'cmake_prefix_path')
[3.487s] INFO:colcon.colcon_core.shell:Creating environment hook '/home/rudra/custom_flightmode/install/example_mode_goto_cpp/share/example_mode_goto_cpp/hook/cmake_prefix_path.ps1'
[3.487s] INFO:colcon.colcon_core.shell:Creating environment descriptor '/home/rudra/custom_flightmode/install/example_mode_goto_cpp/share/example_mode_goto_cpp/hook/cmake_prefix_path.dsv'
[3.488s] INFO:colcon.colcon_core.shell:Creating environment hook '/home/rudra/custom_flightmode/install/example_mode_goto_cpp/share/example_mode_goto_cpp/hook/cmake_prefix_path.sh'
[3.488s] Level 1:colcon.colcon_core.environment:checking '/home/rudra/custom_flightmode/install/example_mode_goto_cpp/lib'
[3.488s] Level 1:colcon.colcon_core.environment:checking '/home/rudra/custom_flightmode/install/example_mode_goto_cpp/bin'
[3.489s] Level 1:colcon.colcon_core.environment:checking '/home/rudra/custom_flightmode/install/example_mode_goto_cpp/lib/pkgconfig/example_mode_goto_cpp.pc'
[3.489s] Level 1:colcon.colcon_core.environment:checking '/home/rudra/custom_flightmode/install/example_mode_goto_cpp/lib/python3.10/site-packages'
[3.489s] Level 1:colcon.colcon_core.environment:checking '/home/rudra/custom_flightmode/install/example_mode_goto_cpp/bin'
[3.489s] INFO:colcon.colcon_core.shell:Creating package script '/home/rudra/custom_flightmode/install/example_mode_goto_cpp/share/example_mode_goto_cpp/package.ps1'
[3.490s] INFO:colcon.colcon_core.shell:Creating package descriptor '/home/rudra/custom_flightmode/install/example_mode_goto_cpp/share/example_mode_goto_cpp/package.dsv'
[3.490s] INFO:colcon.colcon_core.shell:Creating package script '/home/rudra/custom_flightmode/install/example_mode_goto_cpp/share/example_mode_goto_cpp/package.sh'
[3.491s] INFO:colcon.colcon_core.shell:Creating package script '/home/rudra/custom_flightmode/install/example_mode_goto_cpp/share/example_mode_goto_cpp/package.bash'
[3.491s] INFO:colcon.colcon_core.shell:Creating package script '/home/rudra/custom_flightmode/install/example_mode_goto_cpp/share/example_mode_goto_cpp/package.zsh'
[3.492s] Level 1:colcon.colcon_core.environment:create_file_with_runtime_dependencies(/home/rudra/custom_flightmode/install/example_mode_goto_cpp/share/colcon-core/packages/example_mode_goto_cpp)
[3.499s] Level 1:colcon.colcon_core.environment:create_environment_scripts_only(example_mode_goto_global_cpp)
[3.500s] Level 1:colcon.colcon_core.environment:checking '/home/rudra/custom_flightmode/install/example_mode_goto_global_cpp' for CMake module files
[3.501s] DEBUG:colcon.colcon_core.event_handler.log_command:Invoking command in '/home/rudra/custom_flightmode/build/example_mode_with_executor_cpp': AMENT_PREFIX_PATH=/home/rudra/custom_flightmode/install/px4_ros2_cpp:/home/rudra/custom_flightmode/install/px4_msgs:${AMENT_PREFIX_PATH} CMAKE_PREFIX_PATH=/home/rudra/custom_flightmode/install/px4_ros2_cpp:/home/rudra/custom_flightmode/install/px4_msgs:/home/rudra/ros2_ws/install/talker_listener:/home/rudra/ros2_ws/install/first_pkg:/opt/ros/humble LD_LIBRARY_PATH=/home/rudra/custom_flightmode/install/px4_ros2_cpp/lib:/home/rudra/custom_flightmode/install/px4_msgs/lib:${LD_LIBRARY_PATH} PYTHONPATH=/home/rudra/custom_flightmode/install/px4_msgs/local/lib/python3.10/dist-packages:${PYTHONPATH} /usr/bin/cmake --build /home/rudra/custom_flightmode/build/example_mode_with_executor_cpp -- -j12 -l12
[3.501s] DEBUG:colcon.colcon_core.event_handler.log_command:Invoked command in '/home/rudra/custom_flightmode/build/example_mode_goto_global_cpp' returned '0': AMENT_PREFIX_PATH=/home/rudra/custom_flightmode/install/px4_ros2_cpp:/home/rudra/custom_flightmode/install/px4_msgs:${AMENT_PREFIX_PATH} CMAKE_PREFIX_PATH=/home/rudra/custom_flightmode/install/px4_ros2_cpp:/home/rudra/custom_flightmode/install/px4_msgs:/home/rudra/ros2_ws/install/talker_listener:/home/rudra/ros2_ws/install/first_pkg:/opt/ros/humble LD_LIBRARY_PATH=/home/rudra/custom_flightmode/install/px4_ros2_cpp/lib:/home/rudra/custom_flightmode/install/px4_msgs/lib:${LD_LIBRARY_PATH} PYTHONPATH=/home/rudra/custom_flightmode/install/px4_msgs/local/lib/python3.10/dist-packages:${PYTHONPATH} /usr/bin/cmake --install /home/rudra/custom_flightmode/build/example_mode_goto_global_cpp
[3.501s] Level 1:colcon.colcon_core.environment:checking '/home/rudra/custom_flightmode/install/example_mode_goto_global_cpp' for CMake config files
[3.502s] Level 1:colcon.colcon_core.shell:create_environment_hook('example_mode_goto_global_cpp', 'cmake_prefix_path')
[3.502s] INFO:colcon.colcon_core.shell:Creating environment hook '/home/rudra/custom_flightmode/install/example_mode_goto_global_cpp/share/example_mode_goto_global_cpp/hook/cmake_prefix_path.ps1'
[3.502s] INFO:colcon.colcon_core.shell:Creating environment descriptor '/home/rudra/custom_flightmode/install/example_mode_goto_global_cpp/share/example_mode_goto_global_cpp/hook/cmake_prefix_path.dsv'
[3.503s] INFO:colcon.colcon_core.shell:Creating environment hook '/home/rudra/custom_flightmode/install/example_mode_goto_global_cpp/share/example_mode_goto_global_cpp/hook/cmake_prefix_path.sh'
[3.504s] Level 1:colcon.colcon_core.environment:checking '/home/rudra/custom_flightmode/install/example_mode_goto_global_cpp/lib'
[3.504s] Level 1:colcon.colcon_core.environment:checking '/home/rudra/custom_flightmode/install/example_mode_goto_global_cpp/bin'
[3.504s] Level 1:colcon.colcon_core.environment:checking '/home/rudra/custom_flightmode/install/example_mode_goto_global_cpp/lib/pkgconfig/example_mode_goto_global_cpp.pc'
[3.504s] Level 1:colcon.colcon_core.environment:checking '/home/rudra/custom_flightmode/install/example_mode_goto_global_cpp/lib/python3.10/site-packages'
[3.504s] Level 1:colcon.colcon_core.environment:checking '/home/rudra/custom_flightmode/install/example_mode_goto_global_cpp/bin'
[3.505s] INFO:colcon.colcon_core.shell:Creating package script '/home/rudra/custom_flightmode/install/example_mode_goto_global_cpp/share/example_mode_goto_global_cpp/package.ps1'
[3.506s] INFO:colcon.colcon_core.shell:Creating package descriptor '/home/rudra/custom_flightmode/install/example_mode_goto_global_cpp/share/example_mode_goto_global_cpp/package.dsv'
[3.506s] INFO:colcon.colcon_core.shell:Creating package script '/home/rudra/custom_flightmode/install/example_mode_goto_global_cpp/share/example_mode_goto_global_cpp/package.sh'
[3.506s] INFO:colcon.colcon_core.shell:Creating package script '/home/rudra/custom_flightmode/install/example_mode_goto_global_cpp/share/example_mode_goto_global_cpp/package.bash'
[3.507s] INFO:colcon.colcon_core.shell:Creating package script '/home/rudra/custom_flightmode/install/example_mode_goto_global_cpp/share/example_mode_goto_global_cpp/package.zsh'
[3.507s] Level 1:colcon.colcon_core.environment:create_file_with_runtime_dependencies(/home/rudra/custom_flightmode/install/example_mode_goto_global_cpp/share/colcon-core/packages/example_mode_goto_global_cpp)
[3.508s] Level 1:colcon.colcon_core.environment:create_environment_scripts_only(example_mode_goto_global_cpp)
[3.508s] Level 1:colcon.colcon_core.environment:checking '/home/rudra/custom_flightmode/install/example_mode_goto_global_cpp' for CMake module files
[3.509s] Level 1:colcon.colcon_core.environment:checking '/home/rudra/custom_flightmode/install/example_mode_goto_global_cpp' for CMake config files
[3.509s] Level 1:colcon.colcon_core.shell:create_environment_hook('example_mode_goto_global_cpp', 'cmake_prefix_path')
[3.509s] INFO:colcon.colcon_core.shell:Creating environment hook '/home/rudra/custom_flightmode/install/example_mode_goto_global_cpp/share/example_mode_goto_global_cpp/hook/cmake_prefix_path.ps1'
[3.510s] INFO:colcon.colcon_core.shell:Creating environment descriptor '/home/rudra/custom_flightmode/install/example_mode_goto_global_cpp/share/example_mode_goto_global_cpp/hook/cmake_prefix_path.dsv'
[3.510s] INFO:colcon.colcon_core.shell:Creating environment hook '/home/rudra/custom_flightmode/install/example_mode_goto_global_cpp/share/example_mode_goto_global_cpp/hook/cmake_prefix_path.sh'
[3.511s] Level 1:colcon.colcon_core.environment:checking '/home/rudra/custom_flightmode/install/example_mode_goto_global_cpp/lib'
[3.511s] Level 1:colcon.colcon_core.environment:checking '/home/rudra/custom_flightmode/install/example_mode_goto_global_cpp/bin'
[3.511s] Level 1:colcon.colcon_core.environment:checking '/home/rudra/custom_flightmode/install/example_mode_goto_global_cpp/lib/pkgconfig/example_mode_goto_global_cpp.pc'
[3.511s] Level 1:colcon.colcon_core.environment:checking '/home/rudra/custom_flightmode/install/example_mode_goto_global_cpp/lib/python3.10/site-packages'
[3.512s] Level 1:colcon.colcon_core.environment:checking '/home/rudra/custom_flightmode/install/example_mode_goto_global_cpp/bin'
[3.512s] INFO:colcon.colcon_core.shell:Creating package script '/home/rudra/custom_flightmode/install/example_mode_goto_global_cpp/share/example_mode_goto_global_cpp/package.ps1'
[3.513s] INFO:colcon.colcon_core.shell:Creating package descriptor '/home/rudra/custom_flightmode/install/example_mode_goto_global_cpp/share/example_mode_goto_global_cpp/package.dsv'
[3.515s] INFO:colcon.colcon_core.shell:Creating package script '/home/rudra/custom_flightmode/install/example_mode_goto_global_cpp/share/example_mode_goto_global_cpp/package.sh'
[3.516s] INFO:colcon.colcon_core.shell:Creating package script '/home/rudra/custom_flightmode/install/example_mode_goto_global_cpp/share/example_mode_goto_global_cpp/package.bash'
[3.516s] INFO:colcon.colcon_core.shell:Creating package script '/home/rudra/custom_flightmode/install/example_mode_goto_global_cpp/share/example_mode_goto_global_cpp/package.zsh'
[3.517s] Level 1:colcon.colcon_core.environment:create_file_with_runtime_dependencies(/home/rudra/custom_flightmode/install/example_mode_goto_global_cpp/share/colcon-core/packages/example_mode_goto_global_cpp)
[3.518s] Level 1:colcon.colcon_core.environment:create_environment_scripts_only(example_mode_vtol_cpp)
[3.519s] Level 1:colcon.colcon_core.environment:checking '/home/rudra/custom_flightmode/install/example_mode_vtol_cpp' for CMake module files
[3.520s] DEBUG:colcon.colcon_core.event_handler.log_command:Invoked command in '/home/rudra/custom_flightmode/build/example_mode_vtol_cpp' returned '0': AMENT_PREFIX_PATH=/home/rudra/custom_flightmode/install/px4_ros2_cpp:/home/rudra/custom_flightmode/install/px4_msgs:${AMENT_PREFIX_PATH} CMAKE_PREFIX_PATH=/home/rudra/custom_flightmode/install/px4_ros2_cpp:/home/rudra/custom_flightmode/install/px4_msgs:/home/rudra/ros2_ws/install/talker_listener:/home/rudra/ros2_ws/install/first_pkg:/opt/ros/humble LD_LIBRARY_PATH=/home/rudra/custom_flightmode/install/px4_ros2_cpp/lib:/home/rudra/custom_flightmode/install/px4_msgs/lib:${LD_LIBRARY_PATH} PYTHONPATH=/home/rudra/custom_flightmode/install/px4_msgs/local/lib/python3.10/dist-packages:${PYTHONPATH} /usr/bin/cmake --install /home/rudra/custom_flightmode/build/example_mode_vtol_cpp
[3.520s] Level 1:colcon.colcon_core.environment:checking '/home/rudra/custom_flightmode/install/example_mode_vtol_cpp' for CMake config files
[3.520s] Level 1:colcon.colcon_core.shell:create_environment_hook('example_mode_vtol_cpp', 'cmake_prefix_path')
[3.521s] INFO:colcon.colcon_core.shell:Creating environment hook '/home/rudra/custom_flightmode/install/example_mode_vtol_cpp/share/example_mode_vtol_cpp/hook/cmake_prefix_path.ps1'
[3.521s] INFO:colcon.colcon_core.shell:Creating environment descriptor '/home/rudra/custom_flightmode/install/example_mode_vtol_cpp/share/example_mode_vtol_cpp/hook/cmake_prefix_path.dsv'
[3.522s] INFO:colcon.colcon_core.shell:Creating environment hook '/home/rudra/custom_flightmode/install/example_mode_vtol_cpp/share/example_mode_vtol_cpp/hook/cmake_prefix_path.sh'
[3.523s] Level 1:colcon.colcon_core.environment:checking '/home/rudra/custom_flightmode/install/example_mode_vtol_cpp/lib'
[3.523s] Level 1:colcon.colcon_core.environment:checking '/home/rudra/custom_flightmode/install/example_mode_vtol_cpp/bin'
[3.523s] Level 1:colcon.colcon_core.environment:checking '/home/rudra/custom_flightmode/install/example_mode_vtol_cpp/lib/pkgconfig/example_mode_vtol_cpp.pc'
[3.523s] Level 1:colcon.colcon_core.environment:checking '/home/rudra/custom_flightmode/install/example_mode_vtol_cpp/lib/python3.10/site-packages'
[3.524s] Level 1:colcon.colcon_core.environment:checking '/home/rudra/custom_flightmode/install/example_mode_vtol_cpp/bin'
[3.524s] INFO:colcon.colcon_core.shell:Creating package script '/home/rudra/custom_flightmode/install/example_mode_vtol_cpp/share/example_mode_vtol_cpp/package.ps1'
[3.525s] INFO:colcon.colcon_core.shell:Creating package descriptor '/home/rudra/custom_flightmode/install/example_mode_vtol_cpp/share/example_mode_vtol_cpp/package.dsv'
[3.525s] INFO:colcon.colcon_core.shell:Creating package script '/home/rudra/custom_flightmode/install/example_mode_vtol_cpp/share/example_mode_vtol_cpp/package.sh'
[3.526s] INFO:colcon.colcon_core.shell:Creating package script '/home/rudra/custom_flightmode/install/example_mode_vtol_cpp/share/example_mode_vtol_cpp/package.bash'
[3.526s] INFO:colcon.colcon_core.shell:Creating package script '/home/rudra/custom_flightmode/install/example_mode_vtol_cpp/share/example_mode_vtol_cpp/package.zsh'
[3.526s] Level 1:colcon.colcon_core.environment:create_file_with_runtime_dependencies(/home/rudra/custom_flightmode/install/example_mode_vtol_cpp/share/colcon-core/packages/example_mode_vtol_cpp)
[3.527s] Level 1:colcon.colcon_core.environment:create_environment_scripts_only(example_mode_vtol_cpp)
[3.527s] Level 1:colcon.colcon_core.environment:checking '/home/rudra/custom_flightmode/install/example_mode_vtol_cpp' for CMake module files
[3.528s] Level 1:colcon.colcon_core.environment:checking '/home/rudra/custom_flightmode/install/example_mode_vtol_cpp' for CMake config files
[3.528s] Level 1:colcon.colcon_core.shell:create_environment_hook('example_mode_vtol_cpp', 'cmake_prefix_path')
[3.528s] INFO:colcon.colcon_core.shell:Creating environment hook '/home/rudra/custom_flightmode/install/example_mode_vtol_cpp/share/example_mode_vtol_cpp/hook/cmake_prefix_path.ps1'
[3.529s] INFO:colcon.colcon_core.shell:Creating environment descriptor '/home/rudra/custom_flightmode/install/example_mode_vtol_cpp/share/example_mode_vtol_cpp/hook/cmake_prefix_path.dsv'
[3.529s] INFO:colcon.colcon_core.shell:Creating environment hook '/home/rudra/custom_flightmode/install/example_mode_vtol_cpp/share/example_mode_vtol_cpp/hook/cmake_prefix_path.sh'
[3.530s] Level 1:colcon.colcon_core.environment:checking '/home/rudra/custom_flightmode/install/example_mode_vtol_cpp/lib'
[3.530s] Level 1:colcon.colcon_core.environment:checking '/home/rudra/custom_flightmode/install/example_mode_vtol_cpp/bin'
[3.530s] Level 1:colcon.colcon_core.environment:checking '/home/rudra/custom_flightmode/install/example_mode_vtol_cpp/lib/pkgconfig/example_mode_vtol_cpp.pc'
[3.530s] Level 1:colcon.colcon_core.environment:checking '/home/rudra/custom_flightmode/install/example_mode_vtol_cpp/lib/python3.10/site-packages'
[3.531s] Level 1:colcon.colcon_core.environment:checking '/home/rudra/custom_flightmode/install/example_mode_vtol_cpp/bin'
[3.531s] INFO:colcon.colcon_core.shell:Creating package script '/home/rudra/custom_flightmode/install/example_mode_vtol_cpp/share/example_mode_vtol_cpp/package.ps1'
[3.532s] INFO:colcon.colcon_core.shell:Creating package descriptor '/home/rudra/custom_flightmode/install/example_mode_vtol_cpp/share/example_mode_vtol_cpp/package.dsv'
[3.532s] INFO:colcon.colcon_core.shell:Creating package script '/home/rudra/custom_flightmode/install/example_mode_vtol_cpp/share/example_mode_vtol_cpp/package.sh'
[3.533s] INFO:colcon.colcon_core.shell:Creating package script '/home/rudra/custom_flightmode/install/example_mode_vtol_cpp/share/example_mode_vtol_cpp/package.bash'
[3.533s] INFO:colcon.colcon_core.shell:Creating package script '/home/rudra/custom_flightmode/install/example_mode_vtol_cpp/share/example_mode_vtol_cpp/package.zsh'
[3.534s] Level 1:colcon.colcon_core.environment:create_file_with_runtime_dependencies(/home/rudra/custom_flightmode/install/example_mode_vtol_cpp/share/colcon-core/packages/example_mode_vtol_cpp)
[3.534s] Level 1:colcon.colcon_core.environment:create_environment_scripts_only(example_mode_manual_cpp)
[3.535s] Level 1:colcon.colcon_core.environment:checking '/home/rudra/custom_flightmode/install/example_mode_manual_cpp' for CMake module files
[3.536s] Level 1:colcon.colcon_core.environment:checking '/home/rudra/custom_flightmode/install/example_mode_manual_cpp' for CMake config files
[3.536s] DEBUG:colcon.colcon_core.event_handler.log_command:Invoked command in '/home/rudra/custom_flightmode/build/example_mode_manual_cpp' returned '0': AMENT_PREFIX_PATH=/home/rudra/custom_flightmode/install/px4_ros2_cpp:/home/rudra/custom_flightmode/install/px4_msgs:${AMENT_PREFIX_PATH} CMAKE_PREFIX_PATH=/home/rudra/custom_flightmode/install/px4_ros2_cpp:/home/rudra/custom_flightmode/install/px4_msgs:/home/rudra/ros2_ws/install/talker_listener:/home/rudra/ros2_ws/install/first_pkg:/opt/ros/humble LD_LIBRARY_PATH=/home/rudra/custom_flightmode/install/px4_ros2_cpp/lib:/home/rudra/custom_flightmode/install/px4_msgs/lib:${LD_LIBRARY_PATH} PYTHONPATH=/home/rudra/custom_flightmode/install/px4_msgs/local/lib/python3.10/dist-packages:${PYTHONPATH} /usr/bin/cmake --install /home/rudra/custom_flightmode/build/example_mode_manual_cpp
[3.537s] Level 1:colcon.colcon_core.shell:create_environment_hook('example_mode_manual_cpp', 'cmake_prefix_path')
[3.537s] INFO:colcon.colcon_core.shell:Creating environment hook '/home/rudra/custom_flightmode/install/example_mode_manual_cpp/share/example_mode_manual_cpp/hook/cmake_prefix_path.ps1'
[3.537s] INFO:colcon.colcon_core.shell:Creating environment descriptor '/home/rudra/custom_flightmode/install/example_mode_manual_cpp/share/example_mode_manual_cpp/hook/cmake_prefix_path.dsv'
[3.538s] INFO:colcon.colcon_core.shell:Creating environment hook '/home/rudra/custom_flightmode/install/example_mode_manual_cpp/share/example_mode_manual_cpp/hook/cmake_prefix_path.sh'
[3.538s] Level 1:colcon.colcon_core.environment:checking '/home/rudra/custom_flightmode/install/example_mode_manual_cpp/lib'
[3.539s] Level 1:colcon.colcon_core.environment:checking '/home/rudra/custom_flightmode/install/example_mode_manual_cpp/bin'
[3.539s] Level 1:colcon.colcon_core.environment:checking '/home/rudra/custom_flightmode/install/example_mode_manual_cpp/lib/pkgconfig/example_mode_manual_cpp.pc'
[3.539s] Level 1:colcon.colcon_core.environment:checking '/home/rudra/custom_flightmode/install/example_mode_manual_cpp/lib/python3.10/site-packages'
[3.539s] Level 1:colcon.colcon_core.environment:checking '/home/rudra/custom_flightmode/install/example_mode_manual_cpp/bin'
[3.540s] INFO:colcon.colcon_core.shell:Creating package script '/home/rudra/custom_flightmode/install/example_mode_manual_cpp/share/example_mode_manual_cpp/package.ps1'
[3.540s] INFO:colcon.colcon_core.shell:Creating package descriptor '/home/rudra/custom_flightmode/install/example_mode_manual_cpp/share/example_mode_manual_cpp/package.dsv'
[3.541s] INFO:colcon.colcon_core.shell:Creating package script '/home/rudra/custom_flightmode/install/example_mode_manual_cpp/share/example_mode_manual_cpp/package.sh'
[3.541s] INFO:colcon.colcon_core.shell:Creating package script '/home/rudra/custom_flightmode/install/example_mode_manual_cpp/share/example_mode_manual_cpp/package.bash'
[3.542s] INFO:colcon.colcon_core.shell:Creating package script '/home/rudra/custom_flightmode/install/example_mode_manual_cpp/share/example_mode_manual_cpp/package.zsh'
[3.542s] Level 1:colcon.colcon_core.environment:create_file_with_runtime_dependencies(/home/rudra/custom_flightmode/install/example_mode_manual_cpp/share/colcon-core/packages/example_mode_manual_cpp)
[3.543s] Level 1:colcon.colcon_core.environment:create_environment_scripts_only(example_mode_manual_cpp)
[3.543s] Level 1:colcon.colcon_core.environment:checking '/home/rudra/custom_flightmode/install/example_mode_manual_cpp' for CMake module files
[3.543s] Level 1:colcon.colcon_core.environment:checking '/home/rudra/custom_flightmode/install/example_mode_manual_cpp' for CMake config files
[3.544s] Level 1:colcon.colcon_core.shell:create_environment_hook('example_mode_manual_cpp', 'cmake_prefix_path')
[3.544s] INFO:colcon.colcon_core.shell:Creating environment hook '/home/rudra/custom_flightmode/install/example_mode_manual_cpp/share/example_mode_manual_cpp/hook/cmake_prefix_path.ps1'
[3.544s] INFO:colcon.colcon_core.shell:Creating environment descriptor '/home/rudra/custom_flightmode/install/example_mode_manual_cpp/share/example_mode_manual_cpp/hook/cmake_prefix_path.dsv'
[3.545s] INFO:colcon.colcon_core.shell:Creating environment hook '/home/rudra/custom_flightmode/install/example_mode_manual_cpp/share/example_mode_manual_cpp/hook/cmake_prefix_path.sh'
[3.545s] Level 1:colcon.colcon_core.environment:checking '/home/rudra/custom_flightmode/install/example_mode_manual_cpp/lib'
[3.545s] Level 1:colcon.colcon_core.environment:checking '/home/rudra/custom_flightmode/install/example_mode_manual_cpp/bin'
[3.546s] Level 1:colcon.colcon_core.environment:checking '/home/rudra/custom_flightmode/install/example_mode_manual_cpp/lib/pkgconfig/example_mode_manual_cpp.pc'
[3.546s] Level 1:colcon.colcon_core.environment:checking '/home/rudra/custom_flightmode/install/example_mode_manual_cpp/lib/python3.10/site-packages'
[3.546s] Level 1:colcon.colcon_core.environment:checking '/home/rudra/custom_flightmode/install/example_mode_manual_cpp/bin'
[3.547s] INFO:colcon.colcon_core.shell:Creating package script '/home/rudra/custom_flightmode/install/example_mode_manual_cpp/share/example_mode_manual_cpp/package.ps1'
[3.547s] INFO:colcon.colcon_core.shell:Creating package descriptor '/home/rudra/custom_flightmode/install/example_mode_manual_cpp/share/example_mode_manual_cpp/package.dsv'
[3.548s] INFO:colcon.colcon_core.shell:Creating package script '/home/rudra/custom_flightmode/install/example_mode_manual_cpp/share/example_mode_manual_cpp/package.sh'
[3.548s] INFO:colcon.colcon_core.shell:Creating package script '/home/rudra/custom_flightmode/install/example_mode_manual_cpp/share/example_mode_manual_cpp/package.bash'
[3.549s] INFO:colcon.colcon_core.shell:Creating package script '/home/rudra/custom_flightmode/install/example_mode_manual_cpp/share/example_mode_manual_cpp/package.zsh'
[3.549s] Level 1:colcon.colcon_core.environment:create_file_with_runtime_dependencies(/home/rudra/custom_flightmode/install/example_mode_manual_cpp/share/colcon-core/packages/example_mode_manual_cpp)
[3.549s] Level 1:colcon.colcon_core.environment:create_environment_scripts_only(example_mode_rtl_replacement_cpp)
[3.550s] Level 1:colcon.colcon_core.environment:checking '/home/rudra/custom_flightmode/install/example_mode_rtl_replacement_cpp' for CMake module files
[3.551s] Level 1:colcon.colcon_core.environment:checking '/home/rudra/custom_flightmode/install/example_mode_rtl_replacement_cpp' for CMake config files
[3.551s] DEBUG:colcon.colcon_core.event_handler.log_command:Invoked command in '/home/rudra/custom_flightmode/build/example_mode_rtl_replacement_cpp' returned '0': AMENT_PREFIX_PATH=/home/rudra/custom_flightmode/install/px4_ros2_cpp:/home/rudra/custom_flightmode/install/px4_msgs:${AMENT_PREFIX_PATH} CMAKE_PREFIX_PATH=/home/rudra/custom_flightmode/install/px4_ros2_cpp:/home/rudra/custom_flightmode/install/px4_msgs:/home/rudra/ros2_ws/install/talker_listener:/home/rudra/ros2_ws/install/first_pkg:/opt/ros/humble LD_LIBRARY_PATH=/home/rudra/custom_flightmode/install/px4_ros2_cpp/lib:/home/rudra/custom_flightmode/install/px4_msgs/lib:${LD_LIBRARY_PATH} PYTHONPATH=/home/rudra/custom_flightmode/install/px4_msgs/local/lib/python3.10/dist-packages:${PYTHONPATH} /usr/bin/cmake --install /home/rudra/custom_flightmode/build/example_mode_rtl_replacement_cpp
[3.552s] Level 1:colcon.colcon_core.shell:create_environment_hook('example_mode_rtl_replacement_cpp', 'cmake_prefix_path')
[3.552s] INFO:colcon.colcon_core.shell:Creating environment hook '/home/rudra/custom_flightmode/install/example_mode_rtl_replacement_cpp/share/example_mode_rtl_replacement_cpp/hook/cmake_prefix_path.ps1'
[3.553s] INFO:colcon.colcon_core.shell:Creating environment descriptor '/home/rudra/custom_flightmode/install/example_mode_rtl_replacement_cpp/share/example_mode_rtl_replacement_cpp/hook/cmake_prefix_path.dsv'
[3.553s] INFO:colcon.colcon_core.shell:Creating environment hook '/home/rudra/custom_flightmode/install/example_mode_rtl_replacement_cpp/share/example_mode_rtl_replacement_cpp/hook/cmake_prefix_path.sh'
[3.554s] Level 1:colcon.colcon_core.environment:checking '/home/rudra/custom_flightmode/install/example_mode_rtl_replacement_cpp/lib'
[3.554s] Level 1:colcon.colcon_core.environment:checking '/home/rudra/custom_flightmode/install/example_mode_rtl_replacement_cpp/bin'
[3.554s] Level 1:colcon.colcon_core.environment:checking '/home/rudra/custom_flightmode/install/example_mode_rtl_replacement_cpp/lib/pkgconfig/example_mode_rtl_replacement_cpp.pc'
[3.554s] Level 1:colcon.colcon_core.environment:checking '/home/rudra/custom_flightmode/install/example_mode_rtl_replacement_cpp/lib/python3.10/site-packages'
[3.555s] Level 1:colcon.colcon_core.environment:checking '/home/rudra/custom_flightmode/install/example_mode_rtl_replacement_cpp/bin'
[3.555s] INFO:colcon.colcon_core.shell:Creating package script '/home/rudra/custom_flightmode/install/example_mode_rtl_replacement_cpp/share/example_mode_rtl_replacement_cpp/package.ps1'
[3.556s] INFO:colcon.colcon_core.shell:Creating package descriptor '/home/rudra/custom_flightmode/install/example_mode_rtl_replacement_cpp/share/example_mode_rtl_replacement_cpp/package.dsv'
[3.556s] INFO:colcon.colcon_core.shell:Creating package script '/home/rudra/custom_flightmode/install/example_mode_rtl_replacement_cpp/share/example_mode_rtl_replacement_cpp/package.sh'
[3.557s] INFO:colcon.colcon_core.shell:Creating package script '/home/rudra/custom_flightmode/install/example_mode_rtl_replacement_cpp/share/example_mode_rtl_replacement_cpp/package.bash'
[3.557s] INFO:colcon.colcon_core.shell:Creating package script '/home/rudra/custom_flightmode/install/example_mode_rtl_replacement_cpp/share/example_mode_rtl_replacement_cpp/package.zsh'
[3.557s] Level 1:colcon.colcon_core.environment:create_file_with_runtime_dependencies(/home/rudra/custom_flightmode/install/example_mode_rtl_replacement_cpp/share/colcon-core/packages/example_mode_rtl_replacement_cpp)
[3.558s] Level 1:colcon.colcon_core.environment:create_environment_scripts_only(example_mode_rtl_replacement_cpp)
[3.558s] Level 1:colcon.colcon_core.environment:checking '/home/rudra/custom_flightmode/install/example_mode_rtl_replacement_cpp' for CMake module files
[3.559s] Level 1:colcon.colcon_core.environment:checking '/home/rudra/custom_flightmode/install/example_mode_rtl_replacement_cpp' for CMake config files
[3.559s] Level 1:colcon.colcon_core.shell:create_environment_hook('example_mode_rtl_replacement_cpp', 'cmake_prefix_path')
[3.559s] INFO:colcon.colcon_core.shell:Creating environment hook '/home/rudra/custom_flightmode/install/example_mode_rtl_replacement_cpp/share/example_mode_rtl_replacement_cpp/hook/cmake_prefix_path.ps1'
[3.560s] INFO:colcon.colcon_core.shell:Creating environment descriptor '/home/rudra/custom_flightmode/install/example_mode_rtl_replacement_cpp/share/example_mode_rtl_replacement_cpp/hook/cmake_prefix_path.dsv'
[3.560s] INFO:colcon.colcon_core.shell:Creating environment hook '/home/rudra/custom_flightmode/install/example_mode_rtl_replacement_cpp/share/example_mode_rtl_replacement_cpp/hook/cmake_prefix_path.sh'
[3.561s] Level 1:colcon.colcon_core.environment:checking '/home/rudra/custom_flightmode/install/example_mode_rtl_replacement_cpp/lib'
[3.561s] Level 1:colcon.colcon_core.environment:checking '/home/rudra/custom_flightmode/install/example_mode_rtl_replacement_cpp/bin'
[3.561s] Level 1:colcon.colcon_core.environment:checking '/home/rudra/custom_flightmode/install/example_mode_rtl_replacement_cpp/lib/pkgconfig/example_mode_rtl_replacement_cpp.pc'
[3.561s] Level 1:colcon.colcon_core.environment:checking '/home/rudra/custom_flightmode/install/example_mode_rtl_replacement_cpp/lib/python3.10/site-packages'
[3.561s] Level 1:colcon.colcon_core.environment:checking '/home/rudra/custom_flightmode/install/example_mode_rtl_replacement_cpp/bin'
[3.562s] INFO:colcon.colcon_core.shell:Creating package script '/home/rudra/custom_flightmode/install/example_mode_rtl_replacement_cpp/share/example_mode_rtl_replacement_cpp/package.ps1'
[3.562s] INFO:colcon.colcon_core.shell:Creating package descriptor '/home/rudra/custom_flightmode/install/example_mode_rtl_replacement_cpp/share/example_mode_rtl_replacement_cpp/package.dsv'
[3.563s] INFO:colcon.colcon_core.shell:Creating package script '/home/rudra/custom_flightmode/install/example_mode_rtl_replacement_cpp/share/example_mode_rtl_replacement_cpp/package.sh'
[3.564s] INFO:colcon.colcon_core.shell:Creating package script '/home/rudra/custom_flightmode/install/example_mode_rtl_replacement_cpp/share/example_mode_rtl_replacement_cpp/package.bash'
[3.564s] INFO:colcon.colcon_core.shell:Creating package script '/home/rudra/custom_flightmode/install/example_mode_rtl_replacement_cpp/share/example_mode_rtl_replacement_cpp/package.zsh'
[3.564s] Level 1:colcon.colcon_core.environment:create_file_with_runtime_dependencies(/home/rudra/custom_flightmode/install/example_mode_rtl_replacement_cpp/share/colcon-core/packages/example_mode_rtl_replacement_cpp)
[3.568s] DEBUG:colcon.colcon_core.event_handler.log_command:Invoking command in '/home/rudra/custom_flightmode/build/example_rover_velocity_mode_cpp': AMENT_PREFIX_PATH=/home/rudra/custom_flightmode/install/px4_ros2_cpp:/home/rudra/custom_flightmode/install/px4_msgs:${AMENT_PREFIX_PATH} CMAKE_PREFIX_PATH=/home/rudra/custom_flightmode/install/px4_ros2_cpp:/home/rudra/custom_flightmode/install/px4_msgs:/home/rudra/ros2_ws/install/talker_listener:/home/rudra/ros2_ws/install/first_pkg:/opt/ros/humble LD_LIBRARY_PATH=/home/rudra/custom_flightmode/install/px4_ros2_cpp/lib:/home/rudra/custom_flightmode/install/px4_msgs/lib:${LD_LIBRARY_PATH} PYTHONPATH=/home/rudra/custom_flightmode/install/px4_msgs/local/lib/python3.10/dist-packages:${PYTHONPATH} /usr/bin/cmake --build /home/rudra/custom_flightmode/build/example_rover_velocity_mode_cpp -- -j12 -l12
[3.601s] DEBUG:colcon.colcon_core.event_handler.log_command:Invoked command in '/home/rudra/custom_flightmode/build/example_mode_with_executor_cpp' returned '0': AMENT_PREFIX_PATH=/home/rudra/custom_flightmode/install/px4_ros2_cpp:/home/rudra/custom_flightmode/install/px4_msgs:${AMENT_PREFIX_PATH} CMAKE_PREFIX_PATH=/home/rudra/custom_flightmode/install/px4_ros2_cpp:/home/rudra/custom_flightmode/install/px4_msgs:/home/rudra/ros2_ws/install/talker_listener:/home/rudra/ros2_ws/install/first_pkg:/opt/ros/humble LD_LIBRARY_PATH=/home/rudra/custom_flightmode/install/px4_ros2_cpp/lib:/home/rudra/custom_flightmode/install/px4_msgs/lib:${LD_LIBRARY_PATH} PYTHONPATH=/home/rudra/custom_flightmode/install/px4_msgs/local/lib/python3.10/dist-packages:${PYTHONPATH} /usr/bin/cmake --build /home/rudra/custom_flightmode/build/example_mode_with_executor_cpp -- -j12 -l12
[3.603s] DEBUG:colcon.colcon_core.event_handler.log_command:Invoking command in '/home/rudra/custom_flightmode/build/example_mode_with_executor_cpp': AMENT_PREFIX_PATH=/home/rudra/custom_flightmode/install/px4_ros2_cpp:/home/rudra/custom_flightmode/install/px4_msgs:${AMENT_PREFIX_PATH} CMAKE_PREFIX_PATH=/home/rudra/custom_flightmode/install/px4_ros2_cpp:/home/rudra/custom_flightmode/install/px4_msgs:/home/rudra/ros2_ws/install/talker_listener:/home/rudra/ros2_ws/install/first_pkg:/opt/ros/humble LD_LIBRARY_PATH=/home/rudra/custom_flightmode/install/px4_ros2_cpp/lib:/home/rudra/custom_flightmode/install/px4_msgs/lib:${LD_LIBRARY_PATH} PYTHONPATH=/home/rudra/custom_flightmode/install/px4_msgs/local/lib/python3.10/dist-packages:${PYTHONPATH} /usr/bin/cmake --install /home/rudra/custom_flightmode/build/example_mode_with_executor_cpp
[3.617s] Level 1:colcon.colcon_core.environment:create_environment_scripts_only(example_mode_with_executor_cpp)
[3.617s] Level 1:colcon.colcon_core.environment:checking '/home/rudra/custom_flightmode/install/example_mode_with_executor_cpp' for CMake module files
[3.619s] DEBUG:colcon.colcon_core.event_handler.log_command:Invoked command in '/home/rudra/custom_flightmode/build/example_mode_with_executor_cpp' returned '0': AMENT_PREFIX_PATH=/home/rudra/custom_flightmode/install/px4_ros2_cpp:/home/rudra/custom_flightmode/install/px4_msgs:${AMENT_PREFIX_PATH} CMAKE_PREFIX_PATH=/home/rudra/custom_flightmode/install/px4_ros2_cpp:/home/rudra/custom_flightmode/install/px4_msgs:/home/rudra/ros2_ws/install/talker_listener:/home/rudra/ros2_ws/install/first_pkg:/opt/ros/humble LD_LIBRARY_PATH=/home/rudra/custom_flightmode/install/px4_ros2_cpp/lib:/home/rudra/custom_flightmode/install/px4_msgs/lib:${LD_LIBRARY_PATH} PYTHONPATH=/home/rudra/custom_flightmode/install/px4_msgs/local/lib/python3.10/dist-packages:${PYTHONPATH} /usr/bin/cmake --install /home/rudra/custom_flightmode/build/example_mode_with_executor_cpp
[3.619s] Level 1:colcon.colcon_core.environment:checking '/home/rudra/custom_flightmode/install/example_mode_with_executor_cpp' for CMake config files
[3.619s] Level 1:colcon.colcon_core.shell:create_environment_hook('example_mode_with_executor_cpp', 'cmake_prefix_path')
[3.619s] INFO:colcon.colcon_core.shell:Creating environment hook '/home/rudra/custom_flightmode/install/example_mode_with_executor_cpp/share/example_mode_with_executor_cpp/hook/cmake_prefix_path.ps1'
[3.620s] INFO:colcon.colcon_core.shell:Creating environment descriptor '/home/rudra/custom_flightmode/install/example_mode_with_executor_cpp/share/example_mode_with_executor_cpp/hook/cmake_prefix_path.dsv'
[3.621s] INFO:colcon.colcon_core.shell:Creating environment hook '/home/rudra/custom_flightmode/install/example_mode_with_executor_cpp/share/example_mode_with_executor_cpp/hook/cmake_prefix_path.sh'
[3.622s] Level 1:colcon.colcon_core.environment:checking '/home/rudra/custom_flightmode/install/example_mode_with_executor_cpp/lib'
[3.622s] Level 1:colcon.colcon_core.environment:checking '/home/rudra/custom_flightmode/install/example_mode_with_executor_cpp/bin'
[3.622s] Level 1:colcon.colcon_core.environment:checking '/home/rudra/custom_flightmode/install/example_mode_with_executor_cpp/lib/pkgconfig/example_mode_with_executor_cpp.pc'
[3.622s] Level 1:colcon.colcon_core.environment:checking '/home/rudra/custom_flightmode/install/example_mode_with_executor_cpp/lib/python3.10/site-packages'
[3.623s] Level 1:colcon.colcon_core.environment:checking '/home/rudra/custom_flightmode/install/example_mode_with_executor_cpp/bin'
[3.623s] INFO:colcon.colcon_core.shell:Creating package script '/home/rudra/custom_flightmode/install/example_mode_with_executor_cpp/share/example_mode_with_executor_cpp/package.ps1'
[3.624s] INFO:colcon.colcon_core.shell:Creating package descriptor '/home/rudra/custom_flightmode/install/example_mode_with_executor_cpp/share/example_mode_with_executor_cpp/package.dsv'
[3.624s] INFO:colcon.colcon_core.shell:Creating package script '/home/rudra/custom_flightmode/install/example_mode_with_executor_cpp/share/example_mode_with_executor_cpp/package.sh'
[3.625s] INFO:colcon.colcon_core.shell:Creating package script '/home/rudra/custom_flightmode/install/example_mode_with_executor_cpp/share/example_mode_with_executor_cpp/package.bash'
[3.625s] INFO:colcon.colcon_core.shell:Creating package script '/home/rudra/custom_flightmode/install/example_mode_with_executor_cpp/share/example_mode_with_executor_cpp/package.zsh'
[3.626s] Level 1:colcon.colcon_core.environment:create_file_with_runtime_dependencies(/home/rudra/custom_flightmode/install/example_mode_with_executor_cpp/share/colcon-core/packages/example_mode_with_executor_cpp)
[3.627s] Level 1:colcon.colcon_core.environment:create_environment_scripts_only(example_mode_with_executor_cpp)
[3.627s] Level 1:colcon.colcon_core.environment:checking '/home/rudra/custom_flightmode/install/example_mode_with_executor_cpp' for CMake module files
[3.628s] Level 1:colcon.colcon_core.environment:checking '/home/rudra/custom_flightmode/install/example_mode_with_executor_cpp' for CMake config files
[3.628s] Level 1:colcon.colcon_core.shell:create_environment_hook('example_mode_with_executor_cpp', 'cmake_prefix_path')
[3.628s] INFO:colcon.colcon_core.shell:Creating environment hook '/home/rudra/custom_flightmode/install/example_mode_with_executor_cpp/share/example_mode_with_executor_cpp/hook/cmake_prefix_path.ps1'
[3.629s] INFO:colcon.colcon_core.shell:Creating environment descriptor '/home/rudra/custom_flightmode/install/example_mode_with_executor_cpp/share/example_mode_with_executor_cpp/hook/cmake_prefix_path.dsv'
[3.630s] INFO:colcon.colcon_core.shell:Creating environment hook '/home/rudra/custom_flightmode/install/example_mode_with_executor_cpp/share/example_mode_with_executor_cpp/hook/cmake_prefix_path.sh'
[3.631s] Level 1:colcon.colcon_core.environment:checking '/home/rudra/custom_flightmode/install/example_mode_with_executor_cpp/lib'
[3.631s] Level 1:colcon.colcon_core.environment:checking '/home/rudra/custom_flightmode/install/example_mode_with_executor_cpp/bin'
[3.631s] Level 1:colcon.colcon_core.environment:checking '/home/rudra/custom_flightmode/install/example_mode_with_executor_cpp/lib/pkgconfig/example_mode_with_executor_cpp.pc'
[3.632s] Level 1:colcon.colcon_core.environment:checking '/home/rudra/custom_flightmode/install/example_mode_with_executor_cpp/lib/python3.10/site-packages'
[3.632s] Level 1:colcon.colcon_core.environment:checking '/home/rudra/custom_flightmode/install/example_mode_with_executor_cpp/bin'
[3.633s] INFO:colcon.colcon_core.shell:Creating package script '/home/rudra/custom_flightmode/install/example_mode_with_executor_cpp/share/example_mode_with_executor_cpp/package.ps1'
[3.634s] INFO:colcon.colcon_core.shell:Creating package descriptor '/home/rudra/custom_flightmode/install/example_mode_with_executor_cpp/share/example_mode_with_executor_cpp/package.dsv'
[3.634s] INFO:colcon.colcon_core.shell:Creating package script '/home/rudra/custom_flightmode/install/example_mode_with_executor_cpp/share/example_mode_with_executor_cpp/package.sh'
[3.635s] INFO:colcon.colcon_core.shell:Creating package script '/home/rudra/custom_flightmode/install/example_mode_with_executor_cpp/share/example_mode_with_executor_cpp/package.bash'
[3.635s] INFO:colcon.colcon_core.shell:Creating package script '/home/rudra/custom_flightmode/install/example_mode_with_executor_cpp/share/example_mode_with_executor_cpp/package.zsh'
[3.636s] Level 1:colcon.colcon_core.environment:create_file_with_runtime_dependencies(/home/rudra/custom_flightmode/install/example_mode_with_executor_cpp/share/colcon-core/packages/example_mode_with_executor_cpp)
[3.668s] DEBUG:colcon.colcon_core.event_handler.log_command:Invoked command in '/home/rudra/custom_flightmode/build/example_rover_velocity_mode_cpp' returned '0': AMENT_PREFIX_PATH=/home/rudra/custom_flightmode/install/px4_ros2_cpp:/home/rudra/custom_flightmode/install/px4_msgs:${AMENT_PREFIX_PATH} CMAKE_PREFIX_PATH=/home/rudra/custom_flightmode/install/px4_ros2_cpp:/home/rudra/custom_flightmode/install/px4_msgs:/home/rudra/ros2_ws/install/talker_listener:/home/rudra/ros2_ws/install/first_pkg:/opt/ros/humble LD_LIBRARY_PATH=/home/rudra/custom_flightmode/install/px4_ros2_cpp/lib:/home/rudra/custom_flightmode/install/px4_msgs/lib:${LD_LIBRARY_PATH} PYTHONPATH=/home/rudra/custom_flightmode/install/px4_msgs/local/lib/python3.10/dist-packages:${PYTHONPATH} /usr/bin/cmake --build /home/rudra/custom_flightmode/build/example_rover_velocity_mode_cpp -- -j12 -l12
[3.670s] DEBUG:colcon.colcon_core.event_handler.log_command:Invoking command in '/home/rudra/custom_flightmode/build/example_rover_velocity_mode_cpp': AMENT_PREFIX_PATH=/home/rudra/custom_flightmode/install/px4_ros2_cpp:/home/rudra/custom_flightmode/install/px4_msgs:${AMENT_PREFIX_PATH} CMAKE_PREFIX_PATH=/home/rudra/custom_flightmode/install/px4_ros2_cpp:/home/rudra/custom_flightmode/install/px4_msgs:/home/rudra/ros2_ws/install/talker_listener:/home/rudra/ros2_ws/install/first_pkg:/opt/ros/humble LD_LIBRARY_PATH=/home/rudra/custom_flightmode/install/px4_ros2_cpp/lib:/home/rudra/custom_flightmode/install/px4_msgs/lib:${LD_LIBRARY_PATH} PYTHONPATH=/home/rudra/custom_flightmode/install/px4_msgs/local/lib/python3.10/dist-packages:${PYTHONPATH} /usr/bin/cmake --install /home/rudra/custom_flightmode/build/example_rover_velocity_mode_cpp
[3.683s] Level 1:colcon.colcon_core.environment:create_environment_scripts_only(example_rover_velocity_mode_cpp)
[3.684s] Level 1:colcon.colcon_core.environment:checking '/home/rudra/custom_flightmode/install/example_rover_velocity_mode_cpp' for CMake module files
[3.684s] DEBUG:colcon.colcon_core.event_handler.log_command:Invoked command in '/home/rudra/custom_flightmode/build/example_rover_velocity_mode_cpp' returned '0': AMENT_PREFIX_PATH=/home/rudra/custom_flightmode/install/px4_ros2_cpp:/home/rudra/custom_flightmode/install/px4_msgs:${AMENT_PREFIX_PATH} CMAKE_PREFIX_PATH=/home/rudra/custom_flightmode/install/px4_ros2_cpp:/home/rudra/custom_flightmode/install/px4_msgs:/home/rudra/ros2_ws/install/talker_listener:/home/rudra/ros2_ws/install/first_pkg:/opt/ros/humble LD_LIBRARY_PATH=/home/rudra/custom_flightmode/install/px4_ros2_cpp/lib:/home/rudra/custom_flightmode/install/px4_msgs/lib:${LD_LIBRARY_PATH} PYTHONPATH=/home/rudra/custom_flightmode/install/px4_msgs/local/lib/python3.10/dist-packages:${PYTHONPATH} /usr/bin/cmake --install /home/rudra/custom_flightmode/build/example_rover_velocity_mode_cpp
[3.685s] Level 1:colcon.colcon_core.environment:checking '/home/rudra/custom_flightmode/install/example_rover_velocity_mode_cpp' for CMake config files
[3.685s] Level 1:colcon.colcon_core.shell:create_environment_hook('example_rover_velocity_mode_cpp', 'cmake_prefix_path')
[3.685s] INFO:colcon.colcon_core.shell:Creating environment hook '/home/rudra/custom_flightmode/install/example_rover_velocity_mode_cpp/share/example_rover_velocity_mode_cpp/hook/cmake_prefix_path.ps1'
[3.686s] INFO:colcon.colcon_core.shell:Creating environment descriptor '/home/rudra/custom_flightmode/install/example_rover_velocity_mode_cpp/share/example_rover_velocity_mode_cpp/hook/cmake_prefix_path.dsv'
[3.686s] INFO:colcon.colcon_core.shell:Creating environment hook '/home/rudra/custom_flightmode/install/example_rover_velocity_mode_cpp/share/example_rover_velocity_mode_cpp/hook/cmake_prefix_path.sh'
[3.687s] Level 1:colcon.colcon_core.environment:checking '/home/rudra/custom_flightmode/install/example_rover_velocity_mode_cpp/lib'
[3.687s] Level 1:colcon.colcon_core.environment:checking '/home/rudra/custom_flightmode/install/example_rover_velocity_mode_cpp/bin'
[3.687s] Level 1:colcon.colcon_core.environment:checking '/home/rudra/custom_flightmode/install/example_rover_velocity_mode_cpp/lib/pkgconfig/example_rover_velocity_mode_cpp.pc'
[3.687s] Level 1:colcon.colcon_core.environment:checking '/home/rudra/custom_flightmode/install/example_rover_velocity_mode_cpp/lib/python3.10/site-packages'
[3.688s] Level 1:colcon.colcon_core.environment:checking '/home/rudra/custom_flightmode/install/example_rover_velocity_mode_cpp/bin'
[3.688s] INFO:colcon.colcon_core.shell:Creating package script '/home/rudra/custom_flightmode/install/example_rover_velocity_mode_cpp/share/example_rover_velocity_mode_cpp/package.ps1'
[3.689s] INFO:colcon.colcon_core.shell:Creating package descriptor '/home/rudra/custom_flightmode/install/example_rover_velocity_mode_cpp/share/example_rover_velocity_mode_cpp/package.dsv'
[3.689s] INFO:colcon.colcon_core.shell:Creating package script '/home/rudra/custom_flightmode/install/example_rover_velocity_mode_cpp/share/example_rover_velocity_mode_cpp/package.sh'
[3.690s] INFO:colcon.colcon_core.shell:Creating package script '/home/rudra/custom_flightmode/install/example_rover_velocity_mode_cpp/share/example_rover_velocity_mode_cpp/package.bash'
[3.690s] INFO:colcon.colcon_core.shell:Creating package script '/home/rudra/custom_flightmode/install/example_rover_velocity_mode_cpp/share/example_rover_velocity_mode_cpp/package.zsh'
[3.690s] Level 1:colcon.colcon_core.environment:create_file_with_runtime_dependencies(/home/rudra/custom_flightmode/install/example_rover_velocity_mode_cpp/share/colcon-core/packages/example_rover_velocity_mode_cpp)
[3.691s] Level 1:colcon.colcon_core.environment:create_environment_scripts_only(example_rover_velocity_mode_cpp)
[3.691s] Level 1:colcon.colcon_core.environment:checking '/home/rudra/custom_flightmode/install/example_rover_velocity_mode_cpp' for CMake module files
[3.692s] Level 1:colcon.colcon_core.environment:checking '/home/rudra/custom_flightmode/install/example_rover_velocity_mode_cpp' for CMake config files
[3.692s] Level 1:colcon.colcon_core.shell:create_environment_hook('example_rover_velocity_mode_cpp', 'cmake_prefix_path')
[3.692s] INFO:colcon.colcon_core.shell:Creating environment hook '/home/rudra/custom_flightmode/install/example_rover_velocity_mode_cpp/share/example_rover_velocity_mode_cpp/hook/cmake_prefix_path.ps1'
[3.693s] INFO:colcon.colcon_core.shell:Creating environment descriptor '/home/rudra/custom_flightmode/install/example_rover_velocity_mode_cpp/share/example_rover_velocity_mode_cpp/hook/cmake_prefix_path.dsv'
[3.694s] INFO:colcon.colcon_core.shell:Creating environment hook '/home/rudra/custom_flightmode/install/example_rover_velocity_mode_cpp/share/example_rover_velocity_mode_cpp/hook/cmake_prefix_path.sh'
[3.694s] Level 1:colcon.colcon_core.environment:checking '/home/rudra/custom_flightmode/install/example_rover_velocity_mode_cpp/lib'
[3.694s] Level 1:colcon.colcon_core.environment:checking '/home/rudra/custom_flightmode/install/example_rover_velocity_mode_cpp/bin'
[3.694s] Level 1:colcon.colcon_core.environment:checking '/home/rudra/custom_flightmode/install/example_rover_velocity_mode_cpp/lib/pkgconfig/example_rover_velocity_mode_cpp.pc'
[3.695s] Level 1:colcon.colcon_core.environment:checking '/home/rudra/custom_flightmode/install/example_rover_velocity_mode_cpp/lib/python3.10/site-packages'
[3.695s] Level 1:colcon.colcon_core.environment:checking '/home/rudra/custom_flightmode/install/example_rover_velocity_mode_cpp/bin'
[3.695s] INFO:colcon.colcon_core.shell:Creating package script '/home/rudra/custom_flightmode/install/example_rover_velocity_mode_cpp/share/example_rover_velocity_mode_cpp/package.ps1'
[3.696s] INFO:colcon.colcon_core.shell:Creating package descriptor '/home/rudra/custom_flightmode/install/example_rover_velocity_mode_cpp/share/example_rover_velocity_mode_cpp/package.dsv'
[3.697s] INFO:colcon.colcon_core.shell:Creating package script '/home/rudra/custom_flightmode/install/example_rover_velocity_mode_cpp/share/example_rover_velocity_mode_cpp/package.sh'
[3.697s] INFO:colcon.colcon_core.shell:Creating package script '/home/rudra/custom_flightmode/install/example_rover_velocity_mode_cpp/share/example_rover_velocity_mode_cpp/package.bash'
[3.698s] INFO:colcon.colcon_core.shell:Creating package script '/home/rudra/custom_flightmode/install/example_rover_velocity_mode_cpp/share/example_rover_velocity_mode_cpp/package.zsh'
[3.698s] Level 1:colcon.colcon_core.environment:create_file_with_runtime_dependencies(/home/rudra/custom_flightmode/install/example_rover_velocity_mode_cpp/share/colcon-core/packages/example_rover_velocity_mode_cpp)
[3.779s] DEBUG:colcon.colcon_core.event_handler.log_command:Invoked command in '/home/rudra/custom_flightmode/build/px4_ros2_py' returned '0': AMENT_PREFIX_PATH=/home/rudra/custom_flightmode/install/px4_ros2_cpp:/home/rudra/custom_flightmode/install/px4_msgs:${AMENT_PREFIX_PATH} CMAKE_PREFIX_PATH=/home/rudra/custom_flightmode/install/px4_ros2_cpp:/home/rudra/custom_flightmode/install/px4_msgs:/home/rudra/ros2_ws/install/talker_listener:/home/rudra/ros2_ws/install/first_pkg:/opt/ros/humble LD_LIBRARY_PATH=/home/rudra/custom_flightmode/install/px4_ros2_cpp/lib:/home/rudra/custom_flightmode/install/px4_msgs/lib:${LD_LIBRARY_PATH} PYTHONPATH=/home/rudra/custom_flightmode/install/px4_msgs/local/lib/python3.10/dist-packages:${PYTHONPATH} /usr/bin/cmake --build /home/rudra/custom_flightmode/build/px4_ros2_py -- -j12 -l12
[3.781s] DEBUG:colcon.colcon_core.event_handler.log_command:Invoking command in '/home/rudra/custom_flightmode/build/px4_ros2_py': AMENT_PREFIX_PATH=/home/rudra/custom_flightmode/install/px4_ros2_cpp:/home/rudra/custom_flightmode/install/px4_msgs:${AMENT_PREFIX_PATH} CMAKE_PREFIX_PATH=/home/rudra/custom_flightmode/install/px4_ros2_cpp:/home/rudra/custom_flightmode/install/px4_msgs:/home/rudra/ros2_ws/install/talker_listener:/home/rudra/ros2_ws/install/first_pkg:/opt/ros/humble LD_LIBRARY_PATH=/home/rudra/custom_flightmode/install/px4_ros2_cpp/lib:/home/rudra/custom_flightmode/install/px4_msgs/lib:${LD_LIBRARY_PATH} PYTHONPATH=/home/rudra/custom_flightmode/install/px4_msgs/local/lib/python3.10/dist-packages:${PYTHONPATH} /usr/bin/cmake --install /home/rudra/custom_flightmode/build/px4_ros2_py
[3.846s] Level 1:colcon.colcon_core.environment:create_environment_scripts_only(px4_ros2_py)
[3.847s] Level 1:colcon.colcon_core.environment:checking '/home/rudra/custom_flightmode/install/px4_ros2_py' for CMake module files
[3.848s] DEBUG:colcon.colcon_core.event_handler.log_command:Invoked command in '/home/rudra/custom_flightmode/build/px4_ros2_py' returned '0': AMENT_PREFIX_PATH=/home/rudra/custom_flightmode/install/px4_ros2_cpp:/home/rudra/custom_flightmode/install/px4_msgs:${AMENT_PREFIX_PATH} CMAKE_PREFIX_PATH=/home/rudra/custom_flightmode/install/px4_ros2_cpp:/home/rudra/custom_flightmode/install/px4_msgs:/home/rudra/ros2_ws/install/talker_listener:/home/rudra/ros2_ws/install/first_pkg:/opt/ros/humble LD_LIBRARY_PATH=/home/rudra/custom_flightmode/install/px4_ros2_cpp/lib:/home/rudra/custom_flightmode/install/px4_msgs/lib:${LD_LIBRARY_PATH} PYTHONPATH=/home/rudra/custom_flightmode/install/px4_msgs/local/lib/python3.10/dist-packages:${PYTHONPATH} /usr/bin/cmake --install /home/rudra/custom_flightmode/build/px4_ros2_py
[3.848s] Level 1:colcon.colcon_core.environment:checking '/home/rudra/custom_flightmode/install/px4_ros2_py' for CMake config files
[3.849s] Level 1:colcon.colcon_core.shell:create_environment_hook('px4_ros2_py', 'cmake_prefix_path')
[3.849s] INFO:colcon.colcon_core.shell:Creating environment hook '/home/rudra/custom_flightmode/install/px4_ros2_py/share/px4_ros2_py/hook/cmake_prefix_path.ps1'
[3.850s] INFO:colcon.colcon_core.shell:Creating environment descriptor '/home/rudra/custom_flightmode/install/px4_ros2_py/share/px4_ros2_py/hook/cmake_prefix_path.dsv'
[3.850s] INFO:colcon.colcon_core.shell:Creating environment hook '/home/rudra/custom_flightmode/install/px4_ros2_py/share/px4_ros2_py/hook/cmake_prefix_path.sh'
[3.851s] Level 1:colcon.colcon_core.environment:checking '/home/rudra/custom_flightmode/install/px4_ros2_py/bin'
[3.851s] Level 1:colcon.colcon_core.environment:checking '/home/rudra/custom_flightmode/install/px4_ros2_py/lib/pkgconfig/px4_ros2_py.pc'
[3.851s] Level 1:colcon.colcon_core.environment:checking '/home/rudra/custom_flightmode/install/px4_ros2_py/lib/python3.10/site-packages'
[3.851s] Level 1:colcon.colcon_core.environment:checking '/home/rudra/custom_flightmode/install/px4_ros2_py/bin'
[3.852s] INFO:colcon.colcon_core.shell:Creating package script '/home/rudra/custom_flightmode/install/px4_ros2_py/share/px4_ros2_py/package.ps1'
[3.853s] INFO:colcon.colcon_core.shell:Creating package descriptor '/home/rudra/custom_flightmode/install/px4_ros2_py/share/px4_ros2_py/package.dsv'
[3.853s] INFO:colcon.colcon_core.shell:Creating package script '/home/rudra/custom_flightmode/install/px4_ros2_py/share/px4_ros2_py/package.sh'
[3.853s] INFO:colcon.colcon_core.shell:Creating package script '/home/rudra/custom_flightmode/install/px4_ros2_py/share/px4_ros2_py/package.bash'
[3.854s] INFO:colcon.colcon_core.shell:Creating package script '/home/rudra/custom_flightmode/install/px4_ros2_py/share/px4_ros2_py/package.zsh'
[3.854s] Level 1:colcon.colcon_core.environment:create_file_with_runtime_dependencies(/home/rudra/custom_flightmode/install/px4_ros2_py/share/colcon-core/packages/px4_ros2_py)
[3.855s] Level 1:colcon.colcon_core.environment:create_environment_scripts_only(px4_ros2_py)
[3.855s] Level 1:colcon.colcon_core.environment:checking '/home/rudra/custom_flightmode/install/px4_ros2_py' for CMake module files
[3.856s] Level 1:colcon.colcon_core.environment:checking '/home/rudra/custom_flightmode/install/px4_ros2_py' for CMake config files
[3.856s] Level 1:colcon.colcon_core.shell:create_environment_hook('px4_ros2_py', 'cmake_prefix_path')
[3.856s] INFO:colcon.colcon_core.shell:Creating environment hook '/home/rudra/custom_flightmode/install/px4_ros2_py/share/px4_ros2_py/hook/cmake_prefix_path.ps1'
[3.857s] INFO:colcon.colcon_core.shell:Creating environment descriptor '/home/rudra/custom_flightmode/install/px4_ros2_py/share/px4_ros2_py/hook/cmake_prefix_path.dsv'
[3.857s] INFO:colcon.colcon_core.shell:Creating environment hook '/home/rudra/custom_flightmode/install/px4_ros2_py/share/px4_ros2_py/hook/cmake_prefix_path.sh'
[3.858s] Level 1:colcon.colcon_core.environment:checking '/home/rudra/custom_flightmode/install/px4_ros2_py/bin'
[3.858s] Level 1:colcon.colcon_core.environment:checking '/home/rudra/custom_flightmode/install/px4_ros2_py/lib/pkgconfig/px4_ros2_py.pc'
[3.858s] Level 1:colcon.colcon_core.environment:checking '/home/rudra/custom_flightmode/install/px4_ros2_py/lib/python3.10/site-packages'
[3.859s] Level 1:colcon.colcon_core.environment:checking '/home/rudra/custom_flightmode/install/px4_ros2_py/bin'
[3.859s] INFO:colcon.colcon_core.shell:Creating package script '/home/rudra/custom_flightmode/install/px4_ros2_py/share/px4_ros2_py/package.ps1'
[3.860s] INFO:colcon.colcon_core.shell:Creating package descriptor '/home/rudra/custom_flightmode/install/px4_ros2_py/share/px4_ros2_py/package.dsv'
[3.860s] INFO:colcon.colcon_core.shell:Creating package script '/home/rudra/custom_flightmode/install/px4_ros2_py/share/px4_ros2_py/package.sh'
[3.860s] INFO:colcon.colcon_core.shell:Creating package script '/home/rudra/custom_flightmode/install/px4_ros2_py/share/px4_ros2_py/package.bash'
[3.861s] INFO:colcon.colcon_core.shell:Creating package script '/home/rudra/custom_flightmode/install/px4_ros2_py/share/px4_ros2_py/package.zsh'
[3.861s] Level 1:colcon.colcon_core.environment:create_file_with_runtime_dependencies(/home/rudra/custom_flightmode/install/px4_ros2_py/share/colcon-core/packages/px4_ros2_py)
[3.862s] INFO:colcon.colcon_ros.task.ament_python.build:Building ROS package in '/home/rudra/custom_flightmode/src/px4-ros2-interface-lib/examples/python/modes/goto' with build type 'ament_python'
[3.862s] Level 1:colcon.colcon_core.shell:create_environment_hook('example_mode_goto_py', 'ament_prefix_path')
[3.862s] INFO:colcon.colcon_core.shell:Creating environment hook '/home/rudra/custom_flightmode/install/example_mode_goto_py/share/example_mode_goto_py/hook/ament_prefix_path.ps1'
[3.863s] INFO:colcon.colcon_core.shell:Creating environment descriptor '/home/rudra/custom_flightmode/install/example_mode_goto_py/share/example_mode_goto_py/hook/ament_prefix_path.dsv'
[3.864s] INFO:colcon.colcon_core.shell:Creating environment hook '/home/rudra/custom_flightmode/install/example_mode_goto_py/share/example_mode_goto_py/hook/ament_prefix_path.sh'
[3.864s] INFO:colcon.colcon_core.shell:Skip shell extension 'powershell' for command environment: Not usable outside of PowerShell
[3.864s] DEBUG:colcon.colcon_core.shell:Skip shell extension 'dsv' for command environment
[3.868s] INFO:colcon.colcon_ros.task.ament_python.build:Building ROS package in '/home/rudra/custom_flightmode/src/px4-ros2-interface-lib/examples/python/modes/goto_with_rclpy' with build type 'ament_python'
[3.869s] Level 1:colcon.colcon_core.shell:create_environment_hook('example_mode_with_rclpy_py', 'ament_prefix_path')
[3.869s] INFO:colcon.colcon_core.shell:Creating environment hook '/home/rudra/custom_flightmode/install/example_mode_with_rclpy_py/share/example_mode_with_rclpy_py/hook/ament_prefix_path.ps1'
[3.870s] INFO:colcon.colcon_core.shell:Creating environment descriptor '/home/rudra/custom_flightmode/install/example_mode_with_rclpy_py/share/example_mode_with_rclpy_py/hook/ament_prefix_path.dsv'
[3.870s] INFO:colcon.colcon_core.shell:Creating environment hook '/home/rudra/custom_flightmode/install/example_mode_with_rclpy_py/share/example_mode_with_rclpy_py/hook/ament_prefix_path.sh'
[3.871s] INFO:colcon.colcon_core.shell:Skip shell extension 'powershell' for command environment: Not usable outside of PowerShell
[3.871s] DEBUG:colcon.colcon_core.shell:Skip shell extension 'dsv' for command environment
[4.151s] INFO:colcon.colcon_core.task.python.build:Building Python package in '/home/rudra/custom_flightmode/src/px4-ros2-interface-lib/examples/python/modes/goto'
[4.151s] INFO:colcon.colcon_core.shell:Skip shell extension 'powershell' for command environment: Not usable outside of PowerShell
[4.152s] DEBUG:colcon.colcon_core.shell:Skip shell extension 'dsv' for command environment
[4.427s] INFO:colcon.colcon_core.task.python.build:Building Python package in '/home/rudra/custom_flightmode/src/px4-ros2-interface-lib/examples/python/modes/goto_with_rclpy'
[4.428s] INFO:colcon.colcon_core.shell:Skip shell extension 'powershell' for command environment: Not usable outside of PowerShell
[4.428s] DEBUG:colcon.colcon_core.shell:Skip shell extension 'dsv' for command environment
[5.021s] DEBUG:colcon.colcon_core.task.python.build:Available setuptools commands: bdist_dumb, develop, build_py, install_scripts, bdist_wheel, symlink_data, easy_install, egg_info, install, editable_wheel, clean, build_ext, extract_messages, dist_info, install_lib, install_headers, update_catalog, alias, rotate, check, setopt, init_catalog, build_scripts, bdist_rpm, saveopts, build_clib, install_data, build, sdist, compile_catalog, bdist, bdist_egg, install_egg_info
[5.024s] DEBUG:colcon.colcon_core.event_handler.log_command:Invoking command in '/home/rudra/custom_flightmode/src/px4-ros2-interface-lib/examples/python/modes/goto': AMENT_PREFIX_PATH=/home/rudra/custom_flightmode/install/px4_ros2_py:/home/rudra/custom_flightmode/install/px4_ros2_cpp:/home/rudra/custom_flightmode/install/px4_msgs:${AMENT_PREFIX_PATH} CMAKE_PREFIX_PATH=/home/rudra/custom_flightmode/install/px4_ros2_py:/home/rudra/custom_flightmode/install/px4_ros2_cpp:/home/rudra/custom_flightmode/install/px4_msgs LD_LIBRARY_PATH=/home/rudra/custom_flightmode/install/px4_ros2_cpp/lib:/home/rudra/custom_flightmode/install/px4_msgs/lib:${LD_LIBRARY_PATH} PYTHONPATH=/home/rudra/custom_flightmode/build/example_mode_goto_py/prefix_override:/usr/lib/python3/dist-packages/colcon_core/task/python/colcon_distutils_commands:/home/rudra/custom_flightmode/install/example_mode_goto_py/lib/python3.10/site-packages:/home/rudra/custom_flightmode/install/px4_ros2_py/local/lib/python3.10/dist-packages:/home/rudra/custom_flightmode/install/px4_msgs/local/lib/python3.10/dist-packages:${PYTHONPATH} /usr/bin/python3 -W ignore:setup.py install is deprecated -W ignore:easy_install command is deprecated setup.py egg_info --egg-base ../../../../../../build/example_mode_goto_py build --build-base /home/rudra/custom_flightmode/build/example_mode_goto_py/build install --record /home/rudra/custom_flightmode/build/example_mode_goto_py/install.log --install-scripts $base/lib/example_mode_goto_py --single-version-externally-managed install_data
[5.039s] DEBUG:colcon.colcon_core.task.python.build:Available setuptools commands: bdist_dumb, develop, build_py, install_scripts, bdist_wheel, symlink_data, easy_install, egg_info, install, editable_wheel, clean, build_ext, extract_messages, dist_info, install_lib, install_headers, update_catalog, alias, rotate, check, setopt, init_catalog, build_scripts, bdist_rpm, saveopts, build_clib, install_data, build, sdist, compile_catalog, bdist, bdist_egg, install_egg_info
[5.042s] DEBUG:colcon.colcon_core.event_handler.log_command:Invoking command in '/home/rudra/custom_flightmode/src/px4-ros2-interface-lib/examples/python/modes/goto_with_rclpy': AMENT_PREFIX_PATH=/home/rudra/custom_flightmode/install/px4_ros2_py:/home/rudra/custom_flightmode/install/px4_ros2_cpp:/home/rudra/custom_flightmode/install/px4_msgs:${AMENT_PREFIX_PATH} CMAKE_PREFIX_PATH=/home/rudra/custom_flightmode/install/px4_ros2_py:/home/rudra/custom_flightmode/install/px4_ros2_cpp:/home/rudra/custom_flightmode/install/px4_msgs LD_LIBRARY_PATH=/home/rudra/custom_flightmode/install/px4_ros2_cpp/lib:/home/rudra/custom_flightmode/install/px4_msgs/lib:${LD_LIBRARY_PATH} PYTHONPATH=/home/rudra/custom_flightmode/build/example_mode_with_rclpy_py/prefix_override:/usr/lib/python3/dist-packages/colcon_core/task/python/colcon_distutils_commands:/home/rudra/custom_flightmode/install/example_mode_with_rclpy_py/lib/python3.10/site-packages:/home/rudra/custom_flightmode/install/px4_ros2_py/local/lib/python3.10/dist-packages:/home/rudra/custom_flightmode/install/px4_msgs/local/lib/python3.10/dist-packages:${PYTHONPATH} /usr/bin/python3 -W ignore:setup.py install is deprecated -W ignore:easy_install command is deprecated setup.py egg_info --egg-base ../../../../../../build/example_mode_with_rclpy_py build --build-base /home/rudra/custom_flightmode/build/example_mode_with_rclpy_py/build install --record /home/rudra/custom_flightmode/build/example_mode_with_rclpy_py/install.log --install-scripts $base/lib/example_mode_with_rclpy_py --single-version-externally-managed install_data
[5.592s] Level 1:colcon.colcon_core.environment:checking '/home/rudra/custom_flightmode/install/example_mode_goto_py' for CMake module files
[5.593s] DEBUG:colcon.colcon_core.event_handler.log_command:Invoked command in '/home/rudra/custom_flightmode/src/px4-ros2-interface-lib/examples/python/modes/goto' returned '0': AMENT_PREFIX_PATH=/home/rudra/custom_flightmode/install/px4_ros2_py:/home/rudra/custom_flightmode/install/px4_ros2_cpp:/home/rudra/custom_flightmode/install/px4_msgs:${AMENT_PREFIX_PATH} CMAKE_PREFIX_PATH=/home/rudra/custom_flightmode/install/px4_ros2_py:/home/rudra/custom_flightmode/install/px4_ros2_cpp:/home/rudra/custom_flightmode/install/px4_msgs LD_LIBRARY_PATH=/home/rudra/custom_flightmode/install/px4_ros2_cpp/lib:/home/rudra/custom_flightmode/install/px4_msgs/lib:${LD_LIBRARY_PATH} PYTHONPATH=/home/rudra/custom_flightmode/build/example_mode_goto_py/prefix_override:/usr/lib/python3/dist-packages/colcon_core/task/python/colcon_distutils_commands:/home/rudra/custom_flightmode/install/example_mode_goto_py/lib/python3.10/site-packages:/home/rudra/custom_flightmode/install/px4_ros2_py/local/lib/python3.10/dist-packages:/home/rudra/custom_flightmode/install/px4_msgs/local/lib/python3.10/dist-packages:${PYTHONPATH} /usr/bin/python3 -W ignore:setup.py install is deprecated -W ignore:easy_install command is deprecated setup.py egg_info --egg-base ../../../../../../build/example_mode_goto_py build --build-base /home/rudra/custom_flightmode/build/example_mode_goto_py/build install --record /home/rudra/custom_flightmode/build/example_mode_goto_py/install.log --install-scripts $base/lib/example_mode_goto_py --single-version-externally-managed install_data
[5.594s] Level 1:colcon.colcon_core.environment:checking '/home/rudra/custom_flightmode/install/example_mode_goto_py' for CMake config files
[5.594s] Level 1:colcon.colcon_core.environment:checking '/home/rudra/custom_flightmode/install/example_mode_goto_py/lib'
[5.594s] Level 1:colcon.colcon_core.environment:checking '/home/rudra/custom_flightmode/install/example_mode_goto_py/bin'
[5.595s] Level 1:colcon.colcon_core.environment:checking '/home/rudra/custom_flightmode/install/example_mode_goto_py/lib/pkgconfig/example_mode_goto_py.pc'
[5.595s] Level 1:colcon.colcon_core.environment:checking '/home/rudra/custom_flightmode/install/example_mode_goto_py/lib/python3.10/site-packages'
[5.595s] Level 1:colcon.colcon_core.shell:create_environment_hook('example_mode_goto_py', 'pythonpath')
[5.595s] INFO:colcon.colcon_core.shell:Creating environment hook '/home/rudra/custom_flightmode/install/example_mode_goto_py/share/example_mode_goto_py/hook/pythonpath.ps1'
[5.596s] INFO:colcon.colcon_core.shell:Creating environment descriptor '/home/rudra/custom_flightmode/install/example_mode_goto_py/share/example_mode_goto_py/hook/pythonpath.dsv'
[5.597s] INFO:colcon.colcon_core.shell:Creating environment hook '/home/rudra/custom_flightmode/install/example_mode_goto_py/share/example_mode_goto_py/hook/pythonpath.sh'
[5.597s] Level 1:colcon.colcon_core.environment:checking '/home/rudra/custom_flightmode/install/example_mode_goto_py/bin'
[5.598s] Level 1:colcon.colcon_core.environment:create_environment_scripts_only(example_mode_goto_py)
[5.598s] INFO:colcon.colcon_core.shell:Creating package script '/home/rudra/custom_flightmode/install/example_mode_goto_py/share/example_mode_goto_py/package.ps1'
[5.599s] INFO:colcon.colcon_core.shell:Creating package descriptor '/home/rudra/custom_flightmode/install/example_mode_goto_py/share/example_mode_goto_py/package.dsv'
[5.599s] INFO:colcon.colcon_core.shell:Creating package script '/home/rudra/custom_flightmode/install/example_mode_goto_py/share/example_mode_goto_py/package.sh'
[5.600s] INFO:colcon.colcon_core.shell:Creating package script '/home/rudra/custom_flightmode/install/example_mode_goto_py/share/example_mode_goto_py/package.bash'
[5.600s] INFO:colcon.colcon_core.shell:Creating package script '/home/rudra/custom_flightmode/install/example_mode_goto_py/share/example_mode_goto_py/package.zsh'
[5.601s] Level 1:colcon.colcon_core.environment:create_file_with_runtime_dependencies(/home/rudra/custom_flightmode/install/example_mode_goto_py/share/colcon-core/packages/example_mode_goto_py)
[5.619s] Level 1:colcon.colcon_core.environment:checking '/home/rudra/custom_flightmode/install/example_mode_with_rclpy_py' for CMake module files
[5.620s] DEBUG:colcon.colcon_core.event_handler.log_command:Invoked command in '/home/rudra/custom_flightmode/src/px4-ros2-interface-lib/examples/python/modes/goto_with_rclpy' returned '0': AMENT_PREFIX_PATH=/home/rudra/custom_flightmode/install/px4_ros2_py:/home/rudra/custom_flightmode/install/px4_ros2_cpp:/home/rudra/custom_flightmode/install/px4_msgs:${AMENT_PREFIX_PATH} CMAKE_PREFIX_PATH=/home/rudra/custom_flightmode/install/px4_ros2_py:/home/rudra/custom_flightmode/install/px4_ros2_cpp:/home/rudra/custom_flightmode/install/px4_msgs LD_LIBRARY_PATH=/home/rudra/custom_flightmode/install/px4_ros2_cpp/lib:/home/rudra/custom_flightmode/install/px4_msgs/lib:${LD_LIBRARY_PATH} PYTHONPATH=/home/rudra/custom_flightmode/build/example_mode_with_rclpy_py/prefix_override:/usr/lib/python3/dist-packages/colcon_core/task/python/colcon_distutils_commands:/home/rudra/custom_flightmode/install/example_mode_with_rclpy_py/lib/python3.10/site-packages:/home/rudra/custom_flightmode/install/px4_ros2_py/local/lib/python3.10/dist-packages:/home/rudra/custom_flightmode/install/px4_msgs/local/lib/python3.10/dist-packages:${PYTHONPATH} /usr/bin/python3 -W ignore:setup.py install is deprecated -W ignore:easy_install command is deprecated setup.py egg_info --egg-base ../../../../../../build/example_mode_with_rclpy_py build --build-base /home/rudra/custom_flightmode/build/example_mode_with_rclpy_py/build install --record /home/rudra/custom_flightmode/build/example_mode_with_rclpy_py/install.log --install-scripts $base/lib/example_mode_with_rclpy_py --single-version-externally-managed install_data
[5.620s] Level 1:colcon.colcon_core.environment:checking '/home/rudra/custom_flightmode/install/example_mode_with_rclpy_py' for CMake config files
[5.621s] Level 1:colcon.colcon_core.environment:checking '/home/rudra/custom_flightmode/install/example_mode_with_rclpy_py/lib'
[5.621s] Level 1:colcon.colcon_core.environment:checking '/home/rudra/custom_flightmode/install/example_mode_with_rclpy_py/bin'
[5.621s] Level 1:colcon.colcon_core.environment:checking '/home/rudra/custom_flightmode/install/example_mode_with_rclpy_py/lib/pkgconfig/example_mode_with_rclpy_py.pc'
[5.621s] Level 1:colcon.colcon_core.environment:checking '/home/rudra/custom_flightmode/install/example_mode_with_rclpy_py/lib/python3.10/site-packages'
[5.621s] Level 1:colcon.colcon_core.shell:create_environment_hook('example_mode_with_rclpy_py', 'pythonpath')
[5.622s] INFO:colcon.colcon_core.shell:Creating environment hook '/home/rudra/custom_flightmode/install/example_mode_with_rclpy_py/share/example_mode_with_rclpy_py/hook/pythonpath.ps1'
[5.622s] INFO:colcon.colcon_core.shell:Creating environment descriptor '/home/rudra/custom_flightmode/install/example_mode_with_rclpy_py/share/example_mode_with_rclpy_py/hook/pythonpath.dsv'
[5.622s] INFO:colcon.colcon_core.shell:Creating environment hook '/home/rudra/custom_flightmode/install/example_mode_with_rclpy_py/share/example_mode_with_rclpy_py/hook/pythonpath.sh'
[5.623s] Level 1:colcon.colcon_core.environment:checking '/home/rudra/custom_flightmode/install/example_mode_with_rclpy_py/bin'
[5.623s] Level 1:colcon.colcon_core.environment:create_environment_scripts_only(example_mode_with_rclpy_py)
[5.624s] INFO:colcon.colcon_core.shell:Creating package script '/home/rudra/custom_flightmode/install/example_mode_with_rclpy_py/share/example_mode_with_rclpy_py/package.ps1'
[5.624s] INFO:colcon.colcon_core.shell:Creating package descriptor '/home/rudra/custom_flightmode/install/example_mode_with_rclpy_py/share/example_mode_with_rclpy_py/package.dsv'
[5.625s] INFO:colcon.colcon_core.shell:Creating package script '/home/rudra/custom_flightmode/install/example_mode_with_rclpy_py/share/example_mode_with_rclpy_py/package.sh'
[5.625s] INFO:colcon.colcon_core.shell:Creating package script '/home/rudra/custom_flightmode/install/example_mode_with_rclpy_py/share/example_mode_with_rclpy_py/package.bash'
[5.626s] INFO:colcon.colcon_core.shell:Creating package script '/home/rudra/custom_flightmode/install/example_mode_with_rclpy_py/share/example_mode_with_rclpy_py/package.zsh'
[5.626s] Level 1:colcon.colcon_core.environment:create_file_with_runtime_dependencies(/home/rudra/custom_flightmode/install/example_mode_with_rclpy_py/share/colcon-core/packages/example_mode_with_rclpy_py)
[13.959s] DEBUG:colcon.colcon_core.event_handler.log_command:Invoked command in '/home/rudra/custom_flightmode/build/draw_flight_mode' returned '0': AMENT_PREFIX_PATH=/home/rudra/custom_flightmode/install/px4_ros2_cpp:/home/rudra/custom_flightmode/install/px4_msgs:${AMENT_PREFIX_PATH} CMAKE_PREFIX_PATH=/home/rudra/custom_flightmode/install/px4_ros2_cpp:/home/rudra/custom_flightmode/install/px4_msgs:/home/rudra/ros2_ws/install/talker_listener:/home/rudra/ros2_ws/install/first_pkg:/opt/ros/humble LD_LIBRARY_PATH=/home/rudra/custom_flightmode/install/px4_ros2_cpp/lib:/home/rudra/custom_flightmode/install/px4_msgs/lib:${LD_LIBRARY_PATH} PYTHONPATH=/home/rudra/custom_flightmode/install/px4_msgs/local/lib/python3.10/dist-packages:${PYTHONPATH} /usr/bin/cmake --build /home/rudra/custom_flightmode/build/draw_flight_mode -- -j12 -l12
[13.961s] DEBUG:colcon.colcon_core.event_handler.log_command:Invoking command in '/home/rudra/custom_flightmode/build/draw_flight_mode': AMENT_PREFIX_PATH=/home/rudra/custom_flightmode/install/px4_ros2_cpp:/home/rudra/custom_flightmode/install/px4_msgs:${AMENT_PREFIX_PATH} CMAKE_PREFIX_PATH=/home/rudra/custom_flightmode/install/px4_ros2_cpp:/home/rudra/custom_flightmode/install/px4_msgs:/home/rudra/ros2_ws/install/talker_listener:/home/rudra/ros2_ws/install/first_pkg:/opt/ros/humble LD_LIBRARY_PATH=/home/rudra/custom_flightmode/install/px4_ros2_cpp/lib:/home/rudra/custom_flightmode/install/px4_msgs/lib:${LD_LIBRARY_PATH} PYTHONPATH=/home/rudra/custom_flightmode/install/px4_msgs/local/lib/python3.10/dist-packages:${PYTHONPATH} /usr/bin/cmake --install /home/rudra/custom_flightmode/build/draw_flight_mode
[13.978s] Level 1:colcon.colcon_core.environment:create_environment_scripts_only(draw_flight_mode)
[13.978s] Level 1:colcon.colcon_core.environment:checking '/home/rudra/custom_flightmode/install/draw_flight_mode' for CMake module files
[13.979s] DEBUG:colcon.colcon_core.event_handler.log_command:Invoked command in '/home/rudra/custom_flightmode/build/draw_flight_mode' returned '0': AMENT_PREFIX_PATH=/home/rudra/custom_flightmode/install/px4_ros2_cpp:/home/rudra/custom_flightmode/install/px4_msgs:${AMENT_PREFIX_PATH} CMAKE_PREFIX_PATH=/home/rudra/custom_flightmode/install/px4_ros2_cpp:/home/rudra/custom_flightmode/install/px4_msgs:/home/rudra/ros2_ws/install/talker_listener:/home/rudra/ros2_ws/install/first_pkg:/opt/ros/humble LD_LIBRARY_PATH=/home/rudra/custom_flightmode/install/px4_ros2_cpp/lib:/home/rudra/custom_flightmode/install/px4_msgs/lib:${LD_LIBRARY_PATH} PYTHONPATH=/home/rudra/custom_flightmode/install/px4_msgs/local/lib/python3.10/dist-packages:${PYTHONPATH} /usr/bin/cmake --install /home/rudra/custom_flightmode/build/draw_flight_mode
[13.979s] Level 1:colcon.colcon_core.environment:checking '/home/rudra/custom_flightmode/install/draw_flight_mode' for CMake config files
[13.980s] Level 1:colcon.colcon_core.shell:create_environment_hook('draw_flight_mode', 'cmake_prefix_path')
[13.980s] INFO:colcon.colcon_core.shell:Creating environment hook '/home/rudra/custom_flightmode/install/draw_flight_mode/share/draw_flight_mode/hook/cmake_prefix_path.ps1'
[13.981s] INFO:colcon.colcon_core.shell:Creating environment descriptor '/home/rudra/custom_flightmode/install/draw_flight_mode/share/draw_flight_mode/hook/cmake_prefix_path.dsv'
[13.981s] INFO:colcon.colcon_core.shell:Creating environment hook '/home/rudra/custom_flightmode/install/draw_flight_mode/share/draw_flight_mode/hook/cmake_prefix_path.sh'
[13.982s] Level 1:colcon.colcon_core.environment:checking '/home/rudra/custom_flightmode/install/draw_flight_mode/lib'
[13.982s] Level 1:colcon.colcon_core.environment:checking '/home/rudra/custom_flightmode/install/draw_flight_mode/bin'
[13.982s] Level 1:colcon.colcon_core.environment:checking '/home/rudra/custom_flightmode/install/draw_flight_mode/lib/pkgconfig/draw_flight_mode.pc'
[13.982s] Level 1:colcon.colcon_core.environment:checking '/home/rudra/custom_flightmode/install/draw_flight_mode/lib/python3.10/site-packages'
[13.982s] Level 1:colcon.colcon_core.environment:checking '/home/rudra/custom_flightmode/install/draw_flight_mode/bin'
[13.983s] INFO:colcon.colcon_core.shell:Creating package script '/home/rudra/custom_flightmode/install/draw_flight_mode/share/draw_flight_mode/package.ps1'
[13.984s] INFO:colcon.colcon_core.shell:Creating package descriptor '/home/rudra/custom_flightmode/install/draw_flight_mode/share/draw_flight_mode/package.dsv'
[13.984s] INFO:colcon.colcon_core.shell:Creating package script '/home/rudra/custom_flightmode/install/draw_flight_mode/share/draw_flight_mode/package.sh'
[13.984s] INFO:colcon.colcon_core.shell:Creating package script '/home/rudra/custom_flightmode/install/draw_flight_mode/share/draw_flight_mode/package.bash'
[13.985s] INFO:colcon.colcon_core.shell:Creating package script '/home/rudra/custom_flightmode/install/draw_flight_mode/share/draw_flight_mode/package.zsh'
[13.985s] Level 1:colcon.colcon_core.environment:create_file_with_runtime_dependencies(/home/rudra/custom_flightmode/install/draw_flight_mode/share/colcon-core/packages/draw_flight_mode)
[13.986s] Level 1:colcon.colcon_core.environment:create_environment_scripts_only(draw_flight_mode)
[13.986s] Level 1:colcon.colcon_core.environment:checking '/home/rudra/custom_flightmode/install/draw_flight_mode' for CMake module files
[13.987s] Level 1:colcon.colcon_core.environment:checking '/home/rudra/custom_flightmode/install/draw_flight_mode' for CMake config files
[13.987s] Level 1:colcon.colcon_core.shell:create_environment_hook('draw_flight_mode', 'cmake_prefix_path')
[13.987s] INFO:colcon.colcon_core.shell:Creating environment hook '/home/rudra/custom_flightmode/install/draw_flight_mode/share/draw_flight_mode/hook/cmake_prefix_path.ps1'
[13.987s] INFO:colcon.colcon_core.shell:Creating environment descriptor '/home/rudra/custom_flightmode/install/draw_flight_mode/share/draw_flight_mode/hook/cmake_prefix_path.dsv'
[13.988s] INFO:colcon.colcon_core.shell:Creating environment hook '/home/rudra/custom_flightmode/install/draw_flight_mode/share/draw_flight_mode/hook/cmake_prefix_path.sh'
[13.988s] Level 1:colcon.colcon_core.environment:checking '/home/rudra/custom_flightmode/install/draw_flight_mode/lib'
[13.988s] Level 1:colcon.colcon_core.environment:checking '/home/rudra/custom_flightmode/install/draw_flight_mode/bin'
[13.988s] Level 1:colcon.colcon_core.environment:checking '/home/rudra/custom_flightmode/install/draw_flight_mode/lib/pkgconfig/draw_flight_mode.pc'
[13.989s] Level 1:colcon.colcon_core.environment:checking '/home/rudra/custom_flightmode/install/draw_flight_mode/lib/python3.10/site-packages'
[13.989s] Level 1:colcon.colcon_core.environment:checking '/home/rudra/custom_flightmode/install/draw_flight_mode/bin'
[13.989s] INFO:colcon.colcon_core.shell:Creating package script '/home/rudra/custom_flightmode/install/draw_flight_mode/share/draw_flight_mode/package.ps1'
[13.990s] INFO:colcon.colcon_core.shell:Creating package descriptor '/home/rudra/custom_flightmode/install/draw_flight_mode/share/draw_flight_mode/package.dsv'
[13.990s] INFO:colcon.colcon_core.shell:Creating package script '/home/rudra/custom_flightmode/install/draw_flight_mode/share/draw_flight_mode/package.sh'
[13.991s] INFO:colcon.colcon_core.shell:Creating package script '/home/rudra/custom_flightmode/install/draw_flight_mode/share/draw_flight_mode/package.bash'
[13.991s] INFO:colcon.colcon_core.shell:Creating package script '/home/rudra/custom_flightmode/install/draw_flight_mode/share/draw_flight_mode/package.zsh'
[13.992s] Level 1:colcon.colcon_core.environment:create_file_with_runtime_dependencies(/home/rudra/custom_flightmode/install/draw_flight_mode/share/colcon-core/packages/draw_flight_mode)
[13.992s] DEBUG:colcon.colcon_parallel_executor.executor.parallel:closing loop
[13.993s] DEBUG:colcon.colcon_parallel_executor.executor.parallel:loop closed
[13.993s] DEBUG:colcon.colcon_parallel_executor.executor.parallel:run_until_complete finished with '0'
[13.993s] DEBUG:colcon.colcon_core.event_reactor:joining thread
[13.999s] INFO:colcon.colcon_core.plugin_system:Skipping extension 'colcon_notification.desktop_notification.terminal_notifier': Not used on non-Darwin systems
[13.999s] INFO:colcon.colcon_core.plugin_system:Skipping extension 'colcon_notification.desktop_notification.win32': Not used on non-Windows systems
[13.999s] INFO:colcon.colcon_notification.desktop_notification:Sending desktop notification using 'notify2'
[14.014s] DEBUG:colcon.colcon_core.event_reactor:joined thread
[14.014s] INFO:colcon.colcon_core.shell:Creating prefix script '/home/rudra/custom_flightmode/install/local_setup.ps1'
[14.015s] INFO:colcon.colcon_core.shell:Creating prefix util module '/home/rudra/custom_flightmode/install/_local_setup_util_ps1.py'
[14.016s] INFO:colcon.colcon_core.shell:Creating prefix chain script '/home/rudra/custom_flightmode/install/setup.ps1'
[14.018s] INFO:colcon.colcon_core.shell:Creating prefix script '/home/rudra/custom_flightmode/install/local_setup.sh'
[14.018s] INFO:colcon.colcon_core.shell:Creating prefix util module '/home/rudra/custom_flightmode/install/_local_setup_util_sh.py'
[14.019s] INFO:colcon.colcon_core.shell:Creating prefix chain script '/home/rudra/custom_flightmode/install/setup.sh'
[14.021s] INFO:colcon.colcon_core.shell:Creating prefix script '/home/rudra/custom_flightmode/install/local_setup.bash'
[14.021s] INFO:colcon.colcon_core.shell:Creating prefix chain script '/home/rudra/custom_flightmode/install/setup.bash'
[14.022s] INFO:colcon.colcon_core.shell:Creating prefix script '/home/rudra/custom_flightmode/install/local_setup.zsh'
[14.022s] INFO:colcon.colcon_core.shell:Creating prefix chain script '/home/rudra/custom_flightmode/install/setup.zsh'
