[0.087s] DEBUG:colcon:Command line arguments: ['/usr/bin/colcon', 'build']
[0.087s] DEBUG:colcon:Parsed command line arguments: Namespace(log_base=None, log_level=None, verb_name='build', build_base='build', install_base='install', merge_install=False, symlink_install=False, test_result_base=None, continue_on_error=False, executor='parallel', parallel_workers=12, event_handlers=None, ignore_user_meta=False, metas=['./colcon.meta'], base_paths=['.'], packages_ignore=None, packages_ignore_regex=None, paths=None, packages_up_to=None, packages_up_to_regex=None, packages_above=None, packages_above_and_dependencies=None, packages_above_depth=None, packages_select_by_dep=None, packages_skip_by_dep=None, packages_skip_up_to=None, packages_select_build_failed=False, packages_skip_build_finished=False, packages_select_test_failures=False, packages_skip_test_passed=False, packages_select=None, packages_skip=None, packages_select_regex=None, packages_skip_regex=None, packages_start=None, packages_end=None, allow_overriding=[], cmake_args=None, cmake_target=None, cmake_target_skip_unavailable=False, cmake_clean_cache=False, cmake_clean_first=False, cmake_force_configure=False, ament_cmake_args=None, catkin_cmake_args=None, catkin_skip_building_tests=False, mixin_files=None, mixin=None, verb_parser=<colcon_mixin.mixin.mixin_argument.MixinArgumentDecorator object at 0x7134b38a1480>, verb_extension=<colcon_core.verb.build.BuildVerb object at 0x7134b38a0ac0>, main=<bound method BuildVerb.main of <colcon_core.verb.build.BuildVerb object at 0x7134b38a0ac0>>, mixin_verb=('build',))
[0.118s] Level 1:colcon.colcon_core.package_discovery:discover_packages(colcon_meta) check parameters
[0.118s] Level 1:colcon.colcon_core.package_discovery:discover_packages(recursive) check parameters
[0.118s] Level 1:colcon.colcon_core.package_discovery:discover_packages(ignore) check parameters
[0.118s] Level 1:colcon.colcon_core.package_discovery:discover_packages(path) check parameters
[0.118s] Level 1:colcon.colcon_core.package_discovery:discover_packages(colcon_meta) discover
[0.118s] Level 1:colcon.colcon_core.package_discovery:discover_packages(recursive) discover
[0.118s] INFO:colcon.colcon_core.package_discovery:Crawling recursively for packages in '/home/rudra/custom_flightmode'
[0.118s] Level 1:colcon.colcon_core.package_identification:_identify(.) by extensions ['ignore', 'ignore_ament_install']
[0.118s] Level 1:colcon.colcon_core.package_identification:_identify(.) by extension 'ignore'
[0.118s] Level 1:colcon.colcon_core.package_identification:_identify(.) by extension 'ignore_ament_install'
[0.118s] Level 1:colcon.colcon_core.package_identification:_identify(.) by extensions ['colcon_pkg']
[0.118s] Level 1:colcon.colcon_core.package_identification:_identify(.) by extension 'colcon_pkg'
[0.118s] Level 1:colcon.colcon_core.package_identification:_identify(.) by extensions ['colcon_meta']
[0.118s] Level 1:colcon.colcon_core.package_identification:_identify(.) by extension 'colcon_meta'
[0.118s] Level 1:colcon.colcon_core.package_identification:_identify(.) by extensions ['ros']
[0.118s] Level 1:colcon.colcon_core.package_identification:_identify(.) by extension 'ros'
[0.140s] Level 1:colcon.colcon_core.package_identification:_identify(.) by extensions ['cmake', 'python']
[0.140s] Level 1:colcon.colcon_core.package_identification:_identify(.) by extension 'cmake'
[0.140s] Level 1:colcon.colcon_core.package_identification:_identify(.) by extension 'python'
[0.140s] Level 1:colcon.colcon_core.package_identification:_identify(.) by extensions ['python_setup_py']
[0.140s] Level 1:colcon.colcon_core.package_identification:_identify(.) by extension 'python_setup_py'
[0.140s] Level 1:colcon.colcon_core.package_identification:_identify(build) by extensions ['ignore', 'ignore_ament_install']
[0.140s] Level 1:colcon.colcon_core.package_identification:_identify(build) by extension 'ignore'
[0.141s] Level 1:colcon.colcon_core.package_identification:_identify(build) ignored
[0.141s] Level 1:colcon.colcon_core.package_identification:_identify(install) by extensions ['ignore', 'ignore_ament_install']
[0.141s] Level 1:colcon.colcon_core.package_identification:_identify(install) by extension 'ignore'
[0.141s] Level 1:colcon.colcon_core.package_identification:_identify(install) ignored
[0.141s] Level 1:colcon.colcon_core.package_identification:_identify(log) by extensions ['ignore', 'ignore_ament_install']
[0.141s] Level 1:colcon.colcon_core.package_identification:_identify(log) by extension 'ignore'
[0.141s] Level 1:colcon.colcon_core.package_identification:_identify(log) ignored
[0.141s] Level 1:colcon.colcon_core.package_identification:_identify(src) by extensions ['ignore', 'ignore_ament_install']
[0.141s] Level 1:colcon.colcon_core.package_identification:_identify(src) by extension 'ignore'
[0.141s] Level 1:colcon.colcon_core.package_identification:_identify(src) by extension 'ignore_ament_install'
[0.141s] Level 1:colcon.colcon_core.package_identification:_identify(src) by extensions ['colcon_pkg']
[0.141s] Level 1:colcon.colcon_core.package_identification:_identify(src) by extension 'colcon_pkg'
[0.141s] Level 1:colcon.colcon_core.package_identification:_identify(src) by extensions ['colcon_meta']
[0.141s] Level 1:colcon.colcon_core.package_identification:_identify(src) by extension 'colcon_meta'
[0.141s] Level 1:colcon.colcon_core.package_identification:_identify(src) by extensions ['ros']
[0.141s] Level 1:colcon.colcon_core.package_identification:_identify(src) by extension 'ros'
[0.141s] Level 1:colcon.colcon_core.package_identification:_identify(src) by extensions ['cmake', 'python']
[0.141s] Level 1:colcon.colcon_core.package_identification:_identify(src) by extension 'cmake'
[0.141s] Level 1:colcon.colcon_core.package_identification:_identify(src) by extension 'python'
[0.141s] Level 1:colcon.colcon_core.package_identification:_identify(src) by extensions ['python_setup_py']
[0.141s] Level 1:colcon.colcon_core.package_identification:_identify(src) by extension 'python_setup_py'
[0.141s] Level 1:colcon.colcon_core.package_identification:_identify(src/px4-ros2-interface-lib) by extensions ['ignore', 'ignore_ament_install']
[0.141s] Level 1:colcon.colcon_core.package_identification:_identify(src/px4-ros2-interface-lib) by extension 'ignore'
[0.142s] Level 1:colcon.colcon_core.package_identification:_identify(src/px4-ros2-interface-lib) by extension 'ignore_ament_install'
[0.142s] Level 1:colcon.colcon_core.package_identification:_identify(src/px4-ros2-interface-lib) by extensions ['colcon_pkg']
[0.142s] Level 1:colcon.colcon_core.package_identification:_identify(src/px4-ros2-interface-lib) by extension 'colcon_pkg'
[0.142s] Level 1:colcon.colcon_core.package_identification:_identify(src/px4-ros2-interface-lib) by extensions ['colcon_meta']
[0.142s] Level 1:colcon.colcon_core.package_identification:_identify(src/px4-ros2-interface-lib) by extension 'colcon_meta'
[0.142s] Level 1:colcon.colcon_core.package_identification:_identify(src/px4-ros2-interface-lib) by extensions ['ros']
[0.142s] Level 1:colcon.colcon_core.package_identification:_identify(src/px4-ros2-interface-lib) by extension 'ros'
[0.142s] Level 1:colcon.colcon_core.package_identification:_identify(src/px4-ros2-interface-lib) by extensions ['cmake', 'python']
[0.142s] Level 1:colcon.colcon_core.package_identification:_identify(src/px4-ros2-interface-lib) by extension 'cmake'
[0.142s] Level 1:colcon.colcon_core.package_identification:_identify(src/px4-ros2-interface-lib) by extension 'python'
[0.142s] Level 1:colcon.colcon_core.package_identification:_identify(src/px4-ros2-interface-lib) by extensions ['python_setup_py']
[0.142s] Level 1:colcon.colcon_core.package_identification:_identify(src/px4-ros2-interface-lib) by extension 'python_setup_py'
[0.142s] Level 1:colcon.colcon_core.package_identification:_identify(src/px4-ros2-interface-lib/examples) by extensions ['ignore', 'ignore_ament_install']
[0.142s] Level 1:colcon.colcon_core.package_identification:_identify(src/px4-ros2-interface-lib/examples) by extension 'ignore'
[0.142s] Level 1:colcon.colcon_core.package_identification:_identify(src/px4-ros2-interface-lib/examples) by extension 'ignore_ament_install'
[0.142s] Level 1:colcon.colcon_core.package_identification:_identify(src/px4-ros2-interface-lib/examples) by extensions ['colcon_pkg']
[0.142s] Level 1:colcon.colcon_core.package_identification:_identify(src/px4-ros2-interface-lib/examples) by extension 'colcon_pkg'
[0.142s] Level 1:colcon.colcon_core.package_identification:_identify(src/px4-ros2-interface-lib/examples) by extensions ['colcon_meta']
[0.142s] Level 1:colcon.colcon_core.package_identification:_identify(src/px4-ros2-interface-lib/examples) by extension 'colcon_meta'
[0.142s] Level 1:colcon.colcon_core.package_identification:_identify(src/px4-ros2-interface-lib/examples) by extensions ['ros']
[0.142s] Level 1:colcon.colcon_core.package_identification:_identify(src/px4-ros2-interface-lib/examples) by extension 'ros'
[0.142s] Level 1:colcon.colcon_core.package_identification:_identify(src/px4-ros2-interface-lib/examples) by extensions ['cmake', 'python']
[0.142s] Level 1:colcon.colcon_core.package_identification:_identify(src/px4-ros2-interface-lib/examples) by extension 'cmake'
[0.142s] Level 1:colcon.colcon_core.package_identification:_identify(src/px4-ros2-interface-lib/examples) by extension 'python'
[0.142s] Level 1:colcon.colcon_core.package_identification:_identify(src/px4-ros2-interface-lib/examples) by extensions ['python_setup_py']
[0.142s] Level 1:colcon.colcon_core.package_identification:_identify(src/px4-ros2-interface-lib/examples) by extension 'python_setup_py'
[0.142s] Level 1:colcon.colcon_core.package_identification:_identify(src/px4-ros2-interface-lib/examples/cpp) by extensions ['ignore', 'ignore_ament_install']
[0.142s] Level 1:colcon.colcon_core.package_identification:_identify(src/px4-ros2-interface-lib/examples/cpp) by extension 'ignore'
[0.143s] Level 1:colcon.colcon_core.package_identification:_identify(src/px4-ros2-interface-lib/examples/cpp) by extension 'ignore_ament_install'
[0.143s] Level 1:colcon.colcon_core.package_identification:_identify(src/px4-ros2-interface-lib/examples/cpp) by extensions ['colcon_pkg']
[0.143s] Level 1:colcon.colcon_core.package_identification:_identify(src/px4-ros2-interface-lib/examples/cpp) by extension 'colcon_pkg'
[0.143s] Level 1:colcon.colcon_core.package_identification:_identify(src/px4-ros2-interface-lib/examples/cpp) by extensions ['colcon_meta']
[0.143s] Level 1:colcon.colcon_core.package_identification:_identify(src/px4-ros2-interface-lib/examples/cpp) by extension 'colcon_meta'
[0.143s] Level 1:colcon.colcon_core.package_identification:_identify(src/px4-ros2-interface-lib/examples/cpp) by extensions ['ros']
[0.143s] Level 1:colcon.colcon_core.package_identification:_identify(src/px4-ros2-interface-lib/examples/cpp) by extension 'ros'
[0.143s] Level 1:colcon.colcon_core.package_identification:_identify(src/px4-ros2-interface-lib/examples/cpp) by extensions ['cmake', 'python']
[0.143s] Level 1:colcon.colcon_core.package_identification:_identify(src/px4-ros2-interface-lib/examples/cpp) by extension 'cmake'
[0.143s] Level 1:colcon.colcon_core.package_identification:_identify(src/px4-ros2-interface-lib/examples/cpp) by extension 'python'
[0.143s] Level 1:colcon.colcon_core.package_identification:_identify(src/px4-ros2-interface-lib/examples/cpp) by extensions ['python_setup_py']
[0.143s] Level 1:colcon.colcon_core.package_identification:_identify(src/px4-ros2-interface-lib/examples/cpp) by extension 'python_setup_py'
[0.143s] Level 1:colcon.colcon_core.package_identification:_identify(src/px4-ros2-interface-lib/examples/cpp/modes) by extensions ['ignore', 'ignore_ament_install']
[0.143s] Level 1:colcon.colcon_core.package_identification:_identify(src/px4-ros2-interface-lib/examples/cpp/modes) by extension 'ignore'
[0.143s] Level 1:colcon.colcon_core.package_identification:_identify(src/px4-ros2-interface-lib/examples/cpp/modes) by extension 'ignore_ament_install'
[0.143s] Level 1:colcon.colcon_core.package_identification:_identify(src/px4-ros2-interface-lib/examples/cpp/modes) by extensions ['colcon_pkg']
[0.143s] Level 1:colcon.colcon_core.package_identification:_identify(src/px4-ros2-interface-lib/examples/cpp/modes) by extension 'colcon_pkg'
[0.143s] Level 1:colcon.colcon_core.package_identification:_identify(src/px4-ros2-interface-lib/examples/cpp/modes) by extensions ['colcon_meta']
[0.143s] Level 1:colcon.colcon_core.package_identification:_identify(src/px4-ros2-interface-lib/examples/cpp/modes) by extension 'colcon_meta'
[0.143s] Level 1:colcon.colcon_core.package_identification:_identify(src/px4-ros2-interface-lib/examples/cpp/modes) by extensions ['ros']
[0.143s] Level 1:colcon.colcon_core.package_identification:_identify(src/px4-ros2-interface-lib/examples/cpp/modes) by extension 'ros'
[0.143s] Level 1:colcon.colcon_core.package_identification:_identify(src/px4-ros2-interface-lib/examples/cpp/modes) by extensions ['cmake', 'python']
[0.143s] Level 1:colcon.colcon_core.package_identification:_identify(src/px4-ros2-interface-lib/examples/cpp/modes) by extension 'cmake'
[0.143s] Level 1:colcon.colcon_core.package_identification:_identify(src/px4-ros2-interface-lib/examples/cpp/modes) by extension 'python'
[0.143s] Level 1:colcon.colcon_core.package_identification:_identify(src/px4-ros2-interface-lib/examples/cpp/modes) by extensions ['python_setup_py']
[0.143s] Level 1:colcon.colcon_core.package_identification:_identify(src/px4-ros2-interface-lib/examples/cpp/modes) by extension 'python_setup_py'
[0.143s] Level 1:colcon.colcon_core.package_identification:_identify(src/px4-ros2-interface-lib/examples/cpp/modes/executor_with_multiple_modes) by extensions ['ignore', 'ignore_ament_install']
[0.144s] Level 1:colcon.colcon_core.package_identification:_identify(src/px4-ros2-interface-lib/examples/cpp/modes/executor_with_multiple_modes) by extension 'ignore'
[0.144s] Level 1:colcon.colcon_core.package_identification:_identify(src/px4-ros2-interface-lib/examples/cpp/modes/executor_with_multiple_modes) by extension 'ignore_ament_install'
[0.144s] Level 1:colcon.colcon_core.package_identification:_identify(src/px4-ros2-interface-lib/examples/cpp/modes/executor_with_multiple_modes) by extensions ['colcon_pkg']
[0.144s] Level 1:colcon.colcon_core.package_identification:_identify(src/px4-ros2-interface-lib/examples/cpp/modes/executor_with_multiple_modes) by extension 'colcon_pkg'
[0.144s] Level 1:colcon.colcon_core.package_identification:_identify(src/px4-ros2-interface-lib/examples/cpp/modes/executor_with_multiple_modes) by extensions ['colcon_meta']
[0.144s] Level 1:colcon.colcon_core.package_identification:_identify(src/px4-ros2-interface-lib/examples/cpp/modes/executor_with_multiple_modes) by extension 'colcon_meta'
[0.144s] Level 1:colcon.colcon_core.package_identification:_identify(src/px4-ros2-interface-lib/examples/cpp/modes/executor_with_multiple_modes) by extensions ['ros']
[0.144s] Level 1:colcon.colcon_core.package_identification:_identify(src/px4-ros2-interface-lib/examples/cpp/modes/executor_with_multiple_modes) by extension 'ros'
[0.146s] DEBUG:colcon.colcon_core.package_identification:Package 'src/px4-ros2-interface-lib/examples/cpp/modes/executor_with_multiple_modes' with type 'ros.ament_cmake' and name 'example_executor_with_multiple_modes_cpp'
[0.146s] Level 1:colcon.colcon_core.package_identification:_identify(src/px4-ros2-interface-lib/examples/cpp/modes/fw_attitude) by extensions ['ignore', 'ignore_ament_install']
[0.146s] Level 1:colcon.colcon_core.package_identification:_identify(src/px4-ros2-interface-lib/examples/cpp/modes/fw_attitude) by extension 'ignore'
[0.146s] Level 1:colcon.colcon_core.package_identification:_identify(src/px4-ros2-interface-lib/examples/cpp/modes/fw_attitude) by extension 'ignore_ament_install'
[0.146s] Level 1:colcon.colcon_core.package_identification:_identify(src/px4-ros2-interface-lib/examples/cpp/modes/fw_attitude) by extensions ['colcon_pkg']
[0.146s] Level 1:colcon.colcon_core.package_identification:_identify(src/px4-ros2-interface-lib/examples/cpp/modes/fw_attitude) by extension 'colcon_pkg'
[0.146s] Level 1:colcon.colcon_core.package_identification:_identify(src/px4-ros2-interface-lib/examples/cpp/modes/fw_attitude) by extensions ['colcon_meta']
[0.146s] Level 1:colcon.colcon_core.package_identification:_identify(src/px4-ros2-interface-lib/examples/cpp/modes/fw_attitude) by extension 'colcon_meta'
[0.146s] Level 1:colcon.colcon_core.package_identification:_identify(src/px4-ros2-interface-lib/examples/cpp/modes/fw_attitude) by extensions ['ros']
[0.146s] Level 1:colcon.colcon_core.package_identification:_identify(src/px4-ros2-interface-lib/examples/cpp/modes/fw_attitude) by extension 'ros'
[0.146s] DEBUG:colcon.colcon_core.package_identification:Package 'src/px4-ros2-interface-lib/examples/cpp/modes/fw_attitude' with type 'ros.ament_cmake' and name 'example_mode_fw_attitude_cpp'
[0.146s] Level 1:colcon.colcon_core.package_identification:_identify(src/px4-ros2-interface-lib/examples/cpp/modes/goto) by extensions ['ignore', 'ignore_ament_install']
[0.147s] Level 1:colcon.colcon_core.package_identification:_identify(src/px4-ros2-interface-lib/examples/cpp/modes/goto) by extension 'ignore'
[0.147s] Level 1:colcon.colcon_core.package_identification:_identify(src/px4-ros2-interface-lib/examples/cpp/modes/goto) by extension 'ignore_ament_install'
[0.147s] Level 1:colcon.colcon_core.package_identification:_identify(src/px4-ros2-interface-lib/examples/cpp/modes/goto) by extensions ['colcon_pkg']
[0.147s] Level 1:colcon.colcon_core.package_identification:_identify(src/px4-ros2-interface-lib/examples/cpp/modes/goto) by extension 'colcon_pkg'
[0.147s] Level 1:colcon.colcon_core.package_identification:_identify(src/px4-ros2-interface-lib/examples/cpp/modes/goto) by extensions ['colcon_meta']
[0.147s] Level 1:colcon.colcon_core.package_identification:_identify(src/px4-ros2-interface-lib/examples/cpp/modes/goto) by extension 'colcon_meta'
[0.147s] Level 1:colcon.colcon_core.package_identification:_identify(src/px4-ros2-interface-lib/examples/cpp/modes/goto) by extensions ['ros']
[0.147s] Level 1:colcon.colcon_core.package_identification:_identify(src/px4-ros2-interface-lib/examples/cpp/modes/goto) by extension 'ros'
[0.147s] DEBUG:colcon.colcon_core.package_identification:Package 'src/px4-ros2-interface-lib/examples/cpp/modes/goto' with type 'ros.ament_cmake' and name 'example_mode_goto_cpp'
[0.147s] Level 1:colcon.colcon_core.package_identification:_identify(src/px4-ros2-interface-lib/examples/cpp/modes/goto_global) by extensions ['ignore', 'ignore_ament_install']
[0.147s] Level 1:colcon.colcon_core.package_identification:_identify(src/px4-ros2-interface-lib/examples/cpp/modes/goto_global) by extension 'ignore'
[0.147s] Level 1:colcon.colcon_core.package_identification:_identify(src/px4-ros2-interface-lib/examples/cpp/modes/goto_global) by extension 'ignore_ament_install'
[0.147s] Level 1:colcon.colcon_core.package_identification:_identify(src/px4-ros2-interface-lib/examples/cpp/modes/goto_global) by extensions ['colcon_pkg']
[0.147s] Level 1:colcon.colcon_core.package_identification:_identify(src/px4-ros2-interface-lib/examples/cpp/modes/goto_global) by extension 'colcon_pkg'
[0.147s] Level 1:colcon.colcon_core.package_identification:_identify(src/px4-ros2-interface-lib/examples/cpp/modes/goto_global) by extensions ['colcon_meta']
[0.147s] Level 1:colcon.colcon_core.package_identification:_identify(src/px4-ros2-interface-lib/examples/cpp/modes/goto_global) by extension 'colcon_meta'
[0.148s] Level 1:colcon.colcon_core.package_identification:_identify(src/px4-ros2-interface-lib/examples/cpp/modes/goto_global) by extensions ['ros']
[0.148s] Level 1:colcon.colcon_core.package_identification:_identify(src/px4-ros2-interface-lib/examples/cpp/modes/goto_global) by extension 'ros'
[0.148s] DEBUG:colcon.colcon_core.package_identification:Package 'src/px4-ros2-interface-lib/examples/cpp/modes/goto_global' with type 'ros.ament_cmake' and name 'example_mode_goto_global_cpp'
[0.148s] Level 1:colcon.colcon_core.package_identification:_identify(src/px4-ros2-interface-lib/examples/cpp/modes/manual) by extensions ['ignore', 'ignore_ament_install']
[0.148s] Level 1:colcon.colcon_core.package_identification:_identify(src/px4-ros2-interface-lib/examples/cpp/modes/manual) by extension 'ignore'
[0.148s] Level 1:colcon.colcon_core.package_identification:_identify(src/px4-ros2-interface-lib/examples/cpp/modes/manual) by extension 'ignore_ament_install'
[0.148s] Level 1:colcon.colcon_core.package_identification:_identify(src/px4-ros2-interface-lib/examples/cpp/modes/manual) by extensions ['colcon_pkg']
[0.148s] Level 1:colcon.colcon_core.package_identification:_identify(src/px4-ros2-interface-lib/examples/cpp/modes/manual) by extension 'colcon_pkg'
[0.148s] Level 1:colcon.colcon_core.package_identification:_identify(src/px4-ros2-interface-lib/examples/cpp/modes/manual) by extensions ['colcon_meta']
[0.148s] Level 1:colcon.colcon_core.package_identification:_identify(src/px4-ros2-interface-lib/examples/cpp/modes/manual) by extension 'colcon_meta'
[0.148s] Level 1:colcon.colcon_core.package_identification:_identify(src/px4-ros2-interface-lib/examples/cpp/modes/manual) by extensions ['ros']
[0.148s] Level 1:colcon.colcon_core.package_identification:_identify(src/px4-ros2-interface-lib/examples/cpp/modes/manual) by extension 'ros'
[0.149s] DEBUG:colcon.colcon_core.package_identification:Package 'src/px4-ros2-interface-lib/examples/cpp/modes/manual' with type 'ros.ament_cmake' and name 'example_mode_manual_cpp'
[0.149s] Level 1:colcon.colcon_core.package_identification:_identify(src/px4-ros2-interface-lib/examples/cpp/modes/mission) by extensions ['ignore', 'ignore_ament_install']
[0.149s] Level 1:colcon.colcon_core.package_identification:_identify(src/px4-ros2-interface-lib/examples/cpp/modes/mission) by extension 'ignore'
[0.149s] Level 1:colcon.colcon_core.package_identification:_identify(src/px4-ros2-interface-lib/examples/cpp/modes/mission) by extension 'ignore_ament_install'
[0.149s] Level 1:colcon.colcon_core.package_identification:_identify(src/px4-ros2-interface-lib/examples/cpp/modes/mission) by extensions ['colcon_pkg']
[0.149s] Level 1:colcon.colcon_core.package_identification:_identify(src/px4-ros2-interface-lib/examples/cpp/modes/mission) by extension 'colcon_pkg'
[0.149s] Level 1:colcon.colcon_core.package_identification:_identify(src/px4-ros2-interface-lib/examples/cpp/modes/mission) by extensions ['colcon_meta']
[0.149s] Level 1:colcon.colcon_core.package_identification:_identify(src/px4-ros2-interface-lib/examples/cpp/modes/mission) by extension 'colcon_meta'
[0.149s] Level 1:colcon.colcon_core.package_identification:_identify(src/px4-ros2-interface-lib/examples/cpp/modes/mission) by extensions ['ros']
[0.149s] Level 1:colcon.colcon_core.package_identification:_identify(src/px4-ros2-interface-lib/examples/cpp/modes/mission) by extension 'ros'
[0.150s] DEBUG:colcon.colcon_core.package_identification:Package 'src/px4-ros2-interface-lib/examples/cpp/modes/mission' with type 'ros.ament_cmake' and name 'example_mode_mission_cpp'
[0.150s] Level 1:colcon.colcon_core.package_identification:_identify(src/px4-ros2-interface-lib/examples/cpp/modes/mode_with_executor) by extensions ['ignore', 'ignore_ament_install']
[0.150s] Level 1:colcon.colcon_core.package_identification:_identify(src/px4-ros2-interface-lib/examples/cpp/modes/mode_with_executor) by extension 'ignore'
[0.150s] Level 1:colcon.colcon_core.package_identification:_identify(src/px4-ros2-interface-lib/examples/cpp/modes/mode_with_executor) by extension 'ignore_ament_install'
[0.150s] Level 1:colcon.colcon_core.package_identification:_identify(src/px4-ros2-interface-lib/examples/cpp/modes/mode_with_executor) by extensions ['colcon_pkg']
[0.150s] Level 1:colcon.colcon_core.package_identification:_identify(src/px4-ros2-interface-lib/examples/cpp/modes/mode_with_executor) by extension 'colcon_pkg'
[0.150s] Level 1:colcon.colcon_core.package_identification:_identify(src/px4-ros2-interface-lib/examples/cpp/modes/mode_with_executor) by extensions ['colcon_meta']
[0.150s] Level 1:colcon.colcon_core.package_identification:_identify(src/px4-ros2-interface-lib/examples/cpp/modes/mode_with_executor) by extension 'colcon_meta'
[0.150s] Level 1:colcon.colcon_core.package_identification:_identify(src/px4-ros2-interface-lib/examples/cpp/modes/mode_with_executor) by extensions ['ros']
[0.150s] Level 1:colcon.colcon_core.package_identification:_identify(src/px4-ros2-interface-lib/examples/cpp/modes/mode_with_executor) by extension 'ros'
[0.150s] DEBUG:colcon.colcon_core.package_identification:Package 'src/px4-ros2-interface-lib/examples/cpp/modes/mode_with_executor' with type 'ros.ament_cmake' and name 'example_mode_with_executor_cpp'
[0.150s] Level 1:colcon.colcon_core.package_identification:_identify(src/px4-ros2-interface-lib/examples/cpp/modes/rover_velocity) by extensions ['ignore', 'ignore_ament_install']
[0.151s] Level 1:colcon.colcon_core.package_identification:_identify(src/px4-ros2-interface-lib/examples/cpp/modes/rover_velocity) by extension 'ignore'
[0.151s] Level 1:colcon.colcon_core.package_identification:_identify(src/px4-ros2-interface-lib/examples/cpp/modes/rover_velocity) by extension 'ignore_ament_install'
[0.151s] Level 1:colcon.colcon_core.package_identification:_identify(src/px4-ros2-interface-lib/examples/cpp/modes/rover_velocity) by extensions ['colcon_pkg']
[0.151s] Level 1:colcon.colcon_core.package_identification:_identify(src/px4-ros2-interface-lib/examples/cpp/modes/rover_velocity) by extension 'colcon_pkg'
[0.151s] Level 1:colcon.colcon_core.package_identification:_identify(src/px4-ros2-interface-lib/examples/cpp/modes/rover_velocity) by extensions ['colcon_meta']
[0.151s] Level 1:colcon.colcon_core.package_identification:_identify(src/px4-ros2-interface-lib/examples/cpp/modes/rover_velocity) by extension 'colcon_meta'
[0.151s] Level 1:colcon.colcon_core.package_identification:_identify(src/px4-ros2-interface-lib/examples/cpp/modes/rover_velocity) by extensions ['ros']
[0.151s] Level 1:colcon.colcon_core.package_identification:_identify(src/px4-ros2-interface-lib/examples/cpp/modes/rover_velocity) by extension 'ros'
[0.151s] DEBUG:colcon.colcon_core.package_identification:Package 'src/px4-ros2-interface-lib/examples/cpp/modes/rover_velocity' with type 'ros.ament_cmake' and name 'example_rover_velocity_mode_cpp'
[0.151s] Level 1:colcon.colcon_core.package_identification:_identify(src/px4-ros2-interface-lib/examples/cpp/modes/rtl_replacement) by extensions ['ignore', 'ignore_ament_install']
[0.151s] Level 1:colcon.colcon_core.package_identification:_identify(src/px4-ros2-interface-lib/examples/cpp/modes/rtl_replacement) by extension 'ignore'
[0.151s] Level 1:colcon.colcon_core.package_identification:_identify(src/px4-ros2-interface-lib/examples/cpp/modes/rtl_replacement) by extension 'ignore_ament_install'
[0.151s] Level 1:colcon.colcon_core.package_identification:_identify(src/px4-ros2-interface-lib/examples/cpp/modes/rtl_replacement) by extensions ['colcon_pkg']
[0.151s] Level 1:colcon.colcon_core.package_identification:_identify(src/px4-ros2-interface-lib/examples/cpp/modes/rtl_replacement) by extension 'colcon_pkg'
[0.151s] Level 1:colcon.colcon_core.package_identification:_identify(src/px4-ros2-interface-lib/examples/cpp/modes/rtl_replacement) by extensions ['colcon_meta']
[0.151s] Level 1:colcon.colcon_core.package_identification:_identify(src/px4-ros2-interface-lib/examples/cpp/modes/rtl_replacement) by extension 'colcon_meta'
[0.151s] Level 1:colcon.colcon_core.package_identification:_identify(src/px4-ros2-interface-lib/examples/cpp/modes/rtl_replacement) by extensions ['ros']
[0.152s] Level 1:colcon.colcon_core.package_identification:_identify(src/px4-ros2-interface-lib/examples/cpp/modes/rtl_replacement) by extension 'ros'
[0.152s] DEBUG:colcon.colcon_core.package_identification:Package 'src/px4-ros2-interface-lib/examples/cpp/modes/rtl_replacement' with type 'ros.ament_cmake' and name 'example_mode_rtl_replacement_cpp'
[0.152s] Level 1:colcon.colcon_core.package_identification:_identify(src/px4-ros2-interface-lib/examples/cpp/modes/vtol) by extensions ['ignore', 'ignore_ament_install']
[0.152s] Level 1:colcon.colcon_core.package_identification:_identify(src/px4-ros2-interface-lib/examples/cpp/modes/vtol) by extension 'ignore'
[0.152s] Level 1:colcon.colcon_core.package_identification:_identify(src/px4-ros2-interface-lib/examples/cpp/modes/vtol) by extension 'ignore_ament_install'
[0.152s] Level 1:colcon.colcon_core.package_identification:_identify(src/px4-ros2-interface-lib/examples/cpp/modes/vtol) by extensions ['colcon_pkg']
[0.152s] Level 1:colcon.colcon_core.package_identification:_identify(src/px4-ros2-interface-lib/examples/cpp/modes/vtol) by extension 'colcon_pkg'
[0.152s] Level 1:colcon.colcon_core.package_identification:_identify(src/px4-ros2-interface-lib/examples/cpp/modes/vtol) by extensions ['colcon_meta']
[0.152s] Level 1:colcon.colcon_core.package_identification:_identify(src/px4-ros2-interface-lib/examples/cpp/modes/vtol) by extension 'colcon_meta'
[0.152s] Level 1:colcon.colcon_core.package_identification:_identify(src/px4-ros2-interface-lib/examples/cpp/modes/vtol) by extensions ['ros']
[0.152s] Level 1:colcon.colcon_core.package_identification:_identify(src/px4-ros2-interface-lib/examples/cpp/modes/vtol) by extension 'ros'
[0.153s] DEBUG:colcon.colcon_core.package_identification:Package 'src/px4-ros2-interface-lib/examples/cpp/modes/vtol' with type 'ros.ament_cmake' and name 'example_mode_vtol_cpp'
[0.153s] Level 1:colcon.colcon_core.package_identification:_identify(src/px4-ros2-interface-lib/examples/cpp/navigation) by extensions ['ignore', 'ignore_ament_install']
[0.153s] Level 1:colcon.colcon_core.package_identification:_identify(src/px4-ros2-interface-lib/examples/cpp/navigation) by extension 'ignore'
[0.153s] Level 1:colcon.colcon_core.package_identification:_identify(src/px4-ros2-interface-lib/examples/cpp/navigation) by extension 'ignore_ament_install'
[0.153s] Level 1:colcon.colcon_core.package_identification:_identify(src/px4-ros2-interface-lib/examples/cpp/navigation) by extensions ['colcon_pkg']
[0.153s] Level 1:colcon.colcon_core.package_identification:_identify(src/px4-ros2-interface-lib/examples/cpp/navigation) by extension 'colcon_pkg'
[0.153s] Level 1:colcon.colcon_core.package_identification:_identify(src/px4-ros2-interface-lib/examples/cpp/navigation) by extensions ['colcon_meta']
[0.153s] Level 1:colcon.colcon_core.package_identification:_identify(src/px4-ros2-interface-lib/examples/cpp/navigation) by extension 'colcon_meta'
[0.153s] Level 1:colcon.colcon_core.package_identification:_identify(src/px4-ros2-interface-lib/examples/cpp/navigation) by extensions ['ros']
[0.153s] Level 1:colcon.colcon_core.package_identification:_identify(src/px4-ros2-interface-lib/examples/cpp/navigation) by extension 'ros'
[0.153s] Level 1:colcon.colcon_core.package_identification:_identify(src/px4-ros2-interface-lib/examples/cpp/navigation) by extensions ['cmake', 'python']
[0.153s] Level 1:colcon.colcon_core.package_identification:_identify(src/px4-ros2-interface-lib/examples/cpp/navigation) by extension 'cmake'
[0.153s] Level 1:colcon.colcon_core.package_identification:_identify(src/px4-ros2-interface-lib/examples/cpp/navigation) by extension 'python'
[0.153s] Level 1:colcon.colcon_core.package_identification:_identify(src/px4-ros2-interface-lib/examples/cpp/navigation) by extensions ['python_setup_py']
[0.153s] Level 1:colcon.colcon_core.package_identification:_identify(src/px4-ros2-interface-lib/examples/cpp/navigation) by extension 'python_setup_py'
[0.153s] Level 1:colcon.colcon_core.package_identification:_identify(src/px4-ros2-interface-lib/examples/cpp/navigation/global_navigation) by extensions ['ignore', 'ignore_ament_install']
[0.153s] Level 1:colcon.colcon_core.package_identification:_identify(src/px4-ros2-interface-lib/examples/cpp/navigation/global_navigation) by extension 'ignore'
[0.154s] Level 1:colcon.colcon_core.package_identification:_identify(src/px4-ros2-interface-lib/examples/cpp/navigation/global_navigation) by extension 'ignore_ament_install'
[0.154s] Level 1:colcon.colcon_core.package_identification:_identify(src/px4-ros2-interface-lib/examples/cpp/navigation/global_navigation) by extensions ['colcon_pkg']
[0.154s] Level 1:colcon.colcon_core.package_identification:_identify(src/px4-ros2-interface-lib/examples/cpp/navigation/global_navigation) by extension 'colcon_pkg'
[0.154s] Level 1:colcon.colcon_core.package_identification:_identify(src/px4-ros2-interface-lib/examples/cpp/navigation/global_navigation) by extensions ['colcon_meta']
[0.154s] Level 1:colcon.colcon_core.package_identification:_identify(src/px4-ros2-interface-lib/examples/cpp/navigation/global_navigation) by extension 'colcon_meta'
[0.154s] Level 1:colcon.colcon_core.package_identification:_identify(src/px4-ros2-interface-lib/examples/cpp/navigation/global_navigation) by extensions ['ros']
[0.154s] Level 1:colcon.colcon_core.package_identification:_identify(src/px4-ros2-interface-lib/examples/cpp/navigation/global_navigation) by extension 'ros'
[0.154s] DEBUG:colcon.colcon_core.package_identification:Package 'src/px4-ros2-interface-lib/examples/cpp/navigation/global_navigation' with type 'ros.ament_cmake' and name 'example_global_navigation_cpp'
[0.154s] Level 1:colcon.colcon_core.package_identification:_identify(src/px4-ros2-interface-lib/examples/cpp/navigation/local_navigation) by extensions ['ignore', 'ignore_ament_install']
[0.154s] Level 1:colcon.colcon_core.package_identification:_identify(src/px4-ros2-interface-lib/examples/cpp/navigation/local_navigation) by extension 'ignore'
[0.154s] Level 1:colcon.colcon_core.package_identification:_identify(src/px4-ros2-interface-lib/examples/cpp/navigation/local_navigation) by extension 'ignore_ament_install'
[0.154s] Level 1:colcon.colcon_core.package_identification:_identify(src/px4-ros2-interface-lib/examples/cpp/navigation/local_navigation) by extensions ['colcon_pkg']
[0.154s] Level 1:colcon.colcon_core.package_identification:_identify(src/px4-ros2-interface-lib/examples/cpp/navigation/local_navigation) by extension 'colcon_pkg'
[0.154s] Level 1:colcon.colcon_core.package_identification:_identify(src/px4-ros2-interface-lib/examples/cpp/navigation/local_navigation) by extensions ['colcon_meta']
[0.154s] Level 1:colcon.colcon_core.package_identification:_identify(src/px4-ros2-interface-lib/examples/cpp/navigation/local_navigation) by extension 'colcon_meta'
[0.154s] Level 1:colcon.colcon_core.package_identification:_identify(src/px4-ros2-interface-lib/examples/cpp/navigation/local_navigation) by extensions ['ros']
[0.154s] Level 1:colcon.colcon_core.package_identification:_identify(src/px4-ros2-interface-lib/examples/cpp/navigation/local_navigation) by extension 'ros'
[0.155s] DEBUG:colcon.colcon_core.package_identification:Package 'src/px4-ros2-interface-lib/examples/cpp/navigation/local_navigation' with type 'ros.ament_cmake' and name 'example_local_navigation_cpp'
[0.155s] Level 1:colcon.colcon_core.package_identification:_identify(src/px4-ros2-interface-lib/examples/python) by extensions ['ignore', 'ignore_ament_install']
[0.155s] Level 1:colcon.colcon_core.package_identification:_identify(src/px4-ros2-interface-lib/examples/python) by extension 'ignore'
[0.155s] Level 1:colcon.colcon_core.package_identification:_identify(src/px4-ros2-interface-lib/examples/python) by extension 'ignore_ament_install'
[0.155s] Level 1:colcon.colcon_core.package_identification:_identify(src/px4-ros2-interface-lib/examples/python) by extensions ['colcon_pkg']
[0.155s] Level 1:colcon.colcon_core.package_identification:_identify(src/px4-ros2-interface-lib/examples/python) by extension 'colcon_pkg'
[0.155s] Level 1:colcon.colcon_core.package_identification:_identify(src/px4-ros2-interface-lib/examples/python) by extensions ['colcon_meta']
[0.155s] Level 1:colcon.colcon_core.package_identification:_identify(src/px4-ros2-interface-lib/examples/python) by extension 'colcon_meta'
[0.155s] Level 1:colcon.colcon_core.package_identification:_identify(src/px4-ros2-interface-lib/examples/python) by extensions ['ros']
[0.155s] Level 1:colcon.colcon_core.package_identification:_identify(src/px4-ros2-interface-lib/examples/python) by extension 'ros'
[0.155s] Level 1:colcon.colcon_core.package_identification:_identify(src/px4-ros2-interface-lib/examples/python) by extensions ['cmake', 'python']
[0.155s] Level 1:colcon.colcon_core.package_identification:_identify(src/px4-ros2-interface-lib/examples/python) by extension 'cmake'
[0.155s] Level 1:colcon.colcon_core.package_identification:_identify(src/px4-ros2-interface-lib/examples/python) by extension 'python'
[0.155s] Level 1:colcon.colcon_core.package_identification:_identify(src/px4-ros2-interface-lib/examples/python) by extensions ['python_setup_py']
[0.155s] Level 1:colcon.colcon_core.package_identification:_identify(src/px4-ros2-interface-lib/examples/python) by extension 'python_setup_py'
[0.155s] Level 1:colcon.colcon_core.package_identification:_identify(src/px4-ros2-interface-lib/examples/python/modes) by extensions ['ignore', 'ignore_ament_install']
[0.156s] Level 1:colcon.colcon_core.package_identification:_identify(src/px4-ros2-interface-lib/examples/python/modes) by extension 'ignore'
[0.156s] Level 1:colcon.colcon_core.package_identification:_identify(src/px4-ros2-interface-lib/examples/python/modes) by extension 'ignore_ament_install'
[0.156s] Level 1:colcon.colcon_core.package_identification:_identify(src/px4-ros2-interface-lib/examples/python/modes) by extensions ['colcon_pkg']
[0.156s] Level 1:colcon.colcon_core.package_identification:_identify(src/px4-ros2-interface-lib/examples/python/modes) by extension 'colcon_pkg'
[0.156s] Level 1:colcon.colcon_core.package_identification:_identify(src/px4-ros2-interface-lib/examples/python/modes) by extensions ['colcon_meta']
[0.156s] Level 1:colcon.colcon_core.package_identification:_identify(src/px4-ros2-interface-lib/examples/python/modes) by extension 'colcon_meta'
[0.156s] Level 1:colcon.colcon_core.package_identification:_identify(src/px4-ros2-interface-lib/examples/python/modes) by extensions ['ros']
[0.156s] Level 1:colcon.colcon_core.package_identification:_identify(src/px4-ros2-interface-lib/examples/python/modes) by extension 'ros'
[0.156s] Level 1:colcon.colcon_core.package_identification:_identify(src/px4-ros2-interface-lib/examples/python/modes) by extensions ['cmake', 'python']
[0.156s] Level 1:colcon.colcon_core.package_identification:_identify(src/px4-ros2-interface-lib/examples/python/modes) by extension 'cmake'
[0.156s] Level 1:colcon.colcon_core.package_identification:_identify(src/px4-ros2-interface-lib/examples/python/modes) by extension 'python'
[0.156s] Level 1:colcon.colcon_core.package_identification:_identify(src/px4-ros2-interface-lib/examples/python/modes) by extensions ['python_setup_py']
[0.156s] Level 1:colcon.colcon_core.package_identification:_identify(src/px4-ros2-interface-lib/examples/python/modes) by extension 'python_setup_py'
[0.156s] Level 1:colcon.colcon_core.package_identification:_identify(src/px4-ros2-interface-lib/examples/python/modes/goto) by extensions ['ignore', 'ignore_ament_install']
[0.156s] Level 1:colcon.colcon_core.package_identification:_identify(src/px4-ros2-interface-lib/examples/python/modes/goto) by extension 'ignore'
[0.156s] Level 1:colcon.colcon_core.package_identification:_identify(src/px4-ros2-interface-lib/examples/python/modes/goto) by extension 'ignore_ament_install'
[0.156s] Level 1:colcon.colcon_core.package_identification:_identify(src/px4-ros2-interface-lib/examples/python/modes/goto) by extensions ['colcon_pkg']
[0.156s] Level 1:colcon.colcon_core.package_identification:_identify(src/px4-ros2-interface-lib/examples/python/modes/goto) by extension 'colcon_pkg'
[0.156s] Level 1:colcon.colcon_core.package_identification:_identify(src/px4-ros2-interface-lib/examples/python/modes/goto) by extensions ['colcon_meta']
[0.156s] Level 1:colcon.colcon_core.package_identification:_identify(src/px4-ros2-interface-lib/examples/python/modes/goto) by extension 'colcon_meta'
[0.156s] Level 1:colcon.colcon_core.package_identification:_identify(src/px4-ros2-interface-lib/examples/python/modes/goto) by extensions ['ros']
[0.156s] Level 1:colcon.colcon_core.package_identification:_identify(src/px4-ros2-interface-lib/examples/python/modes/goto) by extension 'ros'
[0.157s] DEBUG:colcon.colcon_core.package_identification:Package 'src/px4-ros2-interface-lib/examples/python/modes/goto' with type 'ros.ament_python' and name 'example_mode_goto_py'
[0.157s] Level 1:colcon.colcon_core.package_identification:_identify(src/px4-ros2-interface-lib/examples/python/modes/goto_with_rclpy) by extensions ['ignore', 'ignore_ament_install']
[0.157s] Level 1:colcon.colcon_core.package_identification:_identify(src/px4-ros2-interface-lib/examples/python/modes/goto_with_rclpy) by extension 'ignore'
[0.157s] Level 1:colcon.colcon_core.package_identification:_identify(src/px4-ros2-interface-lib/examples/python/modes/goto_with_rclpy) by extension 'ignore_ament_install'
[0.157s] Level 1:colcon.colcon_core.package_identification:_identify(src/px4-ros2-interface-lib/examples/python/modes/goto_with_rclpy) by extensions ['colcon_pkg']
[0.157s] Level 1:colcon.colcon_core.package_identification:_identify(src/px4-ros2-interface-lib/examples/python/modes/goto_with_rclpy) by extension 'colcon_pkg'
[0.157s] Level 1:colcon.colcon_core.package_identification:_identify(src/px4-ros2-interface-lib/examples/python/modes/goto_with_rclpy) by extensions ['colcon_meta']
[0.157s] Level 1:colcon.colcon_core.package_identification:_identify(src/px4-ros2-interface-lib/examples/python/modes/goto_with_rclpy) by extension 'colcon_meta'
[0.157s] Level 1:colcon.colcon_core.package_identification:_identify(src/px4-ros2-interface-lib/examples/python/modes/goto_with_rclpy) by extensions ['ros']
[0.157s] Level 1:colcon.colcon_core.package_identification:_identify(src/px4-ros2-interface-lib/examples/python/modes/goto_with_rclpy) by extension 'ros'
[0.157s] DEBUG:colcon.colcon_core.package_identification:Package 'src/px4-ros2-interface-lib/examples/python/modes/goto_with_rclpy' with type 'ros.ament_python' and name 'example_mode_with_rclpy_py'
[0.157s] Level 1:colcon.colcon_core.package_identification:_identify(src/px4-ros2-interface-lib/mission) by extensions ['ignore', 'ignore_ament_install']
[0.157s] Level 1:colcon.colcon_core.package_identification:_identify(src/px4-ros2-interface-lib/mission) by extension 'ignore'
[0.157s] Level 1:colcon.colcon_core.package_identification:_identify(src/px4-ros2-interface-lib/mission) by extension 'ignore_ament_install'
[0.157s] Level 1:colcon.colcon_core.package_identification:_identify(src/px4-ros2-interface-lib/mission) by extensions ['colcon_pkg']
[0.157s] Level 1:colcon.colcon_core.package_identification:_identify(src/px4-ros2-interface-lib/mission) by extension 'colcon_pkg'
[0.157s] Level 1:colcon.colcon_core.package_identification:_identify(src/px4-ros2-interface-lib/mission) by extensions ['colcon_meta']
[0.157s] Level 1:colcon.colcon_core.package_identification:_identify(src/px4-ros2-interface-lib/mission) by extension 'colcon_meta'
[0.158s] Level 1:colcon.colcon_core.package_identification:_identify(src/px4-ros2-interface-lib/mission) by extensions ['ros']
[0.158s] Level 1:colcon.colcon_core.package_identification:_identify(src/px4-ros2-interface-lib/mission) by extension 'ros'
[0.158s] Level 1:colcon.colcon_core.package_identification:_identify(src/px4-ros2-interface-lib/mission) by extensions ['cmake', 'python']
[0.158s] Level 1:colcon.colcon_core.package_identification:_identify(src/px4-ros2-interface-lib/mission) by extension 'cmake'
[0.158s] Level 1:colcon.colcon_core.package_identification:_identify(src/px4-ros2-interface-lib/mission) by extension 'python'
[0.158s] Level 1:colcon.colcon_core.package_identification:_identify(src/px4-ros2-interface-lib/mission) by extensions ['python_setup_py']
[0.158s] Level 1:colcon.colcon_core.package_identification:_identify(src/px4-ros2-interface-lib/mission) by extension 'python_setup_py'
[0.158s] Level 1:colcon.colcon_core.package_identification:_identify(src/px4-ros2-interface-lib/mission/examples) by extensions ['ignore', 'ignore_ament_install']
[0.158s] Level 1:colcon.colcon_core.package_identification:_identify(src/px4-ros2-interface-lib/mission/examples) by extension 'ignore'
[0.158s] Level 1:colcon.colcon_core.package_identification:_identify(src/px4-ros2-interface-lib/mission/examples) by extension 'ignore_ament_install'
[0.158s] Level 1:colcon.colcon_core.package_identification:_identify(src/px4-ros2-interface-lib/mission/examples) by extensions ['colcon_pkg']
[0.158s] Level 1:colcon.colcon_core.package_identification:_identify(src/px4-ros2-interface-lib/mission/examples) by extension 'colcon_pkg'
[0.158s] Level 1:colcon.colcon_core.package_identification:_identify(src/px4-ros2-interface-lib/mission/examples) by extensions ['colcon_meta']
[0.158s] Level 1:colcon.colcon_core.package_identification:_identify(src/px4-ros2-interface-lib/mission/examples) by extension 'colcon_meta'
[0.158s] Level 1:colcon.colcon_core.package_identification:_identify(src/px4-ros2-interface-lib/mission/examples) by extensions ['ros']
[0.158s] Level 1:colcon.colcon_core.package_identification:_identify(src/px4-ros2-interface-lib/mission/examples) by extension 'ros'
[0.158s] Level 1:colcon.colcon_core.package_identification:_identify(src/px4-ros2-interface-lib/mission/examples) by extensions ['cmake', 'python']
[0.158s] Level 1:colcon.colcon_core.package_identification:_identify(src/px4-ros2-interface-lib/mission/examples) by extension 'cmake'
[0.158s] Level 1:colcon.colcon_core.package_identification:_identify(src/px4-ros2-interface-lib/mission/examples) by extension 'python'
[0.158s] Level 1:colcon.colcon_core.package_identification:_identify(src/px4-ros2-interface-lib/mission/examples) by extensions ['python_setup_py']
[0.158s] Level 1:colcon.colcon_core.package_identification:_identify(src/px4-ros2-interface-lib/mission/examples) by extension 'python_setup_py'
[0.158s] Level 1:colcon.colcon_core.package_identification:_identify(src/px4-ros2-interface-lib/px4_ros2_cpp) by extensions ['ignore', 'ignore_ament_install']
[0.158s] Level 1:colcon.colcon_core.package_identification:_identify(src/px4-ros2-interface-lib/px4_ros2_cpp) by extension 'ignore'
[0.158s] Level 1:colcon.colcon_core.package_identification:_identify(src/px4-ros2-interface-lib/px4_ros2_cpp) by extension 'ignore_ament_install'
[0.158s] Level 1:colcon.colcon_core.package_identification:_identify(src/px4-ros2-interface-lib/px4_ros2_cpp) by extensions ['colcon_pkg']
[0.158s] Level 1:colcon.colcon_core.package_identification:_identify(src/px4-ros2-interface-lib/px4_ros2_cpp) by extension 'colcon_pkg'
[0.158s] Level 1:colcon.colcon_core.package_identification:_identify(src/px4-ros2-interface-lib/px4_ros2_cpp) by extensions ['colcon_meta']
[0.158s] Level 1:colcon.colcon_core.package_identification:_identify(src/px4-ros2-interface-lib/px4_ros2_cpp) by extension 'colcon_meta'
[0.159s] Level 1:colcon.colcon_core.package_identification:_identify(src/px4-ros2-interface-lib/px4_ros2_cpp) by extensions ['ros']
[0.159s] Level 1:colcon.colcon_core.package_identification:_identify(src/px4-ros2-interface-lib/px4_ros2_cpp) by extension 'ros'
[0.159s] DEBUG:colcon.colcon_core.package_identification:Package 'src/px4-ros2-interface-lib/px4_ros2_cpp' with type 'ros.ament_cmake' and name 'px4_ros2_cpp'
[0.159s] Level 1:colcon.colcon_core.package_identification:_identify(src/px4-ros2-interface-lib/px4_ros2_py) by extensions ['ignore', 'ignore_ament_install']
[0.159s] Level 1:colcon.colcon_core.package_identification:_identify(src/px4-ros2-interface-lib/px4_ros2_py) by extension 'ignore'
[0.159s] Level 1:colcon.colcon_core.package_identification:_identify(src/px4-ros2-interface-lib/px4_ros2_py) by extension 'ignore_ament_install'
[0.159s] Level 1:colcon.colcon_core.package_identification:_identify(src/px4-ros2-interface-lib/px4_ros2_py) by extensions ['colcon_pkg']
[0.159s] Level 1:colcon.colcon_core.package_identification:_identify(src/px4-ros2-interface-lib/px4_ros2_py) by extension 'colcon_pkg'
[0.159s] Level 1:colcon.colcon_core.package_identification:_identify(src/px4-ros2-interface-lib/px4_ros2_py) by extensions ['colcon_meta']
[0.159s] Level 1:colcon.colcon_core.package_identification:_identify(src/px4-ros2-interface-lib/px4_ros2_py) by extension 'colcon_meta'
[0.159s] Level 1:colcon.colcon_core.package_identification:_identify(src/px4-ros2-interface-lib/px4_ros2_py) by extensions ['ros']
[0.159s] Level 1:colcon.colcon_core.package_identification:_identify(src/px4-ros2-interface-lib/px4_ros2_py) by extension 'ros'
[0.160s] DEBUG:colcon.colcon_core.package_identification:Package 'src/px4-ros2-interface-lib/px4_ros2_py' with type 'ros.ament_cmake' and name 'px4_ros2_py'
[0.160s] Level 1:colcon.colcon_core.package_identification:_identify(src/px4-ros2-interface-lib/python_docs) by extensions ['ignore', 'ignore_ament_install']
[0.160s] Level 1:colcon.colcon_core.package_identification:_identify(src/px4-ros2-interface-lib/python_docs) by extension 'ignore'
[0.160s] Level 1:colcon.colcon_core.package_identification:_identify(src/px4-ros2-interface-lib/python_docs) by extension 'ignore_ament_install'
[0.160s] Level 1:colcon.colcon_core.package_identification:_identify(src/px4-ros2-interface-lib/python_docs) by extensions ['colcon_pkg']
[0.160s] Level 1:colcon.colcon_core.package_identification:_identify(src/px4-ros2-interface-lib/python_docs) by extension 'colcon_pkg'
[0.160s] Level 1:colcon.colcon_core.package_identification:_identify(src/px4-ros2-interface-lib/python_docs) by extensions ['colcon_meta']
[0.160s] Level 1:colcon.colcon_core.package_identification:_identify(src/px4-ros2-interface-lib/python_docs) by extension 'colcon_meta'
[0.160s] Level 1:colcon.colcon_core.package_identification:_identify(src/px4-ros2-interface-lib/python_docs) by extensions ['ros']
[0.160s] Level 1:colcon.colcon_core.package_identification:_identify(src/px4-ros2-interface-lib/python_docs) by extension 'ros'
[0.160s] Level 1:colcon.colcon_core.package_identification:_identify(src/px4-ros2-interface-lib/python_docs) by extensions ['cmake', 'python']
[0.160s] Level 1:colcon.colcon_core.package_identification:_identify(src/px4-ros2-interface-lib/python_docs) by extension 'cmake'
[0.160s] Level 1:colcon.colcon_core.package_identification:_identify(src/px4-ros2-interface-lib/python_docs) by extension 'python'
[0.160s] Level 1:colcon.colcon_core.package_identification:_identify(src/px4-ros2-interface-lib/python_docs) by extensions ['python_setup_py']
[0.160s] Level 1:colcon.colcon_core.package_identification:_identify(src/px4-ros2-interface-lib/python_docs) by extension 'python_setup_py'
[0.160s] Level 1:colcon.colcon_core.package_identification:_identify(src/px4-ros2-interface-lib/scripts) by extensions ['ignore', 'ignore_ament_install']
[0.161s] Level 1:colcon.colcon_core.package_identification:_identify(src/px4-ros2-interface-lib/scripts) by extension 'ignore'
[0.161s] Level 1:colcon.colcon_core.package_identification:_identify(src/px4-ros2-interface-lib/scripts) by extension 'ignore_ament_install'
[0.161s] Level 1:colcon.colcon_core.package_identification:_identify(src/px4-ros2-interface-lib/scripts) by extensions ['colcon_pkg']
[0.161s] Level 1:colcon.colcon_core.package_identification:_identify(src/px4-ros2-interface-lib/scripts) by extension 'colcon_pkg'
[0.161s] Level 1:colcon.colcon_core.package_identification:_identify(src/px4-ros2-interface-lib/scripts) by extensions ['colcon_meta']
[0.161s] Level 1:colcon.colcon_core.package_identification:_identify(src/px4-ros2-interface-lib/scripts) by extension 'colcon_meta'
[0.161s] Level 1:colcon.colcon_core.package_identification:_identify(src/px4-ros2-interface-lib/scripts) by extensions ['ros']
[0.161s] Level 1:colcon.colcon_core.package_identification:_identify(src/px4-ros2-interface-lib/scripts) by extension 'ros'
[0.161s] Level 1:colcon.colcon_core.package_identification:_identify(src/px4-ros2-interface-lib/scripts) by extensions ['cmake', 'python']
[0.161s] Level 1:colcon.colcon_core.package_identification:_identify(src/px4-ros2-interface-lib/scripts) by extension 'cmake'
[0.161s] Level 1:colcon.colcon_core.package_identification:_identify(src/px4-ros2-interface-lib/scripts) by extension 'python'
[0.161s] Level 1:colcon.colcon_core.package_identification:_identify(src/px4-ros2-interface-lib/scripts) by extensions ['python_setup_py']
[0.161s] Level 1:colcon.colcon_core.package_identification:_identify(src/px4-ros2-interface-lib/scripts) by extension 'python_setup_py'
[0.161s] Level 1:colcon.colcon_core.package_identification:_identify(src/px4_msgs) by extensions ['ignore', 'ignore_ament_install']
[0.161s] Level 1:colcon.colcon_core.package_identification:_identify(src/px4_msgs) by extension 'ignore'
[0.161s] Level 1:colcon.colcon_core.package_identification:_identify(src/px4_msgs) by extension 'ignore_ament_install'
[0.161s] Level 1:colcon.colcon_core.package_identification:_identify(src/px4_msgs) by extensions ['colcon_pkg']
[0.161s] Level 1:colcon.colcon_core.package_identification:_identify(src/px4_msgs) by extension 'colcon_pkg'
[0.161s] Level 1:colcon.colcon_core.package_identification:_identify(src/px4_msgs) by extensions ['colcon_meta']
[0.161s] Level 1:colcon.colcon_core.package_identification:_identify(src/px4_msgs) by extension 'colcon_meta'
[0.161s] Level 1:colcon.colcon_core.package_identification:_identify(src/px4_msgs) by extensions ['ros']
[0.161s] Level 1:colcon.colcon_core.package_identification:_identify(src/px4_msgs) by extension 'ros'
[0.162s] DEBUG:colcon.colcon_core.package_identification:Package 'src/px4_msgs' with type 'ros.ament_cmake' and name 'px4_msgs'
[0.162s] Level 1:colcon.colcon_core.package_identification:_identify(src/px4_ros2_custom_flight_mode) by extensions ['ignore', 'ignore_ament_install']
[0.162s] Level 1:colcon.colcon_core.package_identification:_identify(src/px4_ros2_custom_flight_mode) by extension 'ignore'
[0.162s] Level 1:colcon.colcon_core.package_identification:_identify(src/px4_ros2_custom_flight_mode) by extension 'ignore_ament_install'
[0.162s] Level 1:colcon.colcon_core.package_identification:_identify(src/px4_ros2_custom_flight_mode) by extensions ['colcon_pkg']
[0.162s] Level 1:colcon.colcon_core.package_identification:_identify(src/px4_ros2_custom_flight_mode) by extension 'colcon_pkg'
[0.162s] Level 1:colcon.colcon_core.package_identification:_identify(src/px4_ros2_custom_flight_mode) by extensions ['colcon_meta']
[0.162s] Level 1:colcon.colcon_core.package_identification:_identify(src/px4_ros2_custom_flight_mode) by extension 'colcon_meta'
[0.162s] Level 1:colcon.colcon_core.package_identification:_identify(src/px4_ros2_custom_flight_mode) by extensions ['ros']
[0.162s] Level 1:colcon.colcon_core.package_identification:_identify(src/px4_ros2_custom_flight_mode) by extension 'ros'
[0.162s] DEBUG:colcon.colcon_core.package_identification:Package 'src/px4_ros2_custom_flight_mode' with type 'ros.ament_cmake' and name 'draw_flight_mode'
[0.163s] Level 1:colcon.colcon_core.package_discovery:discover_packages(recursive) using defaults
[0.163s] Level 1:colcon.colcon_core.package_discovery:discover_packages(ignore) discover
[0.163s] Level 1:colcon.colcon_core.package_discovery:discover_packages(ignore) using defaults
[0.163s] Level 1:colcon.colcon_core.package_discovery:discover_packages(path) discover
[0.163s] Level 1:colcon.colcon_core.package_discovery:discover_packages(path) using defaults
[0.181s] Level 1:colcon.colcon_core.package_discovery:discover_packages(prefix_path) check parameters
[0.181s] Level 1:colcon.colcon_core.package_discovery:discover_packages(prefix_path) discover
[0.182s] DEBUG:colcon.colcon_installed_package_information.package_discovery:Found 2 installed packages in /home/rudra/ros2_ws/install
[0.183s] DEBUG:colcon.colcon_installed_package_information.package_discovery:Found 273 installed packages in /opt/ros/humble
[0.184s] Level 1:colcon.colcon_core.package_discovery:discover_packages(prefix_path) using defaults
[0.220s] Level 5:colcon.colcon_core.verb:set package 'px4_msgs' build argument 'cmake_args' from command line to 'None'
[0.220s] Level 5:colcon.colcon_core.verb:set package 'px4_msgs' build argument 'cmake_target' from command line to 'None'
[0.220s] Level 5:colcon.colcon_core.verb:set package 'px4_msgs' build argument 'cmake_target_skip_unavailable' from command line to 'False'
[0.220s] Level 5:colcon.colcon_core.verb:set package 'px4_msgs' build argument 'cmake_clean_cache' from command line to 'False'
[0.220s] Level 5:colcon.colcon_core.verb:set package 'px4_msgs' build argument 'cmake_clean_first' from command line to 'False'
[0.220s] Level 5:colcon.colcon_core.verb:set package 'px4_msgs' build argument 'cmake_force_configure' from command line to 'False'
[0.220s] Level 5:colcon.colcon_core.verb:set package 'px4_msgs' build argument 'ament_cmake_args' from command line to 'None'
[0.220s] Level 5:colcon.colcon_core.verb:set package 'px4_msgs' build argument 'catkin_cmake_args' from command line to 'None'
[0.220s] Level 5:colcon.colcon_core.verb:set package 'px4_msgs' build argument 'catkin_skip_building_tests' from command line to 'False'
[0.220s] DEBUG:colcon.colcon_core.verb:Building package 'px4_msgs' with the following arguments: {'ament_cmake_args': None, 'build_base': '/home/rudra/custom_flightmode/build/px4_msgs', 'catkin_cmake_args': None, 'catkin_skip_building_tests': False, 'cmake_args': None, 'cmake_clean_cache': False, 'cmake_clean_first': False, 'cmake_force_configure': False, 'cmake_target': None, 'cmake_target_skip_unavailable': False, 'install_base': '/home/rudra/custom_flightmode/install/px4_msgs', 'merge_install': False, 'path': '/home/rudra/custom_flightmode/src/px4_msgs', 'symlink_install': False, 'test_result_base': None}
[0.220s] Level 5:colcon.colcon_core.verb:set package 'px4_ros2_cpp' build argument 'cmake_args' from command line to 'None'
[0.220s] Level 5:colcon.colcon_core.verb:set package 'px4_ros2_cpp' build argument 'cmake_target' from command line to 'None'
[0.221s] Level 5:colcon.colcon_core.verb:set package 'px4_ros2_cpp' build argument 'cmake_target_skip_unavailable' from command line to 'False'
[0.221s] Level 5:colcon.colcon_core.verb:set package 'px4_ros2_cpp' build argument 'cmake_clean_cache' from command line to 'False'
[0.221s] Level 5:colcon.colcon_core.verb:set package 'px4_ros2_cpp' build argument 'cmake_clean_first' from command line to 'False'
[0.221s] Level 5:colcon.colcon_core.verb:set package 'px4_ros2_cpp' build argument 'cmake_force_configure' from command line to 'False'
[0.221s] Level 5:colcon.colcon_core.verb:set package 'px4_ros2_cpp' build argument 'ament_cmake_args' from command line to 'None'
[0.221s] Level 5:colcon.colcon_core.verb:set package 'px4_ros2_cpp' build argument 'catkin_cmake_args' from command line to 'None'
[0.221s] Level 5:colcon.colcon_core.verb:set package 'px4_ros2_cpp' build argument 'catkin_skip_building_tests' from command line to 'False'
[0.221s] DEBUG:colcon.colcon_core.verb:Building package 'px4_ros2_cpp' with the following arguments: {'ament_cmake_args': None, 'build_base': '/home/rudra/custom_flightmode/build/px4_ros2_cpp', 'catkin_cmake_args': None, 'catkin_skip_building_tests': False, 'cmake_args': None, 'cmake_clean_cache': False, 'cmake_clean_first': False, 'cmake_force_configure': False, 'cmake_target': None, 'cmake_target_skip_unavailable': False, 'install_base': '/home/rudra/custom_flightmode/install/px4_ros2_cpp', 'merge_install': False, 'path': '/home/rudra/custom_flightmode/src/px4-ros2-interface-lib/px4_ros2_cpp', 'symlink_install': False, 'test_result_base': None}
[0.221s] Level 5:colcon.colcon_core.verb:set package 'draw_flight_mode' build argument 'cmake_args' from command line to 'None'
[0.221s] Level 5:colcon.colcon_core.verb:set package 'draw_flight_mode' build argument 'cmake_target' from command line to 'None'
[0.221s] Level 5:colcon.colcon_core.verb:set package 'draw_flight_mode' build argument 'cmake_target_skip_unavailable' from command line to 'False'
[0.221s] Level 5:colcon.colcon_core.verb:set package 'draw_flight_mode' build argument 'cmake_clean_cache' from command line to 'False'
[0.221s] Level 5:colcon.colcon_core.verb:set package 'draw_flight_mode' build argument 'cmake_clean_first' from command line to 'False'
[0.221s] Level 5:colcon.colcon_core.verb:set package 'draw_flight_mode' build argument 'cmake_force_configure' from command line to 'False'
[0.221s] Level 5:colcon.colcon_core.verb:set package 'draw_flight_mode' build argument 'ament_cmake_args' from command line to 'None'
[0.221s] Level 5:colcon.colcon_core.verb:set package 'draw_flight_mode' build argument 'catkin_cmake_args' from command line to 'None'
[0.221s] Level 5:colcon.colcon_core.verb:set package 'draw_flight_mode' build argument 'catkin_skip_building_tests' from command line to 'False'
[0.221s] DEBUG:colcon.colcon_core.verb:Building package 'draw_flight_mode' with the following arguments: {'ament_cmake_args': None, 'build_base': '/home/rudra/custom_flightmode/build/draw_flight_mode', 'catkin_cmake_args': None, 'catkin_skip_building_tests': False, 'cmake_args': None, 'cmake_clean_cache': False, 'cmake_clean_first': False, 'cmake_force_configure': False, 'cmake_target': None, 'cmake_target_skip_unavailable': False, 'install_base': '/home/rudra/custom_flightmode/install/draw_flight_mode', 'merge_install': False, 'path': '/home/rudra/custom_flightmode/src/px4_ros2_custom_flight_mode', 'symlink_install': False, 'test_result_base': None}
[0.221s] Level 5:colcon.colcon_core.verb:set package 'example_executor_with_multiple_modes_cpp' build argument 'cmake_args' from command line to 'None'
[0.221s] Level 5:colcon.colcon_core.verb:set package 'example_executor_with_multiple_modes_cpp' build argument 'cmake_target' from command line to 'None'
[0.221s] Level 5:colcon.colcon_core.verb:set package 'example_executor_with_multiple_modes_cpp' build argument 'cmake_target_skip_unavailable' from command line to 'False'
[0.221s] Level 5:colcon.colcon_core.verb:set package 'example_executor_with_multiple_modes_cpp' build argument 'cmake_clean_cache' from command line to 'False'
[0.221s] Level 5:colcon.colcon_core.verb:set package 'example_executor_with_multiple_modes_cpp' build argument 'cmake_clean_first' from command line to 'False'
[0.221s] Level 5:colcon.colcon_core.verb:set package 'example_executor_with_multiple_modes_cpp' build argument 'cmake_force_configure' from command line to 'False'
[0.221s] Level 5:colcon.colcon_core.verb:set package 'example_executor_with_multiple_modes_cpp' build argument 'ament_cmake_args' from command line to 'None'
[0.221s] Level 5:colcon.colcon_core.verb:set package 'example_executor_with_multiple_modes_cpp' build argument 'catkin_cmake_args' from command line to 'None'
[0.221s] Level 5:colcon.colcon_core.verb:set package 'example_executor_with_multiple_modes_cpp' build argument 'catkin_skip_building_tests' from command line to 'False'
[0.221s] DEBUG:colcon.colcon_core.verb:Building package 'example_executor_with_multiple_modes_cpp' with the following arguments: {'ament_cmake_args': None, 'build_base': '/home/rudra/custom_flightmode/build/example_executor_with_multiple_modes_cpp', 'catkin_cmake_args': None, 'catkin_skip_building_tests': False, 'cmake_args': None, 'cmake_clean_cache': False, 'cmake_clean_first': False, 'cmake_force_configure': False, 'cmake_target': None, 'cmake_target_skip_unavailable': False, 'install_base': '/home/rudra/custom_flightmode/install/example_executor_with_multiple_modes_cpp', 'merge_install': False, 'path': '/home/rudra/custom_flightmode/src/px4-ros2-interface-lib/examples/cpp/modes/executor_with_multiple_modes', 'symlink_install': False, 'test_result_base': None}
[0.222s] Level 5:colcon.colcon_core.verb:set package 'example_global_navigation_cpp' build argument 'cmake_args' from command line to 'None'
[0.222s] Level 5:colcon.colcon_core.verb:set package 'example_global_navigation_cpp' build argument 'cmake_target' from command line to 'None'
[0.222s] Level 5:colcon.colcon_core.verb:set package 'example_global_navigation_cpp' build argument 'cmake_target_skip_unavailable' from command line to 'False'
[0.222s] Level 5:colcon.colcon_core.verb:set package 'example_global_navigation_cpp' build argument 'cmake_clean_cache' from command line to 'False'
[0.222s] Level 5:colcon.colcon_core.verb:set package 'example_global_navigation_cpp' build argument 'cmake_clean_first' from command line to 'False'
[0.222s] Level 5:colcon.colcon_core.verb:set package 'example_global_navigation_cpp' build argument 'cmake_force_configure' from command line to 'False'
[0.222s] Level 5:colcon.colcon_core.verb:set package 'example_global_navigation_cpp' build argument 'ament_cmake_args' from command line to 'None'
[0.222s] Level 5:colcon.colcon_core.verb:set package 'example_global_navigation_cpp' build argument 'catkin_cmake_args' from command line to 'None'
[0.222s] Level 5:colcon.colcon_core.verb:set package 'example_global_navigation_cpp' build argument 'catkin_skip_building_tests' from command line to 'False'
[0.222s] DEBUG:colcon.colcon_core.verb:Building package 'example_global_navigation_cpp' with the following arguments: {'ament_cmake_args': None, 'build_base': '/home/rudra/custom_flightmode/build/example_global_navigation_cpp', 'catkin_cmake_args': None, 'catkin_skip_building_tests': False, 'cmake_args': None, 'cmake_clean_cache': False, 'cmake_clean_first': False, 'cmake_force_configure': False, 'cmake_target': None, 'cmake_target_skip_unavailable': False, 'install_base': '/home/rudra/custom_flightmode/install/example_global_navigation_cpp', 'merge_install': False, 'path': '/home/rudra/custom_flightmode/src/px4-ros2-interface-lib/examples/cpp/navigation/global_navigation', 'symlink_install': False, 'test_result_base': None}
[0.222s] Level 5:colcon.colcon_core.verb:set package 'example_local_navigation_cpp' build argument 'cmake_args' from command line to 'None'
[0.222s] Level 5:colcon.colcon_core.verb:set package 'example_local_navigation_cpp' build argument 'cmake_target' from command line to 'None'
[0.222s] Level 5:colcon.colcon_core.verb:set package 'example_local_navigation_cpp' build argument 'cmake_target_skip_unavailable' from command line to 'False'
[0.222s] Level 5:colcon.colcon_core.verb:set package 'example_local_navigation_cpp' build argument 'cmake_clean_cache' from command line to 'False'
[0.222s] Level 5:colcon.colcon_core.verb:set package 'example_local_navigation_cpp' build argument 'cmake_clean_first' from command line to 'False'
[0.222s] Level 5:colcon.colcon_core.verb:set package 'example_local_navigation_cpp' build argument 'cmake_force_configure' from command line to 'False'
[0.222s] Level 5:colcon.colcon_core.verb:set package 'example_local_navigation_cpp' build argument 'ament_cmake_args' from command line to 'None'
[0.222s] Level 5:colcon.colcon_core.verb:set package 'example_local_navigation_cpp' build argument 'catkin_cmake_args' from command line to 'None'
[0.222s] Level 5:colcon.colcon_core.verb:set package 'example_local_navigation_cpp' build argument 'catkin_skip_building_tests' from command line to 'False'
[0.222s] DEBUG:colcon.colcon_core.verb:Building package 'example_local_navigation_cpp' with the following arguments: {'ament_cmake_args': None, 'build_base': '/home/rudra/custom_flightmode/build/example_local_navigation_cpp', 'catkin_cmake_args': None, 'catkin_skip_building_tests': False, 'cmake_args': None, 'cmake_clean_cache': False, 'cmake_clean_first': False, 'cmake_force_configure': False, 'cmake_target': None, 'cmake_target_skip_unavailable': False, 'install_base': '/home/rudra/custom_flightmode/install/example_local_navigation_cpp', 'merge_install': False, 'path': '/home/rudra/custom_flightmode/src/px4-ros2-interface-lib/examples/cpp/navigation/local_navigation', 'symlink_install': False, 'test_result_base': None}
[0.222s] Level 5:colcon.colcon_core.verb:set package 'example_mode_fw_attitude_cpp' build argument 'cmake_args' from command line to 'None'
[0.222s] Level 5:colcon.colcon_core.verb:set package 'example_mode_fw_attitude_cpp' build argument 'cmake_target' from command line to 'None'
[0.222s] Level 5:colcon.colcon_core.verb:set package 'example_mode_fw_attitude_cpp' build argument 'cmake_target_skip_unavailable' from command line to 'False'
[0.222s] Level 5:colcon.colcon_core.verb:set package 'example_mode_fw_attitude_cpp' build argument 'cmake_clean_cache' from command line to 'False'
[0.222s] Level 5:colcon.colcon_core.verb:set package 'example_mode_fw_attitude_cpp' build argument 'cmake_clean_first' from command line to 'False'
[0.222s] Level 5:colcon.colcon_core.verb:set package 'example_mode_fw_attitude_cpp' build argument 'cmake_force_configure' from command line to 'False'
[0.222s] Level 5:colcon.colcon_core.verb:set package 'example_mode_fw_attitude_cpp' build argument 'ament_cmake_args' from command line to 'None'
[0.222s] Level 5:colcon.colcon_core.verb:set package 'example_mode_fw_attitude_cpp' build argument 'catkin_cmake_args' from command line to 'None'
[0.223s] Level 5:colcon.colcon_core.verb:set package 'example_mode_fw_attitude_cpp' build argument 'catkin_skip_building_tests' from command line to 'False'
[0.223s] DEBUG:colcon.colcon_core.verb:Building package 'example_mode_fw_attitude_cpp' with the following arguments: {'ament_cmake_args': None, 'build_base': '/home/rudra/custom_flightmode/build/example_mode_fw_attitude_cpp', 'catkin_cmake_args': None, 'catkin_skip_building_tests': False, 'cmake_args': None, 'cmake_clean_cache': False, 'cmake_clean_first': False, 'cmake_force_configure': False, 'cmake_target': None, 'cmake_target_skip_unavailable': False, 'install_base': '/home/rudra/custom_flightmode/install/example_mode_fw_attitude_cpp', 'merge_install': False, 'path': '/home/rudra/custom_flightmode/src/px4-ros2-interface-lib/examples/cpp/modes/fw_attitude', 'symlink_install': False, 'test_result_base': None}
[0.223s] Level 5:colcon.colcon_core.verb:set package 'example_mode_goto_cpp' build argument 'cmake_args' from command line to 'None'
[0.223s] Level 5:colcon.colcon_core.verb:set package 'example_mode_goto_cpp' build argument 'cmake_target' from command line to 'None'
[0.223s] Level 5:colcon.colcon_core.verb:set package 'example_mode_goto_cpp' build argument 'cmake_target_skip_unavailable' from command line to 'False'
[0.223s] Level 5:colcon.colcon_core.verb:set package 'example_mode_goto_cpp' build argument 'cmake_clean_cache' from command line to 'False'
[0.223s] Level 5:colcon.colcon_core.verb:set package 'example_mode_goto_cpp' build argument 'cmake_clean_first' from command line to 'False'
[0.223s] Level 5:colcon.colcon_core.verb:set package 'example_mode_goto_cpp' build argument 'cmake_force_configure' from command line to 'False'
[0.223s] Level 5:colcon.colcon_core.verb:set package 'example_mode_goto_cpp' build argument 'ament_cmake_args' from command line to 'None'
[0.223s] Level 5:colcon.colcon_core.verb:set package 'example_mode_goto_cpp' build argument 'catkin_cmake_args' from command line to 'None'
[0.223s] Level 5:colcon.colcon_core.verb:set package 'example_mode_goto_cpp' build argument 'catkin_skip_building_tests' from command line to 'False'
[0.223s] DEBUG:colcon.colcon_core.verb:Building package 'example_mode_goto_cpp' with the following arguments: {'ament_cmake_args': None, 'build_base': '/home/rudra/custom_flightmode/build/example_mode_goto_cpp', 'catkin_cmake_args': None, 'catkin_skip_building_tests': False, 'cmake_args': None, 'cmake_clean_cache': False, 'cmake_clean_first': False, 'cmake_force_configure': False, 'cmake_target': None, 'cmake_target_skip_unavailable': False, 'install_base': '/home/rudra/custom_flightmode/install/example_mode_goto_cpp', 'merge_install': False, 'path': '/home/rudra/custom_flightmode/src/px4-ros2-interface-lib/examples/cpp/modes/goto', 'symlink_install': False, 'test_result_base': None}
[0.223s] Level 5:colcon.colcon_core.verb:set package 'example_mode_goto_global_cpp' build argument 'cmake_args' from command line to 'None'
[0.223s] Level 5:colcon.colcon_core.verb:set package 'example_mode_goto_global_cpp' build argument 'cmake_target' from command line to 'None'
[0.223s] Level 5:colcon.colcon_core.verb:set package 'example_mode_goto_global_cpp' build argument 'cmake_target_skip_unavailable' from command line to 'False'
[0.223s] Level 5:colcon.colcon_core.verb:set package 'example_mode_goto_global_cpp' build argument 'cmake_clean_cache' from command line to 'False'
[0.223s] Level 5:colcon.colcon_core.verb:set package 'example_mode_goto_global_cpp' build argument 'cmake_clean_first' from command line to 'False'
[0.223s] Level 5:colcon.colcon_core.verb:set package 'example_mode_goto_global_cpp' build argument 'cmake_force_configure' from command line to 'False'
[0.223s] Level 5:colcon.colcon_core.verb:set package 'example_mode_goto_global_cpp' build argument 'ament_cmake_args' from command line to 'None'
[0.223s] Level 5:colcon.colcon_core.verb:set package 'example_mode_goto_global_cpp' build argument 'catkin_cmake_args' from command line to 'None'
[0.223s] Level 5:colcon.colcon_core.verb:set package 'example_mode_goto_global_cpp' build argument 'catkin_skip_building_tests' from command line to 'False'
[0.223s] DEBUG:colcon.colcon_core.verb:Building package 'example_mode_goto_global_cpp' with the following arguments: {'ament_cmake_args': None, 'build_base': '/home/rudra/custom_flightmode/build/example_mode_goto_global_cpp', 'catkin_cmake_args': None, 'catkin_skip_building_tests': False, 'cmake_args': None, 'cmake_clean_cache': False, 'cmake_clean_first': False, 'cmake_force_configure': False, 'cmake_target': None, 'cmake_target_skip_unavailable': False, 'install_base': '/home/rudra/custom_flightmode/install/example_mode_goto_global_cpp', 'merge_install': False, 'path': '/home/rudra/custom_flightmode/src/px4-ros2-interface-lib/examples/cpp/modes/goto_global', 'symlink_install': False, 'test_result_base': None}
[0.223s] Level 5:colcon.colcon_core.verb:set package 'example_mode_manual_cpp' build argument 'cmake_args' from command line to 'None'
[0.224s] Level 5:colcon.colcon_core.verb:set package 'example_mode_manual_cpp' build argument 'cmake_target' from command line to 'None'
[0.224s] Level 5:colcon.colcon_core.verb:set package 'example_mode_manual_cpp' build argument 'cmake_target_skip_unavailable' from command line to 'False'
[0.224s] Level 5:colcon.colcon_core.verb:set package 'example_mode_manual_cpp' build argument 'cmake_clean_cache' from command line to 'False'
[0.224s] Level 5:colcon.colcon_core.verb:set package 'example_mode_manual_cpp' build argument 'cmake_clean_first' from command line to 'False'
[0.224s] Level 5:colcon.colcon_core.verb:set package 'example_mode_manual_cpp' build argument 'cmake_force_configure' from command line to 'False'
[0.224s] Level 5:colcon.colcon_core.verb:set package 'example_mode_manual_cpp' build argument 'ament_cmake_args' from command line to 'None'
[0.224s] Level 5:colcon.colcon_core.verb:set package 'example_mode_manual_cpp' build argument 'catkin_cmake_args' from command line to 'None'
[0.224s] Level 5:colcon.colcon_core.verb:set package 'example_mode_manual_cpp' build argument 'catkin_skip_building_tests' from command line to 'False'
[0.224s] DEBUG:colcon.colcon_core.verb:Building package 'example_mode_manual_cpp' with the following arguments: {'ament_cmake_args': None, 'build_base': '/home/rudra/custom_flightmode/build/example_mode_manual_cpp', 'catkin_cmake_args': None, 'catkin_skip_building_tests': False, 'cmake_args': None, 'cmake_clean_cache': False, 'cmake_clean_first': False, 'cmake_force_configure': False, 'cmake_target': None, 'cmake_target_skip_unavailable': False, 'install_base': '/home/rudra/custom_flightmode/install/example_mode_manual_cpp', 'merge_install': False, 'path': '/home/rudra/custom_flightmode/src/px4-ros2-interface-lib/examples/cpp/modes/manual', 'symlink_install': False, 'test_result_base': None}
[0.224s] Level 5:colcon.colcon_core.verb:set package 'example_mode_mission_cpp' build argument 'cmake_args' from command line to 'None'
[0.224s] Level 5:colcon.colcon_core.verb:set package 'example_mode_mission_cpp' build argument 'cmake_target' from command line to 'None'
[0.224s] Level 5:colcon.colcon_core.verb:set package 'example_mode_mission_cpp' build argument 'cmake_target_skip_unavailable' from command line to 'False'
[0.224s] Level 5:colcon.colcon_core.verb:set package 'example_mode_mission_cpp' build argument 'cmake_clean_cache' from command line to 'False'
[0.224s] Level 5:colcon.colcon_core.verb:set package 'example_mode_mission_cpp' build argument 'cmake_clean_first' from command line to 'False'
[0.224s] Level 5:colcon.colcon_core.verb:set package 'example_mode_mission_cpp' build argument 'cmake_force_configure' from command line to 'False'
[0.224s] Level 5:colcon.colcon_core.verb:set package 'example_mode_mission_cpp' build argument 'ament_cmake_args' from command line to 'None'
[0.224s] Level 5:colcon.colcon_core.verb:set package 'example_mode_mission_cpp' build argument 'catkin_cmake_args' from command line to 'None'
[0.224s] Level 5:colcon.colcon_core.verb:set package 'example_mode_mission_cpp' build argument 'catkin_skip_building_tests' from command line to 'False'
[0.224s] DEBUG:colcon.colcon_core.verb:Building package 'example_mode_mission_cpp' with the following arguments: {'ament_cmake_args': None, 'build_base': '/home/rudra/custom_flightmode/build/example_mode_mission_cpp', 'catkin_cmake_args': None, 'catkin_skip_building_tests': False, 'cmake_args': None, 'cmake_clean_cache': False, 'cmake_clean_first': False, 'cmake_force_configure': False, 'cmake_target': None, 'cmake_target_skip_unavailable': False, 'install_base': '/home/rudra/custom_flightmode/install/example_mode_mission_cpp', 'merge_install': False, 'path': '/home/rudra/custom_flightmode/src/px4-ros2-interface-lib/examples/cpp/modes/mission', 'symlink_install': False, 'test_result_base': None}
[0.224s] Level 5:colcon.colcon_core.verb:set package 'example_mode_rtl_replacement_cpp' build argument 'cmake_args' from command line to 'None'
[0.224s] Level 5:colcon.colcon_core.verb:set package 'example_mode_rtl_replacement_cpp' build argument 'cmake_target' from command line to 'None'
[0.224s] Level 5:colcon.colcon_core.verb:set package 'example_mode_rtl_replacement_cpp' build argument 'cmake_target_skip_unavailable' from command line to 'False'
[0.224s] Level 5:colcon.colcon_core.verb:set package 'example_mode_rtl_replacement_cpp' build argument 'cmake_clean_cache' from command line to 'False'
[0.224s] Level 5:colcon.colcon_core.verb:set package 'example_mode_rtl_replacement_cpp' build argument 'cmake_clean_first' from command line to 'False'
[0.224s] Level 5:colcon.colcon_core.verb:set package 'example_mode_rtl_replacement_cpp' build argument 'cmake_force_configure' from command line to 'False'
[0.224s] Level 5:colcon.colcon_core.verb:set package 'example_mode_rtl_replacement_cpp' build argument 'ament_cmake_args' from command line to 'None'
[0.224s] Level 5:colcon.colcon_core.verb:set package 'example_mode_rtl_replacement_cpp' build argument 'catkin_cmake_args' from command line to 'None'
[0.224s] Level 5:colcon.colcon_core.verb:set package 'example_mode_rtl_replacement_cpp' build argument 'catkin_skip_building_tests' from command line to 'False'
[0.224s] DEBUG:colcon.colcon_core.verb:Building package 'example_mode_rtl_replacement_cpp' with the following arguments: {'ament_cmake_args': None, 'build_base': '/home/rudra/custom_flightmode/build/example_mode_rtl_replacement_cpp', 'catkin_cmake_args': None, 'catkin_skip_building_tests': False, 'cmake_args': None, 'cmake_clean_cache': False, 'cmake_clean_first': False, 'cmake_force_configure': False, 'cmake_target': None, 'cmake_target_skip_unavailable': False, 'install_base': '/home/rudra/custom_flightmode/install/example_mode_rtl_replacement_cpp', 'merge_install': False, 'path': '/home/rudra/custom_flightmode/src/px4-ros2-interface-lib/examples/cpp/modes/rtl_replacement', 'symlink_install': False, 'test_result_base': None}
[0.225s] Level 5:colcon.colcon_core.verb:set package 'example_mode_vtol_cpp' build argument 'cmake_args' from command line to 'None'
[0.225s] Level 5:colcon.colcon_core.verb:set package 'example_mode_vtol_cpp' build argument 'cmake_target' from command line to 'None'
[0.225s] Level 5:colcon.colcon_core.verb:set package 'example_mode_vtol_cpp' build argument 'cmake_target_skip_unavailable' from command line to 'False'
[0.225s] Level 5:colcon.colcon_core.verb:set package 'example_mode_vtol_cpp' build argument 'cmake_clean_cache' from command line to 'False'
[0.225s] Level 5:colcon.colcon_core.verb:set package 'example_mode_vtol_cpp' build argument 'cmake_clean_first' from command line to 'False'
[0.225s] Level 5:colcon.colcon_core.verb:set package 'example_mode_vtol_cpp' build argument 'cmake_force_configure' from command line to 'False'
[0.225s] Level 5:colcon.colcon_core.verb:set package 'example_mode_vtol_cpp' build argument 'ament_cmake_args' from command line to 'None'
[0.225s] Level 5:colcon.colcon_core.verb:set package 'example_mode_vtol_cpp' build argument 'catkin_cmake_args' from command line to 'None'
[0.225s] Level 5:colcon.colcon_core.verb:set package 'example_mode_vtol_cpp' build argument 'catkin_skip_building_tests' from command line to 'False'
[0.225s] DEBUG:colcon.colcon_core.verb:Building package 'example_mode_vtol_cpp' with the following arguments: {'ament_cmake_args': None, 'build_base': '/home/rudra/custom_flightmode/build/example_mode_vtol_cpp', 'catkin_cmake_args': None, 'catkin_skip_building_tests': False, 'cmake_args': None, 'cmake_clean_cache': False, 'cmake_clean_first': False, 'cmake_force_configure': False, 'cmake_target': None, 'cmake_target_skip_unavailable': False, 'install_base': '/home/rudra/custom_flightmode/install/example_mode_vtol_cpp', 'merge_install': False, 'path': '/home/rudra/custom_flightmode/src/px4-ros2-interface-lib/examples/cpp/modes/vtol', 'symlink_install': False, 'test_result_base': None}
[0.225s] Level 5:colcon.colcon_core.verb:set package 'example_mode_with_executor_cpp' build argument 'cmake_args' from command line to 'None'
[0.225s] Level 5:colcon.colcon_core.verb:set package 'example_mode_with_executor_cpp' build argument 'cmake_target' from command line to 'None'
[0.225s] Level 5:colcon.colcon_core.verb:set package 'example_mode_with_executor_cpp' build argument 'cmake_target_skip_unavailable' from command line to 'False'
[0.225s] Level 5:colcon.colcon_core.verb:set package 'example_mode_with_executor_cpp' build argument 'cmake_clean_cache' from command line to 'False'
[0.225s] Level 5:colcon.colcon_core.verb:set package 'example_mode_with_executor_cpp' build argument 'cmake_clean_first' from command line to 'False'
[0.225s] Level 5:colcon.colcon_core.verb:set package 'example_mode_with_executor_cpp' build argument 'cmake_force_configure' from command line to 'False'
[0.225s] Level 5:colcon.colcon_core.verb:set package 'example_mode_with_executor_cpp' build argument 'ament_cmake_args' from command line to 'None'
[0.225s] Level 5:colcon.colcon_core.verb:set package 'example_mode_with_executor_cpp' build argument 'catkin_cmake_args' from command line to 'None'
[0.225s] Level 5:colcon.colcon_core.verb:set package 'example_mode_with_executor_cpp' build argument 'catkin_skip_building_tests' from command line to 'False'
[0.225s] DEBUG:colcon.colcon_core.verb:Building package 'example_mode_with_executor_cpp' with the following arguments: {'ament_cmake_args': None, 'build_base': '/home/rudra/custom_flightmode/build/example_mode_with_executor_cpp', 'catkin_cmake_args': None, 'catkin_skip_building_tests': False, 'cmake_args': None, 'cmake_clean_cache': False, 'cmake_clean_first': False, 'cmake_force_configure': False, 'cmake_target': None, 'cmake_target_skip_unavailable': False, 'install_base': '/home/rudra/custom_flightmode/install/example_mode_with_executor_cpp', 'merge_install': False, 'path': '/home/rudra/custom_flightmode/src/px4-ros2-interface-lib/examples/cpp/modes/mode_with_executor', 'symlink_install': False, 'test_result_base': None}
[0.225s] Level 5:colcon.colcon_core.verb:set package 'example_rover_velocity_mode_cpp' build argument 'cmake_args' from command line to 'None'
[0.225s] Level 5:colcon.colcon_core.verb:set package 'example_rover_velocity_mode_cpp' build argument 'cmake_target' from command line to 'None'
[0.225s] Level 5:colcon.colcon_core.verb:set package 'example_rover_velocity_mode_cpp' build argument 'cmake_target_skip_unavailable' from command line to 'False'
[0.225s] Level 5:colcon.colcon_core.verb:set package 'example_rover_velocity_mode_cpp' build argument 'cmake_clean_cache' from command line to 'False'
[0.225s] Level 5:colcon.colcon_core.verb:set package 'example_rover_velocity_mode_cpp' build argument 'cmake_clean_first' from command line to 'False'
[0.225s] Level 5:colcon.colcon_core.verb:set package 'example_rover_velocity_mode_cpp' build argument 'cmake_force_configure' from command line to 'False'
[0.225s] Level 5:colcon.colcon_core.verb:set package 'example_rover_velocity_mode_cpp' build argument 'ament_cmake_args' from command line to 'None'
[0.225s] Level 5:colcon.colcon_core.verb:set package 'example_rover_velocity_mode_cpp' build argument 'catkin_cmake_args' from command line to 'None'
[0.225s] Level 5:colcon.colcon_core.verb:set package 'example_rover_velocity_mode_cpp' build argument 'catkin_skip_building_tests' from command line to 'False'
[0.225s] DEBUG:colcon.colcon_core.verb:Building package 'example_rover_velocity_mode_cpp' with the following arguments: {'ament_cmake_args': None, 'build_base': '/home/rudra/custom_flightmode/build/example_rover_velocity_mode_cpp', 'catkin_cmake_args': None, 'catkin_skip_building_tests': False, 'cmake_args': None, 'cmake_clean_cache': False, 'cmake_clean_first': False, 'cmake_force_configure': False, 'cmake_target': None, 'cmake_target_skip_unavailable': False, 'install_base': '/home/rudra/custom_flightmode/install/example_rover_velocity_mode_cpp', 'merge_install': False, 'path': '/home/rudra/custom_flightmode/src/px4-ros2-interface-lib/examples/cpp/modes/rover_velocity', 'symlink_install': False, 'test_result_base': None}
[0.226s] Level 5:colcon.colcon_core.verb:set package 'px4_ros2_py' build argument 'cmake_args' from command line to 'None'
[0.226s] Level 5:colcon.colcon_core.verb:set package 'px4_ros2_py' build argument 'cmake_target' from command line to 'None'
[0.226s] Level 5:colcon.colcon_core.verb:set package 'px4_ros2_py' build argument 'cmake_target_skip_unavailable' from command line to 'False'
[0.226s] Level 5:colcon.colcon_core.verb:set package 'px4_ros2_py' build argument 'cmake_clean_cache' from command line to 'False'
[0.226s] Level 5:colcon.colcon_core.verb:set package 'px4_ros2_py' build argument 'cmake_clean_first' from command line to 'False'
[0.226s] Level 5:colcon.colcon_core.verb:set package 'px4_ros2_py' build argument 'cmake_force_configure' from command line to 'False'
[0.226s] Level 5:colcon.colcon_core.verb:set package 'px4_ros2_py' build argument 'ament_cmake_args' from command line to 'None'
[0.226s] Level 5:colcon.colcon_core.verb:set package 'px4_ros2_py' build argument 'catkin_cmake_args' from command line to 'None'
[0.226s] Level 5:colcon.colcon_core.verb:set package 'px4_ros2_py' build argument 'catkin_skip_building_tests' from command line to 'False'
[0.226s] DEBUG:colcon.colcon_core.verb:Building package 'px4_ros2_py' with the following arguments: {'ament_cmake_args': None, 'build_base': '/home/rudra/custom_flightmode/build/px4_ros2_py', 'catkin_cmake_args': None, 'catkin_skip_building_tests': False, 'cmake_args': None, 'cmake_clean_cache': False, 'cmake_clean_first': False, 'cmake_force_configure': False, 'cmake_target': None, 'cmake_target_skip_unavailable': False, 'install_base': '/home/rudra/custom_flightmode/install/px4_ros2_py', 'merge_install': False, 'path': '/home/rudra/custom_flightmode/src/px4-ros2-interface-lib/px4_ros2_py', 'symlink_install': False, 'test_result_base': None}
[0.226s] Level 5:colcon.colcon_core.verb:set package 'example_mode_goto_py' build argument 'cmake_args' from command line to 'None'
[0.226s] Level 5:colcon.colcon_core.verb:set package 'example_mode_goto_py' build argument 'cmake_target' from command line to 'None'
[0.226s] Level 5:colcon.colcon_core.verb:set package 'example_mode_goto_py' build argument 'cmake_target_skip_unavailable' from command line to 'False'
[0.226s] Level 5:colcon.colcon_core.verb:set package 'example_mode_goto_py' build argument 'cmake_clean_cache' from command line to 'False'
[0.226s] Level 5:colcon.colcon_core.verb:set package 'example_mode_goto_py' build argument 'cmake_clean_first' from command line to 'False'
[0.226s] Level 5:colcon.colcon_core.verb:set package 'example_mode_goto_py' build argument 'cmake_force_configure' from command line to 'False'
[0.226s] Level 5:colcon.colcon_core.verb:set package 'example_mode_goto_py' build argument 'ament_cmake_args' from command line to 'None'
[0.226s] Level 5:colcon.colcon_core.verb:set package 'example_mode_goto_py' build argument 'catkin_cmake_args' from command line to 'None'
[0.226s] Level 5:colcon.colcon_core.verb:set package 'example_mode_goto_py' build argument 'catkin_skip_building_tests' from command line to 'False'
[0.226s] DEBUG:colcon.colcon_core.verb:Building package 'example_mode_goto_py' with the following arguments: {'ament_cmake_args': None, 'build_base': '/home/rudra/custom_flightmode/build/example_mode_goto_py', 'catkin_cmake_args': None, 'catkin_skip_building_tests': False, 'cmake_args': None, 'cmake_clean_cache': False, 'cmake_clean_first': False, 'cmake_force_configure': False, 'cmake_target': None, 'cmake_target_skip_unavailable': False, 'install_base': '/home/rudra/custom_flightmode/install/example_mode_goto_py', 'merge_install': False, 'path': '/home/rudra/custom_flightmode/src/px4-ros2-interface-lib/examples/python/modes/goto', 'symlink_install': False, 'test_result_base': None}
[0.226s] Level 5:colcon.colcon_core.verb:set package 'example_mode_with_rclpy_py' build argument 'cmake_args' from command line to 'None'
[0.226s] Level 5:colcon.colcon_core.verb:set package 'example_mode_with_rclpy_py' build argument 'cmake_target' from command line to 'None'
[0.226s] Level 5:colcon.colcon_core.verb:set package 'example_mode_with_rclpy_py' build argument 'cmake_target_skip_unavailable' from command line to 'False'
[0.226s] Level 5:colcon.colcon_core.verb:set package 'example_mode_with_rclpy_py' build argument 'cmake_clean_cache' from command line to 'False'
[0.227s] Level 5:colcon.colcon_core.verb:set package 'example_mode_with_rclpy_py' build argument 'cmake_clean_first' from command line to 'False'
[0.227s] Level 5:colcon.colcon_core.verb:set package 'example_mode_with_rclpy_py' build argument 'cmake_force_configure' from command line to 'False'
[0.227s] Level 5:colcon.colcon_core.verb:set package 'example_mode_with_rclpy_py' build argument 'ament_cmake_args' from command line to 'None'
[0.227s] Level 5:colcon.colcon_core.verb:set package 'example_mode_with_rclpy_py' build argument 'catkin_cmake_args' from command line to 'None'
[0.227s] Level 5:colcon.colcon_core.verb:set package 'example_mode_with_rclpy_py' build argument 'catkin_skip_building_tests' from command line to 'False'
[0.227s] DEBUG:colcon.colcon_core.verb:Building package 'example_mode_with_rclpy_py' with the following arguments: {'ament_cmake_args': None, 'build_base': '/home/rudra/custom_flightmode/build/example_mode_with_rclpy_py', 'catkin_cmake_args': None, 'catkin_skip_building_tests': False, 'cmake_args': None, 'cmake_clean_cache': False, 'cmake_clean_first': False, 'cmake_force_configure': False, 'cmake_target': None, 'cmake_target_skip_unavailable': False, 'install_base': '/home/rudra/custom_flightmode/install/example_mode_with_rclpy_py', 'merge_install': False, 'path': '/home/rudra/custom_flightmode/src/px4-ros2-interface-lib/examples/python/modes/goto_with_rclpy', 'symlink_install': False, 'test_result_base': None}
[0.227s] INFO:colcon.colcon_core.executor:Executing jobs using 'parallel' executor
[0.227s] DEBUG:colcon.colcon_parallel_executor.executor.parallel:run_until_complete
[0.228s] INFO:colcon.colcon_ros.task.ament_cmake.build:Building ROS package in '/home/rudra/custom_flightmode/src/px4_msgs' with build type 'ament_cmake'
[0.228s] INFO:colcon.colcon_cmake.task.cmake.build:Building CMake package in '/home/rudra/custom_flightmode/src/px4_msgs'
[0.230s] INFO:colcon.colcon_core.plugin_system:Skipping extension 'colcon_core.shell.bat': Not used on non-Windows systems
[0.230s] INFO:colcon.colcon_core.shell:Skip shell extension 'powershell' for command environment: Not usable outside of PowerShell
[0.230s] DEBUG:colcon.colcon_core.shell:Skip shell extension 'dsv' for command environment
[0.236s] DEBUG:colcon.colcon_core.event_handler.log_command:Invoking command in '/home/rudra/custom_flightmode/build/px4_msgs': CMAKE_PREFIX_PATH=/home/rudra/ros2_ws/install/talker_listener:/home/rudra/ros2_ws/install/first_pkg:/opt/ros/humble /usr/bin/cmake /home/rudra/custom_flightmode/src/px4_msgs -DCMAKE_INSTALL_PREFIX=/home/rudra/custom_flightmode/install/px4_msgs
[3.586s] DEBUG:colcon.colcon_core.event_handler.log_command:Invoked command in '/home/rudra/custom_flightmode/build/px4_msgs' returned '0': CMAKE_PREFIX_PATH=/home/rudra/ros2_ws/install/talker_listener:/home/rudra/ros2_ws/install/first_pkg:/opt/ros/humble /usr/bin/cmake /home/rudra/custom_flightmode/src/px4_msgs -DCMAKE_INSTALL_PREFIX=/home/rudra/custom_flightmode/install/px4_msgs
[3.587s] DEBUG:colcon.colcon_core.event_handler.log_command:Invoking command in '/home/rudra/custom_flightmode/build/px4_msgs': CMAKE_PREFIX_PATH=/home/rudra/ros2_ws/install/talker_listener:/home/rudra/ros2_ws/install/first_pkg:/opt/ros/humble /usr/bin/cmake --build /home/rudra/custom_flightmode/build/px4_msgs -- -j12 -l12
[196.749s] DEBUG:colcon.colcon_core.event_handler.log_command:Invoked command in '/home/rudra/custom_flightmode/build/px4_msgs' returned '0': CMAKE_PREFIX_PATH=/home/rudra/ros2_ws/install/talker_listener:/home/rudra/ros2_ws/install/first_pkg:/opt/ros/humble /usr/bin/cmake --build /home/rudra/custom_flightmode/build/px4_msgs -- -j12 -l12
[196.758s] DEBUG:colcon.colcon_core.event_handler.log_command:Invoking command in '/home/rudra/custom_flightmode/build/px4_msgs': CMAKE_PREFIX_PATH=/home/rudra/ros2_ws/install/talker_listener:/home/rudra/ros2_ws/install/first_pkg:/opt/ros/humble /usr/bin/cmake --install /home/rudra/custom_flightmode/build/px4_msgs
[198.201s] Level 1:colcon.colcon_core.environment:create_environment_scripts_only(px4_msgs)
[198.201s] DEBUG:colcon.colcon_core.event_handler.log_command:Invoked command in '/home/rudra/custom_flightmode/build/px4_msgs' returned '0': CMAKE_PREFIX_PATH=/home/rudra/ros2_ws/install/talker_listener:/home/rudra/ros2_ws/install/first_pkg:/opt/ros/humble /usr/bin/cmake --install /home/rudra/custom_flightmode/build/px4_msgs
[198.203s] Level 1:colcon.colcon_core.environment:checking '/home/rudra/custom_flightmode/install/px4_msgs' for CMake module files
[198.203s] Level 1:colcon.colcon_core.environment:checking '/home/rudra/custom_flightmode/install/px4_msgs' for CMake config files
[198.204s] Level 1:colcon.colcon_core.shell:create_environment_hook('px4_msgs', 'cmake_prefix_path')
[198.204s] INFO:colcon.colcon_core.shell:Creating environment hook '/home/rudra/custom_flightmode/install/px4_msgs/share/px4_msgs/hook/cmake_prefix_path.ps1'
[198.205s] INFO:colcon.colcon_core.shell:Creating environment descriptor '/home/rudra/custom_flightmode/install/px4_msgs/share/px4_msgs/hook/cmake_prefix_path.dsv'
[198.205s] INFO:colcon.colcon_core.shell:Creating environment hook '/home/rudra/custom_flightmode/install/px4_msgs/share/px4_msgs/hook/cmake_prefix_path.sh'
[198.206s] Level 1:colcon.colcon_core.environment:checking '/home/rudra/custom_flightmode/install/px4_msgs/lib'
[198.206s] Level 1:colcon.colcon_core.shell:create_environment_hook('px4_msgs', 'ld_library_path_lib')
[198.206s] INFO:colcon.colcon_core.shell:Creating environment hook '/home/rudra/custom_flightmode/install/px4_msgs/share/px4_msgs/hook/ld_library_path_lib.ps1'
[198.206s] INFO:colcon.colcon_core.shell:Creating environment descriptor '/home/rudra/custom_flightmode/install/px4_msgs/share/px4_msgs/hook/ld_library_path_lib.dsv'
[198.207s] INFO:colcon.colcon_core.shell:Creating environment hook '/home/rudra/custom_flightmode/install/px4_msgs/share/px4_msgs/hook/ld_library_path_lib.sh'
[198.207s] Level 1:colcon.colcon_core.environment:checking '/home/rudra/custom_flightmode/install/px4_msgs/bin'
[198.207s] Level 1:colcon.colcon_core.environment:checking '/home/rudra/custom_flightmode/install/px4_msgs/lib/pkgconfig/px4_msgs.pc'
[198.207s] Level 1:colcon.colcon_core.environment:checking '/home/rudra/custom_flightmode/install/px4_msgs/lib/python3.10/site-packages'
[198.207s] Level 1:colcon.colcon_core.environment:checking '/home/rudra/custom_flightmode/install/px4_msgs/bin'
[198.208s] INFO:colcon.colcon_core.shell:Creating package script '/home/rudra/custom_flightmode/install/px4_msgs/share/px4_msgs/package.ps1'
[198.208s] INFO:colcon.colcon_core.shell:Creating package descriptor '/home/rudra/custom_flightmode/install/px4_msgs/share/px4_msgs/package.dsv'
[198.209s] INFO:colcon.colcon_core.shell:Creating package script '/home/rudra/custom_flightmode/install/px4_msgs/share/px4_msgs/package.sh'
[198.209s] INFO:colcon.colcon_core.shell:Creating package script '/home/rudra/custom_flightmode/install/px4_msgs/share/px4_msgs/package.bash'
[198.210s] INFO:colcon.colcon_core.shell:Creating package script '/home/rudra/custom_flightmode/install/px4_msgs/share/px4_msgs/package.zsh'
[198.210s] Level 1:colcon.colcon_core.environment:create_file_with_runtime_dependencies(/home/rudra/custom_flightmode/install/px4_msgs/share/colcon-core/packages/px4_msgs)
[198.211s] Level 1:colcon.colcon_core.environment:create_environment_scripts_only(px4_msgs)
[198.211s] Level 1:colcon.colcon_core.environment:checking '/home/rudra/custom_flightmode/install/px4_msgs' for CMake module files
[198.211s] Level 1:colcon.colcon_core.environment:checking '/home/rudra/custom_flightmode/install/px4_msgs' for CMake config files
[198.212s] Level 1:colcon.colcon_core.shell:create_environment_hook('px4_msgs', 'cmake_prefix_path')
[198.212s] INFO:colcon.colcon_core.shell:Creating environment hook '/home/rudra/custom_flightmode/install/px4_msgs/share/px4_msgs/hook/cmake_prefix_path.ps1'
[198.213s] INFO:colcon.colcon_core.shell:Creating environment descriptor '/home/rudra/custom_flightmode/install/px4_msgs/share/px4_msgs/hook/cmake_prefix_path.dsv'
[198.213s] INFO:colcon.colcon_core.shell:Creating environment hook '/home/rudra/custom_flightmode/install/px4_msgs/share/px4_msgs/hook/cmake_prefix_path.sh'
[198.213s] Level 1:colcon.colcon_core.environment:checking '/home/rudra/custom_flightmode/install/px4_msgs/lib'
[198.213s] Level 1:colcon.colcon_core.shell:create_environment_hook('px4_msgs', 'ld_library_path_lib')
[198.214s] INFO:colcon.colcon_core.shell:Creating environment hook '/home/rudra/custom_flightmode/install/px4_msgs/share/px4_msgs/hook/ld_library_path_lib.ps1'
[198.214s] INFO:colcon.colcon_core.shell:Creating environment descriptor '/home/rudra/custom_flightmode/install/px4_msgs/share/px4_msgs/hook/ld_library_path_lib.dsv'
[198.214s] INFO:colcon.colcon_core.shell:Creating environment hook '/home/rudra/custom_flightmode/install/px4_msgs/share/px4_msgs/hook/ld_library_path_lib.sh'
[198.214s] Level 1:colcon.colcon_core.environment:checking '/home/rudra/custom_flightmode/install/px4_msgs/bin'
[198.214s] Level 1:colcon.colcon_core.environment:checking '/home/rudra/custom_flightmode/install/px4_msgs/lib/pkgconfig/px4_msgs.pc'
[198.215s] Level 1:colcon.colcon_core.environment:checking '/home/rudra/custom_flightmode/install/px4_msgs/lib/python3.10/site-packages'
[198.215s] Level 1:colcon.colcon_core.environment:checking '/home/rudra/custom_flightmode/install/px4_msgs/bin'
[198.215s] INFO:colcon.colcon_core.shell:Creating package script '/home/rudra/custom_flightmode/install/px4_msgs/share/px4_msgs/package.ps1'
[198.215s] INFO:colcon.colcon_core.shell:Creating package descriptor '/home/rudra/custom_flightmode/install/px4_msgs/share/px4_msgs/package.dsv'
[198.217s] INFO:colcon.colcon_core.shell:Creating package script '/home/rudra/custom_flightmode/install/px4_msgs/share/px4_msgs/package.sh'
[198.217s] INFO:colcon.colcon_core.shell:Creating package script '/home/rudra/custom_flightmode/install/px4_msgs/share/px4_msgs/package.bash'
[198.217s] INFO:colcon.colcon_core.shell:Creating package script '/home/rudra/custom_flightmode/install/px4_msgs/share/px4_msgs/package.zsh'
[198.218s] Level 1:colcon.colcon_core.environment:create_file_with_runtime_dependencies(/home/rudra/custom_flightmode/install/px4_msgs/share/colcon-core/packages/px4_msgs)
[198.218s] INFO:colcon.colcon_ros.task.ament_cmake.build:Building ROS package in '/home/rudra/custom_flightmode/src/px4-ros2-interface-lib/px4_ros2_cpp' with build type 'ament_cmake'
[198.218s] INFO:colcon.colcon_cmake.task.cmake.build:Building CMake package in '/home/rudra/custom_flightmode/src/px4-ros2-interface-lib/px4_ros2_cpp'
[198.218s] INFO:colcon.colcon_core.shell:Skip shell extension 'powershell' for command environment: Not usable outside of PowerShell
[198.218s] DEBUG:colcon.colcon_core.shell:Skip shell extension 'dsv' for command environment
[198.226s] DEBUG:colcon.colcon_core.event_handler.log_command:Invoking command in '/home/rudra/custom_flightmode/build/px4_ros2_cpp': AMENT_PREFIX_PATH=/home/rudra/custom_flightmode/install/px4_msgs:${AMENT_PREFIX_PATH} CMAKE_PREFIX_PATH=/home/rudra/custom_flightmode/install/px4_msgs:/home/rudra/ros2_ws/install/talker_listener:/home/rudra/ros2_ws/install/first_pkg:/opt/ros/humble LD_LIBRARY_PATH=/home/rudra/custom_flightmode/install/px4_msgs/lib:${LD_LIBRARY_PATH} PYTHONPATH=/home/rudra/custom_flightmode/install/px4_msgs/local/lib/python3.10/dist-packages:${PYTHONPATH} /usr/bin/cmake /home/rudra/custom_flightmode/src/px4-ros2-interface-lib/px4_ros2_cpp -DCMAKE_INSTALL_PREFIX=/home/rudra/custom_flightmode/install/px4_ros2_cpp
[199.483s] DEBUG:colcon.colcon_core.event_handler.log_command:Invoked command in '/home/rudra/custom_flightmode/build/px4_ros2_cpp' returned '0': AMENT_PREFIX_PATH=/home/rudra/custom_flightmode/install/px4_msgs:${AMENT_PREFIX_PATH} CMAKE_PREFIX_PATH=/home/rudra/custom_flightmode/install/px4_msgs:/home/rudra/ros2_ws/install/talker_listener:/home/rudra/ros2_ws/install/first_pkg:/opt/ros/humble LD_LIBRARY_PATH=/home/rudra/custom_flightmode/install/px4_msgs/lib:${LD_LIBRARY_PATH} PYTHONPATH=/home/rudra/custom_flightmode/install/px4_msgs/local/lib/python3.10/dist-packages:${PYTHONPATH} /usr/bin/cmake /home/rudra/custom_flightmode/src/px4-ros2-interface-lib/px4_ros2_cpp -DCMAKE_INSTALL_PREFIX=/home/rudra/custom_flightmode/install/px4_ros2_cpp
[199.484s] DEBUG:colcon.colcon_core.event_handler.log_command:Invoking command in '/home/rudra/custom_flightmode/build/px4_ros2_cpp': AMENT_PREFIX_PATH=/home/rudra/custom_flightmode/install/px4_msgs:${AMENT_PREFIX_PATH} CMAKE_PREFIX_PATH=/home/rudra/custom_flightmode/install/px4_msgs:/home/rudra/ros2_ws/install/talker_listener:/home/rudra/ros2_ws/install/first_pkg:/opt/ros/humble LD_LIBRARY_PATH=/home/rudra/custom_flightmode/install/px4_msgs/lib:${LD_LIBRARY_PATH} PYTHONPATH=/home/rudra/custom_flightmode/install/px4_msgs/local/lib/python3.10/dist-packages:${PYTHONPATH} /usr/bin/cmake --build /home/rudra/custom_flightmode/build/px4_ros2_cpp -- -j12 -l12
[208.328s] DEBUG:colcon.colcon_core.event_handler.log_command:Invoked command in '/home/rudra/custom_flightmode/build/px4_ros2_cpp' returned '0': AMENT_PREFIX_PATH=/home/rudra/custom_flightmode/install/px4_msgs:${AMENT_PREFIX_PATH} CMAKE_PREFIX_PATH=/home/rudra/custom_flightmode/install/px4_msgs:/home/rudra/ros2_ws/install/talker_listener:/home/rudra/ros2_ws/install/first_pkg:/opt/ros/humble LD_LIBRARY_PATH=/home/rudra/custom_flightmode/install/px4_msgs/lib:${LD_LIBRARY_PATH} PYTHONPATH=/home/rudra/custom_flightmode/install/px4_msgs/local/lib/python3.10/dist-packages:${PYTHONPATH} /usr/bin/cmake --build /home/rudra/custom_flightmode/build/px4_ros2_cpp -- -j12 -l12
[208.329s] DEBUG:colcon.colcon_core.event_handler.log_command:Invoking command in '/home/rudra/custom_flightmode/build/px4_ros2_cpp': AMENT_PREFIX_PATH=/home/rudra/custom_flightmode/install/px4_msgs:${AMENT_PREFIX_PATH} CMAKE_PREFIX_PATH=/home/rudra/custom_flightmode/install/px4_msgs:/home/rudra/ros2_ws/install/talker_listener:/home/rudra/ros2_ws/install/first_pkg:/opt/ros/humble LD_LIBRARY_PATH=/home/rudra/custom_flightmode/install/px4_msgs/lib:${LD_LIBRARY_PATH} PYTHONPATH=/home/rudra/custom_flightmode/install/px4_msgs/local/lib/python3.10/dist-packages:${PYTHONPATH} /usr/bin/cmake --install /home/rudra/custom_flightmode/build/px4_ros2_cpp
[208.455s] Level 1:colcon.colcon_core.environment:create_environment_scripts_only(px4_ros2_cpp)
[208.456s] Level 1:colcon.colcon_core.environment:checking '/home/rudra/custom_flightmode/install/px4_ros2_cpp' for CMake module files
[208.456s] DEBUG:colcon.colcon_core.event_handler.log_command:Invoked command in '/home/rudra/custom_flightmode/build/px4_ros2_cpp' returned '0': AMENT_PREFIX_PATH=/home/rudra/custom_flightmode/install/px4_msgs:${AMENT_PREFIX_PATH} CMAKE_PREFIX_PATH=/home/rudra/custom_flightmode/install/px4_msgs:/home/rudra/ros2_ws/install/talker_listener:/home/rudra/ros2_ws/install/first_pkg:/opt/ros/humble LD_LIBRARY_PATH=/home/rudra/custom_flightmode/install/px4_msgs/lib:${LD_LIBRARY_PATH} PYTHONPATH=/home/rudra/custom_flightmode/install/px4_msgs/local/lib/python3.10/dist-packages:${PYTHONPATH} /usr/bin/cmake --install /home/rudra/custom_flightmode/build/px4_ros2_cpp
[208.456s] Level 1:colcon.colcon_core.environment:checking '/home/rudra/custom_flightmode/install/px4_ros2_cpp' for CMake config files
[208.456s] Level 1:colcon.colcon_core.shell:create_environment_hook('px4_ros2_cpp', 'cmake_prefix_path')
[208.457s] INFO:colcon.colcon_core.shell:Creating environment hook '/home/rudra/custom_flightmode/install/px4_ros2_cpp/share/px4_ros2_cpp/hook/cmake_prefix_path.ps1'
[208.457s] INFO:colcon.colcon_core.shell:Creating environment descriptor '/home/rudra/custom_flightmode/install/px4_ros2_cpp/share/px4_ros2_cpp/hook/cmake_prefix_path.dsv'
[208.457s] INFO:colcon.colcon_core.shell:Creating environment hook '/home/rudra/custom_flightmode/install/px4_ros2_cpp/share/px4_ros2_cpp/hook/cmake_prefix_path.sh'
[208.458s] Level 1:colcon.colcon_core.environment:checking '/home/rudra/custom_flightmode/install/px4_ros2_cpp/lib'
[208.458s] Level 1:colcon.colcon_core.shell:create_environment_hook('px4_ros2_cpp', 'ld_library_path_lib')
[208.458s] INFO:colcon.colcon_core.shell:Creating environment hook '/home/rudra/custom_flightmode/install/px4_ros2_cpp/share/px4_ros2_cpp/hook/ld_library_path_lib.ps1'
[208.458s] INFO:colcon.colcon_core.shell:Creating environment descriptor '/home/rudra/custom_flightmode/install/px4_ros2_cpp/share/px4_ros2_cpp/hook/ld_library_path_lib.dsv'
[208.458s] INFO:colcon.colcon_core.shell:Creating environment hook '/home/rudra/custom_flightmode/install/px4_ros2_cpp/share/px4_ros2_cpp/hook/ld_library_path_lib.sh'
[208.459s] Level 1:colcon.colcon_core.environment:checking '/home/rudra/custom_flightmode/install/px4_ros2_cpp/bin'
[208.459s] Level 1:colcon.colcon_core.environment:checking '/home/rudra/custom_flightmode/install/px4_ros2_cpp/lib/pkgconfig/px4_ros2_cpp.pc'
[208.459s] Level 1:colcon.colcon_core.environment:checking '/home/rudra/custom_flightmode/install/px4_ros2_cpp/lib/python3.10/site-packages'
[208.459s] Level 1:colcon.colcon_core.environment:checking '/home/rudra/custom_flightmode/install/px4_ros2_cpp/bin'
[208.459s] INFO:colcon.colcon_core.shell:Creating package script '/home/rudra/custom_flightmode/install/px4_ros2_cpp/share/px4_ros2_cpp/package.ps1'
[208.460s] INFO:colcon.colcon_core.shell:Creating package descriptor '/home/rudra/custom_flightmode/install/px4_ros2_cpp/share/px4_ros2_cpp/package.dsv'
[208.460s] INFO:colcon.colcon_core.shell:Creating package script '/home/rudra/custom_flightmode/install/px4_ros2_cpp/share/px4_ros2_cpp/package.sh'
[208.460s] INFO:colcon.colcon_core.shell:Creating package script '/home/rudra/custom_flightmode/install/px4_ros2_cpp/share/px4_ros2_cpp/package.bash'
[208.461s] INFO:colcon.colcon_core.shell:Creating package script '/home/rudra/custom_flightmode/install/px4_ros2_cpp/share/px4_ros2_cpp/package.zsh'
[208.461s] Level 1:colcon.colcon_core.environment:create_file_with_runtime_dependencies(/home/rudra/custom_flightmode/install/px4_ros2_cpp/share/colcon-core/packages/px4_ros2_cpp)
[208.461s] Level 1:colcon.colcon_core.environment:create_environment_scripts_only(px4_ros2_cpp)
[208.462s] Level 1:colcon.colcon_core.environment:checking '/home/rudra/custom_flightmode/install/px4_ros2_cpp' for CMake module files
[208.462s] Level 1:colcon.colcon_core.environment:checking '/home/rudra/custom_flightmode/install/px4_ros2_cpp' for CMake config files
[208.462s] Level 1:colcon.colcon_core.shell:create_environment_hook('px4_ros2_cpp', 'cmake_prefix_path')
[208.462s] INFO:colcon.colcon_core.shell:Creating environment hook '/home/rudra/custom_flightmode/install/px4_ros2_cpp/share/px4_ros2_cpp/hook/cmake_prefix_path.ps1'
[208.462s] INFO:colcon.colcon_core.shell:Creating environment descriptor '/home/rudra/custom_flightmode/install/px4_ros2_cpp/share/px4_ros2_cpp/hook/cmake_prefix_path.dsv'
[208.463s] INFO:colcon.colcon_core.shell:Creating environment hook '/home/rudra/custom_flightmode/install/px4_ros2_cpp/share/px4_ros2_cpp/hook/cmake_prefix_path.sh'
[208.463s] Level 1:colcon.colcon_core.environment:checking '/home/rudra/custom_flightmode/install/px4_ros2_cpp/lib'
[208.463s] Level 1:colcon.colcon_core.shell:create_environment_hook('px4_ros2_cpp', 'ld_library_path_lib')
[208.463s] INFO:colcon.colcon_core.shell:Creating environment hook '/home/rudra/custom_flightmode/install/px4_ros2_cpp/share/px4_ros2_cpp/hook/ld_library_path_lib.ps1'
[208.464s] INFO:colcon.colcon_core.shell:Creating environment descriptor '/home/rudra/custom_flightmode/install/px4_ros2_cpp/share/px4_ros2_cpp/hook/ld_library_path_lib.dsv'
[208.464s] INFO:colcon.colcon_core.shell:Creating environment hook '/home/rudra/custom_flightmode/install/px4_ros2_cpp/share/px4_ros2_cpp/hook/ld_library_path_lib.sh'
[208.464s] Level 1:colcon.colcon_core.environment:checking '/home/rudra/custom_flightmode/install/px4_ros2_cpp/bin'
[208.464s] Level 1:colcon.colcon_core.environment:checking '/home/rudra/custom_flightmode/install/px4_ros2_cpp/lib/pkgconfig/px4_ros2_cpp.pc'
[208.464s] Level 1:colcon.colcon_core.environment:checking '/home/rudra/custom_flightmode/install/px4_ros2_cpp/lib/python3.10/site-packages'
[208.464s] Level 1:colcon.colcon_core.environment:checking '/home/rudra/custom_flightmode/install/px4_ros2_cpp/bin'
[208.465s] INFO:colcon.colcon_core.shell:Creating package script '/home/rudra/custom_flightmode/install/px4_ros2_cpp/share/px4_ros2_cpp/package.ps1'
[208.465s] INFO:colcon.colcon_core.shell:Creating package descriptor '/home/rudra/custom_flightmode/install/px4_ros2_cpp/share/px4_ros2_cpp/package.dsv'
[208.466s] INFO:colcon.colcon_core.shell:Creating package script '/home/rudra/custom_flightmode/install/px4_ros2_cpp/share/px4_ros2_cpp/package.sh'
[208.466s] INFO:colcon.colcon_core.shell:Creating package script '/home/rudra/custom_flightmode/install/px4_ros2_cpp/share/px4_ros2_cpp/package.bash'
[208.466s] INFO:colcon.colcon_core.shell:Creating package script '/home/rudra/custom_flightmode/install/px4_ros2_cpp/share/px4_ros2_cpp/package.zsh'
[208.466s] Level 1:colcon.colcon_core.environment:create_file_with_runtime_dependencies(/home/rudra/custom_flightmode/install/px4_ros2_cpp/share/colcon-core/packages/px4_ros2_cpp)
[208.467s] INFO:colcon.colcon_ros.task.ament_cmake.build:Building ROS package in '/home/rudra/custom_flightmode/src/px4-ros2-interface-lib/px4_ros2_py' with build type 'ament_cmake'
[208.467s] INFO:colcon.colcon_cmake.task.cmake.build:Building CMake package in '/home/rudra/custom_flightmode/src/px4-ros2-interface-lib/px4_ros2_py'
[208.467s] INFO:colcon.colcon_core.shell:Skip shell extension 'powershell' for command environment: Not usable outside of PowerShell
[208.467s] DEBUG:colcon.colcon_core.shell:Skip shell extension 'dsv' for command environment
[208.470s] INFO:colcon.colcon_ros.task.ament_cmake.build:Building ROS package in '/home/rudra/custom_flightmode/src/px4_ros2_custom_flight_mode' with build type 'ament_cmake'
[208.470s] INFO:colcon.colcon_cmake.task.cmake.build:Building CMake package in '/home/rudra/custom_flightmode/src/px4_ros2_custom_flight_mode'
[208.470s] INFO:colcon.colcon_core.shell:Skip shell extension 'powershell' for command environment: Not usable outside of PowerShell
[208.470s] DEBUG:colcon.colcon_core.shell:Skip shell extension 'dsv' for command environment
[208.472s] INFO:colcon.colcon_ros.task.ament_cmake.build:Building ROS package in '/home/rudra/custom_flightmode/src/px4-ros2-interface-lib/examples/cpp/modes/executor_with_multiple_modes' with build type 'ament_cmake'
[208.473s] INFO:colcon.colcon_cmake.task.cmake.build:Building CMake package in '/home/rudra/custom_flightmode/src/px4-ros2-interface-lib/examples/cpp/modes/executor_with_multiple_modes'
[208.473s] INFO:colcon.colcon_core.shell:Skip shell extension 'powershell' for command environment: Not usable outside of PowerShell
[208.473s] DEBUG:colcon.colcon_core.shell:Skip shell extension 'dsv' for command environment
[208.475s] INFO:colcon.colcon_ros.task.ament_cmake.build:Building ROS package in '/home/rudra/custom_flightmode/src/px4-ros2-interface-lib/examples/cpp/navigation/global_navigation' with build type 'ament_cmake'
[208.475s] INFO:colcon.colcon_cmake.task.cmake.build:Building CMake package in '/home/rudra/custom_flightmode/src/px4-ros2-interface-lib/examples/cpp/navigation/global_navigation'
[208.476s] INFO:colcon.colcon_core.shell:Skip shell extension 'powershell' for command environment: Not usable outside of PowerShell
[208.476s] DEBUG:colcon.colcon_core.shell:Skip shell extension 'dsv' for command environment
[208.478s] INFO:colcon.colcon_ros.task.ament_cmake.build:Building ROS package in '/home/rudra/custom_flightmode/src/px4-ros2-interface-lib/examples/cpp/navigation/local_navigation' with build type 'ament_cmake'
[208.478s] INFO:colcon.colcon_cmake.task.cmake.build:Building CMake package in '/home/rudra/custom_flightmode/src/px4-ros2-interface-lib/examples/cpp/navigation/local_navigation'
[208.478s] INFO:colcon.colcon_core.shell:Skip shell extension 'powershell' for command environment: Not usable outside of PowerShell
[208.478s] DEBUG:colcon.colcon_core.shell:Skip shell extension 'dsv' for command environment
[208.481s] INFO:colcon.colcon_ros.task.ament_cmake.build:Building ROS package in '/home/rudra/custom_flightmode/src/px4-ros2-interface-lib/examples/cpp/modes/fw_attitude' with build type 'ament_cmake'
[208.481s] INFO:colcon.colcon_cmake.task.cmake.build:Building CMake package in '/home/rudra/custom_flightmode/src/px4-ros2-interface-lib/examples/cpp/modes/fw_attitude'
[208.481s] INFO:colcon.colcon_core.shell:Skip shell extension 'powershell' for command environment: Not usable outside of PowerShell
[208.481s] DEBUG:colcon.colcon_core.shell:Skip shell extension 'dsv' for command environment
[208.484s] INFO:colcon.colcon_ros.task.ament_cmake.build:Building ROS package in '/home/rudra/custom_flightmode/src/px4-ros2-interface-lib/examples/cpp/modes/goto' with build type 'ament_cmake'
[208.484s] INFO:colcon.colcon_cmake.task.cmake.build:Building CMake package in '/home/rudra/custom_flightmode/src/px4-ros2-interface-lib/examples/cpp/modes/goto'
[208.485s] INFO:colcon.colcon_core.shell:Skip shell extension 'powershell' for command environment: Not usable outside of PowerShell
[208.485s] DEBUG:colcon.colcon_core.shell:Skip shell extension 'dsv' for command environment
[208.487s] INFO:colcon.colcon_ros.task.ament_cmake.build:Building ROS package in '/home/rudra/custom_flightmode/src/px4-ros2-interface-lib/examples/cpp/modes/goto_global' with build type 'ament_cmake'
[208.487s] INFO:colcon.colcon_cmake.task.cmake.build:Building CMake package in '/home/rudra/custom_flightmode/src/px4-ros2-interface-lib/examples/cpp/modes/goto_global'
[208.488s] INFO:colcon.colcon_core.shell:Skip shell extension 'powershell' for command environment: Not usable outside of PowerShell
[208.488s] DEBUG:colcon.colcon_core.shell:Skip shell extension 'dsv' for command environment
[208.490s] INFO:colcon.colcon_ros.task.ament_cmake.build:Building ROS package in '/home/rudra/custom_flightmode/src/px4-ros2-interface-lib/examples/cpp/modes/manual' with build type 'ament_cmake'
[208.490s] INFO:colcon.colcon_cmake.task.cmake.build:Building CMake package in '/home/rudra/custom_flightmode/src/px4-ros2-interface-lib/examples/cpp/modes/manual'
[208.490s] INFO:colcon.colcon_core.shell:Skip shell extension 'powershell' for command environment: Not usable outside of PowerShell
[208.490s] DEBUG:colcon.colcon_core.shell:Skip shell extension 'dsv' for command environment
[208.493s] INFO:colcon.colcon_ros.task.ament_cmake.build:Building ROS package in '/home/rudra/custom_flightmode/src/px4-ros2-interface-lib/examples/cpp/modes/mission' with build type 'ament_cmake'
[208.493s] INFO:colcon.colcon_cmake.task.cmake.build:Building CMake package in '/home/rudra/custom_flightmode/src/px4-ros2-interface-lib/examples/cpp/modes/mission'
[208.493s] INFO:colcon.colcon_core.shell:Skip shell extension 'powershell' for command environment: Not usable outside of PowerShell
[208.493s] DEBUG:colcon.colcon_core.shell:Skip shell extension 'dsv' for command environment
[208.496s] INFO:colcon.colcon_ros.task.ament_cmake.build:Building ROS package in '/home/rudra/custom_flightmode/src/px4-ros2-interface-lib/examples/cpp/modes/rtl_replacement' with build type 'ament_cmake'
[208.496s] INFO:colcon.colcon_cmake.task.cmake.build:Building CMake package in '/home/rudra/custom_flightmode/src/px4-ros2-interface-lib/examples/cpp/modes/rtl_replacement'
[208.496s] INFO:colcon.colcon_core.shell:Skip shell extension 'powershell' for command environment: Not usable outside of PowerShell
[208.496s] DEBUG:colcon.colcon_core.shell:Skip shell extension 'dsv' for command environment
[208.499s] INFO:colcon.colcon_ros.task.ament_cmake.build:Building ROS package in '/home/rudra/custom_flightmode/src/px4-ros2-interface-lib/examples/cpp/modes/vtol' with build type 'ament_cmake'
[208.499s] INFO:colcon.colcon_cmake.task.cmake.build:Building CMake package in '/home/rudra/custom_flightmode/src/px4-ros2-interface-lib/examples/cpp/modes/vtol'
[208.499s] INFO:colcon.colcon_core.shell:Skip shell extension 'powershell' for command environment: Not usable outside of PowerShell
[208.499s] DEBUG:colcon.colcon_core.shell:Skip shell extension 'dsv' for command environment
[208.505s] DEBUG:colcon.colcon_core.event_handler.log_command:Invoking command in '/home/rudra/custom_flightmode/build/px4_ros2_py': AMENT_PREFIX_PATH=/home/rudra/custom_flightmode/install/px4_ros2_cpp:/home/rudra/custom_flightmode/install/px4_msgs:${AMENT_PREFIX_PATH} CMAKE_PREFIX_PATH=/home/rudra/custom_flightmode/install/px4_ros2_cpp:/home/rudra/custom_flightmode/install/px4_msgs:/home/rudra/ros2_ws/install/talker_listener:/home/rudra/ros2_ws/install/first_pkg:/opt/ros/humble LD_LIBRARY_PATH=/home/rudra/custom_flightmode/install/px4_ros2_cpp/lib:/home/rudra/custom_flightmode/install/px4_msgs/lib:${LD_LIBRARY_PATH} PYTHONPATH=/home/rudra/custom_flightmode/install/px4_msgs/local/lib/python3.10/dist-packages:${PYTHONPATH} /usr/bin/cmake /home/rudra/custom_flightmode/src/px4-ros2-interface-lib/px4_ros2_py -DCMAKE_INSTALL_PREFIX=/home/rudra/custom_flightmode/install/px4_ros2_py
[208.507s] DEBUG:colcon.colcon_core.event_handler.log_command:Invoking command in '/home/rudra/custom_flightmode/build/draw_flight_mode': AMENT_PREFIX_PATH=/home/rudra/custom_flightmode/install/px4_ros2_cpp:/home/rudra/custom_flightmode/install/px4_msgs:${AMENT_PREFIX_PATH} CMAKE_PREFIX_PATH=/home/rudra/custom_flightmode/install/px4_ros2_cpp:/home/rudra/custom_flightmode/install/px4_msgs:/home/rudra/ros2_ws/install/talker_listener:/home/rudra/ros2_ws/install/first_pkg:/opt/ros/humble LD_LIBRARY_PATH=/home/rudra/custom_flightmode/install/px4_ros2_cpp/lib:/home/rudra/custom_flightmode/install/px4_msgs/lib:${LD_LIBRARY_PATH} PYTHONPATH=/home/rudra/custom_flightmode/install/px4_msgs/local/lib/python3.10/dist-packages:${PYTHONPATH} /usr/bin/cmake /home/rudra/custom_flightmode/src/px4_ros2_custom_flight_mode -DCMAKE_INSTALL_PREFIX=/home/rudra/custom_flightmode/install/draw_flight_mode
[208.508s] DEBUG:colcon.colcon_core.event_handler.log_command:Invoking command in '/home/rudra/custom_flightmode/build/example_executor_with_multiple_modes_cpp': AMENT_PREFIX_PATH=/home/rudra/custom_flightmode/install/px4_ros2_cpp:/home/rudra/custom_flightmode/install/px4_msgs:${AMENT_PREFIX_PATH} CMAKE_PREFIX_PATH=/home/rudra/custom_flightmode/install/px4_ros2_cpp:/home/rudra/custom_flightmode/install/px4_msgs:/home/rudra/ros2_ws/install/talker_listener:/home/rudra/ros2_ws/install/first_pkg:/opt/ros/humble LD_LIBRARY_PATH=/home/rudra/custom_flightmode/install/px4_ros2_cpp/lib:/home/rudra/custom_flightmode/install/px4_msgs/lib:${LD_LIBRARY_PATH} PYTHONPATH=/home/rudra/custom_flightmode/install/px4_msgs/local/lib/python3.10/dist-packages:${PYTHONPATH} /usr/bin/cmake /home/rudra/custom_flightmode/src/px4-ros2-interface-lib/examples/cpp/modes/executor_with_multiple_modes -DCMAKE_INSTALL_PREFIX=/home/rudra/custom_flightmode/install/example_executor_with_multiple_modes_cpp
[208.510s] DEBUG:colcon.colcon_core.event_handler.log_command:Invoking command in '/home/rudra/custom_flightmode/build/example_global_navigation_cpp': AMENT_PREFIX_PATH=/home/rudra/custom_flightmode/install/px4_ros2_cpp:/home/rudra/custom_flightmode/install/px4_msgs:${AMENT_PREFIX_PATH} CMAKE_PREFIX_PATH=/home/rudra/custom_flightmode/install/px4_ros2_cpp:/home/rudra/custom_flightmode/install/px4_msgs:/home/rudra/ros2_ws/install/talker_listener:/home/rudra/ros2_ws/install/first_pkg:/opt/ros/humble LD_LIBRARY_PATH=/home/rudra/custom_flightmode/install/px4_ros2_cpp/lib:/home/rudra/custom_flightmode/install/px4_msgs/lib:${LD_LIBRARY_PATH} PYTHONPATH=/home/rudra/custom_flightmode/install/px4_msgs/local/lib/python3.10/dist-packages:${PYTHONPATH} /usr/bin/cmake /home/rudra/custom_flightmode/src/px4-ros2-interface-lib/examples/cpp/navigation/global_navigation -DCMAKE_INSTALL_PREFIX=/home/rudra/custom_flightmode/install/example_global_navigation_cpp
[208.511s] DEBUG:colcon.colcon_core.event_handler.log_command:Invoking command in '/home/rudra/custom_flightmode/build/example_local_navigation_cpp': AMENT_PREFIX_PATH=/home/rudra/custom_flightmode/install/px4_ros2_cpp:/home/rudra/custom_flightmode/install/px4_msgs:${AMENT_PREFIX_PATH} CMAKE_PREFIX_PATH=/home/rudra/custom_flightmode/install/px4_ros2_cpp:/home/rudra/custom_flightmode/install/px4_msgs:/home/rudra/ros2_ws/install/talker_listener:/home/rudra/ros2_ws/install/first_pkg:/opt/ros/humble LD_LIBRARY_PATH=/home/rudra/custom_flightmode/install/px4_ros2_cpp/lib:/home/rudra/custom_flightmode/install/px4_msgs/lib:${LD_LIBRARY_PATH} PYTHONPATH=/home/rudra/custom_flightmode/install/px4_msgs/local/lib/python3.10/dist-packages:${PYTHONPATH} /usr/bin/cmake /home/rudra/custom_flightmode/src/px4-ros2-interface-lib/examples/cpp/navigation/local_navigation -DCMAKE_INSTALL_PREFIX=/home/rudra/custom_flightmode/install/example_local_navigation_cpp
[208.513s] DEBUG:colcon.colcon_core.event_handler.log_command:Invoking command in '/home/rudra/custom_flightmode/build/example_mode_fw_attitude_cpp': AMENT_PREFIX_PATH=/home/rudra/custom_flightmode/install/px4_ros2_cpp:/home/rudra/custom_flightmode/install/px4_msgs:${AMENT_PREFIX_PATH} CMAKE_PREFIX_PATH=/home/rudra/custom_flightmode/install/px4_ros2_cpp:/home/rudra/custom_flightmode/install/px4_msgs:/home/rudra/ros2_ws/install/talker_listener:/home/rudra/ros2_ws/install/first_pkg:/opt/ros/humble LD_LIBRARY_PATH=/home/rudra/custom_flightmode/install/px4_ros2_cpp/lib:/home/rudra/custom_flightmode/install/px4_msgs/lib:${LD_LIBRARY_PATH} PYTHONPATH=/home/rudra/custom_flightmode/install/px4_msgs/local/lib/python3.10/dist-packages:${PYTHONPATH} /usr/bin/cmake /home/rudra/custom_flightmode/src/px4-ros2-interface-lib/examples/cpp/modes/fw_attitude -DCMAKE_INSTALL_PREFIX=/home/rudra/custom_flightmode/install/example_mode_fw_attitude_cpp
[208.516s] DEBUG:colcon.colcon_core.event_handler.log_command:Invoking command in '/home/rudra/custom_flightmode/build/example_mode_goto_cpp': AMENT_PREFIX_PATH=/home/rudra/custom_flightmode/install/px4_ros2_cpp:/home/rudra/custom_flightmode/install/px4_msgs:${AMENT_PREFIX_PATH} CMAKE_PREFIX_PATH=/home/rudra/custom_flightmode/install/px4_ros2_cpp:/home/rudra/custom_flightmode/install/px4_msgs:/home/rudra/ros2_ws/install/talker_listener:/home/rudra/ros2_ws/install/first_pkg:/opt/ros/humble LD_LIBRARY_PATH=/home/rudra/custom_flightmode/install/px4_ros2_cpp/lib:/home/rudra/custom_flightmode/install/px4_msgs/lib:${LD_LIBRARY_PATH} PYTHONPATH=/home/rudra/custom_flightmode/install/px4_msgs/local/lib/python3.10/dist-packages:${PYTHONPATH} /usr/bin/cmake /home/rudra/custom_flightmode/src/px4-ros2-interface-lib/examples/cpp/modes/goto -DCMAKE_INSTALL_PREFIX=/home/rudra/custom_flightmode/install/example_mode_goto_cpp
[208.517s] DEBUG:colcon.colcon_core.event_handler.log_command:Invoking command in '/home/rudra/custom_flightmode/build/example_mode_goto_global_cpp': AMENT_PREFIX_PATH=/home/rudra/custom_flightmode/install/px4_ros2_cpp:/home/rudra/custom_flightmode/install/px4_msgs:${AMENT_PREFIX_PATH} CMAKE_PREFIX_PATH=/home/rudra/custom_flightmode/install/px4_ros2_cpp:/home/rudra/custom_flightmode/install/px4_msgs:/home/rudra/ros2_ws/install/talker_listener:/home/rudra/ros2_ws/install/first_pkg:/opt/ros/humble LD_LIBRARY_PATH=/home/rudra/custom_flightmode/install/px4_ros2_cpp/lib:/home/rudra/custom_flightmode/install/px4_msgs/lib:${LD_LIBRARY_PATH} PYTHONPATH=/home/rudra/custom_flightmode/install/px4_msgs/local/lib/python3.10/dist-packages:${PYTHONPATH} /usr/bin/cmake /home/rudra/custom_flightmode/src/px4-ros2-interface-lib/examples/cpp/modes/goto_global -DCMAKE_INSTALL_PREFIX=/home/rudra/custom_flightmode/install/example_mode_goto_global_cpp
[208.519s] DEBUG:colcon.colcon_core.event_handler.log_command:Invoking command in '/home/rudra/custom_flightmode/build/example_mode_manual_cpp': AMENT_PREFIX_PATH=/home/rudra/custom_flightmode/install/px4_ros2_cpp:/home/rudra/custom_flightmode/install/px4_msgs:${AMENT_PREFIX_PATH} CMAKE_PREFIX_PATH=/home/rudra/custom_flightmode/install/px4_ros2_cpp:/home/rudra/custom_flightmode/install/px4_msgs:/home/rudra/ros2_ws/install/talker_listener:/home/rudra/ros2_ws/install/first_pkg:/opt/ros/humble LD_LIBRARY_PATH=/home/rudra/custom_flightmode/install/px4_ros2_cpp/lib:/home/rudra/custom_flightmode/install/px4_msgs/lib:${LD_LIBRARY_PATH} PYTHONPATH=/home/rudra/custom_flightmode/install/px4_msgs/local/lib/python3.10/dist-packages:${PYTHONPATH} /usr/bin/cmake /home/rudra/custom_flightmode/src/px4-ros2-interface-lib/examples/cpp/modes/manual -DCMAKE_INSTALL_PREFIX=/home/rudra/custom_flightmode/install/example_mode_manual_cpp
[208.523s] DEBUG:colcon.colcon_core.event_handler.log_command:Invoking command in '/home/rudra/custom_flightmode/build/example_mode_mission_cpp': AMENT_PREFIX_PATH=/home/rudra/custom_flightmode/install/px4_ros2_cpp:/home/rudra/custom_flightmode/install/px4_msgs:${AMENT_PREFIX_PATH} CMAKE_PREFIX_PATH=/home/rudra/custom_flightmode/install/px4_ros2_cpp:/home/rudra/custom_flightmode/install/px4_msgs:/home/rudra/ros2_ws/install/talker_listener:/home/rudra/ros2_ws/install/first_pkg:/opt/ros/humble LD_LIBRARY_PATH=/home/rudra/custom_flightmode/install/px4_ros2_cpp/lib:/home/rudra/custom_flightmode/install/px4_msgs/lib:${LD_LIBRARY_PATH} PYTHONPATH=/home/rudra/custom_flightmode/install/px4_msgs/local/lib/python3.10/dist-packages:${PYTHONPATH} /usr/bin/cmake /home/rudra/custom_flightmode/src/px4-ros2-interface-lib/examples/cpp/modes/mission -DCMAKE_INSTALL_PREFIX=/home/rudra/custom_flightmode/install/example_mode_mission_cpp
[208.545s] DEBUG:colcon.colcon_core.event_handler.log_command:Invoking command in '/home/rudra/custom_flightmode/build/example_mode_rtl_replacement_cpp': AMENT_PREFIX_PATH=/home/rudra/custom_flightmode/install/px4_ros2_cpp:/home/rudra/custom_flightmode/install/px4_msgs:${AMENT_PREFIX_PATH} CMAKE_PREFIX_PATH=/home/rudra/custom_flightmode/install/px4_ros2_cpp:/home/rudra/custom_flightmode/install/px4_msgs:/home/rudra/ros2_ws/install/talker_listener:/home/rudra/ros2_ws/install/first_pkg:/opt/ros/humble LD_LIBRARY_PATH=/home/rudra/custom_flightmode/install/px4_ros2_cpp/lib:/home/rudra/custom_flightmode/install/px4_msgs/lib:${LD_LIBRARY_PATH} PYTHONPATH=/home/rudra/custom_flightmode/install/px4_msgs/local/lib/python3.10/dist-packages:${PYTHONPATH} /usr/bin/cmake /home/rudra/custom_flightmode/src/px4-ros2-interface-lib/examples/cpp/modes/rtl_replacement -DCMAKE_INSTALL_PREFIX=/home/rudra/custom_flightmode/install/example_mode_rtl_replacement_cpp
[208.546s] DEBUG:colcon.colcon_core.event_handler.log_command:Invoking command in '/home/rudra/custom_flightmode/build/example_mode_vtol_cpp': AMENT_PREFIX_PATH=/home/rudra/custom_flightmode/install/px4_ros2_cpp:/home/rudra/custom_flightmode/install/px4_msgs:${AMENT_PREFIX_PATH} CMAKE_PREFIX_PATH=/home/rudra/custom_flightmode/install/px4_ros2_cpp:/home/rudra/custom_flightmode/install/px4_msgs:/home/rudra/ros2_ws/install/talker_listener:/home/rudra/ros2_ws/install/first_pkg:/opt/ros/humble LD_LIBRARY_PATH=/home/rudra/custom_flightmode/install/px4_ros2_cpp/lib:/home/rudra/custom_flightmode/install/px4_msgs/lib:${LD_LIBRARY_PATH} PYTHONPATH=/home/rudra/custom_flightmode/install/px4_msgs/local/lib/python3.10/dist-packages:${PYTHONPATH} /usr/bin/cmake /home/rudra/custom_flightmode/src/px4-ros2-interface-lib/examples/cpp/modes/vtol -DCMAKE_INSTALL_PREFIX=/home/rudra/custom_flightmode/install/example_mode_vtol_cpp
[210.651s] DEBUG:colcon.colcon_core.event_handler.log_command:Invoked command in '/home/rudra/custom_flightmode/build/example_local_navigation_cpp' returned '0': AMENT_PREFIX_PATH=/home/rudra/custom_flightmode/install/px4_ros2_cpp:/home/rudra/custom_flightmode/install/px4_msgs:${AMENT_PREFIX_PATH} CMAKE_PREFIX_PATH=/home/rudra/custom_flightmode/install/px4_ros2_cpp:/home/rudra/custom_flightmode/install/px4_msgs:/home/rudra/ros2_ws/install/talker_listener:/home/rudra/ros2_ws/install/first_pkg:/opt/ros/humble LD_LIBRARY_PATH=/home/rudra/custom_flightmode/install/px4_ros2_cpp/lib:/home/rudra/custom_flightmode/install/px4_msgs/lib:${LD_LIBRARY_PATH} PYTHONPATH=/home/rudra/custom_flightmode/install/px4_msgs/local/lib/python3.10/dist-packages:${PYTHONPATH} /usr/bin/cmake /home/rudra/custom_flightmode/src/px4-ros2-interface-lib/examples/cpp/navigation/local_navigation -DCMAKE_INSTALL_PREFIX=/home/rudra/custom_flightmode/install/example_local_navigation_cpp
[210.652s] DEBUG:colcon.colcon_core.event_handler.log_command:Invoking command in '/home/rudra/custom_flightmode/build/example_local_navigation_cpp': AMENT_PREFIX_PATH=/home/rudra/custom_flightmode/install/px4_ros2_cpp:/home/rudra/custom_flightmode/install/px4_msgs:${AMENT_PREFIX_PATH} CMAKE_PREFIX_PATH=/home/rudra/custom_flightmode/install/px4_ros2_cpp:/home/rudra/custom_flightmode/install/px4_msgs:/home/rudra/ros2_ws/install/talker_listener:/home/rudra/ros2_ws/install/first_pkg:/opt/ros/humble LD_LIBRARY_PATH=/home/rudra/custom_flightmode/install/px4_ros2_cpp/lib:/home/rudra/custom_flightmode/install/px4_msgs/lib:${LD_LIBRARY_PATH} PYTHONPATH=/home/rudra/custom_flightmode/install/px4_msgs/local/lib/python3.10/dist-packages:${PYTHONPATH} /usr/bin/cmake --build /home/rudra/custom_flightmode/build/example_local_navigation_cpp -- -j12 -l12
[210.678s] DEBUG:colcon.colcon_core.event_handler.log_command:Invoked command in '/home/rudra/custom_flightmode/build/example_mode_goto_cpp' returned '0': AMENT_PREFIX_PATH=/home/rudra/custom_flightmode/install/px4_ros2_cpp:/home/rudra/custom_flightmode/install/px4_msgs:${AMENT_PREFIX_PATH} CMAKE_PREFIX_PATH=/home/rudra/custom_flightmode/install/px4_ros2_cpp:/home/rudra/custom_flightmode/install/px4_msgs:/home/rudra/ros2_ws/install/talker_listener:/home/rudra/ros2_ws/install/first_pkg:/opt/ros/humble LD_LIBRARY_PATH=/home/rudra/custom_flightmode/install/px4_ros2_cpp/lib:/home/rudra/custom_flightmode/install/px4_msgs/lib:${LD_LIBRARY_PATH} PYTHONPATH=/home/rudra/custom_flightmode/install/px4_msgs/local/lib/python3.10/dist-packages:${PYTHONPATH} /usr/bin/cmake /home/rudra/custom_flightmode/src/px4-ros2-interface-lib/examples/cpp/modes/goto -DCMAKE_INSTALL_PREFIX=/home/rudra/custom_flightmode/install/example_mode_goto_cpp
[210.678s] DEBUG:colcon.colcon_core.event_handler.log_command:Invoking command in '/home/rudra/custom_flightmode/build/example_mode_goto_cpp': AMENT_PREFIX_PATH=/home/rudra/custom_flightmode/install/px4_ros2_cpp:/home/rudra/custom_flightmode/install/px4_msgs:${AMENT_PREFIX_PATH} CMAKE_PREFIX_PATH=/home/rudra/custom_flightmode/install/px4_ros2_cpp:/home/rudra/custom_flightmode/install/px4_msgs:/home/rudra/ros2_ws/install/talker_listener:/home/rudra/ros2_ws/install/first_pkg:/opt/ros/humble LD_LIBRARY_PATH=/home/rudra/custom_flightmode/install/px4_ros2_cpp/lib:/home/rudra/custom_flightmode/install/px4_msgs/lib:${LD_LIBRARY_PATH} PYTHONPATH=/home/rudra/custom_flightmode/install/px4_msgs/local/lib/python3.10/dist-packages:${PYTHONPATH} /usr/bin/cmake --build /home/rudra/custom_flightmode/build/example_mode_goto_cpp -- -j12 -l12
[210.728s] DEBUG:colcon.colcon_core.event_handler.log_command:Invoked command in '/home/rudra/custom_flightmode/build/example_executor_with_multiple_modes_cpp' returned '0': AMENT_PREFIX_PATH=/home/rudra/custom_flightmode/install/px4_ros2_cpp:/home/rudra/custom_flightmode/install/px4_msgs:${AMENT_PREFIX_PATH} CMAKE_PREFIX_PATH=/home/rudra/custom_flightmode/install/px4_ros2_cpp:/home/rudra/custom_flightmode/install/px4_msgs:/home/rudra/ros2_ws/install/talker_listener:/home/rudra/ros2_ws/install/first_pkg:/opt/ros/humble LD_LIBRARY_PATH=/home/rudra/custom_flightmode/install/px4_ros2_cpp/lib:/home/rudra/custom_flightmode/install/px4_msgs/lib:${LD_LIBRARY_PATH} PYTHONPATH=/home/rudra/custom_flightmode/install/px4_msgs/local/lib/python3.10/dist-packages:${PYTHONPATH} /usr/bin/cmake /home/rudra/custom_flightmode/src/px4-ros2-interface-lib/examples/cpp/modes/executor_with_multiple_modes -DCMAKE_INSTALL_PREFIX=/home/rudra/custom_flightmode/install/example_executor_with_multiple_modes_cpp
[210.736s] DEBUG:colcon.colcon_core.event_handler.log_command:Invoking command in '/home/rudra/custom_flightmode/build/example_executor_with_multiple_modes_cpp': AMENT_PREFIX_PATH=/home/rudra/custom_flightmode/install/px4_ros2_cpp:/home/rudra/custom_flightmode/install/px4_msgs:${AMENT_PREFIX_PATH} CMAKE_PREFIX_PATH=/home/rudra/custom_flightmode/install/px4_ros2_cpp:/home/rudra/custom_flightmode/install/px4_msgs:/home/rudra/ros2_ws/install/talker_listener:/home/rudra/ros2_ws/install/first_pkg:/opt/ros/humble LD_LIBRARY_PATH=/home/rudra/custom_flightmode/install/px4_ros2_cpp/lib:/home/rudra/custom_flightmode/install/px4_msgs/lib:${LD_LIBRARY_PATH} PYTHONPATH=/home/rudra/custom_flightmode/install/px4_msgs/local/lib/python3.10/dist-packages:${PYTHONPATH} /usr/bin/cmake --build /home/rudra/custom_flightmode/build/example_executor_with_multiple_modes_cpp -- -j12 -l12
[210.744s] DEBUG:colcon.colcon_core.event_handler.log_command:Invoked command in '/home/rudra/custom_flightmode/build/example_mode_mission_cpp' returned '0': AMENT_PREFIX_PATH=/home/rudra/custom_flightmode/install/px4_ros2_cpp:/home/rudra/custom_flightmode/install/px4_msgs:${AMENT_PREFIX_PATH} CMAKE_PREFIX_PATH=/home/rudra/custom_flightmode/install/px4_ros2_cpp:/home/rudra/custom_flightmode/install/px4_msgs:/home/rudra/ros2_ws/install/talker_listener:/home/rudra/ros2_ws/install/first_pkg:/opt/ros/humble LD_LIBRARY_PATH=/home/rudra/custom_flightmode/install/px4_ros2_cpp/lib:/home/rudra/custom_flightmode/install/px4_msgs/lib:${LD_LIBRARY_PATH} PYTHONPATH=/home/rudra/custom_flightmode/install/px4_msgs/local/lib/python3.10/dist-packages:${PYTHONPATH} /usr/bin/cmake /home/rudra/custom_flightmode/src/px4-ros2-interface-lib/examples/cpp/modes/mission -DCMAKE_INSTALL_PREFIX=/home/rudra/custom_flightmode/install/example_mode_mission_cpp
[210.745s] DEBUG:colcon.colcon_core.event_handler.log_command:Invoking command in '/home/rudra/custom_flightmode/build/example_mode_mission_cpp': AMENT_PREFIX_PATH=/home/rudra/custom_flightmode/install/px4_ros2_cpp:/home/rudra/custom_flightmode/install/px4_msgs:${AMENT_PREFIX_PATH} CMAKE_PREFIX_PATH=/home/rudra/custom_flightmode/install/px4_ros2_cpp:/home/rudra/custom_flightmode/install/px4_msgs:/home/rudra/ros2_ws/install/talker_listener:/home/rudra/ros2_ws/install/first_pkg:/opt/ros/humble LD_LIBRARY_PATH=/home/rudra/custom_flightmode/install/px4_ros2_cpp/lib:/home/rudra/custom_flightmode/install/px4_msgs/lib:${LD_LIBRARY_PATH} PYTHONPATH=/home/rudra/custom_flightmode/install/px4_msgs/local/lib/python3.10/dist-packages:${PYTHONPATH} /usr/bin/cmake --build /home/rudra/custom_flightmode/build/example_mode_mission_cpp -- -j12 -l12
[210.752s] DEBUG:colcon.colcon_core.event_handler.log_command:Invoked command in '/home/rudra/custom_flightmode/build/draw_flight_mode' returned '0': AMENT_PREFIX_PATH=/home/rudra/custom_flightmode/install/px4_ros2_cpp:/home/rudra/custom_flightmode/install/px4_msgs:${AMENT_PREFIX_PATH} CMAKE_PREFIX_PATH=/home/rudra/custom_flightmode/install/px4_ros2_cpp:/home/rudra/custom_flightmode/install/px4_msgs:/home/rudra/ros2_ws/install/talker_listener:/home/rudra/ros2_ws/install/first_pkg:/opt/ros/humble LD_LIBRARY_PATH=/home/rudra/custom_flightmode/install/px4_ros2_cpp/lib:/home/rudra/custom_flightmode/install/px4_msgs/lib:${LD_LIBRARY_PATH} PYTHONPATH=/home/rudra/custom_flightmode/install/px4_msgs/local/lib/python3.10/dist-packages:${PYTHONPATH} /usr/bin/cmake /home/rudra/custom_flightmode/src/px4_ros2_custom_flight_mode -DCMAKE_INSTALL_PREFIX=/home/rudra/custom_flightmode/install/draw_flight_mode
[210.753s] DEBUG:colcon.colcon_core.event_handler.log_command:Invoking command in '/home/rudra/custom_flightmode/build/draw_flight_mode': AMENT_PREFIX_PATH=/home/rudra/custom_flightmode/install/px4_ros2_cpp:/home/rudra/custom_flightmode/install/px4_msgs:${AMENT_PREFIX_PATH} CMAKE_PREFIX_PATH=/home/rudra/custom_flightmode/install/px4_ros2_cpp:/home/rudra/custom_flightmode/install/px4_msgs:/home/rudra/ros2_ws/install/talker_listener:/home/rudra/ros2_ws/install/first_pkg:/opt/ros/humble LD_LIBRARY_PATH=/home/rudra/custom_flightmode/install/px4_ros2_cpp/lib:/home/rudra/custom_flightmode/install/px4_msgs/lib:${LD_LIBRARY_PATH} PYTHONPATH=/home/rudra/custom_flightmode/install/px4_msgs/local/lib/python3.10/dist-packages:${PYTHONPATH} /usr/bin/cmake --build /home/rudra/custom_flightmode/build/draw_flight_mode -- -j12 -l12
[210.772s] DEBUG:colcon.colcon_core.event_handler.log_command:Invoked command in '/home/rudra/custom_flightmode/build/example_mode_manual_cpp' returned '0': AMENT_PREFIX_PATH=/home/rudra/custom_flightmode/install/px4_ros2_cpp:/home/rudra/custom_flightmode/install/px4_msgs:${AMENT_PREFIX_PATH} CMAKE_PREFIX_PATH=/home/rudra/custom_flightmode/install/px4_ros2_cpp:/home/rudra/custom_flightmode/install/px4_msgs:/home/rudra/ros2_ws/install/talker_listener:/home/rudra/ros2_ws/install/first_pkg:/opt/ros/humble LD_LIBRARY_PATH=/home/rudra/custom_flightmode/install/px4_ros2_cpp/lib:/home/rudra/custom_flightmode/install/px4_msgs/lib:${LD_LIBRARY_PATH} PYTHONPATH=/home/rudra/custom_flightmode/install/px4_msgs/local/lib/python3.10/dist-packages:${PYTHONPATH} /usr/bin/cmake /home/rudra/custom_flightmode/src/px4-ros2-interface-lib/examples/cpp/modes/manual -DCMAKE_INSTALL_PREFIX=/home/rudra/custom_flightmode/install/example_mode_manual_cpp
[210.776s] DEBUG:colcon.colcon_core.event_handler.log_command:Invoking command in '/home/rudra/custom_flightmode/build/example_mode_manual_cpp': AMENT_PREFIX_PATH=/home/rudra/custom_flightmode/install/px4_ros2_cpp:/home/rudra/custom_flightmode/install/px4_msgs:${AMENT_PREFIX_PATH} CMAKE_PREFIX_PATH=/home/rudra/custom_flightmode/install/px4_ros2_cpp:/home/rudra/custom_flightmode/install/px4_msgs:/home/rudra/ros2_ws/install/talker_listener:/home/rudra/ros2_ws/install/first_pkg:/opt/ros/humble LD_LIBRARY_PATH=/home/rudra/custom_flightmode/install/px4_ros2_cpp/lib:/home/rudra/custom_flightmode/install/px4_msgs/lib:${LD_LIBRARY_PATH} PYTHONPATH=/home/rudra/custom_flightmode/install/px4_msgs/local/lib/python3.10/dist-packages:${PYTHONPATH} /usr/bin/cmake --build /home/rudra/custom_flightmode/build/example_mode_manual_cpp -- -j12 -l12
[210.777s] DEBUG:colcon.colcon_core.event_handler.log_command:Invoked command in '/home/rudra/custom_flightmode/build/example_mode_rtl_replacement_cpp' returned '0': AMENT_PREFIX_PATH=/home/rudra/custom_flightmode/install/px4_ros2_cpp:/home/rudra/custom_flightmode/install/px4_msgs:${AMENT_PREFIX_PATH} CMAKE_PREFIX_PATH=/home/rudra/custom_flightmode/install/px4_ros2_cpp:/home/rudra/custom_flightmode/install/px4_msgs:/home/rudra/ros2_ws/install/talker_listener:/home/rudra/ros2_ws/install/first_pkg:/opt/ros/humble LD_LIBRARY_PATH=/home/rudra/custom_flightmode/install/px4_ros2_cpp/lib:/home/rudra/custom_flightmode/install/px4_msgs/lib:${LD_LIBRARY_PATH} PYTHONPATH=/home/rudra/custom_flightmode/install/px4_msgs/local/lib/python3.10/dist-packages:${PYTHONPATH} /usr/bin/cmake /home/rudra/custom_flightmode/src/px4-ros2-interface-lib/examples/cpp/modes/rtl_replacement -DCMAKE_INSTALL_PREFIX=/home/rudra/custom_flightmode/install/example_mode_rtl_replacement_cpp
[210.777s] DEBUG:colcon.colcon_core.event_handler.log_command:Invoking command in '/home/rudra/custom_flightmode/build/example_mode_rtl_replacement_cpp': AMENT_PREFIX_PATH=/home/rudra/custom_flightmode/install/px4_ros2_cpp:/home/rudra/custom_flightmode/install/px4_msgs:${AMENT_PREFIX_PATH} CMAKE_PREFIX_PATH=/home/rudra/custom_flightmode/install/px4_ros2_cpp:/home/rudra/custom_flightmode/install/px4_msgs:/home/rudra/ros2_ws/install/talker_listener:/home/rudra/ros2_ws/install/first_pkg:/opt/ros/humble LD_LIBRARY_PATH=/home/rudra/custom_flightmode/install/px4_ros2_cpp/lib:/home/rudra/custom_flightmode/install/px4_msgs/lib:${LD_LIBRARY_PATH} PYTHONPATH=/home/rudra/custom_flightmode/install/px4_msgs/local/lib/python3.10/dist-packages:${PYTHONPATH} /usr/bin/cmake --build /home/rudra/custom_flightmode/build/example_mode_rtl_replacement_cpp -- -j12 -l12
[210.790s] DEBUG:colcon.colcon_core.event_handler.log_command:Invoked command in '/home/rudra/custom_flightmode/build/example_mode_goto_global_cpp' returned '0': AMENT_PREFIX_PATH=/home/rudra/custom_flightmode/install/px4_ros2_cpp:/home/rudra/custom_flightmode/install/px4_msgs:${AMENT_PREFIX_PATH} CMAKE_PREFIX_PATH=/home/rudra/custom_flightmode/install/px4_ros2_cpp:/home/rudra/custom_flightmode/install/px4_msgs:/home/rudra/ros2_ws/install/talker_listener:/home/rudra/ros2_ws/install/first_pkg:/opt/ros/humble LD_LIBRARY_PATH=/home/rudra/custom_flightmode/install/px4_ros2_cpp/lib:/home/rudra/custom_flightmode/install/px4_msgs/lib:${LD_LIBRARY_PATH} PYTHONPATH=/home/rudra/custom_flightmode/install/px4_msgs/local/lib/python3.10/dist-packages:${PYTHONPATH} /usr/bin/cmake /home/rudra/custom_flightmode/src/px4-ros2-interface-lib/examples/cpp/modes/goto_global -DCMAKE_INSTALL_PREFIX=/home/rudra/custom_flightmode/install/example_mode_goto_global_cpp
[210.791s] DEBUG:colcon.colcon_core.event_handler.log_command:Invoking command in '/home/rudra/custom_flightmode/build/example_mode_goto_global_cpp': AMENT_PREFIX_PATH=/home/rudra/custom_flightmode/install/px4_ros2_cpp:/home/rudra/custom_flightmode/install/px4_msgs:${AMENT_PREFIX_PATH} CMAKE_PREFIX_PATH=/home/rudra/custom_flightmode/install/px4_ros2_cpp:/home/rudra/custom_flightmode/install/px4_msgs:/home/rudra/ros2_ws/install/talker_listener:/home/rudra/ros2_ws/install/first_pkg:/opt/ros/humble LD_LIBRARY_PATH=/home/rudra/custom_flightmode/install/px4_ros2_cpp/lib:/home/rudra/custom_flightmode/install/px4_msgs/lib:${LD_LIBRARY_PATH} PYTHONPATH=/home/rudra/custom_flightmode/install/px4_msgs/local/lib/python3.10/dist-packages:${PYTHONPATH} /usr/bin/cmake --build /home/rudra/custom_flightmode/build/example_mode_goto_global_cpp -- -j12 -l12
[210.887s] DEBUG:colcon.colcon_core.event_handler.log_command:Invoked command in '/home/rudra/custom_flightmode/build/example_global_navigation_cpp' returned '0': AMENT_PREFIX_PATH=/home/rudra/custom_flightmode/install/px4_ros2_cpp:/home/rudra/custom_flightmode/install/px4_msgs:${AMENT_PREFIX_PATH} CMAKE_PREFIX_PATH=/home/rudra/custom_flightmode/install/px4_ros2_cpp:/home/rudra/custom_flightmode/install/px4_msgs:/home/rudra/ros2_ws/install/talker_listener:/home/rudra/ros2_ws/install/first_pkg:/opt/ros/humble LD_LIBRARY_PATH=/home/rudra/custom_flightmode/install/px4_ros2_cpp/lib:/home/rudra/custom_flightmode/install/px4_msgs/lib:${LD_LIBRARY_PATH} PYTHONPATH=/home/rudra/custom_flightmode/install/px4_msgs/local/lib/python3.10/dist-packages:${PYTHONPATH} /usr/bin/cmake /home/rudra/custom_flightmode/src/px4-ros2-interface-lib/examples/cpp/navigation/global_navigation -DCMAKE_INSTALL_PREFIX=/home/rudra/custom_flightmode/install/example_global_navigation_cpp
[210.888s] DEBUG:colcon.colcon_core.event_handler.log_command:Invoking command in '/home/rudra/custom_flightmode/build/example_global_navigation_cpp': AMENT_PREFIX_PATH=/home/rudra/custom_flightmode/install/px4_ros2_cpp:/home/rudra/custom_flightmode/install/px4_msgs:${AMENT_PREFIX_PATH} CMAKE_PREFIX_PATH=/home/rudra/custom_flightmode/install/px4_ros2_cpp:/home/rudra/custom_flightmode/install/px4_msgs:/home/rudra/ros2_ws/install/talker_listener:/home/rudra/ros2_ws/install/first_pkg:/opt/ros/humble LD_LIBRARY_PATH=/home/rudra/custom_flightmode/install/px4_ros2_cpp/lib:/home/rudra/custom_flightmode/install/px4_msgs/lib:${LD_LIBRARY_PATH} PYTHONPATH=/home/rudra/custom_flightmode/install/px4_msgs/local/lib/python3.10/dist-packages:${PYTHONPATH} /usr/bin/cmake --build /home/rudra/custom_flightmode/build/example_global_navigation_cpp -- -j12 -l12
[210.910s] DEBUG:colcon.colcon_core.event_handler.log_command:Invoked command in '/home/rudra/custom_flightmode/build/example_mode_fw_attitude_cpp' returned '0': AMENT_PREFIX_PATH=/home/rudra/custom_flightmode/install/px4_ros2_cpp:/home/rudra/custom_flightmode/install/px4_msgs:${AMENT_PREFIX_PATH} CMAKE_PREFIX_PATH=/home/rudra/custom_flightmode/install/px4_ros2_cpp:/home/rudra/custom_flightmode/install/px4_msgs:/home/rudra/ros2_ws/install/talker_listener:/home/rudra/ros2_ws/install/first_pkg:/opt/ros/humble LD_LIBRARY_PATH=/home/rudra/custom_flightmode/install/px4_ros2_cpp/lib:/home/rudra/custom_flightmode/install/px4_msgs/lib:${LD_LIBRARY_PATH} PYTHONPATH=/home/rudra/custom_flightmode/install/px4_msgs/local/lib/python3.10/dist-packages:${PYTHONPATH} /usr/bin/cmake /home/rudra/custom_flightmode/src/px4-ros2-interface-lib/examples/cpp/modes/fw_attitude -DCMAKE_INSTALL_PREFIX=/home/rudra/custom_flightmode/install/example_mode_fw_attitude_cpp
[210.911s] DEBUG:colcon.colcon_core.event_handler.log_command:Invoking command in '/home/rudra/custom_flightmode/build/example_mode_fw_attitude_cpp': AMENT_PREFIX_PATH=/home/rudra/custom_flightmode/install/px4_ros2_cpp:/home/rudra/custom_flightmode/install/px4_msgs:${AMENT_PREFIX_PATH} CMAKE_PREFIX_PATH=/home/rudra/custom_flightmode/install/px4_ros2_cpp:/home/rudra/custom_flightmode/install/px4_msgs:/home/rudra/ros2_ws/install/talker_listener:/home/rudra/ros2_ws/install/first_pkg:/opt/ros/humble LD_LIBRARY_PATH=/home/rudra/custom_flightmode/install/px4_ros2_cpp/lib:/home/rudra/custom_flightmode/install/px4_msgs/lib:${LD_LIBRARY_PATH} PYTHONPATH=/home/rudra/custom_flightmode/install/px4_msgs/local/lib/python3.10/dist-packages:${PYTHONPATH} /usr/bin/cmake --build /home/rudra/custom_flightmode/build/example_mode_fw_attitude_cpp -- -j12 -l12
[211.237s] DEBUG:colcon.colcon_core.event_handler.log_command:Invoked command in '/home/rudra/custom_flightmode/build/example_mode_vtol_cpp' returned '0': AMENT_PREFIX_PATH=/home/rudra/custom_flightmode/install/px4_ros2_cpp:/home/rudra/custom_flightmode/install/px4_msgs:${AMENT_PREFIX_PATH} CMAKE_PREFIX_PATH=/home/rudra/custom_flightmode/install/px4_ros2_cpp:/home/rudra/custom_flightmode/install/px4_msgs:/home/rudra/ros2_ws/install/talker_listener:/home/rudra/ros2_ws/install/first_pkg:/opt/ros/humble LD_LIBRARY_PATH=/home/rudra/custom_flightmode/install/px4_ros2_cpp/lib:/home/rudra/custom_flightmode/install/px4_msgs/lib:${LD_LIBRARY_PATH} PYTHONPATH=/home/rudra/custom_flightmode/install/px4_msgs/local/lib/python3.10/dist-packages:${PYTHONPATH} /usr/bin/cmake /home/rudra/custom_flightmode/src/px4-ros2-interface-lib/examples/cpp/modes/vtol -DCMAKE_INSTALL_PREFIX=/home/rudra/custom_flightmode/install/example_mode_vtol_cpp
[211.238s] DEBUG:colcon.colcon_core.event_handler.log_command:Invoking command in '/home/rudra/custom_flightmode/build/example_mode_vtol_cpp': AMENT_PREFIX_PATH=/home/rudra/custom_flightmode/install/px4_ros2_cpp:/home/rudra/custom_flightmode/install/px4_msgs:${AMENT_PREFIX_PATH} CMAKE_PREFIX_PATH=/home/rudra/custom_flightmode/install/px4_ros2_cpp:/home/rudra/custom_flightmode/install/px4_msgs:/home/rudra/ros2_ws/install/talker_listener:/home/rudra/ros2_ws/install/first_pkg:/opt/ros/humble LD_LIBRARY_PATH=/home/rudra/custom_flightmode/install/px4_ros2_cpp/lib:/home/rudra/custom_flightmode/install/px4_msgs/lib:${LD_LIBRARY_PATH} PYTHONPATH=/home/rudra/custom_flightmode/install/px4_msgs/local/lib/python3.10/dist-packages:${PYTHONPATH} /usr/bin/cmake --build /home/rudra/custom_flightmode/build/example_mode_vtol_cpp -- -j12 -l12
[212.673s] DEBUG:colcon.colcon_core.event_handler.log_command:Invoked command in '/home/rudra/custom_flightmode/build/px4_ros2_py' returned '0': AMENT_PREFIX_PATH=/home/rudra/custom_flightmode/install/px4_ros2_cpp:/home/rudra/custom_flightmode/install/px4_msgs:${AMENT_PREFIX_PATH} CMAKE_PREFIX_PATH=/home/rudra/custom_flightmode/install/px4_ros2_cpp:/home/rudra/custom_flightmode/install/px4_msgs:/home/rudra/ros2_ws/install/talker_listener:/home/rudra/ros2_ws/install/first_pkg:/opt/ros/humble LD_LIBRARY_PATH=/home/rudra/custom_flightmode/install/px4_ros2_cpp/lib:/home/rudra/custom_flightmode/install/px4_msgs/lib:${LD_LIBRARY_PATH} PYTHONPATH=/home/rudra/custom_flightmode/install/px4_msgs/local/lib/python3.10/dist-packages:${PYTHONPATH} /usr/bin/cmake /home/rudra/custom_flightmode/src/px4-ros2-interface-lib/px4_ros2_py -DCMAKE_INSTALL_PREFIX=/home/rudra/custom_flightmode/install/px4_ros2_py
[212.674s] DEBUG:colcon.colcon_core.event_handler.log_command:Invoking command in '/home/rudra/custom_flightmode/build/px4_ros2_py': AMENT_PREFIX_PATH=/home/rudra/custom_flightmode/install/px4_ros2_cpp:/home/rudra/custom_flightmode/install/px4_msgs:${AMENT_PREFIX_PATH} CMAKE_PREFIX_PATH=/home/rudra/custom_flightmode/install/px4_ros2_cpp:/home/rudra/custom_flightmode/install/px4_msgs:/home/rudra/ros2_ws/install/talker_listener:/home/rudra/ros2_ws/install/first_pkg:/opt/ros/humble LD_LIBRARY_PATH=/home/rudra/custom_flightmode/install/px4_ros2_cpp/lib:/home/rudra/custom_flightmode/install/px4_msgs/lib:${LD_LIBRARY_PATH} PYTHONPATH=/home/rudra/custom_flightmode/install/px4_msgs/local/lib/python3.10/dist-packages:${PYTHONPATH} /usr/bin/cmake --build /home/rudra/custom_flightmode/build/px4_ros2_py -- -j12 -l12
[215.533s] DEBUG:colcon.colcon_core.event_handler.log_command:Invoked command in '/home/rudra/custom_flightmode/build/example_mode_goto_cpp' returned '0': AMENT_PREFIX_PATH=/home/rudra/custom_flightmode/install/px4_ros2_cpp:/home/rudra/custom_flightmode/install/px4_msgs:${AMENT_PREFIX_PATH} CMAKE_PREFIX_PATH=/home/rudra/custom_flightmode/install/px4_ros2_cpp:/home/rudra/custom_flightmode/install/px4_msgs:/home/rudra/ros2_ws/install/talker_listener:/home/rudra/ros2_ws/install/first_pkg:/opt/ros/humble LD_LIBRARY_PATH=/home/rudra/custom_flightmode/install/px4_ros2_cpp/lib:/home/rudra/custom_flightmode/install/px4_msgs/lib:${LD_LIBRARY_PATH} PYTHONPATH=/home/rudra/custom_flightmode/install/px4_msgs/local/lib/python3.10/dist-packages:${PYTHONPATH} /usr/bin/cmake --build /home/rudra/custom_flightmode/build/example_mode_goto_cpp -- -j12 -l12
[215.535s] DEBUG:colcon.colcon_core.event_handler.log_command:Invoking command in '/home/rudra/custom_flightmode/build/example_mode_goto_cpp': AMENT_PREFIX_PATH=/home/rudra/custom_flightmode/install/px4_ros2_cpp:/home/rudra/custom_flightmode/install/px4_msgs:${AMENT_PREFIX_PATH} CMAKE_PREFIX_PATH=/home/rudra/custom_flightmode/install/px4_ros2_cpp:/home/rudra/custom_flightmode/install/px4_msgs:/home/rudra/ros2_ws/install/talker_listener:/home/rudra/ros2_ws/install/first_pkg:/opt/ros/humble LD_LIBRARY_PATH=/home/rudra/custom_flightmode/install/px4_ros2_cpp/lib:/home/rudra/custom_flightmode/install/px4_msgs/lib:${LD_LIBRARY_PATH} PYTHONPATH=/home/rudra/custom_flightmode/install/px4_msgs/local/lib/python3.10/dist-packages:${PYTHONPATH} /usr/bin/cmake --install /home/rudra/custom_flightmode/build/example_mode_goto_cpp
[215.805s] DEBUG:colcon.colcon_core.event_handler.log_command:Invoked command in '/home/rudra/custom_flightmode/build/example_mode_manual_cpp' returned '0': AMENT_PREFIX_PATH=/home/rudra/custom_flightmode/install/px4_ros2_cpp:/home/rudra/custom_flightmode/install/px4_msgs:${AMENT_PREFIX_PATH} CMAKE_PREFIX_PATH=/home/rudra/custom_flightmode/install/px4_ros2_cpp:/home/rudra/custom_flightmode/install/px4_msgs:/home/rudra/ros2_ws/install/talker_listener:/home/rudra/ros2_ws/install/first_pkg:/opt/ros/humble LD_LIBRARY_PATH=/home/rudra/custom_flightmode/install/px4_ros2_cpp/lib:/home/rudra/custom_flightmode/install/px4_msgs/lib:${LD_LIBRARY_PATH} PYTHONPATH=/home/rudra/custom_flightmode/install/px4_msgs/local/lib/python3.10/dist-packages:${PYTHONPATH} /usr/bin/cmake --build /home/rudra/custom_flightmode/build/example_mode_manual_cpp -- -j12 -l12
[215.805s] DEBUG:colcon.colcon_core.event_handler.log_command:Invoking command in '/home/rudra/custom_flightmode/build/example_mode_manual_cpp': AMENT_PREFIX_PATH=/home/rudra/custom_flightmode/install/px4_ros2_cpp:/home/rudra/custom_flightmode/install/px4_msgs:${AMENT_PREFIX_PATH} CMAKE_PREFIX_PATH=/home/rudra/custom_flightmode/install/px4_ros2_cpp:/home/rudra/custom_flightmode/install/px4_msgs:/home/rudra/ros2_ws/install/talker_listener:/home/rudra/ros2_ws/install/first_pkg:/opt/ros/humble LD_LIBRARY_PATH=/home/rudra/custom_flightmode/install/px4_ros2_cpp/lib:/home/rudra/custom_flightmode/install/px4_msgs/lib:${LD_LIBRARY_PATH} PYTHONPATH=/home/rudra/custom_flightmode/install/px4_msgs/local/lib/python3.10/dist-packages:${PYTHONPATH} /usr/bin/cmake --install /home/rudra/custom_flightmode/build/example_mode_manual_cpp
[215.918s] DEBUG:colcon.colcon_core.event_handler.log_command:Invoked command in '/home/rudra/custom_flightmode/build/example_executor_with_multiple_modes_cpp' returned '0': AMENT_PREFIX_PATH=/home/rudra/custom_flightmode/install/px4_ros2_cpp:/home/rudra/custom_flightmode/install/px4_msgs:${AMENT_PREFIX_PATH} CMAKE_PREFIX_PATH=/home/rudra/custom_flightmode/install/px4_ros2_cpp:/home/rudra/custom_flightmode/install/px4_msgs:/home/rudra/ros2_ws/install/talker_listener:/home/rudra/ros2_ws/install/first_pkg:/opt/ros/humble LD_LIBRARY_PATH=/home/rudra/custom_flightmode/install/px4_ros2_cpp/lib:/home/rudra/custom_flightmode/install/px4_msgs/lib:${LD_LIBRARY_PATH} PYTHONPATH=/home/rudra/custom_flightmode/install/px4_msgs/local/lib/python3.10/dist-packages:${PYTHONPATH} /usr/bin/cmake --build /home/rudra/custom_flightmode/build/example_executor_with_multiple_modes_cpp -- -j12 -l12
[215.919s] DEBUG:colcon.colcon_core.event_handler.log_command:Invoking command in '/home/rudra/custom_flightmode/build/example_executor_with_multiple_modes_cpp': AMENT_PREFIX_PATH=/home/rudra/custom_flightmode/install/px4_ros2_cpp:/home/rudra/custom_flightmode/install/px4_msgs:${AMENT_PREFIX_PATH} CMAKE_PREFIX_PATH=/home/rudra/custom_flightmode/install/px4_ros2_cpp:/home/rudra/custom_flightmode/install/px4_msgs:/home/rudra/ros2_ws/install/talker_listener:/home/rudra/ros2_ws/install/first_pkg:/opt/ros/humble LD_LIBRARY_PATH=/home/rudra/custom_flightmode/install/px4_ros2_cpp/lib:/home/rudra/custom_flightmode/install/px4_msgs/lib:${LD_LIBRARY_PATH} PYTHONPATH=/home/rudra/custom_flightmode/install/px4_msgs/local/lib/python3.10/dist-packages:${PYTHONPATH} /usr/bin/cmake --install /home/rudra/custom_flightmode/build/example_executor_with_multiple_modes_cpp
[216.064s] DEBUG:colcon.colcon_core.event_handler.log_command:Invoked command in '/home/rudra/custom_flightmode/build/example_mode_goto_global_cpp' returned '0': AMENT_PREFIX_PATH=/home/rudra/custom_flightmode/install/px4_ros2_cpp:/home/rudra/custom_flightmode/install/px4_msgs:${AMENT_PREFIX_PATH} CMAKE_PREFIX_PATH=/home/rudra/custom_flightmode/install/px4_ros2_cpp:/home/rudra/custom_flightmode/install/px4_msgs:/home/rudra/ros2_ws/install/talker_listener:/home/rudra/ros2_ws/install/first_pkg:/opt/ros/humble LD_LIBRARY_PATH=/home/rudra/custom_flightmode/install/px4_ros2_cpp/lib:/home/rudra/custom_flightmode/install/px4_msgs/lib:${LD_LIBRARY_PATH} PYTHONPATH=/home/rudra/custom_flightmode/install/px4_msgs/local/lib/python3.10/dist-packages:${PYTHONPATH} /usr/bin/cmake --build /home/rudra/custom_flightmode/build/example_mode_goto_global_cpp -- -j12 -l12
[216.064s] DEBUG:colcon.colcon_core.event_handler.log_command:Invoking command in '/home/rudra/custom_flightmode/build/example_mode_goto_global_cpp': AMENT_PREFIX_PATH=/home/rudra/custom_flightmode/install/px4_ros2_cpp:/home/rudra/custom_flightmode/install/px4_msgs:${AMENT_PREFIX_PATH} CMAKE_PREFIX_PATH=/home/rudra/custom_flightmode/install/px4_ros2_cpp:/home/rudra/custom_flightmode/install/px4_msgs:/home/rudra/ros2_ws/install/talker_listener:/home/rudra/ros2_ws/install/first_pkg:/opt/ros/humble LD_LIBRARY_PATH=/home/rudra/custom_flightmode/install/px4_ros2_cpp/lib:/home/rudra/custom_flightmode/install/px4_msgs/lib:${LD_LIBRARY_PATH} PYTHONPATH=/home/rudra/custom_flightmode/install/px4_msgs/local/lib/python3.10/dist-packages:${PYTHONPATH} /usr/bin/cmake --install /home/rudra/custom_flightmode/build/example_mode_goto_global_cpp
[216.066s] DEBUG:colcon.colcon_core.event_handler.log_command:Invoked command in '/home/rudra/custom_flightmode/build/example_local_navigation_cpp' returned '0': AMENT_PREFIX_PATH=/home/rudra/custom_flightmode/install/px4_ros2_cpp:/home/rudra/custom_flightmode/install/px4_msgs:${AMENT_PREFIX_PATH} CMAKE_PREFIX_PATH=/home/rudra/custom_flightmode/install/px4_ros2_cpp:/home/rudra/custom_flightmode/install/px4_msgs:/home/rudra/ros2_ws/install/talker_listener:/home/rudra/ros2_ws/install/first_pkg:/opt/ros/humble LD_LIBRARY_PATH=/home/rudra/custom_flightmode/install/px4_ros2_cpp/lib:/home/rudra/custom_flightmode/install/px4_msgs/lib:${LD_LIBRARY_PATH} PYTHONPATH=/home/rudra/custom_flightmode/install/px4_msgs/local/lib/python3.10/dist-packages:${PYTHONPATH} /usr/bin/cmake --build /home/rudra/custom_flightmode/build/example_local_navigation_cpp -- -j12 -l12
[216.066s] DEBUG:colcon.colcon_core.event_handler.log_command:Invoking command in '/home/rudra/custom_flightmode/build/example_local_navigation_cpp': AMENT_PREFIX_PATH=/home/rudra/custom_flightmode/install/px4_ros2_cpp:/home/rudra/custom_flightmode/install/px4_msgs:${AMENT_PREFIX_PATH} CMAKE_PREFIX_PATH=/home/rudra/custom_flightmode/install/px4_ros2_cpp:/home/rudra/custom_flightmode/install/px4_msgs:/home/rudra/ros2_ws/install/talker_listener:/home/rudra/ros2_ws/install/first_pkg:/opt/ros/humble LD_LIBRARY_PATH=/home/rudra/custom_flightmode/install/px4_ros2_cpp/lib:/home/rudra/custom_flightmode/install/px4_msgs/lib:${LD_LIBRARY_PATH} PYTHONPATH=/home/rudra/custom_flightmode/install/px4_msgs/local/lib/python3.10/dist-packages:${PYTHONPATH} /usr/bin/cmake --install /home/rudra/custom_flightmode/build/example_local_navigation_cpp
[216.066s] Level 1:colcon.colcon_core.environment:create_environment_scripts_only(example_mode_manual_cpp)
[216.067s] Level 1:colcon.colcon_core.environment:checking '/home/rudra/custom_flightmode/install/example_mode_manual_cpp' for CMake module files
[216.067s] Level 1:colcon.colcon_core.environment:checking '/home/rudra/custom_flightmode/install/example_mode_manual_cpp' for CMake config files
[216.068s] Level 1:colcon.colcon_core.shell:create_environment_hook('example_mode_manual_cpp', 'cmake_prefix_path')
[216.068s] INFO:colcon.colcon_core.shell:Creating environment hook '/home/rudra/custom_flightmode/install/example_mode_manual_cpp/share/example_mode_manual_cpp/hook/cmake_prefix_path.ps1'
[216.069s] INFO:colcon.colcon_core.shell:Creating environment descriptor '/home/rudra/custom_flightmode/install/example_mode_manual_cpp/share/example_mode_manual_cpp/hook/cmake_prefix_path.dsv'
[216.069s] INFO:colcon.colcon_core.shell:Creating environment hook '/home/rudra/custom_flightmode/install/example_mode_manual_cpp/share/example_mode_manual_cpp/hook/cmake_prefix_path.sh'
[216.073s] Level 1:colcon.colcon_core.environment:checking '/home/rudra/custom_flightmode/install/example_mode_manual_cpp/lib'
[216.073s] Level 1:colcon.colcon_core.environment:checking '/home/rudra/custom_flightmode/install/example_mode_manual_cpp/bin'
[216.073s] Level 1:colcon.colcon_core.environment:checking '/home/rudra/custom_flightmode/install/example_mode_manual_cpp/lib/pkgconfig/example_mode_manual_cpp.pc'
[216.073s] Level 1:colcon.colcon_core.environment:checking '/home/rudra/custom_flightmode/install/example_mode_manual_cpp/lib/python3.10/site-packages'
[216.074s] Level 1:colcon.colcon_core.environment:checking '/home/rudra/custom_flightmode/install/example_mode_manual_cpp/bin'
[216.074s] INFO:colcon.colcon_core.shell:Creating package script '/home/rudra/custom_flightmode/install/example_mode_manual_cpp/share/example_mode_manual_cpp/package.ps1'
[216.075s] INFO:colcon.colcon_core.shell:Creating package descriptor '/home/rudra/custom_flightmode/install/example_mode_manual_cpp/share/example_mode_manual_cpp/package.dsv'
[216.079s] INFO:colcon.colcon_core.shell:Creating package script '/home/rudra/custom_flightmode/install/example_mode_manual_cpp/share/example_mode_manual_cpp/package.sh'
[216.079s] DEBUG:colcon.colcon_core.event_handler.log_command:Invoked command in '/home/rudra/custom_flightmode/build/example_mode_manual_cpp' returned '0': AMENT_PREFIX_PATH=/home/rudra/custom_flightmode/install/px4_ros2_cpp:/home/rudra/custom_flightmode/install/px4_msgs:${AMENT_PREFIX_PATH} CMAKE_PREFIX_PATH=/home/rudra/custom_flightmode/install/px4_ros2_cpp:/home/rudra/custom_flightmode/install/px4_msgs:/home/rudra/ros2_ws/install/talker_listener:/home/rudra/ros2_ws/install/first_pkg:/opt/ros/humble LD_LIBRARY_PATH=/home/rudra/custom_flightmode/install/px4_ros2_cpp/lib:/home/rudra/custom_flightmode/install/px4_msgs/lib:${LD_LIBRARY_PATH} PYTHONPATH=/home/rudra/custom_flightmode/install/px4_msgs/local/lib/python3.10/dist-packages:${PYTHONPATH} /usr/bin/cmake --install /home/rudra/custom_flightmode/build/example_mode_manual_cpp
[216.080s] INFO:colcon.colcon_core.shell:Creating package script '/home/rudra/custom_flightmode/install/example_mode_manual_cpp/share/example_mode_manual_cpp/package.bash'
[216.081s] INFO:colcon.colcon_core.shell:Creating package script '/home/rudra/custom_flightmode/install/example_mode_manual_cpp/share/example_mode_manual_cpp/package.zsh'
[216.082s] Level 1:colcon.colcon_core.environment:create_file_with_runtime_dependencies(/home/rudra/custom_flightmode/install/example_mode_manual_cpp/share/colcon-core/packages/example_mode_manual_cpp)
[216.083s] Level 1:colcon.colcon_core.environment:create_environment_scripts_only(example_mode_manual_cpp)
[216.083s] Level 1:colcon.colcon_core.environment:checking '/home/rudra/custom_flightmode/install/example_mode_manual_cpp' for CMake module files
[216.084s] Level 1:colcon.colcon_core.environment:checking '/home/rudra/custom_flightmode/install/example_mode_manual_cpp' for CMake config files
[216.084s] Level 1:colcon.colcon_core.shell:create_environment_hook('example_mode_manual_cpp', 'cmake_prefix_path')
[216.084s] INFO:colcon.colcon_core.shell:Creating environment hook '/home/rudra/custom_flightmode/install/example_mode_manual_cpp/share/example_mode_manual_cpp/hook/cmake_prefix_path.ps1'
[216.085s] INFO:colcon.colcon_core.shell:Creating environment descriptor '/home/rudra/custom_flightmode/install/example_mode_manual_cpp/share/example_mode_manual_cpp/hook/cmake_prefix_path.dsv'
[216.086s] INFO:colcon.colcon_core.shell:Creating environment hook '/home/rudra/custom_flightmode/install/example_mode_manual_cpp/share/example_mode_manual_cpp/hook/cmake_prefix_path.sh'
[216.087s] Level 1:colcon.colcon_core.environment:checking '/home/rudra/custom_flightmode/install/example_mode_manual_cpp/lib'
[216.087s] Level 1:colcon.colcon_core.environment:checking '/home/rudra/custom_flightmode/install/example_mode_manual_cpp/bin'
[216.087s] Level 1:colcon.colcon_core.environment:checking '/home/rudra/custom_flightmode/install/example_mode_manual_cpp/lib/pkgconfig/example_mode_manual_cpp.pc'
[216.087s] Level 1:colcon.colcon_core.environment:checking '/home/rudra/custom_flightmode/install/example_mode_manual_cpp/lib/python3.10/site-packages'
[216.088s] Level 1:colcon.colcon_core.environment:checking '/home/rudra/custom_flightmode/install/example_mode_manual_cpp/bin'
[216.088s] INFO:colcon.colcon_core.shell:Creating package script '/home/rudra/custom_flightmode/install/example_mode_manual_cpp/share/example_mode_manual_cpp/package.ps1'
[216.092s] INFO:colcon.colcon_core.shell:Creating package descriptor '/home/rudra/custom_flightmode/install/example_mode_manual_cpp/share/example_mode_manual_cpp/package.dsv'
[216.104s] INFO:colcon.colcon_core.shell:Creating package script '/home/rudra/custom_flightmode/install/example_mode_manual_cpp/share/example_mode_manual_cpp/package.sh'
[216.109s] INFO:colcon.colcon_core.shell:Creating package script '/home/rudra/custom_flightmode/install/example_mode_manual_cpp/share/example_mode_manual_cpp/package.bash'
[216.110s] INFO:colcon.colcon_core.shell:Creating package script '/home/rudra/custom_flightmode/install/example_mode_manual_cpp/share/example_mode_manual_cpp/package.zsh'
[216.110s] Level 1:colcon.colcon_core.environment:create_file_with_runtime_dependencies(/home/rudra/custom_flightmode/install/example_mode_manual_cpp/share/colcon-core/packages/example_mode_manual_cpp)
[216.111s] Level 1:colcon.colcon_core.environment:create_environment_scripts_only(example_executor_with_multiple_modes_cpp)
[216.111s] Level 1:colcon.colcon_core.environment:checking '/home/rudra/custom_flightmode/install/example_executor_with_multiple_modes_cpp' for CMake module files
[216.112s] DEBUG:colcon.colcon_core.event_handler.log_command:Invoked command in '/home/rudra/custom_flightmode/build/example_executor_with_multiple_modes_cpp' returned '0': AMENT_PREFIX_PATH=/home/rudra/custom_flightmode/install/px4_ros2_cpp:/home/rudra/custom_flightmode/install/px4_msgs:${AMENT_PREFIX_PATH} CMAKE_PREFIX_PATH=/home/rudra/custom_flightmode/install/px4_ros2_cpp:/home/rudra/custom_flightmode/install/px4_msgs:/home/rudra/ros2_ws/install/talker_listener:/home/rudra/ros2_ws/install/first_pkg:/opt/ros/humble LD_LIBRARY_PATH=/home/rudra/custom_flightmode/install/px4_ros2_cpp/lib:/home/rudra/custom_flightmode/install/px4_msgs/lib:${LD_LIBRARY_PATH} PYTHONPATH=/home/rudra/custom_flightmode/install/px4_msgs/local/lib/python3.10/dist-packages:${PYTHONPATH} /usr/bin/cmake --install /home/rudra/custom_flightmode/build/example_executor_with_multiple_modes_cpp
[216.113s] Level 1:colcon.colcon_core.environment:checking '/home/rudra/custom_flightmode/install/example_executor_with_multiple_modes_cpp' for CMake config files
[216.113s] Level 1:colcon.colcon_core.shell:create_environment_hook('example_executor_with_multiple_modes_cpp', 'cmake_prefix_path')
[216.114s] INFO:colcon.colcon_core.shell:Creating environment hook '/home/rudra/custom_flightmode/install/example_executor_with_multiple_modes_cpp/share/example_executor_with_multiple_modes_cpp/hook/cmake_prefix_path.ps1'
[216.114s] INFO:colcon.colcon_core.shell:Creating environment descriptor '/home/rudra/custom_flightmode/install/example_executor_with_multiple_modes_cpp/share/example_executor_with_multiple_modes_cpp/hook/cmake_prefix_path.dsv'
[216.115s] INFO:colcon.colcon_core.shell:Creating environment hook '/home/rudra/custom_flightmode/install/example_executor_with_multiple_modes_cpp/share/example_executor_with_multiple_modes_cpp/hook/cmake_prefix_path.sh'
[216.116s] Level 1:colcon.colcon_core.environment:checking '/home/rudra/custom_flightmode/install/example_executor_with_multiple_modes_cpp/lib'
[216.116s] Level 1:colcon.colcon_core.environment:checking '/home/rudra/custom_flightmode/install/example_executor_with_multiple_modes_cpp/bin'
[216.116s] Level 1:colcon.colcon_core.environment:checking '/home/rudra/custom_flightmode/install/example_executor_with_multiple_modes_cpp/lib/pkgconfig/example_executor_with_multiple_modes_cpp.pc'
[216.116s] Level 1:colcon.colcon_core.environment:checking '/home/rudra/custom_flightmode/install/example_executor_with_multiple_modes_cpp/lib/python3.10/site-packages'
[216.117s] Level 1:colcon.colcon_core.environment:checking '/home/rudra/custom_flightmode/install/example_executor_with_multiple_modes_cpp/bin'
[216.117s] INFO:colcon.colcon_core.shell:Creating package script '/home/rudra/custom_flightmode/install/example_executor_with_multiple_modes_cpp/share/example_executor_with_multiple_modes_cpp/package.ps1'
[216.118s] INFO:colcon.colcon_core.shell:Creating package descriptor '/home/rudra/custom_flightmode/install/example_executor_with_multiple_modes_cpp/share/example_executor_with_multiple_modes_cpp/package.dsv'
[216.119s] INFO:colcon.colcon_core.shell:Creating package script '/home/rudra/custom_flightmode/install/example_executor_with_multiple_modes_cpp/share/example_executor_with_multiple_modes_cpp/package.sh'
[216.119s] INFO:colcon.colcon_core.shell:Creating package script '/home/rudra/custom_flightmode/install/example_executor_with_multiple_modes_cpp/share/example_executor_with_multiple_modes_cpp/package.bash'
[216.120s] INFO:colcon.colcon_core.shell:Creating package script '/home/rudra/custom_flightmode/install/example_executor_with_multiple_modes_cpp/share/example_executor_with_multiple_modes_cpp/package.zsh'
[216.120s] Level 1:colcon.colcon_core.environment:create_file_with_runtime_dependencies(/home/rudra/custom_flightmode/install/example_executor_with_multiple_modes_cpp/share/colcon-core/packages/example_executor_with_multiple_modes_cpp)
[216.121s] Level 1:colcon.colcon_core.environment:create_environment_scripts_only(example_executor_with_multiple_modes_cpp)
[216.121s] Level 1:colcon.colcon_core.environment:checking '/home/rudra/custom_flightmode/install/example_executor_with_multiple_modes_cpp' for CMake module files
[216.122s] Level 1:colcon.colcon_core.environment:checking '/home/rudra/custom_flightmode/install/example_executor_with_multiple_modes_cpp' for CMake config files
[216.122s] Level 1:colcon.colcon_core.shell:create_environment_hook('example_executor_with_multiple_modes_cpp', 'cmake_prefix_path')
[216.123s] INFO:colcon.colcon_core.shell:Creating environment hook '/home/rudra/custom_flightmode/install/example_executor_with_multiple_modes_cpp/share/example_executor_with_multiple_modes_cpp/hook/cmake_prefix_path.ps1'
[216.123s] INFO:colcon.colcon_core.shell:Creating environment descriptor '/home/rudra/custom_flightmode/install/example_executor_with_multiple_modes_cpp/share/example_executor_with_multiple_modes_cpp/hook/cmake_prefix_path.dsv'
[216.124s] INFO:colcon.colcon_core.shell:Creating environment hook '/home/rudra/custom_flightmode/install/example_executor_with_multiple_modes_cpp/share/example_executor_with_multiple_modes_cpp/hook/cmake_prefix_path.sh'
[216.125s] Level 1:colcon.colcon_core.environment:checking '/home/rudra/custom_flightmode/install/example_executor_with_multiple_modes_cpp/lib'
[216.125s] Level 1:colcon.colcon_core.environment:checking '/home/rudra/custom_flightmode/install/example_executor_with_multiple_modes_cpp/bin'
[216.125s] Level 1:colcon.colcon_core.environment:checking '/home/rudra/custom_flightmode/install/example_executor_with_multiple_modes_cpp/lib/pkgconfig/example_executor_with_multiple_modes_cpp.pc'
[216.125s] Level 1:colcon.colcon_core.environment:checking '/home/rudra/custom_flightmode/install/example_executor_with_multiple_modes_cpp/lib/python3.10/site-packages'
[216.126s] Level 1:colcon.colcon_core.environment:checking '/home/rudra/custom_flightmode/install/example_executor_with_multiple_modes_cpp/bin'
[216.126s] INFO:colcon.colcon_core.shell:Creating package script '/home/rudra/custom_flightmode/install/example_executor_with_multiple_modes_cpp/share/example_executor_with_multiple_modes_cpp/package.ps1'
[216.127s] INFO:colcon.colcon_core.shell:Creating package descriptor '/home/rudra/custom_flightmode/install/example_executor_with_multiple_modes_cpp/share/example_executor_with_multiple_modes_cpp/package.dsv'
[216.128s] INFO:colcon.colcon_core.shell:Creating package script '/home/rudra/custom_flightmode/install/example_executor_with_multiple_modes_cpp/share/example_executor_with_multiple_modes_cpp/package.sh'
[216.128s] INFO:colcon.colcon_core.shell:Creating package script '/home/rudra/custom_flightmode/install/example_executor_with_multiple_modes_cpp/share/example_executor_with_multiple_modes_cpp/package.bash'
[216.129s] INFO:colcon.colcon_core.shell:Creating package script '/home/rudra/custom_flightmode/install/example_executor_with_multiple_modes_cpp/share/example_executor_with_multiple_modes_cpp/package.zsh'
[216.130s] Level 1:colcon.colcon_core.environment:create_file_with_runtime_dependencies(/home/rudra/custom_flightmode/install/example_executor_with_multiple_modes_cpp/share/colcon-core/packages/example_executor_with_multiple_modes_cpp)
[216.131s] INFO:colcon.colcon_ros.task.ament_cmake.build:Building ROS package in '/home/rudra/custom_flightmode/src/px4-ros2-interface-lib/examples/cpp/modes/mode_with_executor' with build type 'ament_cmake'
[216.131s] INFO:colcon.colcon_cmake.task.cmake.build:Building CMake package in '/home/rudra/custom_flightmode/src/px4-ros2-interface-lib/examples/cpp/modes/mode_with_executor'
[216.132s] INFO:colcon.colcon_core.shell:Skip shell extension 'powershell' for command environment: Not usable outside of PowerShell
[216.132s] DEBUG:colcon.colcon_core.shell:Skip shell extension 'dsv' for command environment
[216.140s] INFO:colcon.colcon_ros.task.ament_cmake.build:Building ROS package in '/home/rudra/custom_flightmode/src/px4-ros2-interface-lib/examples/cpp/modes/rover_velocity' with build type 'ament_cmake'
[216.141s] INFO:colcon.colcon_cmake.task.cmake.build:Building CMake package in '/home/rudra/custom_flightmode/src/px4-ros2-interface-lib/examples/cpp/modes/rover_velocity'
[216.141s] INFO:colcon.colcon_core.shell:Skip shell extension 'powershell' for command environment: Not usable outside of PowerShell
[216.141s] DEBUG:colcon.colcon_core.shell:Skip shell extension 'dsv' for command environment
[216.155s] Level 1:colcon.colcon_core.environment:create_environment_scripts_only(example_mode_goto_cpp)
[216.156s] Level 1:colcon.colcon_core.environment:checking '/home/rudra/custom_flightmode/install/example_mode_goto_cpp' for CMake module files
[216.157s] Level 1:colcon.colcon_core.environment:checking '/home/rudra/custom_flightmode/install/example_mode_goto_cpp' for CMake config files
[216.157s] Level 1:colcon.colcon_core.shell:create_environment_hook('example_mode_goto_cpp', 'cmake_prefix_path')
[216.157s] INFO:colcon.colcon_core.shell:Creating environment hook '/home/rudra/custom_flightmode/install/example_mode_goto_cpp/share/example_mode_goto_cpp/hook/cmake_prefix_path.ps1'
[216.158s] INFO:colcon.colcon_core.shell:Creating environment descriptor '/home/rudra/custom_flightmode/install/example_mode_goto_cpp/share/example_mode_goto_cpp/hook/cmake_prefix_path.dsv'
[216.159s] DEBUG:colcon.colcon_core.event_handler.log_command:Invoked command in '/home/rudra/custom_flightmode/build/example_mode_goto_cpp' returned '0': AMENT_PREFIX_PATH=/home/rudra/custom_flightmode/install/px4_ros2_cpp:/home/rudra/custom_flightmode/install/px4_msgs:${AMENT_PREFIX_PATH} CMAKE_PREFIX_PATH=/home/rudra/custom_flightmode/install/px4_ros2_cpp:/home/rudra/custom_flightmode/install/px4_msgs:/home/rudra/ros2_ws/install/talker_listener:/home/rudra/ros2_ws/install/first_pkg:/opt/ros/humble LD_LIBRARY_PATH=/home/rudra/custom_flightmode/install/px4_ros2_cpp/lib:/home/rudra/custom_flightmode/install/px4_msgs/lib:${LD_LIBRARY_PATH} PYTHONPATH=/home/rudra/custom_flightmode/install/px4_msgs/local/lib/python3.10/dist-packages:${PYTHONPATH} /usr/bin/cmake --install /home/rudra/custom_flightmode/build/example_mode_goto_cpp
[216.159s] INFO:colcon.colcon_core.shell:Creating environment hook '/home/rudra/custom_flightmode/install/example_mode_goto_cpp/share/example_mode_goto_cpp/hook/cmake_prefix_path.sh'
[216.160s] Level 1:colcon.colcon_core.environment:checking '/home/rudra/custom_flightmode/install/example_mode_goto_cpp/lib'
[216.160s] Level 1:colcon.colcon_core.environment:checking '/home/rudra/custom_flightmode/install/example_mode_goto_cpp/bin'
[216.160s] Level 1:colcon.colcon_core.environment:checking '/home/rudra/custom_flightmode/install/example_mode_goto_cpp/lib/pkgconfig/example_mode_goto_cpp.pc'
[216.160s] Level 1:colcon.colcon_core.environment:checking '/home/rudra/custom_flightmode/install/example_mode_goto_cpp/lib/python3.10/site-packages'
[216.161s] Level 1:colcon.colcon_core.environment:checking '/home/rudra/custom_flightmode/install/example_mode_goto_cpp/bin'
[216.161s] INFO:colcon.colcon_core.shell:Creating package script '/home/rudra/custom_flightmode/install/example_mode_goto_cpp/share/example_mode_goto_cpp/package.ps1'
[216.162s] INFO:colcon.colcon_core.shell:Creating package descriptor '/home/rudra/custom_flightmode/install/example_mode_goto_cpp/share/example_mode_goto_cpp/package.dsv'
[216.166s] INFO:colcon.colcon_core.shell:Creating package script '/home/rudra/custom_flightmode/install/example_mode_goto_cpp/share/example_mode_goto_cpp/package.sh'
[216.167s] INFO:colcon.colcon_core.shell:Creating package script '/home/rudra/custom_flightmode/install/example_mode_goto_cpp/share/example_mode_goto_cpp/package.bash'
[216.167s] INFO:colcon.colcon_core.shell:Creating package script '/home/rudra/custom_flightmode/install/example_mode_goto_cpp/share/example_mode_goto_cpp/package.zsh'
[216.168s] Level 1:colcon.colcon_core.environment:create_file_with_runtime_dependencies(/home/rudra/custom_flightmode/install/example_mode_goto_cpp/share/colcon-core/packages/example_mode_goto_cpp)
[216.172s] Level 1:colcon.colcon_core.environment:create_environment_scripts_only(example_mode_goto_cpp)
[216.176s] Level 1:colcon.colcon_core.environment:checking '/home/rudra/custom_flightmode/install/example_mode_goto_cpp' for CMake module files
[216.177s] Level 1:colcon.colcon_core.environment:checking '/home/rudra/custom_flightmode/install/example_mode_goto_cpp' for CMake config files
[216.177s] Level 1:colcon.colcon_core.shell:create_environment_hook('example_mode_goto_cpp', 'cmake_prefix_path')
[216.177s] INFO:colcon.colcon_core.shell:Creating environment hook '/home/rudra/custom_flightmode/install/example_mode_goto_cpp/share/example_mode_goto_cpp/hook/cmake_prefix_path.ps1'
[216.178s] INFO:colcon.colcon_core.shell:Creating environment descriptor '/home/rudra/custom_flightmode/install/example_mode_goto_cpp/share/example_mode_goto_cpp/hook/cmake_prefix_path.dsv'
[216.179s] INFO:colcon.colcon_core.shell:Creating environment hook '/home/rudra/custom_flightmode/install/example_mode_goto_cpp/share/example_mode_goto_cpp/hook/cmake_prefix_path.sh'
[216.184s] Level 1:colcon.colcon_core.environment:checking '/home/rudra/custom_flightmode/install/example_mode_goto_cpp/lib'
[216.184s] Level 1:colcon.colcon_core.environment:checking '/home/rudra/custom_flightmode/install/example_mode_goto_cpp/bin'
[216.184s] Level 1:colcon.colcon_core.environment:checking '/home/rudra/custom_flightmode/install/example_mode_goto_cpp/lib/pkgconfig/example_mode_goto_cpp.pc'
[216.184s] Level 1:colcon.colcon_core.environment:checking '/home/rudra/custom_flightmode/install/example_mode_goto_cpp/lib/python3.10/site-packages'
[216.185s] Level 1:colcon.colcon_core.environment:checking '/home/rudra/custom_flightmode/install/example_mode_goto_cpp/bin'
[216.185s] INFO:colcon.colcon_core.shell:Creating package script '/home/rudra/custom_flightmode/install/example_mode_goto_cpp/share/example_mode_goto_cpp/package.ps1'
[216.187s] INFO:colcon.colcon_core.shell:Creating package descriptor '/home/rudra/custom_flightmode/install/example_mode_goto_cpp/share/example_mode_goto_cpp/package.dsv'
[216.187s] INFO:colcon.colcon_core.shell:Creating package script '/home/rudra/custom_flightmode/install/example_mode_goto_cpp/share/example_mode_goto_cpp/package.sh'
[216.188s] INFO:colcon.colcon_core.shell:Creating package script '/home/rudra/custom_flightmode/install/example_mode_goto_cpp/share/example_mode_goto_cpp/package.bash'
[216.189s] INFO:colcon.colcon_core.shell:Creating package script '/home/rudra/custom_flightmode/install/example_mode_goto_cpp/share/example_mode_goto_cpp/package.zsh'
[216.192s] Level 1:colcon.colcon_core.environment:create_file_with_runtime_dependencies(/home/rudra/custom_flightmode/install/example_mode_goto_cpp/share/colcon-core/packages/example_mode_goto_cpp)
[216.208s] Level 1:colcon.colcon_core.environment:create_environment_scripts_only(example_mode_goto_global_cpp)
[216.211s] Level 1:colcon.colcon_core.environment:checking '/home/rudra/custom_flightmode/install/example_mode_goto_global_cpp' for CMake module files
[216.211s] Level 1:colcon.colcon_core.environment:checking '/home/rudra/custom_flightmode/install/example_mode_goto_global_cpp' for CMake config files
[216.212s] Level 1:colcon.colcon_core.shell:create_environment_hook('example_mode_goto_global_cpp', 'cmake_prefix_path')
[216.212s] INFO:colcon.colcon_core.shell:Creating environment hook '/home/rudra/custom_flightmode/install/example_mode_goto_global_cpp/share/example_mode_goto_global_cpp/hook/cmake_prefix_path.ps1'
[216.209s] DEBUG:colcon.colcon_core.event_handler.log_command:Invoked command in '/home/rudra/custom_flightmode/build/example_global_navigation_cpp' returned '0': AMENT_PREFIX_PATH=/home/rudra/custom_flightmode/install/px4_ros2_cpp:/home/rudra/custom_flightmode/install/px4_msgs:${AMENT_PREFIX_PATH} CMAKE_PREFIX_PATH=/home/rudra/custom_flightmode/install/px4_ros2_cpp:/home/rudra/custom_flightmode/install/px4_msgs:/home/rudra/ros2_ws/install/talker_listener:/home/rudra/ros2_ws/install/first_pkg:/opt/ros/humble LD_LIBRARY_PATH=/home/rudra/custom_flightmode/install/px4_ros2_cpp/lib:/home/rudra/custom_flightmode/install/px4_msgs/lib:${LD_LIBRARY_PATH} PYTHONPATH=/home/rudra/custom_flightmode/install/px4_msgs/local/lib/python3.10/dist-packages:${PYTHONPATH} /usr/bin/cmake --build /home/rudra/custom_flightmode/build/example_global_navigation_cpp -- -j12 -l12
[216.213s] DEBUG:colcon.colcon_core.event_handler.log_command:Invoking command in '/home/rudra/custom_flightmode/build/example_global_navigation_cpp': AMENT_PREFIX_PATH=/home/rudra/custom_flightmode/install/px4_ros2_cpp:/home/rudra/custom_flightmode/install/px4_msgs:${AMENT_PREFIX_PATH} CMAKE_PREFIX_PATH=/home/rudra/custom_flightmode/install/px4_ros2_cpp:/home/rudra/custom_flightmode/install/px4_msgs:/home/rudra/ros2_ws/install/talker_listener:/home/rudra/ros2_ws/install/first_pkg:/opt/ros/humble LD_LIBRARY_PATH=/home/rudra/custom_flightmode/install/px4_ros2_cpp/lib:/home/rudra/custom_flightmode/install/px4_msgs/lib:${LD_LIBRARY_PATH} PYTHONPATH=/home/rudra/custom_flightmode/install/px4_msgs/local/lib/python3.10/dist-packages:${PYTHONPATH} /usr/bin/cmake --install /home/rudra/custom_flightmode/build/example_global_navigation_cpp
[216.213s] DEBUG:colcon.colcon_core.event_handler.log_command:Invoked command in '/home/rudra/custom_flightmode/build/example_mode_goto_global_cpp' returned '0': AMENT_PREFIX_PATH=/home/rudra/custom_flightmode/install/px4_ros2_cpp:/home/rudra/custom_flightmode/install/px4_msgs:${AMENT_PREFIX_PATH} CMAKE_PREFIX_PATH=/home/rudra/custom_flightmode/install/px4_ros2_cpp:/home/rudra/custom_flightmode/install/px4_msgs:/home/rudra/ros2_ws/install/talker_listener:/home/rudra/ros2_ws/install/first_pkg:/opt/ros/humble LD_LIBRARY_PATH=/home/rudra/custom_flightmode/install/px4_ros2_cpp/lib:/home/rudra/custom_flightmode/install/px4_msgs/lib:${LD_LIBRARY_PATH} PYTHONPATH=/home/rudra/custom_flightmode/install/px4_msgs/local/lib/python3.10/dist-packages:${PYTHONPATH} /usr/bin/cmake --install /home/rudra/custom_flightmode/build/example_mode_goto_global_cpp
[216.216s] INFO:colcon.colcon_core.shell:Creating environment descriptor '/home/rudra/custom_flightmode/install/example_mode_goto_global_cpp/share/example_mode_goto_global_cpp/hook/cmake_prefix_path.dsv'
[216.216s] INFO:colcon.colcon_core.shell:Creating environment hook '/home/rudra/custom_flightmode/install/example_mode_goto_global_cpp/share/example_mode_goto_global_cpp/hook/cmake_prefix_path.sh'
[216.217s] Level 1:colcon.colcon_core.environment:checking '/home/rudra/custom_flightmode/install/example_mode_goto_global_cpp/lib'
[216.217s] Level 1:colcon.colcon_core.environment:checking '/home/rudra/custom_flightmode/install/example_mode_goto_global_cpp/bin'
[216.217s] Level 1:colcon.colcon_core.environment:checking '/home/rudra/custom_flightmode/install/example_mode_goto_global_cpp/lib/pkgconfig/example_mode_goto_global_cpp.pc'
[216.218s] Level 1:colcon.colcon_core.environment:checking '/home/rudra/custom_flightmode/install/example_mode_goto_global_cpp/lib/python3.10/site-packages'
[216.218s] Level 1:colcon.colcon_core.environment:checking '/home/rudra/custom_flightmode/install/example_mode_goto_global_cpp/bin'
[216.222s] INFO:colcon.colcon_core.shell:Creating package script '/home/rudra/custom_flightmode/install/example_mode_goto_global_cpp/share/example_mode_goto_global_cpp/package.ps1'
[216.222s] INFO:colcon.colcon_core.shell:Creating package descriptor '/home/rudra/custom_flightmode/install/example_mode_goto_global_cpp/share/example_mode_goto_global_cpp/package.dsv'
[216.223s] INFO:colcon.colcon_core.shell:Creating package script '/home/rudra/custom_flightmode/install/example_mode_goto_global_cpp/share/example_mode_goto_global_cpp/package.sh'
[216.223s] INFO:colcon.colcon_core.shell:Creating package script '/home/rudra/custom_flightmode/install/example_mode_goto_global_cpp/share/example_mode_goto_global_cpp/package.bash'
[216.224s] INFO:colcon.colcon_core.shell:Creating package script '/home/rudra/custom_flightmode/install/example_mode_goto_global_cpp/share/example_mode_goto_global_cpp/package.zsh'
[216.228s] Level 1:colcon.colcon_core.environment:create_file_with_runtime_dependencies(/home/rudra/custom_flightmode/install/example_mode_goto_global_cpp/share/colcon-core/packages/example_mode_goto_global_cpp)
[216.229s] Level 1:colcon.colcon_core.environment:create_environment_scripts_only(example_mode_goto_global_cpp)
[216.229s] Level 1:colcon.colcon_core.environment:checking '/home/rudra/custom_flightmode/install/example_mode_goto_global_cpp' for CMake module files
[216.230s] Level 1:colcon.colcon_core.environment:checking '/home/rudra/custom_flightmode/install/example_mode_goto_global_cpp' for CMake config files
[216.230s] Level 1:colcon.colcon_core.shell:create_environment_hook('example_mode_goto_global_cpp', 'cmake_prefix_path')
[216.233s] INFO:colcon.colcon_core.shell:Creating environment hook '/home/rudra/custom_flightmode/install/example_mode_goto_global_cpp/share/example_mode_goto_global_cpp/hook/cmake_prefix_path.ps1'
[216.234s] INFO:colcon.colcon_core.shell:Creating environment descriptor '/home/rudra/custom_flightmode/install/example_mode_goto_global_cpp/share/example_mode_goto_global_cpp/hook/cmake_prefix_path.dsv'
[216.235s] INFO:colcon.colcon_core.shell:Creating environment hook '/home/rudra/custom_flightmode/install/example_mode_goto_global_cpp/share/example_mode_goto_global_cpp/hook/cmake_prefix_path.sh'
[216.236s] Level 1:colcon.colcon_core.environment:checking '/home/rudra/custom_flightmode/install/example_mode_goto_global_cpp/lib'
[216.236s] Level 1:colcon.colcon_core.environment:checking '/home/rudra/custom_flightmode/install/example_mode_goto_global_cpp/bin'
[216.236s] Level 1:colcon.colcon_core.environment:checking '/home/rudra/custom_flightmode/install/example_mode_goto_global_cpp/lib/pkgconfig/example_mode_goto_global_cpp.pc'
[216.236s] Level 1:colcon.colcon_core.environment:checking '/home/rudra/custom_flightmode/install/example_mode_goto_global_cpp/lib/python3.10/site-packages'
[216.240s] Level 1:colcon.colcon_core.environment:checking '/home/rudra/custom_flightmode/install/example_mode_goto_global_cpp/bin'
[216.240s] INFO:colcon.colcon_core.shell:Creating package script '/home/rudra/custom_flightmode/install/example_mode_goto_global_cpp/share/example_mode_goto_global_cpp/package.ps1'
[216.241s] INFO:colcon.colcon_core.shell:Creating package descriptor '/home/rudra/custom_flightmode/install/example_mode_goto_global_cpp/share/example_mode_goto_global_cpp/package.dsv'
[216.242s] INFO:colcon.colcon_core.shell:Creating package script '/home/rudra/custom_flightmode/install/example_mode_goto_global_cpp/share/example_mode_goto_global_cpp/package.sh'
[216.243s] INFO:colcon.colcon_core.shell:Creating package script '/home/rudra/custom_flightmode/install/example_mode_goto_global_cpp/share/example_mode_goto_global_cpp/package.bash'
[216.244s] INFO:colcon.colcon_core.shell:Creating package script '/home/rudra/custom_flightmode/install/example_mode_goto_global_cpp/share/example_mode_goto_global_cpp/package.zsh'
[216.244s] Level 1:colcon.colcon_core.environment:create_file_with_runtime_dependencies(/home/rudra/custom_flightmode/install/example_mode_goto_global_cpp/share/colcon-core/packages/example_mode_goto_global_cpp)
[216.248s] Level 1:colcon.colcon_core.environment:create_environment_scripts_only(example_local_navigation_cpp)
[216.249s] Level 1:colcon.colcon_core.environment:checking '/home/rudra/custom_flightmode/install/example_local_navigation_cpp' for CMake module files
[216.250s] DEBUG:colcon.colcon_core.event_handler.log_command:Invoked command in '/home/rudra/custom_flightmode/build/example_local_navigation_cpp' returned '0': AMENT_PREFIX_PATH=/home/rudra/custom_flightmode/install/px4_ros2_cpp:/home/rudra/custom_flightmode/install/px4_msgs:${AMENT_PREFIX_PATH} CMAKE_PREFIX_PATH=/home/rudra/custom_flightmode/install/px4_ros2_cpp:/home/rudra/custom_flightmode/install/px4_msgs:/home/rudra/ros2_ws/install/talker_listener:/home/rudra/ros2_ws/install/first_pkg:/opt/ros/humble LD_LIBRARY_PATH=/home/rudra/custom_flightmode/install/px4_ros2_cpp/lib:/home/rudra/custom_flightmode/install/px4_msgs/lib:${LD_LIBRARY_PATH} PYTHONPATH=/home/rudra/custom_flightmode/install/px4_msgs/local/lib/python3.10/dist-packages:${PYTHONPATH} /usr/bin/cmake --install /home/rudra/custom_flightmode/build/example_local_navigation_cpp
[216.250s] Level 1:colcon.colcon_core.environment:checking '/home/rudra/custom_flightmode/install/example_local_navigation_cpp' for CMake config files
[216.250s] Level 1:colcon.colcon_core.shell:create_environment_hook('example_local_navigation_cpp', 'cmake_prefix_path')
[216.251s] INFO:colcon.colcon_core.shell:Creating environment hook '/home/rudra/custom_flightmode/install/example_local_navigation_cpp/share/example_local_navigation_cpp/hook/cmake_prefix_path.ps1'
[216.251s] INFO:colcon.colcon_core.shell:Creating environment descriptor '/home/rudra/custom_flightmode/install/example_local_navigation_cpp/share/example_local_navigation_cpp/hook/cmake_prefix_path.dsv'
[216.252s] INFO:colcon.colcon_core.shell:Creating environment hook '/home/rudra/custom_flightmode/install/example_local_navigation_cpp/share/example_local_navigation_cpp/hook/cmake_prefix_path.sh'
[216.253s] Level 1:colcon.colcon_core.environment:checking '/home/rudra/custom_flightmode/install/example_local_navigation_cpp/lib'
[216.253s] Level 1:colcon.colcon_core.environment:checking '/home/rudra/custom_flightmode/install/example_local_navigation_cpp/bin'
[216.253s] Level 1:colcon.colcon_core.environment:checking '/home/rudra/custom_flightmode/install/example_local_navigation_cpp/lib/pkgconfig/example_local_navigation_cpp.pc'
[216.253s] Level 1:colcon.colcon_core.environment:checking '/home/rudra/custom_flightmode/install/example_local_navigation_cpp/lib/python3.10/site-packages'
[216.257s] Level 1:colcon.colcon_core.environment:checking '/home/rudra/custom_flightmode/install/example_local_navigation_cpp/bin'
[216.257s] INFO:colcon.colcon_core.shell:Creating package script '/home/rudra/custom_flightmode/install/example_local_navigation_cpp/share/example_local_navigation_cpp/package.ps1'
[216.258s] INFO:colcon.colcon_core.shell:Creating package descriptor '/home/rudra/custom_flightmode/install/example_local_navigation_cpp/share/example_local_navigation_cpp/package.dsv'
[216.259s] INFO:colcon.colcon_core.shell:Creating package script '/home/rudra/custom_flightmode/install/example_local_navigation_cpp/share/example_local_navigation_cpp/package.sh'
[216.263s] INFO:colcon.colcon_core.shell:Creating package script '/home/rudra/custom_flightmode/install/example_local_navigation_cpp/share/example_local_navigation_cpp/package.bash'
[216.263s] INFO:colcon.colcon_core.shell:Creating package script '/home/rudra/custom_flightmode/install/example_local_navigation_cpp/share/example_local_navigation_cpp/package.zsh'
[216.264s] Level 1:colcon.colcon_core.environment:create_file_with_runtime_dependencies(/home/rudra/custom_flightmode/install/example_local_navigation_cpp/share/colcon-core/packages/example_local_navigation_cpp)
[216.265s] Level 1:colcon.colcon_core.environment:create_environment_scripts_only(example_local_navigation_cpp)
[216.268s] Level 1:colcon.colcon_core.environment:checking '/home/rudra/custom_flightmode/install/example_local_navigation_cpp' for CMake module files
[216.269s] Level 1:colcon.colcon_core.environment:checking '/home/rudra/custom_flightmode/install/example_local_navigation_cpp' for CMake config files
[216.270s] Level 1:colcon.colcon_core.shell:create_environment_hook('example_local_navigation_cpp', 'cmake_prefix_path')
[216.270s] INFO:colcon.colcon_core.shell:Creating environment hook '/home/rudra/custom_flightmode/install/example_local_navigation_cpp/share/example_local_navigation_cpp/hook/cmake_prefix_path.ps1'
[216.275s] INFO:colcon.colcon_core.shell:Creating environment descriptor '/home/rudra/custom_flightmode/install/example_local_navigation_cpp/share/example_local_navigation_cpp/hook/cmake_prefix_path.dsv'
[216.275s] INFO:colcon.colcon_core.shell:Creating environment hook '/home/rudra/custom_flightmode/install/example_local_navigation_cpp/share/example_local_navigation_cpp/hook/cmake_prefix_path.sh'
[216.276s] Level 1:colcon.colcon_core.environment:checking '/home/rudra/custom_flightmode/install/example_local_navigation_cpp/lib'
[216.276s] Level 1:colcon.colcon_core.environment:checking '/home/rudra/custom_flightmode/install/example_local_navigation_cpp/bin'
[216.276s] Level 1:colcon.colcon_core.environment:checking '/home/rudra/custom_flightmode/install/example_local_navigation_cpp/lib/pkgconfig/example_local_navigation_cpp.pc'
[216.277s] Level 1:colcon.colcon_core.environment:checking '/home/rudra/custom_flightmode/install/example_local_navigation_cpp/lib/python3.10/site-packages'
[216.277s] Level 1:colcon.colcon_core.environment:checking '/home/rudra/custom_flightmode/install/example_local_navigation_cpp/bin'
[216.277s] INFO:colcon.colcon_core.shell:Creating package script '/home/rudra/custom_flightmode/install/example_local_navigation_cpp/share/example_local_navigation_cpp/package.ps1'
[216.278s] INFO:colcon.colcon_core.shell:Creating package descriptor '/home/rudra/custom_flightmode/install/example_local_navigation_cpp/share/example_local_navigation_cpp/package.dsv'
[216.282s] INFO:colcon.colcon_core.shell:Creating package script '/home/rudra/custom_flightmode/install/example_local_navigation_cpp/share/example_local_navigation_cpp/package.sh'
[216.283s] INFO:colcon.colcon_core.shell:Creating package script '/home/rudra/custom_flightmode/install/example_local_navigation_cpp/share/example_local_navigation_cpp/package.bash'
[216.283s] INFO:colcon.colcon_core.shell:Creating package script '/home/rudra/custom_flightmode/install/example_local_navigation_cpp/share/example_local_navigation_cpp/package.zsh'
[216.284s] Level 1:colcon.colcon_core.environment:create_file_with_runtime_dependencies(/home/rudra/custom_flightmode/install/example_local_navigation_cpp/share/colcon-core/packages/example_local_navigation_cpp)
[216.307s] DEBUG:colcon.colcon_core.event_handler.log_command:Invoking command in '/home/rudra/custom_flightmode/build/example_mode_with_executor_cpp': AMENT_PREFIX_PATH=/home/rudra/custom_flightmode/install/px4_ros2_cpp:/home/rudra/custom_flightmode/install/px4_msgs:${AMENT_PREFIX_PATH} CMAKE_PREFIX_PATH=/home/rudra/custom_flightmode/install/px4_ros2_cpp:/home/rudra/custom_flightmode/install/px4_msgs:/home/rudra/ros2_ws/install/talker_listener:/home/rudra/ros2_ws/install/first_pkg:/opt/ros/humble LD_LIBRARY_PATH=/home/rudra/custom_flightmode/install/px4_ros2_cpp/lib:/home/rudra/custom_flightmode/install/px4_msgs/lib:${LD_LIBRARY_PATH} PYTHONPATH=/home/rudra/custom_flightmode/install/px4_msgs/local/lib/python3.10/dist-packages:${PYTHONPATH} /usr/bin/cmake /home/rudra/custom_flightmode/src/px4-ros2-interface-lib/examples/cpp/modes/mode_with_executor -DCMAKE_INSTALL_PREFIX=/home/rudra/custom_flightmode/install/example_mode_with_executor_cpp
[216.311s] Level 1:colcon.colcon_core.environment:create_environment_scripts_only(example_global_navigation_cpp)
[216.315s] Level 1:colcon.colcon_core.environment:checking '/home/rudra/custom_flightmode/install/example_global_navigation_cpp' for CMake module files
[216.316s] DEBUG:colcon.colcon_core.event_handler.log_command:Invoking command in '/home/rudra/custom_flightmode/build/example_rover_velocity_mode_cpp': AMENT_PREFIX_PATH=/home/rudra/custom_flightmode/install/px4_ros2_cpp:/home/rudra/custom_flightmode/install/px4_msgs:${AMENT_PREFIX_PATH} CMAKE_PREFIX_PATH=/home/rudra/custom_flightmode/install/px4_ros2_cpp:/home/rudra/custom_flightmode/install/px4_msgs:/home/rudra/ros2_ws/install/talker_listener:/home/rudra/ros2_ws/install/first_pkg:/opt/ros/humble LD_LIBRARY_PATH=/home/rudra/custom_flightmode/install/px4_ros2_cpp/lib:/home/rudra/custom_flightmode/install/px4_msgs/lib:${LD_LIBRARY_PATH} PYTHONPATH=/home/rudra/custom_flightmode/install/px4_msgs/local/lib/python3.10/dist-packages:${PYTHONPATH} /usr/bin/cmake /home/rudra/custom_flightmode/src/px4-ros2-interface-lib/examples/cpp/modes/rover_velocity -DCMAKE_INSTALL_PREFIX=/home/rudra/custom_flightmode/install/example_rover_velocity_mode_cpp
[216.317s] Level 1:colcon.colcon_core.environment:checking '/home/rudra/custom_flightmode/install/example_global_navigation_cpp' for CMake config files
[216.317s] Level 1:colcon.colcon_core.shell:create_environment_hook('example_global_navigation_cpp', 'cmake_prefix_path')
[216.318s] INFO:colcon.colcon_core.shell:Creating environment hook '/home/rudra/custom_flightmode/install/example_global_navigation_cpp/share/example_global_navigation_cpp/hook/cmake_prefix_path.ps1'
[216.318s] INFO:colcon.colcon_core.shell:Creating environment descriptor '/home/rudra/custom_flightmode/install/example_global_navigation_cpp/share/example_global_navigation_cpp/hook/cmake_prefix_path.dsv'
[216.319s] INFO:colcon.colcon_core.shell:Creating environment hook '/home/rudra/custom_flightmode/install/example_global_navigation_cpp/share/example_global_navigation_cpp/hook/cmake_prefix_path.sh'
[216.320s] Level 1:colcon.colcon_core.environment:checking '/home/rudra/custom_flightmode/install/example_global_navigation_cpp/lib'
[216.320s] Level 1:colcon.colcon_core.environment:checking '/home/rudra/custom_flightmode/install/example_global_navigation_cpp/bin'
[216.320s] Level 1:colcon.colcon_core.environment:checking '/home/rudra/custom_flightmode/install/example_global_navigation_cpp/lib/pkgconfig/example_global_navigation_cpp.pc'
[216.326s] DEBUG:colcon.colcon_core.event_handler.log_command:Invoked command in '/home/rudra/custom_flightmode/build/example_global_navigation_cpp' returned '0': AMENT_PREFIX_PATH=/home/rudra/custom_flightmode/install/px4_ros2_cpp:/home/rudra/custom_flightmode/install/px4_msgs:${AMENT_PREFIX_PATH} CMAKE_PREFIX_PATH=/home/rudra/custom_flightmode/install/px4_ros2_cpp:/home/rudra/custom_flightmode/install/px4_msgs:/home/rudra/ros2_ws/install/talker_listener:/home/rudra/ros2_ws/install/first_pkg:/opt/ros/humble LD_LIBRARY_PATH=/home/rudra/custom_flightmode/install/px4_ros2_cpp/lib:/home/rudra/custom_flightmode/install/px4_msgs/lib:${LD_LIBRARY_PATH} PYTHONPATH=/home/rudra/custom_flightmode/install/px4_msgs/local/lib/python3.10/dist-packages:${PYTHONPATH} /usr/bin/cmake --install /home/rudra/custom_flightmode/build/example_global_navigation_cpp
[216.326s] Level 1:colcon.colcon_core.environment:checking '/home/rudra/custom_flightmode/install/example_global_navigation_cpp/lib/python3.10/site-packages'
[216.326s] Level 1:colcon.colcon_core.environment:checking '/home/rudra/custom_flightmode/install/example_global_navigation_cpp/bin'
[216.327s] INFO:colcon.colcon_core.shell:Creating package script '/home/rudra/custom_flightmode/install/example_global_navigation_cpp/share/example_global_navigation_cpp/package.ps1'
[216.329s] INFO:colcon.colcon_core.shell:Creating package descriptor '/home/rudra/custom_flightmode/install/example_global_navigation_cpp/share/example_global_navigation_cpp/package.dsv'
[216.329s] INFO:colcon.colcon_core.shell:Creating package script '/home/rudra/custom_flightmode/install/example_global_navigation_cpp/share/example_global_navigation_cpp/package.sh'
[216.330s] INFO:colcon.colcon_core.shell:Creating package script '/home/rudra/custom_flightmode/install/example_global_navigation_cpp/share/example_global_navigation_cpp/package.bash'
[216.330s] INFO:colcon.colcon_core.shell:Creating package script '/home/rudra/custom_flightmode/install/example_global_navigation_cpp/share/example_global_navigation_cpp/package.zsh'
[216.331s] Level 1:colcon.colcon_core.environment:create_file_with_runtime_dependencies(/home/rudra/custom_flightmode/install/example_global_navigation_cpp/share/colcon-core/packages/example_global_navigation_cpp)
[216.337s] Level 1:colcon.colcon_core.environment:create_environment_scripts_only(example_global_navigation_cpp)
[216.337s] Level 1:colcon.colcon_core.environment:checking '/home/rudra/custom_flightmode/install/example_global_navigation_cpp' for CMake module files
[216.338s] Level 1:colcon.colcon_core.environment:checking '/home/rudra/custom_flightmode/install/example_global_navigation_cpp' for CMake config files
[216.338s] Level 1:colcon.colcon_core.shell:create_environment_hook('example_global_navigation_cpp', 'cmake_prefix_path')
[216.338s] INFO:colcon.colcon_core.shell:Creating environment hook '/home/rudra/custom_flightmode/install/example_global_navigation_cpp/share/example_global_navigation_cpp/hook/cmake_prefix_path.ps1'
[216.339s] INFO:colcon.colcon_core.shell:Creating environment descriptor '/home/rudra/custom_flightmode/install/example_global_navigation_cpp/share/example_global_navigation_cpp/hook/cmake_prefix_path.dsv'
[216.342s] INFO:colcon.colcon_core.shell:Creating environment hook '/home/rudra/custom_flightmode/install/example_global_navigation_cpp/share/example_global_navigation_cpp/hook/cmake_prefix_path.sh'
[216.343s] Level 1:colcon.colcon_core.environment:checking '/home/rudra/custom_flightmode/install/example_global_navigation_cpp/lib'
[216.343s] Level 1:colcon.colcon_core.environment:checking '/home/rudra/custom_flightmode/install/example_global_navigation_cpp/bin'
[216.343s] Level 1:colcon.colcon_core.environment:checking '/home/rudra/custom_flightmode/install/example_global_navigation_cpp/lib/pkgconfig/example_global_navigation_cpp.pc'
[216.344s] Level 1:colcon.colcon_core.environment:checking '/home/rudra/custom_flightmode/install/example_global_navigation_cpp/lib/python3.10/site-packages'
[216.344s] Level 1:colcon.colcon_core.environment:checking '/home/rudra/custom_flightmode/install/example_global_navigation_cpp/bin'
[216.344s] INFO:colcon.colcon_core.shell:Creating package script '/home/rudra/custom_flightmode/install/example_global_navigation_cpp/share/example_global_navigation_cpp/package.ps1'
[216.345s] INFO:colcon.colcon_core.shell:Creating package descriptor '/home/rudra/custom_flightmode/install/example_global_navigation_cpp/share/example_global_navigation_cpp/package.dsv'
[216.349s] INFO:colcon.colcon_core.shell:Creating package script '/home/rudra/custom_flightmode/install/example_global_navigation_cpp/share/example_global_navigation_cpp/package.sh'
[216.350s] INFO:colcon.colcon_core.shell:Creating package script '/home/rudra/custom_flightmode/install/example_global_navigation_cpp/share/example_global_navigation_cpp/package.bash'
[216.353s] INFO:colcon.colcon_core.shell:Creating package script '/home/rudra/custom_flightmode/install/example_global_navigation_cpp/share/example_global_navigation_cpp/package.zsh'
[216.354s] Level 1:colcon.colcon_core.environment:create_file_with_runtime_dependencies(/home/rudra/custom_flightmode/install/example_global_navigation_cpp/share/colcon-core/packages/example_global_navigation_cpp)
[216.365s] DEBUG:colcon.colcon_core.event_handler.log_command:Invoked command in '/home/rudra/custom_flightmode/build/example_mode_vtol_cpp' returned '0': AMENT_PREFIX_PATH=/home/rudra/custom_flightmode/install/px4_ros2_cpp:/home/rudra/custom_flightmode/install/px4_msgs:${AMENT_PREFIX_PATH} CMAKE_PREFIX_PATH=/home/rudra/custom_flightmode/install/px4_ros2_cpp:/home/rudra/custom_flightmode/install/px4_msgs:/home/rudra/ros2_ws/install/talker_listener:/home/rudra/ros2_ws/install/first_pkg:/opt/ros/humble LD_LIBRARY_PATH=/home/rudra/custom_flightmode/install/px4_ros2_cpp/lib:/home/rudra/custom_flightmode/install/px4_msgs/lib:${LD_LIBRARY_PATH} PYTHONPATH=/home/rudra/custom_flightmode/install/px4_msgs/local/lib/python3.10/dist-packages:${PYTHONPATH} /usr/bin/cmake --build /home/rudra/custom_flightmode/build/example_mode_vtol_cpp -- -j12 -l12
[216.366s] DEBUG:colcon.colcon_core.event_handler.log_command:Invoking command in '/home/rudra/custom_flightmode/build/example_mode_vtol_cpp': AMENT_PREFIX_PATH=/home/rudra/custom_flightmode/install/px4_ros2_cpp:/home/rudra/custom_flightmode/install/px4_msgs:${AMENT_PREFIX_PATH} CMAKE_PREFIX_PATH=/home/rudra/custom_flightmode/install/px4_ros2_cpp:/home/rudra/custom_flightmode/install/px4_msgs:/home/rudra/ros2_ws/install/talker_listener:/home/rudra/ros2_ws/install/first_pkg:/opt/ros/humble LD_LIBRARY_PATH=/home/rudra/custom_flightmode/install/px4_ros2_cpp/lib:/home/rudra/custom_flightmode/install/px4_msgs/lib:${LD_LIBRARY_PATH} PYTHONPATH=/home/rudra/custom_flightmode/install/px4_msgs/local/lib/python3.10/dist-packages:${PYTHONPATH} /usr/bin/cmake --install /home/rudra/custom_flightmode/build/example_mode_vtol_cpp
[216.372s] DEBUG:colcon.colcon_core.event_handler.log_command:Invoked command in '/home/rudra/custom_flightmode/build/example_mode_rtl_replacement_cpp' returned '0': AMENT_PREFIX_PATH=/home/rudra/custom_flightmode/install/px4_ros2_cpp:/home/rudra/custom_flightmode/install/px4_msgs:${AMENT_PREFIX_PATH} CMAKE_PREFIX_PATH=/home/rudra/custom_flightmode/install/px4_ros2_cpp:/home/rudra/custom_flightmode/install/px4_msgs:/home/rudra/ros2_ws/install/talker_listener:/home/rudra/ros2_ws/install/first_pkg:/opt/ros/humble LD_LIBRARY_PATH=/home/rudra/custom_flightmode/install/px4_ros2_cpp/lib:/home/rudra/custom_flightmode/install/px4_msgs/lib:${LD_LIBRARY_PATH} PYTHONPATH=/home/rudra/custom_flightmode/install/px4_msgs/local/lib/python3.10/dist-packages:${PYTHONPATH} /usr/bin/cmake --build /home/rudra/custom_flightmode/build/example_mode_rtl_replacement_cpp -- -j12 -l12
[216.372s] DEBUG:colcon.colcon_core.event_handler.log_command:Invoking command in '/home/rudra/custom_flightmode/build/example_mode_rtl_replacement_cpp': AMENT_PREFIX_PATH=/home/rudra/custom_flightmode/install/px4_ros2_cpp:/home/rudra/custom_flightmode/install/px4_msgs:${AMENT_PREFIX_PATH} CMAKE_PREFIX_PATH=/home/rudra/custom_flightmode/install/px4_ros2_cpp:/home/rudra/custom_flightmode/install/px4_msgs:/home/rudra/ros2_ws/install/talker_listener:/home/rudra/ros2_ws/install/first_pkg:/opt/ros/humble LD_LIBRARY_PATH=/home/rudra/custom_flightmode/install/px4_ros2_cpp/lib:/home/rudra/custom_flightmode/install/px4_msgs/lib:${LD_LIBRARY_PATH} PYTHONPATH=/home/rudra/custom_flightmode/install/px4_msgs/local/lib/python3.10/dist-packages:${PYTHONPATH} /usr/bin/cmake --install /home/rudra/custom_flightmode/build/example_mode_rtl_replacement_cpp
[216.403s] Level 1:colcon.colcon_core.environment:create_environment_scripts_only(example_mode_vtol_cpp)
[216.404s] Level 1:colcon.colcon_core.environment:checking '/home/rudra/custom_flightmode/install/example_mode_vtol_cpp' for CMake module files
[216.404s] Level 1:colcon.colcon_core.environment:checking '/home/rudra/custom_flightmode/install/example_mode_vtol_cpp' for CMake config files
[216.405s] Level 1:colcon.colcon_core.shell:create_environment_hook('example_mode_vtol_cpp', 'cmake_prefix_path')
[216.405s] INFO:colcon.colcon_core.shell:Creating environment hook '/home/rudra/custom_flightmode/install/example_mode_vtol_cpp/share/example_mode_vtol_cpp/hook/cmake_prefix_path.ps1'
[216.406s] INFO:colcon.colcon_core.shell:Creating environment descriptor '/home/rudra/custom_flightmode/install/example_mode_vtol_cpp/share/example_mode_vtol_cpp/hook/cmake_prefix_path.dsv'
[216.411s] INFO:colcon.colcon_core.shell:Creating environment hook '/home/rudra/custom_flightmode/install/example_mode_vtol_cpp/share/example_mode_vtol_cpp/hook/cmake_prefix_path.sh'
[216.412s] Level 1:colcon.colcon_core.environment:checking '/home/rudra/custom_flightmode/install/example_mode_vtol_cpp/lib'
[216.413s] Level 1:colcon.colcon_core.environment:checking '/home/rudra/custom_flightmode/install/example_mode_vtol_cpp/bin'
[216.413s] Level 1:colcon.colcon_core.environment:checking '/home/rudra/custom_flightmode/install/example_mode_vtol_cpp/lib/pkgconfig/example_mode_vtol_cpp.pc'
[216.413s] Level 1:colcon.colcon_core.environment:checking '/home/rudra/custom_flightmode/install/example_mode_vtol_cpp/lib/python3.10/site-packages'
[216.414s] Level 1:colcon.colcon_core.environment:checking '/home/rudra/custom_flightmode/install/example_mode_vtol_cpp/bin'
[216.414s] INFO:colcon.colcon_core.shell:Creating package script '/home/rudra/custom_flightmode/install/example_mode_vtol_cpp/share/example_mode_vtol_cpp/package.ps1'
[216.418s] DEBUG:colcon.colcon_core.event_handler.log_command:Invoked command in '/home/rudra/custom_flightmode/build/example_mode_vtol_cpp' returned '0': AMENT_PREFIX_PATH=/home/rudra/custom_flightmode/install/px4_ros2_cpp:/home/rudra/custom_flightmode/install/px4_msgs:${AMENT_PREFIX_PATH} CMAKE_PREFIX_PATH=/home/rudra/custom_flightmode/install/px4_ros2_cpp:/home/rudra/custom_flightmode/install/px4_msgs:/home/rudra/ros2_ws/install/talker_listener:/home/rudra/ros2_ws/install/first_pkg:/opt/ros/humble LD_LIBRARY_PATH=/home/rudra/custom_flightmode/install/px4_ros2_cpp/lib:/home/rudra/custom_flightmode/install/px4_msgs/lib:${LD_LIBRARY_PATH} PYTHONPATH=/home/rudra/custom_flightmode/install/px4_msgs/local/lib/python3.10/dist-packages:${PYTHONPATH} /usr/bin/cmake --install /home/rudra/custom_flightmode/build/example_mode_vtol_cpp
[216.420s] INFO:colcon.colcon_core.shell:Creating package descriptor '/home/rudra/custom_flightmode/install/example_mode_vtol_cpp/share/example_mode_vtol_cpp/package.dsv'
[216.420s] INFO:colcon.colcon_core.shell:Creating package script '/home/rudra/custom_flightmode/install/example_mode_vtol_cpp/share/example_mode_vtol_cpp/package.sh'
[216.421s] INFO:colcon.colcon_core.shell:Creating package script '/home/rudra/custom_flightmode/install/example_mode_vtol_cpp/share/example_mode_vtol_cpp/package.bash'
[216.421s] INFO:colcon.colcon_core.shell:Creating package script '/home/rudra/custom_flightmode/install/example_mode_vtol_cpp/share/example_mode_vtol_cpp/package.zsh'
[216.422s] Level 1:colcon.colcon_core.environment:create_file_with_runtime_dependencies(/home/rudra/custom_flightmode/install/example_mode_vtol_cpp/share/colcon-core/packages/example_mode_vtol_cpp)
[216.431s] Level 1:colcon.colcon_core.environment:create_environment_scripts_only(example_mode_vtol_cpp)
[216.432s] Level 1:colcon.colcon_core.environment:checking '/home/rudra/custom_flightmode/install/example_mode_vtol_cpp' for CMake module files
[216.434s] Level 1:colcon.colcon_core.environment:checking '/home/rudra/custom_flightmode/install/example_mode_vtol_cpp' for CMake config files
[216.434s] Level 1:colcon.colcon_core.shell:create_environment_hook('example_mode_vtol_cpp', 'cmake_prefix_path')
[216.435s] INFO:colcon.colcon_core.shell:Creating environment hook '/home/rudra/custom_flightmode/install/example_mode_vtol_cpp/share/example_mode_vtol_cpp/hook/cmake_prefix_path.ps1'
[216.436s] INFO:colcon.colcon_core.shell:Creating environment descriptor '/home/rudra/custom_flightmode/install/example_mode_vtol_cpp/share/example_mode_vtol_cpp/hook/cmake_prefix_path.dsv'
[216.437s] INFO:colcon.colcon_core.shell:Creating environment hook '/home/rudra/custom_flightmode/install/example_mode_vtol_cpp/share/example_mode_vtol_cpp/hook/cmake_prefix_path.sh'
[216.437s] Level 1:colcon.colcon_core.environment:checking '/home/rudra/custom_flightmode/install/example_mode_vtol_cpp/lib'
[216.438s] Level 1:colcon.colcon_core.environment:checking '/home/rudra/custom_flightmode/install/example_mode_vtol_cpp/bin'
[216.438s] Level 1:colcon.colcon_core.environment:checking '/home/rudra/custom_flightmode/install/example_mode_vtol_cpp/lib/pkgconfig/example_mode_vtol_cpp.pc'
[216.438s] Level 1:colcon.colcon_core.environment:checking '/home/rudra/custom_flightmode/install/example_mode_vtol_cpp/lib/python3.10/site-packages'
[216.438s] Level 1:colcon.colcon_core.environment:checking '/home/rudra/custom_flightmode/install/example_mode_vtol_cpp/bin'
[216.439s] INFO:colcon.colcon_core.shell:Creating package script '/home/rudra/custom_flightmode/install/example_mode_vtol_cpp/share/example_mode_vtol_cpp/package.ps1'
[216.440s] INFO:colcon.colcon_core.shell:Creating package descriptor '/home/rudra/custom_flightmode/install/example_mode_vtol_cpp/share/example_mode_vtol_cpp/package.dsv'
[216.441s] INFO:colcon.colcon_core.shell:Creating package script '/home/rudra/custom_flightmode/install/example_mode_vtol_cpp/share/example_mode_vtol_cpp/package.sh'
[216.442s] INFO:colcon.colcon_core.shell:Creating package script '/home/rudra/custom_flightmode/install/example_mode_vtol_cpp/share/example_mode_vtol_cpp/package.bash'
[216.442s] INFO:colcon.colcon_core.shell:Creating package script '/home/rudra/custom_flightmode/install/example_mode_vtol_cpp/share/example_mode_vtol_cpp/package.zsh'
[216.444s] Level 1:colcon.colcon_core.environment:create_file_with_runtime_dependencies(/home/rudra/custom_flightmode/install/example_mode_vtol_cpp/share/colcon-core/packages/example_mode_vtol_cpp)
[216.448s] Level 1:colcon.colcon_core.environment:create_environment_scripts_only(example_mode_rtl_replacement_cpp)
[216.449s] DEBUG:colcon.colcon_core.event_handler.log_command:Invoked command in '/home/rudra/custom_flightmode/build/example_mode_rtl_replacement_cpp' returned '0': AMENT_PREFIX_PATH=/home/rudra/custom_flightmode/install/px4_ros2_cpp:/home/rudra/custom_flightmode/install/px4_msgs:${AMENT_PREFIX_PATH} CMAKE_PREFIX_PATH=/home/rudra/custom_flightmode/install/px4_ros2_cpp:/home/rudra/custom_flightmode/install/px4_msgs:/home/rudra/ros2_ws/install/talker_listener:/home/rudra/ros2_ws/install/first_pkg:/opt/ros/humble LD_LIBRARY_PATH=/home/rudra/custom_flightmode/install/px4_ros2_cpp/lib:/home/rudra/custom_flightmode/install/px4_msgs/lib:${LD_LIBRARY_PATH} PYTHONPATH=/home/rudra/custom_flightmode/install/px4_msgs/local/lib/python3.10/dist-packages:${PYTHONPATH} /usr/bin/cmake --install /home/rudra/custom_flightmode/build/example_mode_rtl_replacement_cpp
[216.449s] Level 1:colcon.colcon_core.environment:checking '/home/rudra/custom_flightmode/install/example_mode_rtl_replacement_cpp' for CMake module files
[216.450s] Level 1:colcon.colcon_core.environment:checking '/home/rudra/custom_flightmode/install/example_mode_rtl_replacement_cpp' for CMake config files
[216.450s] Level 1:colcon.colcon_core.shell:create_environment_hook('example_mode_rtl_replacement_cpp', 'cmake_prefix_path')
[216.451s] INFO:colcon.colcon_core.shell:Creating environment hook '/home/rudra/custom_flightmode/install/example_mode_rtl_replacement_cpp/share/example_mode_rtl_replacement_cpp/hook/cmake_prefix_path.ps1'
[216.451s] INFO:colcon.colcon_core.shell:Creating environment descriptor '/home/rudra/custom_flightmode/install/example_mode_rtl_replacement_cpp/share/example_mode_rtl_replacement_cpp/hook/cmake_prefix_path.dsv'
[216.452s] INFO:colcon.colcon_core.shell:Creating environment hook '/home/rudra/custom_flightmode/install/example_mode_rtl_replacement_cpp/share/example_mode_rtl_replacement_cpp/hook/cmake_prefix_path.sh'
[216.453s] Level 1:colcon.colcon_core.environment:checking '/home/rudra/custom_flightmode/install/example_mode_rtl_replacement_cpp/lib'
[216.453s] Level 1:colcon.colcon_core.environment:checking '/home/rudra/custom_flightmode/install/example_mode_rtl_replacement_cpp/bin'
[216.453s] Level 1:colcon.colcon_core.environment:checking '/home/rudra/custom_flightmode/install/example_mode_rtl_replacement_cpp/lib/pkgconfig/example_mode_rtl_replacement_cpp.pc'
[216.453s] Level 1:colcon.colcon_core.environment:checking '/home/rudra/custom_flightmode/install/example_mode_rtl_replacement_cpp/lib/python3.10/site-packages'
[216.454s] Level 1:colcon.colcon_core.environment:checking '/home/rudra/custom_flightmode/install/example_mode_rtl_replacement_cpp/bin'
[216.454s] INFO:colcon.colcon_core.shell:Creating package script '/home/rudra/custom_flightmode/install/example_mode_rtl_replacement_cpp/share/example_mode_rtl_replacement_cpp/package.ps1'
[216.455s] INFO:colcon.colcon_core.shell:Creating package descriptor '/home/rudra/custom_flightmode/install/example_mode_rtl_replacement_cpp/share/example_mode_rtl_replacement_cpp/package.dsv'
[216.456s] INFO:colcon.colcon_core.shell:Creating package script '/home/rudra/custom_flightmode/install/example_mode_rtl_replacement_cpp/share/example_mode_rtl_replacement_cpp/package.sh'
[216.456s] INFO:colcon.colcon_core.shell:Creating package script '/home/rudra/custom_flightmode/install/example_mode_rtl_replacement_cpp/share/example_mode_rtl_replacement_cpp/package.bash'
[216.457s] INFO:colcon.colcon_core.shell:Creating package script '/home/rudra/custom_flightmode/install/example_mode_rtl_replacement_cpp/share/example_mode_rtl_replacement_cpp/package.zsh'
[216.458s] Level 1:colcon.colcon_core.environment:create_file_with_runtime_dependencies(/home/rudra/custom_flightmode/install/example_mode_rtl_replacement_cpp/share/colcon-core/packages/example_mode_rtl_replacement_cpp)
[216.459s] Level 1:colcon.colcon_core.environment:create_environment_scripts_only(example_mode_rtl_replacement_cpp)
[216.459s] Level 1:colcon.colcon_core.environment:checking '/home/rudra/custom_flightmode/install/example_mode_rtl_replacement_cpp' for CMake module files
[216.460s] Level 1:colcon.colcon_core.environment:checking '/home/rudra/custom_flightmode/install/example_mode_rtl_replacement_cpp' for CMake config files
[216.460s] Level 1:colcon.colcon_core.shell:create_environment_hook('example_mode_rtl_replacement_cpp', 'cmake_prefix_path')
[216.460s] INFO:colcon.colcon_core.shell:Creating environment hook '/home/rudra/custom_flightmode/install/example_mode_rtl_replacement_cpp/share/example_mode_rtl_replacement_cpp/hook/cmake_prefix_path.ps1'
[216.461s] INFO:colcon.colcon_core.shell:Creating environment descriptor '/home/rudra/custom_flightmode/install/example_mode_rtl_replacement_cpp/share/example_mode_rtl_replacement_cpp/hook/cmake_prefix_path.dsv'
[216.462s] INFO:colcon.colcon_core.shell:Creating environment hook '/home/rudra/custom_flightmode/install/example_mode_rtl_replacement_cpp/share/example_mode_rtl_replacement_cpp/hook/cmake_prefix_path.sh'
[216.463s] Level 1:colcon.colcon_core.environment:checking '/home/rudra/custom_flightmode/install/example_mode_rtl_replacement_cpp/lib'
[216.463s] Level 1:colcon.colcon_core.environment:checking '/home/rudra/custom_flightmode/install/example_mode_rtl_replacement_cpp/bin'
[216.463s] Level 1:colcon.colcon_core.environment:checking '/home/rudra/custom_flightmode/install/example_mode_rtl_replacement_cpp/lib/pkgconfig/example_mode_rtl_replacement_cpp.pc'
[216.463s] Level 1:colcon.colcon_core.environment:checking '/home/rudra/custom_flightmode/install/example_mode_rtl_replacement_cpp/lib/python3.10/site-packages'
[216.464s] Level 1:colcon.colcon_core.environment:checking '/home/rudra/custom_flightmode/install/example_mode_rtl_replacement_cpp/bin'
[216.464s] INFO:colcon.colcon_core.shell:Creating package script '/home/rudra/custom_flightmode/install/example_mode_rtl_replacement_cpp/share/example_mode_rtl_replacement_cpp/package.ps1'
[216.465s] INFO:colcon.colcon_core.shell:Creating package descriptor '/home/rudra/custom_flightmode/install/example_mode_rtl_replacement_cpp/share/example_mode_rtl_replacement_cpp/package.dsv'
[216.466s] INFO:colcon.colcon_core.shell:Creating package script '/home/rudra/custom_flightmode/install/example_mode_rtl_replacement_cpp/share/example_mode_rtl_replacement_cpp/package.sh'
[216.467s] INFO:colcon.colcon_core.shell:Creating package script '/home/rudra/custom_flightmode/install/example_mode_rtl_replacement_cpp/share/example_mode_rtl_replacement_cpp/package.bash'
[216.468s] INFO:colcon.colcon_core.shell:Creating package script '/home/rudra/custom_flightmode/install/example_mode_rtl_replacement_cpp/share/example_mode_rtl_replacement_cpp/package.zsh'
[216.468s] Level 1:colcon.colcon_core.environment:create_file_with_runtime_dependencies(/home/rudra/custom_flightmode/install/example_mode_rtl_replacement_cpp/share/colcon-core/packages/example_mode_rtl_replacement_cpp)
[216.471s] DEBUG:colcon.colcon_core.event_handler.log_command:Invoked command in '/home/rudra/custom_flightmode/build/example_mode_fw_attitude_cpp' returned '0': AMENT_PREFIX_PATH=/home/rudra/custom_flightmode/install/px4_ros2_cpp:/home/rudra/custom_flightmode/install/px4_msgs:${AMENT_PREFIX_PATH} CMAKE_PREFIX_PATH=/home/rudra/custom_flightmode/install/px4_ros2_cpp:/home/rudra/custom_flightmode/install/px4_msgs:/home/rudra/ros2_ws/install/talker_listener:/home/rudra/ros2_ws/install/first_pkg:/opt/ros/humble LD_LIBRARY_PATH=/home/rudra/custom_flightmode/install/px4_ros2_cpp/lib:/home/rudra/custom_flightmode/install/px4_msgs/lib:${LD_LIBRARY_PATH} PYTHONPATH=/home/rudra/custom_flightmode/install/px4_msgs/local/lib/python3.10/dist-packages:${PYTHONPATH} /usr/bin/cmake --build /home/rudra/custom_flightmode/build/example_mode_fw_attitude_cpp -- -j12 -l12
[216.471s] DEBUG:colcon.colcon_core.event_handler.log_command:Invoking command in '/home/rudra/custom_flightmode/build/example_mode_fw_attitude_cpp': AMENT_PREFIX_PATH=/home/rudra/custom_flightmode/install/px4_ros2_cpp:/home/rudra/custom_flightmode/install/px4_msgs:${AMENT_PREFIX_PATH} CMAKE_PREFIX_PATH=/home/rudra/custom_flightmode/install/px4_ros2_cpp:/home/rudra/custom_flightmode/install/px4_msgs:/home/rudra/ros2_ws/install/talker_listener:/home/rudra/ros2_ws/install/first_pkg:/opt/ros/humble LD_LIBRARY_PATH=/home/rudra/custom_flightmode/install/px4_ros2_cpp/lib:/home/rudra/custom_flightmode/install/px4_msgs/lib:${LD_LIBRARY_PATH} PYTHONPATH=/home/rudra/custom_flightmode/install/px4_msgs/local/lib/python3.10/dist-packages:${PYTHONPATH} /usr/bin/cmake --install /home/rudra/custom_flightmode/build/example_mode_fw_attitude_cpp
[216.486s] DEBUG:colcon.colcon_core.event_handler.log_command:Invoked command in '/home/rudra/custom_flightmode/build/example_mode_mission_cpp' returned '0': AMENT_PREFIX_PATH=/home/rudra/custom_flightmode/install/px4_ros2_cpp:/home/rudra/custom_flightmode/install/px4_msgs:${AMENT_PREFIX_PATH} CMAKE_PREFIX_PATH=/home/rudra/custom_flightmode/install/px4_ros2_cpp:/home/rudra/custom_flightmode/install/px4_msgs:/home/rudra/ros2_ws/install/talker_listener:/home/rudra/ros2_ws/install/first_pkg:/opt/ros/humble LD_LIBRARY_PATH=/home/rudra/custom_flightmode/install/px4_ros2_cpp/lib:/home/rudra/custom_flightmode/install/px4_msgs/lib:${LD_LIBRARY_PATH} PYTHONPATH=/home/rudra/custom_flightmode/install/px4_msgs/local/lib/python3.10/dist-packages:${PYTHONPATH} /usr/bin/cmake --build /home/rudra/custom_flightmode/build/example_mode_mission_cpp -- -j12 -l12
[216.489s] DEBUG:colcon.colcon_core.event_handler.log_command:Invoking command in '/home/rudra/custom_flightmode/build/example_mode_mission_cpp': AMENT_PREFIX_PATH=/home/rudra/custom_flightmode/install/px4_ros2_cpp:/home/rudra/custom_flightmode/install/px4_msgs:${AMENT_PREFIX_PATH} CMAKE_PREFIX_PATH=/home/rudra/custom_flightmode/install/px4_ros2_cpp:/home/rudra/custom_flightmode/install/px4_msgs:/home/rudra/ros2_ws/install/talker_listener:/home/rudra/ros2_ws/install/first_pkg:/opt/ros/humble LD_LIBRARY_PATH=/home/rudra/custom_flightmode/install/px4_ros2_cpp/lib:/home/rudra/custom_flightmode/install/px4_msgs/lib:${LD_LIBRARY_PATH} PYTHONPATH=/home/rudra/custom_flightmode/install/px4_msgs/local/lib/python3.10/dist-packages:${PYTHONPATH} /usr/bin/cmake --install /home/rudra/custom_flightmode/build/example_mode_mission_cpp
[216.518s] Level 1:colcon.colcon_core.environment:create_environment_scripts_only(example_mode_mission_cpp)
[216.518s] Level 1:colcon.colcon_core.environment:checking '/home/rudra/custom_flightmode/install/example_mode_mission_cpp' for CMake module files
[216.519s] Level 1:colcon.colcon_core.environment:checking '/home/rudra/custom_flightmode/install/example_mode_mission_cpp' for CMake config files
[216.520s] Level 1:colcon.colcon_core.shell:create_environment_hook('example_mode_mission_cpp', 'cmake_prefix_path')
[216.520s] INFO:colcon.colcon_core.shell:Creating environment hook '/home/rudra/custom_flightmode/install/example_mode_mission_cpp/share/example_mode_mission_cpp/hook/cmake_prefix_path.ps1'
[216.521s] INFO:colcon.colcon_core.shell:Creating environment descriptor '/home/rudra/custom_flightmode/install/example_mode_mission_cpp/share/example_mode_mission_cpp/hook/cmake_prefix_path.dsv'
[216.522s] DEBUG:colcon.colcon_core.event_handler.log_command:Invoked command in '/home/rudra/custom_flightmode/build/example_mode_mission_cpp' returned '0': AMENT_PREFIX_PATH=/home/rudra/custom_flightmode/install/px4_ros2_cpp:/home/rudra/custom_flightmode/install/px4_msgs:${AMENT_PREFIX_PATH} CMAKE_PREFIX_PATH=/home/rudra/custom_flightmode/install/px4_ros2_cpp:/home/rudra/custom_flightmode/install/px4_msgs:/home/rudra/ros2_ws/install/talker_listener:/home/rudra/ros2_ws/install/first_pkg:/opt/ros/humble LD_LIBRARY_PATH=/home/rudra/custom_flightmode/install/px4_ros2_cpp/lib:/home/rudra/custom_flightmode/install/px4_msgs/lib:${LD_LIBRARY_PATH} PYTHONPATH=/home/rudra/custom_flightmode/install/px4_msgs/local/lib/python3.10/dist-packages:${PYTHONPATH} /usr/bin/cmake --install /home/rudra/custom_flightmode/build/example_mode_mission_cpp
[216.522s] INFO:colcon.colcon_core.shell:Creating environment hook '/home/rudra/custom_flightmode/install/example_mode_mission_cpp/share/example_mode_mission_cpp/hook/cmake_prefix_path.sh'
[216.523s] Level 1:colcon.colcon_core.environment:checking '/home/rudra/custom_flightmode/install/example_mode_mission_cpp/lib'
[216.523s] Level 1:colcon.colcon_core.environment:checking '/home/rudra/custom_flightmode/install/example_mode_mission_cpp/bin'
[216.523s] Level 1:colcon.colcon_core.environment:checking '/home/rudra/custom_flightmode/install/example_mode_mission_cpp/lib/pkgconfig/example_mode_mission_cpp.pc'
[216.523s] Level 1:colcon.colcon_core.environment:checking '/home/rudra/custom_flightmode/install/example_mode_mission_cpp/lib/python3.10/site-packages'
[216.524s] Level 1:colcon.colcon_core.environment:checking '/home/rudra/custom_flightmode/install/example_mode_mission_cpp/bin'
[216.524s] INFO:colcon.colcon_core.shell:Creating package script '/home/rudra/custom_flightmode/install/example_mode_mission_cpp/share/example_mode_mission_cpp/package.ps1'
[216.525s] INFO:colcon.colcon_core.shell:Creating package descriptor '/home/rudra/custom_flightmode/install/example_mode_mission_cpp/share/example_mode_mission_cpp/package.dsv'
[216.526s] INFO:colcon.colcon_core.shell:Creating package script '/home/rudra/custom_flightmode/install/example_mode_mission_cpp/share/example_mode_mission_cpp/package.sh'
[216.526s] INFO:colcon.colcon_core.shell:Creating package script '/home/rudra/custom_flightmode/install/example_mode_mission_cpp/share/example_mode_mission_cpp/package.bash'
[216.527s] INFO:colcon.colcon_core.shell:Creating package script '/home/rudra/custom_flightmode/install/example_mode_mission_cpp/share/example_mode_mission_cpp/package.zsh'
[216.527s] Level 1:colcon.colcon_core.environment:create_file_with_runtime_dependencies(/home/rudra/custom_flightmode/install/example_mode_mission_cpp/share/colcon-core/packages/example_mode_mission_cpp)
[216.528s] Level 1:colcon.colcon_core.environment:create_environment_scripts_only(example_mode_mission_cpp)
[216.528s] Level 1:colcon.colcon_core.environment:checking '/home/rudra/custom_flightmode/install/example_mode_mission_cpp' for CMake module files
[216.529s] Level 1:colcon.colcon_core.environment:checking '/home/rudra/custom_flightmode/install/example_mode_mission_cpp' for CMake config files
[216.529s] Level 1:colcon.colcon_core.shell:create_environment_hook('example_mode_mission_cpp', 'cmake_prefix_path')
[216.530s] INFO:colcon.colcon_core.shell:Creating environment hook '/home/rudra/custom_flightmode/install/example_mode_mission_cpp/share/example_mode_mission_cpp/hook/cmake_prefix_path.ps1'
[216.531s] INFO:colcon.colcon_core.shell:Creating environment descriptor '/home/rudra/custom_flightmode/install/example_mode_mission_cpp/share/example_mode_mission_cpp/hook/cmake_prefix_path.dsv'
[216.531s] INFO:colcon.colcon_core.shell:Creating environment hook '/home/rudra/custom_flightmode/install/example_mode_mission_cpp/share/example_mode_mission_cpp/hook/cmake_prefix_path.sh'
[216.532s] Level 1:colcon.colcon_core.environment:checking '/home/rudra/custom_flightmode/install/example_mode_mission_cpp/lib'
[216.532s] Level 1:colcon.colcon_core.environment:checking '/home/rudra/custom_flightmode/install/example_mode_mission_cpp/bin'
[216.532s] Level 1:colcon.colcon_core.environment:checking '/home/rudra/custom_flightmode/install/example_mode_mission_cpp/lib/pkgconfig/example_mode_mission_cpp.pc'
[216.532s] Level 1:colcon.colcon_core.environment:checking '/home/rudra/custom_flightmode/install/example_mode_mission_cpp/lib/python3.10/site-packages'
[216.533s] Level 1:colcon.colcon_core.environment:checking '/home/rudra/custom_flightmode/install/example_mode_mission_cpp/bin'
[216.533s] INFO:colcon.colcon_core.shell:Creating package script '/home/rudra/custom_flightmode/install/example_mode_mission_cpp/share/example_mode_mission_cpp/package.ps1'
[216.534s] INFO:colcon.colcon_core.shell:Creating package descriptor '/home/rudra/custom_flightmode/install/example_mode_mission_cpp/share/example_mode_mission_cpp/package.dsv'
[216.535s] INFO:colcon.colcon_core.shell:Creating package script '/home/rudra/custom_flightmode/install/example_mode_mission_cpp/share/example_mode_mission_cpp/package.sh'
[216.535s] INFO:colcon.colcon_core.shell:Creating package script '/home/rudra/custom_flightmode/install/example_mode_mission_cpp/share/example_mode_mission_cpp/package.bash'
[216.536s] INFO:colcon.colcon_core.shell:Creating package script '/home/rudra/custom_flightmode/install/example_mode_mission_cpp/share/example_mode_mission_cpp/package.zsh'
[216.537s] Level 1:colcon.colcon_core.environment:create_file_with_runtime_dependencies(/home/rudra/custom_flightmode/install/example_mode_mission_cpp/share/colcon-core/packages/example_mode_mission_cpp)
[216.538s] Level 1:colcon.colcon_core.environment:create_environment_scripts_only(example_mode_fw_attitude_cpp)
[216.539s] DEBUG:colcon.colcon_core.event_handler.log_command:Invoked command in '/home/rudra/custom_flightmode/build/example_mode_fw_attitude_cpp' returned '0': AMENT_PREFIX_PATH=/home/rudra/custom_flightmode/install/px4_ros2_cpp:/home/rudra/custom_flightmode/install/px4_msgs:${AMENT_PREFIX_PATH} CMAKE_PREFIX_PATH=/home/rudra/custom_flightmode/install/px4_ros2_cpp:/home/rudra/custom_flightmode/install/px4_msgs:/home/rudra/ros2_ws/install/talker_listener:/home/rudra/ros2_ws/install/first_pkg:/opt/ros/humble LD_LIBRARY_PATH=/home/rudra/custom_flightmode/install/px4_ros2_cpp/lib:/home/rudra/custom_flightmode/install/px4_msgs/lib:${LD_LIBRARY_PATH} PYTHONPATH=/home/rudra/custom_flightmode/install/px4_msgs/local/lib/python3.10/dist-packages:${PYTHONPATH} /usr/bin/cmake --install /home/rudra/custom_flightmode/build/example_mode_fw_attitude_cpp
[216.539s] Level 1:colcon.colcon_core.environment:checking '/home/rudra/custom_flightmode/install/example_mode_fw_attitude_cpp' for CMake module files
[216.540s] Level 1:colcon.colcon_core.environment:checking '/home/rudra/custom_flightmode/install/example_mode_fw_attitude_cpp' for CMake config files
[216.540s] Level 1:colcon.colcon_core.shell:create_environment_hook('example_mode_fw_attitude_cpp', 'cmake_prefix_path')
[216.541s] INFO:colcon.colcon_core.shell:Creating environment hook '/home/rudra/custom_flightmode/install/example_mode_fw_attitude_cpp/share/example_mode_fw_attitude_cpp/hook/cmake_prefix_path.ps1'
[216.541s] INFO:colcon.colcon_core.shell:Creating environment descriptor '/home/rudra/custom_flightmode/install/example_mode_fw_attitude_cpp/share/example_mode_fw_attitude_cpp/hook/cmake_prefix_path.dsv'
[216.542s] INFO:colcon.colcon_core.shell:Creating environment hook '/home/rudra/custom_flightmode/install/example_mode_fw_attitude_cpp/share/example_mode_fw_attitude_cpp/hook/cmake_prefix_path.sh'
[216.543s] Level 1:colcon.colcon_core.environment:checking '/home/rudra/custom_flightmode/install/example_mode_fw_attitude_cpp/lib'
[216.543s] Level 1:colcon.colcon_core.environment:checking '/home/rudra/custom_flightmode/install/example_mode_fw_attitude_cpp/bin'
[216.543s] Level 1:colcon.colcon_core.environment:checking '/home/rudra/custom_flightmode/install/example_mode_fw_attitude_cpp/lib/pkgconfig/example_mode_fw_attitude_cpp.pc'
[216.543s] Level 1:colcon.colcon_core.environment:checking '/home/rudra/custom_flightmode/install/example_mode_fw_attitude_cpp/lib/python3.10/site-packages'
[216.544s] Level 1:colcon.colcon_core.environment:checking '/home/rudra/custom_flightmode/install/example_mode_fw_attitude_cpp/bin'
[216.544s] INFO:colcon.colcon_core.shell:Creating package script '/home/rudra/custom_flightmode/install/example_mode_fw_attitude_cpp/share/example_mode_fw_attitude_cpp/package.ps1'
[216.547s] INFO:colcon.colcon_core.shell:Creating package descriptor '/home/rudra/custom_flightmode/install/example_mode_fw_attitude_cpp/share/example_mode_fw_attitude_cpp/package.dsv'
[216.549s] INFO:colcon.colcon_core.shell:Creating package script '/home/rudra/custom_flightmode/install/example_mode_fw_attitude_cpp/share/example_mode_fw_attitude_cpp/package.sh'
[216.550s] INFO:colcon.colcon_core.shell:Creating package script '/home/rudra/custom_flightmode/install/example_mode_fw_attitude_cpp/share/example_mode_fw_attitude_cpp/package.bash'
[216.550s] INFO:colcon.colcon_core.shell:Creating package script '/home/rudra/custom_flightmode/install/example_mode_fw_attitude_cpp/share/example_mode_fw_attitude_cpp/package.zsh'
[216.551s] Level 1:colcon.colcon_core.environment:create_file_with_runtime_dependencies(/home/rudra/custom_flightmode/install/example_mode_fw_attitude_cpp/share/colcon-core/packages/example_mode_fw_attitude_cpp)
[216.552s] Level 1:colcon.colcon_core.environment:create_environment_scripts_only(example_mode_fw_attitude_cpp)
[216.552s] Level 1:colcon.colcon_core.environment:checking '/home/rudra/custom_flightmode/install/example_mode_fw_attitude_cpp' for CMake module files
[216.554s] Level 1:colcon.colcon_core.environment:checking '/home/rudra/custom_flightmode/install/example_mode_fw_attitude_cpp' for CMake config files
[216.554s] Level 1:colcon.colcon_core.shell:create_environment_hook('example_mode_fw_attitude_cpp', 'cmake_prefix_path')
[216.554s] INFO:colcon.colcon_core.shell:Creating environment hook '/home/rudra/custom_flightmode/install/example_mode_fw_attitude_cpp/share/example_mode_fw_attitude_cpp/hook/cmake_prefix_path.ps1'
[216.555s] INFO:colcon.colcon_core.shell:Creating environment descriptor '/home/rudra/custom_flightmode/install/example_mode_fw_attitude_cpp/share/example_mode_fw_attitude_cpp/hook/cmake_prefix_path.dsv'
[216.556s] INFO:colcon.colcon_core.shell:Creating environment hook '/home/rudra/custom_flightmode/install/example_mode_fw_attitude_cpp/share/example_mode_fw_attitude_cpp/hook/cmake_prefix_path.sh'
[216.557s] Level 1:colcon.colcon_core.environment:checking '/home/rudra/custom_flightmode/install/example_mode_fw_attitude_cpp/lib'
[216.557s] Level 1:colcon.colcon_core.environment:checking '/home/rudra/custom_flightmode/install/example_mode_fw_attitude_cpp/bin'
[216.557s] Level 1:colcon.colcon_core.environment:checking '/home/rudra/custom_flightmode/install/example_mode_fw_attitude_cpp/lib/pkgconfig/example_mode_fw_attitude_cpp.pc'
[216.558s] Level 1:colcon.colcon_core.environment:checking '/home/rudra/custom_flightmode/install/example_mode_fw_attitude_cpp/lib/python3.10/site-packages'
[216.558s] Level 1:colcon.colcon_core.environment:checking '/home/rudra/custom_flightmode/install/example_mode_fw_attitude_cpp/bin'
[216.558s] INFO:colcon.colcon_core.shell:Creating package script '/home/rudra/custom_flightmode/install/example_mode_fw_attitude_cpp/share/example_mode_fw_attitude_cpp/package.ps1'
[216.560s] INFO:colcon.colcon_core.shell:Creating package descriptor '/home/rudra/custom_flightmode/install/example_mode_fw_attitude_cpp/share/example_mode_fw_attitude_cpp/package.dsv'
[216.561s] INFO:colcon.colcon_core.shell:Creating package script '/home/rudra/custom_flightmode/install/example_mode_fw_attitude_cpp/share/example_mode_fw_attitude_cpp/package.sh'
[216.561s] INFO:colcon.colcon_core.shell:Creating package script '/home/rudra/custom_flightmode/install/example_mode_fw_attitude_cpp/share/example_mode_fw_attitude_cpp/package.bash'
[216.562s] INFO:colcon.colcon_core.shell:Creating package script '/home/rudra/custom_flightmode/install/example_mode_fw_attitude_cpp/share/example_mode_fw_attitude_cpp/package.zsh'
[216.563s] Level 1:colcon.colcon_core.environment:create_file_with_runtime_dependencies(/home/rudra/custom_flightmode/install/example_mode_fw_attitude_cpp/share/colcon-core/packages/example_mode_fw_attitude_cpp)
[218.351s] DEBUG:colcon.colcon_core.event_handler.log_command:Invoked command in '/home/rudra/custom_flightmode/build/example_mode_with_executor_cpp' returned '0': AMENT_PREFIX_PATH=/home/rudra/custom_flightmode/install/px4_ros2_cpp:/home/rudra/custom_flightmode/install/px4_msgs:${AMENT_PREFIX_PATH} CMAKE_PREFIX_PATH=/home/rudra/custom_flightmode/install/px4_ros2_cpp:/home/rudra/custom_flightmode/install/px4_msgs:/home/rudra/ros2_ws/install/talker_listener:/home/rudra/ros2_ws/install/first_pkg:/opt/ros/humble LD_LIBRARY_PATH=/home/rudra/custom_flightmode/install/px4_ros2_cpp/lib:/home/rudra/custom_flightmode/install/px4_msgs/lib:${LD_LIBRARY_PATH} PYTHONPATH=/home/rudra/custom_flightmode/install/px4_msgs/local/lib/python3.10/dist-packages:${PYTHONPATH} /usr/bin/cmake /home/rudra/custom_flightmode/src/px4-ros2-interface-lib/examples/cpp/modes/mode_with_executor -DCMAKE_INSTALL_PREFIX=/home/rudra/custom_flightmode/install/example_mode_with_executor_cpp
[218.353s] DEBUG:colcon.colcon_core.event_handler.log_command:Invoking command in '/home/rudra/custom_flightmode/build/example_mode_with_executor_cpp': AMENT_PREFIX_PATH=/home/rudra/custom_flightmode/install/px4_ros2_cpp:/home/rudra/custom_flightmode/install/px4_msgs:${AMENT_PREFIX_PATH} CMAKE_PREFIX_PATH=/home/rudra/custom_flightmode/install/px4_ros2_cpp:/home/rudra/custom_flightmode/install/px4_msgs:/home/rudra/ros2_ws/install/talker_listener:/home/rudra/ros2_ws/install/first_pkg:/opt/ros/humble LD_LIBRARY_PATH=/home/rudra/custom_flightmode/install/px4_ros2_cpp/lib:/home/rudra/custom_flightmode/install/px4_msgs/lib:${LD_LIBRARY_PATH} PYTHONPATH=/home/rudra/custom_flightmode/install/px4_msgs/local/lib/python3.10/dist-packages:${PYTHONPATH} /usr/bin/cmake --build /home/rudra/custom_flightmode/build/example_mode_with_executor_cpp -- -j12 -l12
[218.549s] DEBUG:colcon.colcon_core.event_handler.log_command:Invoked command in '/home/rudra/custom_flightmode/build/example_rover_velocity_mode_cpp' returned '0': AMENT_PREFIX_PATH=/home/rudra/custom_flightmode/install/px4_ros2_cpp:/home/rudra/custom_flightmode/install/px4_msgs:${AMENT_PREFIX_PATH} CMAKE_PREFIX_PATH=/home/rudra/custom_flightmode/install/px4_ros2_cpp:/home/rudra/custom_flightmode/install/px4_msgs:/home/rudra/ros2_ws/install/talker_listener:/home/rudra/ros2_ws/install/first_pkg:/opt/ros/humble LD_LIBRARY_PATH=/home/rudra/custom_flightmode/install/px4_ros2_cpp/lib:/home/rudra/custom_flightmode/install/px4_msgs/lib:${LD_LIBRARY_PATH} PYTHONPATH=/home/rudra/custom_flightmode/install/px4_msgs/local/lib/python3.10/dist-packages:${PYTHONPATH} /usr/bin/cmake /home/rudra/custom_flightmode/src/px4-ros2-interface-lib/examples/cpp/modes/rover_velocity -DCMAKE_INSTALL_PREFIX=/home/rudra/custom_flightmode/install/example_rover_velocity_mode_cpp
[218.551s] DEBUG:colcon.colcon_core.event_handler.log_command:Invoking command in '/home/rudra/custom_flightmode/build/example_rover_velocity_mode_cpp': AMENT_PREFIX_PATH=/home/rudra/custom_flightmode/install/px4_ros2_cpp:/home/rudra/custom_flightmode/install/px4_msgs:${AMENT_PREFIX_PATH} CMAKE_PREFIX_PATH=/home/rudra/custom_flightmode/install/px4_ros2_cpp:/home/rudra/custom_flightmode/install/px4_msgs:/home/rudra/ros2_ws/install/talker_listener:/home/rudra/ros2_ws/install/first_pkg:/opt/ros/humble LD_LIBRARY_PATH=/home/rudra/custom_flightmode/install/px4_ros2_cpp/lib:/home/rudra/custom_flightmode/install/px4_msgs/lib:${LD_LIBRARY_PATH} PYTHONPATH=/home/rudra/custom_flightmode/install/px4_msgs/local/lib/python3.10/dist-packages:${PYTHONPATH} /usr/bin/cmake --build /home/rudra/custom_flightmode/build/example_rover_velocity_mode_cpp -- -j12 -l12
[220.567s] DEBUG:colcon.colcon_core.event_handler.log_command:Invoked command in '/home/rudra/custom_flightmode/build/draw_flight_mode' returned '2': AMENT_PREFIX_PATH=/home/rudra/custom_flightmode/install/px4_ros2_cpp:/home/rudra/custom_flightmode/install/px4_msgs:${AMENT_PREFIX_PATH} CMAKE_PREFIX_PATH=/home/rudra/custom_flightmode/install/px4_ros2_cpp:/home/rudra/custom_flightmode/install/px4_msgs:/home/rudra/ros2_ws/install/talker_listener:/home/rudra/ros2_ws/install/first_pkg:/opt/ros/humble LD_LIBRARY_PATH=/home/rudra/custom_flightmode/install/px4_ros2_cpp/lib:/home/rudra/custom_flightmode/install/px4_msgs/lib:${LD_LIBRARY_PATH} PYTHONPATH=/home/rudra/custom_flightmode/install/px4_msgs/local/lib/python3.10/dist-packages:${PYTHONPATH} /usr/bin/cmake --build /home/rudra/custom_flightmode/build/draw_flight_mode -- -j12 -l12
[220.567s] Level 1:colcon.colcon_core.environment:create_environment_scripts_only(draw_flight_mode)
[220.568s] Level 1:colcon.colcon_core.environment:checking '/home/rudra/custom_flightmode/install/draw_flight_mode' for CMake module files
[220.568s] Level 1:colcon.colcon_core.environment:checking '/home/rudra/custom_flightmode/install/draw_flight_mode' for CMake config files
[220.568s] Level 1:colcon.colcon_core.environment:checking '/home/rudra/custom_flightmode/install/draw_flight_mode/bin'
[220.569s] Level 1:colcon.colcon_core.environment:checking '/home/rudra/custom_flightmode/install/draw_flight_mode/lib/pkgconfig/draw_flight_mode.pc'
[220.569s] Level 1:colcon.colcon_core.environment:checking '/home/rudra/custom_flightmode/install/draw_flight_mode/lib/python3.10/site-packages'
[220.569s] Level 1:colcon.colcon_core.environment:checking '/home/rudra/custom_flightmode/install/draw_flight_mode/bin'
[220.570s] INFO:colcon.colcon_core.shell:Creating package script '/home/rudra/custom_flightmode/install/draw_flight_mode/share/draw_flight_mode/package.ps1'
[220.571s] INFO:colcon.colcon_core.shell:Creating package descriptor '/home/rudra/custom_flightmode/install/draw_flight_mode/share/draw_flight_mode/package.dsv'
[220.571s] INFO:colcon.colcon_core.shell:Creating package script '/home/rudra/custom_flightmode/install/draw_flight_mode/share/draw_flight_mode/package.sh'
[220.571s] INFO:colcon.colcon_core.shell:Creating package script '/home/rudra/custom_flightmode/install/draw_flight_mode/share/draw_flight_mode/package.bash'
[220.572s] INFO:colcon.colcon_core.shell:Creating package script '/home/rudra/custom_flightmode/install/draw_flight_mode/share/draw_flight_mode/package.zsh'
[220.572s] Level 1:colcon.colcon_core.environment:create_file_with_runtime_dependencies(/home/rudra/custom_flightmode/install/draw_flight_mode/share/colcon-core/packages/draw_flight_mode)
[227.697s] DEBUG:colcon.colcon_parallel_executor.executor.parallel:closing loop
[227.697s] DEBUG:colcon.colcon_parallel_executor.executor.parallel:loop closed
[227.697s] DEBUG:colcon.colcon_parallel_executor.executor.parallel:run_until_complete finished with '2'
[227.697s] DEBUG:colcon.colcon_core.event_reactor:joining thread
[227.702s] INFO:colcon.colcon_core.plugin_system:Skipping extension 'colcon_notification.desktop_notification.terminal_notifier': Not used on non-Darwin systems
[227.703s] INFO:colcon.colcon_core.plugin_system:Skipping extension 'colcon_notification.desktop_notification.win32': Not used on non-Windows systems
[227.703s] INFO:colcon.colcon_notification.desktop_notification:Sending desktop notification using 'notify2'
[227.711s] DEBUG:colcon.colcon_core.event_reactor:joined thread
[227.712s] INFO:colcon.colcon_core.shell:Creating prefix script '/home/rudra/custom_flightmode/install/local_setup.ps1'
[227.713s] INFO:colcon.colcon_core.shell:Creating prefix util module '/home/rudra/custom_flightmode/install/_local_setup_util_ps1.py'
[227.713s] INFO:colcon.colcon_core.shell:Creating prefix chain script '/home/rudra/custom_flightmode/install/setup.ps1'
[227.714s] INFO:colcon.colcon_core.shell:Creating prefix script '/home/rudra/custom_flightmode/install/local_setup.sh'
[227.715s] INFO:colcon.colcon_core.shell:Creating prefix util module '/home/rudra/custom_flightmode/install/_local_setup_util_sh.py'
[227.715s] INFO:colcon.colcon_core.shell:Creating prefix chain script '/home/rudra/custom_flightmode/install/setup.sh'
[227.716s] INFO:colcon.colcon_core.shell:Creating prefix script '/home/rudra/custom_flightmode/install/local_setup.bash'
[227.716s] INFO:colcon.colcon_core.shell:Creating prefix chain script '/home/rudra/custom_flightmode/install/setup.bash'
[227.717s] INFO:colcon.colcon_core.shell:Creating prefix script '/home/rudra/custom_flightmode/install/local_setup.zsh'
[227.717s] INFO:colcon.colcon_core.shell:Creating prefix chain script '/home/rudra/custom_flightmode/install/setup.zsh'
